# File generated by CMD 3.9 (http://stev.oapd.inaf.it/cmd) on Wed Sep 23 15:46:23 UTC 2026
# isochrones based on PARSEC release v1.2S +  COLIBRI S_37 + S_35 + PR16
# Basic references: Bressan et al. (2012), MNRAS, 427, 127 + Chen et al. (2014, 2015), MNRAS, 444, 2525 + MNRAS, 452, 1068 + Tang et al. (2014), MNRAS, 445, 4287 + Marigo et al. (2017), ApJ, 835, 77 + Pastorelli al. (2019), MNRAS, 485, 5666 + Pastorelli al. (2020), MNRAS, in press
# Thermal pulse cycles included 
# On RGB, assumed Reimers mass loss with efficiency eta=0.2
# LPV periods and growth rates added cf. Trabucchi et al. (2019)
# but fundamental-mode LPV periods + transition are from Trabucchi et al. (2021)
# Photometric system: Gaia EDR3 (all Vegamags, Gaia passbands from ESA/Gaia website)
# Using YBC version of bolometric corrections as in Chen et al. (2019)
# O-rich circumstellar dpmod60alox40 dust from Groenewegen (2006)
# C-rich circumstellar AMCSIC15 dust from Groenewegen (2006)
# IMF: Kroupa (2001, 2002) + Kroupa et al. (2013) canonical two-part-power law IMF corrected for unresolved binaries 
# Kind of output: isochrone tables
# Zini     MH   logAge Mini        int_IMF         Mass   logL    logTe  logg  label   McoreTP C_O  period0  period1  period2  period3  period4  pmode  Mloss  tau1m   X   Y   Xc  Xn  Xo  Cexcess  Z 	 mbolmag  Gmag    G_BPmag  G_RPmag
0.0152 0.01508 6.30000 0.0900000036 1.0816895926    0.090 -1.384  3.4371  3.476    0  0.000  0.545     0.00     0.00     0.00     0.00     0.00 -1  -3.2e-14      0.00 7.092e-01 2.755e-01 2.746e-03 7.408e-04 6.719e-03 -1.000 1.527e-02 8.229 10.004 12.208 8.618
0.0152 0.01508 6.30000 0.1001878753 1.1726738709    0.100 -1.293  3.4446  3.462    0  0.000  0.545     0.00     0.00     0.00     0.00     0.00 -1  -3.8e-14      0.00 7.092e-01 2.755e-01 2.746e-03 7.408e-04 6.719e-03 -1.000 1.527e-02 8.001 9.694 11.813 8.327
0.0152 0.01508 6.30000 0.1037105918 1.2013752574    0.104 -1.283  3.4455  3.471    0  0.000  0.545     0.00     0.00     0.00     0.00     0.00 -1 -3.78e-14      0.00 7.092e-01 2.755e-01 2.746e-03 7.408e-04 6.719e-03 -1.000 1.527e-02 7.977 9.657 11.766 8.294
0.0152 0.01508 6.30000 0.1074484512 1.2304755214    0.107 -1.264  3.4472  3.473    0  0.000  0.545     0.00     0.00     0.00     0.00     0.00 -1 -3.87e-14      0.00 7.092e-01 2.755e-01 2.746e-03 7.408e-04 6.719e-03 -1.000 1.527e-02 7.929 9.592 11.683 8.232
0.0152 0.01508 6.30000 0.1122226864 1.2657856978    0.112 -1.230  3.4499  3.469    0  0.000  0.545     0.00     0.00     0.00     0.00     0.00 -1 -4.12e-14      0.00 7.092e-01 2.755e-01 2.746e-03 7.408e-04 6.719e-03 -1.000 1.527e-02 7.845 9.477 11.538 8.124
0.0152 0.01508 6.30000 0.1197603792 1.3177341479    0.120 -1.166  3.4548  3.453    0  0.000  0.545     0.00     0.00     0.00     0.00     0.00 -1  -4.7e-14      0.00 7.092e-01 2.755e-01 2.746e-03 7.408e-04 6.719e-03 -1.000 1.527e-02 7.685 9.270 11.281 7.929
0.0152 0.01508 6.30000 0.1224919334 1.3355205357    0.122 -1.166  3.4549  3.464    0  0.000  0.545     0.00     0.00     0.00     0.00     0.00 -1 -4.59e-14      0.00 7.092e-01 2.755e-01 2.746e-03 7.408e-04 6.719e-03 -1.000 1.527e-02 7.685 9.267 11.276 7.926
0.0152 0.01508 6.30000 0.1272438467 1.3652659897    0.127 -1.166  3.4553  3.481    0  0.000  0.545     0.00     0.00     0.00     0.00     0.00 -1 -4.42e-14      0.00 7.092e-01 2.755e-01 2.746e-03 7.408e-04 6.719e-03 -1.000 1.527e-02 7.684 9.259 11.263 7.920
0.0152 0.01508 6.30000 0.1319442242 1.3933011569    0.132 -1.152  3.4567  3.489    0  0.000  0.545     0.00     0.00     0.00     0.00     0.00 -1 -4.44e-14      0.00 7.092e-01 2.755e-01 2.746e-03 7.408e-04 6.719e-03 -1.000 1.527e-02 7.649 9.208 11.196 7.873
0.0152 0.01508 6.30000 0.1365758181 1.4196841383    0.136 -1.125  3.4590  3.486    0  0.000  0.545     0.00     0.00     0.00     0.00     0.00 -1 -4.65e-14      0.00 7.092e-01 2.755e-01 2.746e-03 7.408e-04 6.719e-03 -1.000 1.527e-02 7.583 9.118 11.083 7.789
0.0152 0.01508 6.30000 0.1409666091 1.4436430714    0.141 -1.094  3.4615  3.479    0  0.000  0.545     0.00     0.00     0.00     0.00     0.00 -1 -4.96e-14      0.00 7.092e-01 2.755e-01 2.746e-03 7.408e-04 6.719e-03 -1.000 1.527e-02 7.506 9.019 10.961 7.695
0.0152 0.01508 6.30000 0.1464824677 1.4724013149    0.146 -1.089  3.4623  3.494    0  0.000  0.545     0.00     0.00     0.00     0.00     0.00 -1 -4.85e-14      0.00 7.092e-01 2.755e-01 2.746e-03 7.408e-04 6.719e-03 -1.000 1.527e-02 7.492 8.996 10.930 7.675
0.0152 0.01508 6.30000 0.1518434137 1.4990338097    0.152 -1.087  3.4629  3.510    0  0.000  0.545     0.00     0.00     0.00     0.00     0.00 -1 -4.69e-14      0.00 7.092e-01 2.755e-01 2.746e-03 7.408e-04 6.719e-03 -1.000 1.527e-02 7.487 8.983 10.909 7.663
0.0152 0.01508 6.30000 0.1570576429 1.5237900852    0.157 -1.078  3.4643  3.521    0  0.000  0.545     0.00     0.00     0.00     0.00     0.00 -1 -4.65e-14      0.00 7.092e-01 2.755e-01 2.746e-03 7.408e-04 6.719e-03 -1.000 1.527e-02 7.464 8.947 10.861 7.630
0.0152 0.01508 6.30000 0.1652712226 1.5606948815    0.165 -1.041  3.4678  3.520    0  0.000  0.545     0.00     0.00     0.00     0.00     0.00 -1 -4.94e-14      0.00 7.092e-01 2.755e-01 2.746e-03 7.408e-04 6.719e-03 -1.000 1.527e-02 7.372 8.823 10.706 7.515
0.0152 0.01508 6.30000 0.1734961271 1.5953354643    0.173 -1.017  3.4702  3.527    0  0.000  0.545     0.00     0.00     0.00     0.00     0.00 -1 -5.06e-14      0.00 7.092e-01 2.755e-01 2.746e-03 7.408e-04 6.719e-03 -1.000 1.527e-02 7.311 8.741 10.603 7.438
0.0152 0.01508 6.30000 0.1817362607 1.6279629144    0.182 -1.009  3.4715  3.544    0  0.000  0.545     0.00     0.00     0.00     0.00     0.00 -1 -4.93e-14      0.00 7.092e-01 2.755e-01 2.746e-03 7.408e-04 6.719e-03 -1.000 1.527e-02 7.293 8.709 10.560 7.410
0.0152 0.01508 6.30000 0.1899462342 1.6586123417    0.190 -1.006  3.4728  3.565    0  0.000  0.545     0.00     0.00     0.00     0.00     0.00 -1 -4.75e-14      0.00 7.092e-01 2.755e-01 2.746e-03 7.408e-04 6.719e-03 -1.000 1.527e-02 7.284 8.687 10.526 7.391
0.0152 0.01508 6.30000 0.1980860382 1.6873452592    0.198 -0.995  3.4747  3.580    0  0.000  0.545     0.00     0.00     0.00     0.00     0.00 -1 -4.69e-14      0.00 7.092e-01 2.755e-01 2.746e-03 7.408e-04 6.719e-03 -1.000 1.527e-02 7.257 8.642 10.464 7.351
0.0152 0.01508 6.30000 0.2094424367 1.7249638153    0.209 -0.960  3.4788  3.586    0  0.000  0.545     0.00     0.00     0.00     0.00     0.00 -1 -4.89e-14      0.00 7.092e-01 2.755e-01 2.746e-03 7.408e-04 6.719e-03 -1.000 1.527e-02 7.171 8.522 10.308 7.240
0.0152 0.01508 6.30000 0.2219325304 1.7633906408    0.222 -0.928  3.4826  3.594    0  0.000  0.545     0.00     0.00     0.00     0.00     0.00 -1 -5.08e-14      0.00 7.092e-01 2.755e-01 2.746e-03 7.408e-04 6.719e-03 -1.000 1.527e-02 7.089 8.409 10.161 7.136
0.0152 0.01508 6.30000 0.2343772352 1.7989788929    0.234 -0.904  3.4858  3.607    0  0.000  0.545     0.00     0.00     0.00     0.00     0.00 -1 -5.14e-14      0.00 7.092e-01 2.755e-01 2.746e-03 7.408e-04 6.719e-03 -1.000 1.527e-02 7.031 8.323 10.047 7.060
0.0152 0.01508 6.30000 0.2468598783 1.8322896182    0.247 -0.891  3.4884  3.627    0  0.000  0.545     0.00     0.00     0.00     0.00     0.00 -1 -5.05e-14      0.00 7.092e-01 2.755e-01 2.746e-03 7.408e-04 6.719e-03 -1.000 1.527e-02 6.997 8.265 9.964 7.009
0.0152 0.01508 6.30000 0.2598547041 1.8647175420    0.260 -0.866  3.4921  3.639    0  0.000  0.545     0.00     0.00     0.00     0.00     0.00 -1 -5.15e-14      0.00 7.092e-01 2.755e-01 2.746e-03 7.408e-04 6.719e-03 -1.000 1.527e-02 6.934 8.175 9.844 6.927
0.0152 0.01508 6.30000 0.2791996896 1.9092753333    0.279 -0.826  3.4974  3.652    0  0.000  0.545     0.00     0.00     0.00     0.00     0.00 -1 -5.36e-14      0.00 7.092e-01 2.755e-01 2.746e-03 7.408e-04 6.719e-03 -1.000 1.527e-02 6.835 8.039 9.671 6.803
0.0152 0.01508 6.30000 0.2992769182 1.9514636102    0.299 -0.795  3.5021  3.669    0  0.000  0.545     0.00     0.00     0.00     0.00     0.00 -1 -5.46e-14      0.00 7.092e-01 2.755e-01 2.746e-03 7.408e-04 6.719e-03 -1.000 1.527e-02 6.756 7.928 9.526 6.702
0.0152 0.01508 6.30000 0.3118179739 1.9759927736    0.312 -0.772  3.5053  3.677    0  0.000  0.545     0.00     0.00     0.00     0.00     0.00 -1 -5.58e-14      0.00 7.092e-01 2.755e-01 2.746e-03 7.408e-04 6.719e-03 -1.000 1.527e-02 6.700 7.849 9.424 6.630
0.0152 0.01508 6.30000 0.3417588770 2.0296999836    0.342 -0.721  3.5126  3.695    0  0.000  0.545     0.00     0.00     0.00     0.00     0.00 -1 -5.86e-14      0.00 7.092e-01 2.755e-01 2.746e-03 7.408e-04 6.719e-03 -1.000 1.527e-02 6.573 7.671 9.193 6.471
0.0152 0.01508 6.30000 0.3500000238 2.0434175133    0.350 -0.708  3.5145  3.700    0  0.000  0.545     0.00     0.00     0.00     0.00     0.00 -1 -5.94e-14      0.00 7.092e-01 2.755e-01 2.746e-03 7.408e-04 6.719e-03 -1.000 1.527e-02 6.541 7.626 9.133 6.430
0.0152 0.01508 6.30000 0.3800650239 2.0901110990    0.380 -0.657  3.5221  3.716    0  0.000  0.545     0.00     0.00     0.00     0.00     0.00 -1 -6.29e-14      0.00 7.092e-01 2.755e-01 2.746e-03 7.408e-04 6.719e-03 -1.000 1.527e-02 6.413 7.445 8.893 6.268
0.0152 0.01508 6.30000 0.4000000358 2.1185024810    0.400 -0.626  3.5268  3.726    0  0.000  0.545     0.00     0.00     0.00     0.00     0.00 -1 -6.51e-14      0.00 7.092e-01 2.755e-01 2.746e-03 7.408e-04 6.719e-03 -1.000 1.527e-02 6.336 7.333 8.743 6.170
0.0152 0.01508 6.30000 0.4381143153 2.1679836765    0.438 -0.567  3.5363  3.743    0  0.000  0.545     0.00     0.00     0.00     0.00     0.00 -1 -6.99e-14      0.00 7.092e-01 2.755e-01 2.746e-03 7.408e-04 6.719e-03 -1.000 1.527e-02 6.187 7.118 8.455 5.982
0.0152 0.01508 6.30000 0.4530862570 2.1859132453    0.453 -0.545  3.5399  3.751    0  0.000  0.545     0.00     0.00     0.00     0.00     0.00 -1 -7.17e-14      0.00 7.092e-01 2.755e-01 2.746e-03 7.408e-04 6.719e-03 -1.000 1.527e-02 6.133 7.039 8.350 5.914
0.0152 0.01508 6.30000 0.4849803746 2.2216615815    0.485 -0.497  3.5480  3.764    0  0.000  0.545     0.00     0.00     0.00     0.00     0.00 -1 -7.62e-14      0.00 7.092e-01 2.755e-01 2.746e-03 7.408e-04 6.719e-03 -1.000 1.527e-02 6.012 6.860 8.107 5.760
0.0152 0.01508 6.30000 0.5000000000 2.2374541529    0.500 -0.474  3.5517  3.770    0  0.000  0.545     0.00     0.00     0.00     0.00     0.00 -1 -7.85e-14      0.00 7.092e-01 2.755e-01 2.746e-03 7.408e-04 6.719e-03 -1.000 1.527e-02 5.956 6.777 7.994 5.688
0.0152 0.01508 6.30000 0.5080849528 2.2456363160    0.508 -0.463  3.5538  3.774    0  0.000  0.545     0.00     0.00     0.00     0.00     0.00 -1 -7.97e-14      0.00 7.092e-01 2.755e-01 2.746e-03 7.408e-04 6.719e-03 -1.000 1.527e-02 5.927 6.731 7.933 5.650
0.0152 0.01508 6.30000 0.5265915394 2.2632824785    0.526 -0.435  3.5586  3.780    0  0.000  0.545     0.00     0.00     0.00     0.00     0.00 -1 -8.28e-14      0.00 7.092e-01 2.755e-01 2.746e-03 7.408e-04 6.719e-03 -1.000 1.527e-02 5.857 6.626 7.789 5.561
0.0152 0.01508 6.30000 0.5464318991 2.2806819046    0.546 -0.407  3.5635  3.788    0  0.000  0.545     0.00     0.00     0.00     0.00     0.00 -1 -8.59e-14      0.00 7.092e-01 2.755e-01 2.746e-03 7.408e-04 6.719e-03 -1.000 1.527e-02 5.787 6.520 7.645 5.472
0.0152 0.01508 6.30000 0.5500000119 2.2836582633    0.550 -0.402  3.5643  3.790    0  0.000  0.545     0.00     0.00     0.00     0.00     0.00 -1 -8.64e-14      0.00 7.092e-01 2.755e-01 2.746e-03 7.408e-04 6.719e-03 -1.000 1.527e-02 5.776 6.502 7.621 5.457
0.0152 0.01508 6.30000 0.5584031940 2.2904953199    0.558 -0.391  3.5663  3.793    0  0.000  0.545     0.00     0.00     0.00     0.00     0.00 -1 -8.77e-14      0.00 7.092e-01 2.755e-01 2.746e-03 7.408e-04 6.719e-03 -1.000 1.527e-02 5.747 6.458 7.562 5.420
0.0152 0.01508 6.30000 0.5809258819 2.3077037219    0.581 -0.359  3.5719  3.800    0  0.000  0.545     0.00     0.00     0.00     0.00     0.00 -1 -9.17e-14      0.00 7.092e-01 2.755e-01 2.746e-03 7.408e-04 6.719e-03 -1.000 1.527e-02 5.668 6.335 7.397 5.318
0.0152 0.01508 6.30000 0.6000000238 2.3211213258    0.600 -0.334  3.5764  3.808    0  0.000  0.545     0.00     0.00     0.00     0.00     0.00 -1 -9.49e-14      0.00 7.092e-01 2.755e-01 2.746e-03 7.408e-04 6.719e-03 -1.000 1.527e-02 5.605 6.235 7.262 5.235
0.0152 0.01508 6.30000 0.6007449031 2.3216254621    0.601 -0.333  3.5766  3.808    0  0.000  0.545     0.00     0.00     0.00     0.00     0.00 -1  -9.5e-14      0.00 7.092e-01 2.755e-01 2.746e-03 7.408e-04 6.719e-03 -1.000 1.527e-02 5.602 6.232 7.257 5.232
0.0152 0.01508 6.30000 0.6242025495 2.3367964721    0.624 -0.302  3.5820  3.815    0  0.000  0.545     0.00     0.00     0.00     0.00     0.00 -1 -9.93e-14      0.00 7.092e-01 2.755e-01 2.746e-03 7.408e-04 6.719e-03 -1.000 1.527e-02 5.524 6.112 7.098 5.133
0.0152 0.01508 6.30000 0.6489194036 2.3514249115    0.649 -0.271  3.5878  3.824    0  0.000  0.545     0.00     0.00     0.00     0.00     0.00 -1 -1.04e-13      0.00 7.092e-01 2.755e-01 2.746e-03 7.408e-04 6.719e-03 -1.000 1.527e-02 5.447 5.994 6.943 5.034
0.0152 0.01508 6.30000 0.6499999762 2.3520353107    0.650 -0.269  3.5880  3.824    0  0.000  0.545     0.00     0.00     0.00     0.00     0.00 -1 -1.04e-13      0.00 7.092e-01 2.755e-01 2.746e-03 7.408e-04 6.719e-03 -1.000 1.527e-02 5.444 5.989 6.937 5.030
0.0152 0.01508 6.30000 0.6510087848 2.3526030688    0.651 -0.268  3.5882  3.825    0  0.000  0.545     0.00     0.00     0.00     0.00     0.00 -1 -1.04e-13      0.00 7.092e-01 2.755e-01 2.746e-03 7.408e-04 6.719e-03 -1.000 1.527e-02 5.441 5.985 6.932 5.027
0.0152 0.01508 6.30000 0.6762014031 2.3661521133    0.676 -0.237  3.5935  3.831    0  0.000  0.545     0.00     0.00     0.00     0.00     0.00 -1 -1.09e-13      0.00 7.092e-01 2.755e-01 2.746e-03 7.408e-04 6.719e-03 -1.000 1.527e-02 5.361 5.867 6.780 4.927
0.0152 0.01508 6.30000 0.7000000477 2.3779267258    0.700 -0.207  3.5987  3.837    0  0.000  0.545     0.00     0.00     0.00     0.00     0.00 -1 -1.14e-13      0.00 7.092e-01 2.755e-01 2.746e-03 7.408e-04 6.719e-03 -1.000 1.527e-02 5.288 5.755 6.635 4.834
0.0152 0.01508 6.30000 0.7369493842 2.3944864580    0.737 -0.130  3.6207  3.870    0  0.000  0.539     0.00     0.00     0.00     0.00     0.00 -1 -1.27e-13      0.00 7.092e-01 2.755e-01 2.719e-03 7.401e-04 6.720e-03 -1.000 1.527e-02 5.095 5.420 6.180 4.571
0.0152 0.01508 6.30000 0.7500000000 2.3998889087    0.750 -0.102  3.6287  3.882    0  0.000  0.538     0.00     0.00     0.00     0.00     0.00 -1 -1.33e-13      0.00 7.092e-01 2.755e-01 2.710e-03 7.399e-04 6.720e-03 -1.000 1.527e-02 5.024 5.303 6.026 4.478
0.0152 0.01508 6.30000 0.7509173751 2.4002605511    0.751 -0.101  3.6288  3.882    0  0.000  0.538     0.00     0.00     0.00     0.00     0.00 -1 -1.33e-13      0.00 7.092e-01 2.755e-01 2.710e-03 7.399e-04 6.720e-03 -1.000 1.527e-02 5.022 5.301 6.023 4.476
0.0152 0.01508 6.30000 0.7969346046 2.4176476567    0.797 -0.059  3.6342  3.887    0  0.000  0.538     0.00     0.00     0.00     0.00     0.00 -1 -1.42e-13      0.00 7.092e-01 2.755e-01 2.710e-03 7.399e-04 6.720e-03 -1.000 1.527e-02 4.917 5.165 5.863 4.356
0.0152 0.01508 6.30000 0.8000000119 2.4187244405    0.800 -0.056  3.6345  3.887    0  0.000  0.538     0.00     0.00     0.00     0.00     0.00 -1 -1.42e-13      0.00 7.092e-01 2.755e-01 2.710e-03 7.399e-04 6.720e-03 -1.000 1.527e-02 4.911 5.157 5.854 4.349
0.0152 0.01508 6.30000 0.8041437268 2.4201650049    0.804 -0.053  3.6350  3.888    0  0.000  0.538     0.00     0.00     0.00     0.00     0.00 -1 -1.43e-13      0.00 7.092e-01 2.755e-01 2.710e-03 7.399e-04 6.720e-03 -1.000 1.527e-02 4.903 5.147 5.841 4.340
0.0152 0.01508 6.30000 0.8428912759 2.4328511767    0.842 -0.020  3.6392  3.892    0  0.000  0.538     0.00     0.00     0.00     0.00     0.00 -1  -1.5e-13      0.00 7.092e-01 2.755e-01 2.710e-03 7.399e-04 6.720e-03 -1.000 1.527e-02 4.820 5.040 5.716 4.245
0.0152 0.01508 6.30000 0.8500000238 2.4350346840    0.850 -0.013  3.6400  3.893    0  0.000  0.538     0.00     0.00     0.00     0.00     0.00 -1 -1.52e-13      0.00 7.092e-01 2.755e-01 2.710e-03 7.399e-04 6.720e-03 -1.000 1.527e-02 4.803 5.020 5.692 4.227
0.0152 0.01508 6.30000 0.8962240815 2.4482665752    0.896  0.026  3.6448  3.896    0  0.000  0.538     0.00     0.00     0.00     0.00     0.00 -1 -1.61e-13      0.00 7.092e-01 2.755e-01 2.710e-03 7.399e-04 6.720e-03 -1.000 1.527e-02 4.705 4.897 5.549 4.118
0.0152 0.01508 6.30000 0.9000000358 2.4492786175    0.899  0.029  3.6452  3.896    0  0.000  0.538     0.00     0.00     0.00     0.00     0.00 -1 -1.62e-13      0.00 7.092e-01 2.755e-01 2.710e-03 7.399e-04 6.720e-03 -1.000 1.527e-02 4.697 4.887 5.538 4.110
0.0152 0.01508 6.30000 0.9352123141 2.4582656557    0.935  0.055  3.6487  3.900    0  0.000  0.538     0.00     0.00     0.00     0.00     0.00 -1 -1.68e-13      0.00 7.092e-01 2.755e-01 2.710e-03 7.399e-04 6.720e-03 -1.000 1.527e-02 4.632 4.804 5.440 4.036
0.0152 0.01508 6.30000 0.9500000477 2.4618122009    0.950  0.067  3.6501  3.902    0  0.000  0.538     0.00     0.00     0.00     0.00     0.00 -1 -1.71e-13      0.00 7.092e-01 2.755e-01 2.710e-03 7.399e-04 6.720e-03 -1.000 1.527e-02 4.604 4.768 5.399 4.005
0.0152 0.01508 6.30000 0.9681696296 2.4659996813    0.968  0.079  3.6518  3.904    0  0.000  0.538     0.00     0.00     0.00     0.00     0.00 -1 -1.74e-13      0.00 7.092e-01 2.755e-01 2.710e-03 7.399e-04 6.720e-03 -1.000 1.527e-02 4.571 4.729 5.353 3.970
0.0152 0.01508 6.30000 1.0000000000 2.4729154477    1.000  0.103  3.6548  3.906    0  0.000  0.538     0.00     0.00     0.00     0.00     0.00 -1  -1.8e-13      0.00 7.092e-01 2.755e-01 2.710e-03 7.399e-04 6.720e-03 -1.000 1.527e-02 4.512 4.655 5.268 3.905
0.0152 0.01508 6.30000 1.0029036999 2.4735212535    1.003  0.105  3.6551  3.906    0  0.000  0.538     0.00     0.00     0.00     0.00     0.00 -1  -1.8e-13      0.00 7.092e-01 2.755e-01 2.710e-03 7.399e-04 6.720e-03 -1.000 1.527e-02 4.507 4.649 5.261 3.899
0.0152 0.01508 6.30000 1.0499999523 2.4828114860    1.050  0.139  3.6592  3.909    0  0.000  0.538     0.00     0.00     0.00     0.00     0.00 -1 -1.77e-13      0.00 7.092e-01 2.755e-01 2.710e-03 7.399e-04 6.720e-03 -1.000 1.527e-02 4.422 4.545 5.141 3.807
0.0152 0.01508 6.30000 1.1000000238 2.4916801480    1.099  0.175  3.6634  3.910    0  0.000  0.538     0.00     0.00     0.00     0.00     0.00 -1 -1.73e-13      0.00 7.092e-01 2.755e-01 2.710e-03 7.399e-04 6.720e-03 -1.000 1.527e-02 4.332 4.438 5.019 3.711
0.0152 0.01508 6.30000 1.1364299059 2.4975797823    1.136  0.198  3.6662  3.912    0  0.000  0.538     0.00     0.00     0.00     0.00     0.00 -1 -1.68e-13      0.00 7.092e-01 2.755e-01 2.710e-03 7.399e-04 6.720e-03 -1.000 1.527e-02 4.274 4.368 4.940 3.649
0.0152 0.01508 6.30000 1.1499999762 2.4996678137    1.149  0.207  3.6673  3.913    0  0.000  0.538     0.00     0.00     0.00     0.00     0.00 -1 -1.66e-13      0.00 7.092e-01 2.755e-01 2.710e-03 7.399e-04 6.720e-03 -1.000 1.527e-02 4.252 4.342 4.910 3.626
0.0152 0.01508 6.30000 1.1658467054 2.5020355402    1.165  0.216  3.6685  3.914    0  0.000  0.538     0.00     0.00     0.00     0.00     0.00 -1 -1.63e-13      0.00 7.092e-01 2.755e-01 2.710e-03 7.399e-04 6.720e-03 -1.000 1.527e-02 4.229 4.314 4.878 3.601
0.0152 0.01508 6.30000 1.2000000477 2.5068948796    1.200  0.237  3.6710  3.916    0  0.000  0.538     0.00     0.00     0.00     0.00     0.00 -1 -1.58e-13      0.00 7.092e-01 2.755e-01 2.710e-03 7.399e-04 6.720e-03 -1.000 1.527e-02 4.176 4.252 4.807 3.545
0.0152 0.01508 6.30000 1.2500000000 2.5134610955    1.250  0.268  3.6746  3.917    0  0.000  0.538     0.00     0.00     0.00     0.00     0.00 -1 -1.49e-13      0.00 7.092e-01 2.755e-01 2.710e-03 7.399e-04 6.720e-03 -1.000 1.527e-02 4.099 4.161 4.705 3.464
0.0152 0.01508 6.30000 1.2883546352 2.5181027386    1.288  0.292  3.6773  3.918    0  0.000  0.538     0.00     0.00     0.00     0.00     0.00 -1 -1.42e-13      0.00 7.092e-01 2.755e-01 2.710e-03 7.399e-04 6.720e-03 -1.000 1.527e-02 4.041 4.094 4.629 3.404
0.0152 0.01508 6.30000 1.2999999523 2.5194498592    1.300  0.299  3.6781  3.917    0  0.000  0.538     0.00     0.00     0.00     0.00     0.00 -1  -1.4e-13      0.00 7.092e-01 2.755e-01 2.710e-03 7.399e-04 6.720e-03 -1.000 1.527e-02 4.022 4.072 4.604 3.384
0.0152 0.01508 6.30000 1.3500001431 2.5249313723    1.350  0.327  3.6814  3.919    0  0.000  0.538     0.00     0.00     0.00     0.00     0.00 -1 -1.28e-13      0.00 7.092e-01 2.755e-01 2.710e-03 7.399e-04 6.720e-03 -1.000 1.527e-02 3.952 3.991 4.513 3.311
0.0152 0.01508 6.30000 1.3693108559 2.5269255750    1.369  0.338  3.6826  3.919    0  0.000  0.538     0.00     0.00     0.00     0.00     0.00 -1 -1.22e-13      0.00 7.092e-01 2.755e-01 2.710e-03 7.399e-04 6.720e-03 -1.000 1.527e-02 3.925 3.960 4.478 3.283
0.0152 0.01508 6.30000 1.4000000954 2.5299650415    1.400  0.356  3.6846  3.919    0  0.000  0.538     0.00     0.00     0.00     0.00     0.00 -1 -1.15e-13      0.00 7.092e-01 2.755e-01 2.710e-03 7.399e-04 6.720e-03 -1.000 1.527e-02 3.881 3.910 4.423 3.237
0.0152 0.01508 6.30000 1.4500000477 2.5346015836    1.450  0.385  3.6877  3.917    0  0.000  0.538     0.00     0.00     0.00     0.00     0.00 -1 -1.01e-13      0.00 7.092e-01 2.755e-01 2.710e-03 7.399e-04 6.720e-03 -1.000 1.527e-02 3.806 3.825 4.329 3.160
0.0152 0.01508 6.30000 1.5000000000 2.5388844597    1.500  0.411  3.6907  3.917    0  0.000  0.538     0.00     0.00     0.00     0.00     0.00 -1 -8.42e-14      0.00 7.092e-01 2.755e-01 2.710e-03 7.399e-04 6.720e-03 -1.000 1.527e-02 3.742 3.751 4.246 3.094
0.0152 0.01508 6.30000 1.5094830990 2.5396600334    1.510  0.416  3.6912  3.917    0  0.000  0.538     0.00     0.00     0.00     0.00     0.00 -1 -8.03e-14      0.00 7.092e-01 2.755e-01 2.710e-03 7.399e-04 6.720e-03 -1.000 1.527e-02 3.729 3.737 4.231 3.081
0.0152 0.01508 6.30000 1.5499999523 2.5428511323    1.550  0.439  3.6936  3.916    0  0.000  0.538     0.00     0.00     0.00     0.00     0.00 -1 -6.63e-14      0.00 7.092e-01 2.755e-01 2.710e-03 7.399e-04 6.720e-03 -1.000 1.527e-02 3.673 3.674 4.161 3.024
0.0152 0.01508 6.30000 1.5578448772 2.5434469791    1.558  0.443  3.6940  3.915    0  0.000  0.538     0.00     0.00     0.00     0.00     0.00 -1 -6.26e-14      0.00 7.092e-01 2.755e-01 2.710e-03 7.399e-04 6.720e-03 -1.000 1.527e-02 3.662 3.662 4.148 3.013
0.0152 0.01508 6.30000 1.6000000238 2.5465340628    1.600  0.469  3.6965  3.911    0  0.000  0.538     0.00     0.00     0.00     0.00     0.00 -1 -4.69e-14      0.00 7.092e-01 2.755e-01 2.710e-03 7.399e-04 6.720e-03 -1.000 1.527e-02 3.598 3.591 4.070 2.948
0.0152 0.01508 6.30000 1.6500000954 2.5499614852    1.649  0.495  3.6993  3.910    0  0.000  0.538     0.00     0.00     0.00     0.00     0.00 -1 -2.45e-14      0.00 7.092e-01 2.755e-01 2.710e-03 7.399e-04 6.720e-03 -1.000 1.527e-02 3.533 3.518 3.989 2.882
0.0152 0.01508 6.30000 1.6888395548 2.5524634227    1.688  0.513  3.7014  3.910    0  0.000  0.538     0.00     0.00     0.00     0.00     0.00 -1 -4.08e-27      0.00 7.092e-01 2.755e-01 2.710e-03 7.399e-04 6.720e-03 -1.000 1.527e-02 3.488 3.467 3.933 2.836
0.0152 0.01508 6.30000 1.7000000477 2.5531580802    1.699  0.519  3.7021  3.909    0  0.000  0.538     0.00     0.00     0.00     0.00     0.00 -1    -1e-30      0.00 7.092e-01 2.755e-01 2.710e-03 7.399e-04 6.720e-03 -1.000 1.527e-02 3.472 3.450 3.914 2.820
0.0152 0.01508 6.30000 1.7500000000 2.5561455243    1.749  0.548  3.7048  3.904    0  0.000  0.538     0.00     0.00     0.00     0.00     0.00 -1    -1e-30      0.00 7.092e-01 2.755e-01 2.710e-03 7.399e-04 6.720e-03 -1.000 1.527e-02 3.400 3.372 3.829 2.748
0.0152 0.01508 6.30000 1.7999999523 2.5589429085    1.799  0.576  3.7076  3.900    0  0.000  0.538     0.00     0.00     0.00     0.00     0.00 -1    -1e-30      0.00 7.092e-01 2.755e-01 2.710e-03 7.399e-04 6.720e-03 -1.000 1.527e-02 3.331 3.295 3.745 2.678
0.0152 0.01508 6.30000 1.8241145611 2.5602291985    1.823  0.588  3.7089  3.898    0  0.000  0.538     0.00     0.00     0.00     0.00     0.00 -1    -1e-30      0.00 7.092e-01 2.755e-01 2.710e-03 7.399e-04 6.720e-03 -1.000 1.527e-02 3.301 3.262 3.709 2.648
0.0152 0.01508 6.30000 1.8500000238 2.5615671203    1.849  0.601  3.7103  3.897    0  0.000  0.538     0.00     0.00     0.00     0.00     0.00 -1    -1e-30      0.00 7.092e-01 2.755e-01 2.710e-03 7.399e-04 6.720e-03 -1.000 1.527e-02 3.267 3.225 3.669 2.615
0.0152 0.01508 6.30000 1.8617178202 2.5621587197    1.861  0.606  3.7109  3.897    0  0.000  0.538     0.00     0.00     0.00     0.00     0.00 -1    -1e-30      0.00 7.092e-01 2.755e-01 2.710e-03 7.399e-04 6.720e-03 -1.000 1.527e-02 3.254 3.211 3.653 2.601
0.0152 0.01508 6.30000 1.9000000954 2.5640331317    1.899  0.632  3.7131  3.889    0  0.000  0.538     0.00     0.00     0.00     0.00     0.00 -1    -1e-30      0.00 7.092e-01 2.755e-01 2.710e-03 7.399e-04 6.720e-03 -1.000 1.527e-02 3.190 3.142 3.578 2.537
0.0152 0.01508 6.30000 1.9500001669 2.5663542767    1.950  0.658  3.7158  3.884    0  0.000  0.538     0.00     0.00     0.00     0.00     0.00 -1    -1e-30      0.00 7.092e-01 2.755e-01 2.710e-03 7.399e-04 6.720e-03 -1.000 1.527e-02 3.124 3.070 3.501 2.471
0.0152 0.01508 6.30000 2.0000000000 2.5685424513    2.000  0.687  3.7185  3.878    0  0.000  0.538     0.00     0.00     0.00     0.00     0.00 -1    -1e-30      0.00 7.092e-01 2.755e-01 2.710e-03 7.399e-04 6.720e-03 -1.000 1.527e-02 3.052 2.993 3.417 2.400
0.0152 0.01508 6.30000 2.0499999523 2.5706083333    2.050  0.716  3.7212  3.871    0  0.000  0.538     0.00     0.00     0.00     0.00     0.00 -1    -1e-30      0.00 7.092e-01 2.755e-01 2.710e-03 7.399e-04 6.720e-03 -1.000 1.527e-02 2.981 2.916 3.334 2.329
0.0152 0.01508 6.30000 2.0999999046 2.5725614918    2.099  0.744  3.7240  3.864    0  0.000  0.538     0.00     0.00     0.00     0.00     0.00 -1    -1e-30      0.00 7.092e-01 2.755e-01 2.710e-03 7.399e-04 6.720e-03 -1.000 1.527e-02 2.909 2.839 3.251 2.258
0.0152 0.01508 6.30000 2.1500000954 2.5744105556    2.149  0.770  3.7266  3.858    0  0.000  0.538     0.00     0.00     0.00     0.00     0.00 -1    -1e-30      0.00 7.092e-01 2.755e-01 2.710e-03 7.399e-04 6.720e-03 -1.000 1.527e-02 2.844 2.769 3.175 2.194
0.0152 0.01508 6.30000 2.1600155830 2.5747691244    2.159  0.776  3.7271  3.857    0  0.000  0.538     0.00     0.00     0.00     0.00     0.00 -1    -1e-30      0.00 7.092e-01 2.755e-01 2.710e-03 7.399e-04 6.720e-03 -1.000 1.527e-02 2.831 2.755 3.160 2.181
0.0152 0.01508 6.30000 2.2000000477 2.5761632879    2.199  0.805  3.7296  3.846    0  0.000  0.538     0.00     0.00     0.00     0.00     0.00 -1    -1e-30      0.00 7.092e-01 2.755e-01 2.710e-03 7.399e-04 6.720e-03 -1.000 1.527e-02 2.758 2.678 3.076 2.109
0.0152 0.01508 6.30000 2.2500000000 2.5778267375    2.249  0.841  3.7327  3.832    0  0.000  0.538     0.00     0.00     0.00     0.00     0.00 -1    -1e-30      0.00 7.092e-01 2.755e-01 2.710e-03 7.399e-04 6.720e-03 -1.000 1.527e-02 2.668 2.583 2.975 2.021
0.0152 0.01508 6.30000 2.2999999523 2.5794072884    2.299  0.875  3.7357  3.819    0  0.000  0.538     0.00     0.00     0.00     0.00     0.00 -1    -1e-30      0.00 7.092e-01 2.755e-01 2.710e-03 7.399e-04 6.720e-03 -1.000 1.527e-02 2.583 2.493 2.878 1.938
0.0152 0.01508 6.30000 2.3430793285 2.5807070431    2.342  0.906  3.7383  3.807    0  0.000  0.538     0.00     0.00     0.00     0.00     0.00 -1    -1e-30      0.00 7.092e-01 2.755e-01 2.710e-03 7.399e-04 6.720e-03 -1.000 1.527e-02 2.505 2.411 2.791 1.862
0.0152 0.01508 6.30000 2.4000000954 2.5823423892    2.399  0.955  3.7423  3.785    0  0.000  0.538     0.00     0.00     0.00     0.00     0.00 -1    -1e-30      0.00 7.092e-01 2.755e-01 2.710e-03 7.399e-04 6.720e-03 -1.000 1.527e-02 2.383 2.284 2.655 1.743
0.0152 0.01508 6.30000 2.4620912075 2.5840274851    2.461  1.017  3.7474  3.754    0  0.000  0.538     0.00     0.00     0.00     0.00     0.00 -1    -1e-30      0.00 7.092e-01 2.755e-01 2.710e-03 7.399e-04 6.720e-03 -1.000 1.527e-02 2.229 2.123 2.483 1.594
0.0152 0.01508 6.30000 2.5222473145 2.5855694027    2.522  1.091  3.7532  3.714    0  0.000  0.538     0.00     0.00     0.00     0.00     0.00 -1    -1e-30      0.00 7.092e-01 2.755e-01 2.710e-03 7.399e-04 6.720e-03 -1.000 1.527e-02 2.043 1.932 2.279 1.415
0.0152 0.01508 6.30000 2.5666210651 2.5866536738    2.566  1.156  3.7582  3.676    0  0.000  0.538     0.00     0.00     0.00     0.00     0.00 -1    -1e-30      0.00 7.092e-01 2.755e-01 2.710e-03 7.399e-04 6.720e-03 -1.000 1.527e-02 1.879 1.763 2.098 1.258
0.0152 0.01508 6.30000 2.5999999046 2.5874412955    2.600  1.211  3.7625  3.644    0  0.000  0.538     0.00     0.00     0.00     0.00     0.00 -1    -1e-30      0.00 7.092e-01 2.755e-01 2.710e-03 7.399e-04 6.720e-03 -1.000 1.527e-02 1.743 1.623 1.949 1.128
0.0152 0.01508 6.30000 2.6096014977 2.5876635720    2.610  1.226  3.7637  3.635    0  0.000  0.538     0.00     0.00     0.00     0.00     0.00 -1    -1e-30      0.00 7.092e-01 2.755e-01 2.710e-03 7.399e-04 6.720e-03 -1.000 1.527e-02 1.704 1.583 1.907 1.091
0.0152 0.01508 6.30000 2.6484167576 2.5885432837    2.648  1.290  3.7690  3.599    0  0.000  0.538     0.00     0.00     0.00     0.00     0.00 -1    -1e-30      0.00 7.092e-01 2.755e-01 2.710e-03 7.399e-04 6.720e-03 -1.000 1.527e-02 1.545 1.420 1.732 0.940
0.0152 0.01508 6.30000 2.6885387897 2.5894219773    2.689  1.354  3.7749  3.565    0  0.000  0.538     0.00     0.00     0.00     0.00     0.00 -1    -1e-30      0.00 7.092e-01 2.755e-01 2.710e-03 7.399e-04 6.720e-03 -1.000 1.527e-02 1.384 1.255 1.554 0.790
0.0152 0.01508 6.30000 2.7286396027 2.5902705789    2.729  1.417  3.7814  3.534    0  0.000  0.538     0.00     0.00     0.00     0.00     0.00 -1    -1e-30      0.00 7.092e-01 2.755e-01 2.710e-03 7.399e-04 6.720e-03 -1.000 1.527e-02 1.227 1.093 1.377 0.645
0.0152 0.01508 6.30000 2.7680232525 2.5910765416    2.768  1.480  3.7887  3.508    0  0.000  0.538     0.00     0.00     0.00     0.00     0.00 -1    -1e-30      0.00 7.092e-01 2.755e-01 2.710e-03 7.399e-04 6.720e-03 -1.000 1.527e-02 1.071 0.934 1.203 0.505
0.0152 0.01508 6.30000 2.8000001907 2.5917117867    2.800  1.531  3.7956  3.489    0  0.000  0.538     0.00     0.00     0.00     0.00     0.00 -1    -1e-30      0.00 7.092e-01 2.755e-01 2.710e-03 7.399e-04 6.720e-03 -1.000 1.527e-02 0.944 0.804 1.059 0.393
0.0152 0.01508 6.30000 2.8184454441 2.5920706855    2.819  1.561  3.8004  3.481    0  0.000  0.538     0.00     0.00     0.00     0.00     0.00 -1    -1e-30      0.00 7.092e-01 2.755e-01 2.710e-03 7.399e-04 6.720e-03 -1.000 1.527e-02 0.868 0.728 0.972 0.328
0.0152 0.01508 6.30000 2.8459861279 2.5925966142    2.846  1.607  3.8093  3.475    0  0.000  0.538     0.00     0.00     0.00     0.00     0.00 -1    -1e-30      0.00 7.092e-01 2.755e-01 2.710e-03 7.399e-04 6.720e-03 -1.000 1.527e-02 0.753 0.612 0.838 0.235
0.0152 0.01508 6.30000 2.8696317673 2.5930389111    2.870  1.647  3.8192  3.478    0  0.000  0.538     0.00     0.00     0.00     0.00     0.00 -1    -1e-30      0.00 7.092e-01 2.755e-01 2.710e-03 7.399e-04 6.720e-03 -1.000 1.527e-02 0.653 0.510 0.718 0.159
0.0152 0.01508 6.30000 2.8896238804 2.5934063807    2.890  1.682  3.8293  3.486    0  0.000  0.538     0.00     0.00     0.00     0.00     0.00 -1    -1e-30      0.00 7.092e-01 2.755e-01 2.710e-03 7.399e-04 6.720e-03 -1.000 1.527e-02 0.566 0.422 0.612 0.096
0.0152 0.01508 6.30000 2.9074635506 2.5937293849    2.908  1.713  3.8394  3.498    0  0.000  0.538     0.00     0.00     0.00     0.00     0.00 -1    -1e-30      0.00 7.092e-01 2.755e-01 2.710e-03 7.399e-04 6.720e-03 -1.000 1.527e-02 0.488 0.345 0.517 0.044
0.0152 0.01508 6.30000 2.9243676662 2.5940312719    2.925  1.743  3.8496  3.511    0  0.000  0.538     0.00     0.00     0.00     0.00     0.00 -1    -1e-30      0.00 7.092e-01 2.755e-01 2.710e-03 7.399e-04 6.720e-03 -1.000 1.527e-02 0.412 0.271 0.426 -0.004
0.0152 0.01508 6.30000 2.9406499863 2.5943182837    2.941  1.773  3.8599  3.526    0  0.000  0.538     0.00     0.00     0.00     0.00     0.00 -1    -1e-30      0.00 7.092e-01 2.755e-01 2.710e-03 7.399e-04 6.720e-03 -1.000 1.527e-02 0.339 0.201 0.339 -0.048
0.0152 0.01508 6.30000 2.9564037323 2.5945925206    2.957  1.801  3.8703  3.541    0  0.000  0.538     0.00     0.00     0.00     0.00     0.00 -1    -1e-30      0.00 7.092e-01 2.755e-01 2.710e-03 7.399e-04 6.720e-03 -1.000 1.527e-02 0.267 0.134 0.255 -0.087
0.0152 0.01508 6.30000 2.9716873169 2.5948553799    2.972  1.829  3.8806  3.556    0  0.000  0.538     0.00     0.00     0.00     0.00     0.00 -1    -1e-30      0.00 7.092e-01 2.755e-01 2.710e-03 7.399e-04 6.720e-03 -1.000 1.527e-02 0.197 0.071 0.176 -0.123
0.0152 0.01508 6.30000 2.9865474701 2.5951079925    2.987  1.857  3.8909  3.572    0  0.000  0.538     0.00     0.00     0.00     0.00     0.00 -1    -1e-30      0.00 7.092e-01 2.755e-01 2.710e-03 7.399e-04 6.720e-03 -1.000 1.527e-02 0.128 0.011 0.099 -0.155
0.0152 0.01508 6.30000 3.0000000000 2.5953341962    3.000  1.882  3.9004  3.587    0  0.000  0.538     0.00     0.00     0.00     0.00     0.00 -1    -1e-30      0.00 7.092e-01 2.755e-01 2.710e-03 7.399e-04 6.720e-03 -1.000 1.527e-02 0.066 -0.040 0.034 -0.181
0.0152 0.01508 6.30000 3.0046896935 2.5954125058    3.005  1.890  3.9038  3.593    0  0.000  0.538     0.00     0.00     0.00     0.00     0.00 -1    -1e-30      0.00 7.092e-01 2.755e-01 2.710e-03 7.399e-04 6.720e-03 -1.000 1.527e-02 0.044 -0.057 0.012 -0.189
0.0152 0.01508 6.30000 3.0178108215 2.5956301193    3.018  1.915  3.9136  3.609    0  0.000  0.538     0.00     0.00     0.00     0.00     0.00 -1    -1e-30      0.00 7.092e-01 2.755e-01 2.710e-03 7.399e-04 6.720e-03 -1.000 1.527e-02 -0.018 -0.104 -0.047 -0.211
0.0152 0.01508 6.30000 3.0306811333 2.5958414692    3.031  1.939  3.9234  3.626    0  0.000  0.538     0.00     0.00     0.00     0.00     0.00 -1    -1e-30      0.00 7.092e-01 2.755e-01 2.710e-03 7.399e-04 6.720e-03 -1.000 1.527e-02 -0.078 -0.145 -0.101 -0.231
0.0152 0.01508 6.30000 3.0433194637 2.5960470103    3.043  1.963  3.9331  3.643    0  0.000  0.538     0.00     0.00     0.00     0.00     0.00 -1    -1e-30      0.00 7.092e-01 2.755e-01 2.710e-03 7.399e-04 6.720e-03 -1.000 1.527e-02 -0.137 -0.182 -0.148 -0.247
0.0152 0.01508 6.30000 3.0557470322 2.5962472183    3.056  1.986  3.9429  3.661    0  0.000  0.538     0.00     0.00     0.00     0.00     0.00 -1    -1e-30      0.00 7.092e-01 2.755e-01 2.710e-03 7.399e-04 6.720e-03 -1.000 1.527e-02 -0.195 -0.212 -0.188 -0.260
0.0152 0.01508 6.30000 3.0720212460 2.5965065808    3.072  2.016  3.9560  3.685    0  0.000  0.538     0.00     0.00     0.00     0.00     0.00 -1    -1e-30      0.00 7.092e-01 2.755e-01 2.710e-03 7.399e-04 6.720e-03 -1.000 1.527e-02 -0.271 -0.244 -0.231 -0.271
0.0152 0.01508 6.30000 3.0879902840 2.5967580262    3.088  2.045  3.9690  3.710    0  0.000  0.538     0.00     0.00     0.00     0.00     0.00 -1    -1e-30      0.00 7.092e-01 2.755e-01 2.710e-03 7.399e-04 6.720e-03 -1.000 1.527e-02 -0.344 -0.268 -0.264 -0.277
0.0152 0.01508 6.30000 3.1036989689 2.5970024712    3.103  2.074  3.9821  3.737    0  0.000  0.538     0.00     0.00     0.00     0.00     0.00 -1    -1e-30      0.00 7.092e-01 2.755e-01 2.710e-03 7.399e-04 6.720e-03 -1.000 1.527e-02 -0.414 -0.284 -0.288 -0.277
0.0152 0.01508 6.30000 3.1191952229 2.5972408383    3.119  2.101  3.9952  3.764    0  0.000  0.538     0.00     0.00     0.00     0.00     0.00 -1    -1e-30      0.00 7.092e-01 2.755e-01 2.710e-03 7.399e-04 6.720e-03 -1.000 1.527e-02 -0.482 -0.294 -0.305 -0.274
0.0152 0.01508 6.30000 3.1345236301 2.5974739590    3.134  2.127  4.0082  3.792    0  0.000  0.538     0.00     0.00     0.00     0.00     0.00 -1    -1e-30      0.00 7.092e-01 2.755e-01 2.710e-03 7.399e-04 6.720e-03 -1.000 1.527e-02 -0.548 -0.299 -0.317 -0.267
0.0152 0.01508 6.30000 3.1497554779 2.5977030283    3.149  2.152  4.0213  3.821    0  0.000  0.538     0.00     0.00     0.00     0.00     0.00 -1    -1e-30      0.00 7.092e-01 2.755e-01 2.710e-03 7.399e-04 6.720e-03 -1.000 1.527e-02 -0.610 -0.300 -0.323 -0.257
0.0152 0.01508 6.30000 3.1650040150 2.5979298108    3.164  2.176  4.0344  3.852    0  0.000  0.538     0.00     0.00     0.00     0.00     0.00 -1    -1e-30      0.00 7.092e-01 2.755e-01 2.710e-03 7.399e-04 6.720e-03 -1.000 1.527e-02 -0.669 -0.295 -0.324 -0.242
0.0152 0.01508 6.30000 3.1804342270 2.5981567513    3.180  2.198  4.0474  3.884    0  0.000  0.538     0.00     0.00     0.00     0.00     0.00 -1    -1e-30      0.00 7.092e-01 2.755e-01 2.710e-03 7.399e-04 6.720e-03 -1.000 1.527e-02 -0.724 -0.286 -0.319 -0.224
0.0152 0.01508 6.30000 3.1963665485 2.5983884346    3.196  2.217  4.0603  3.918    0  0.000  0.538     0.00     0.00     0.00     0.00     0.00 -1    -1e-30      0.00 7.092e-01 2.755e-01 2.710e-03 7.399e-04 6.720e-03 -1.000 1.527e-02 -0.773 -0.269 -0.308 -0.199
0.0152 0.01508 6.30000 3.2000000477 2.5984409005    3.199  2.221  4.0631  3.926    0  0.000  0.538     0.00     0.00     0.00     0.00     0.00 -1    -1e-30      0.00 7.092e-01 2.755e-01 2.710e-03 7.399e-04 6.720e-03 -1.000 1.527e-02 -0.783 -0.264 -0.304 -0.192
0.0152 0.01508 6.30000 3.2089407444 2.5985694182    3.208  2.230  4.0701  3.946    0  0.000  0.538     0.00     0.00     0.00     0.00     0.00 -1    -1e-30      0.00 7.092e-01 2.755e-01 2.710e-03 7.399e-04 6.720e-03 -1.000 1.527e-02 -0.806 -0.252 -0.293 -0.175
0.0152 0.01508 6.30000 3.2180600166 2.5986996571    3.217  2.238  4.0769  3.967    0  0.000  0.538     0.00     0.00     0.00     0.00     0.00 -1    -1e-30      0.00 7.092e-01 2.755e-01 2.710e-03 7.399e-04 6.720e-03 -1.000 1.527e-02 -0.825 -0.235 -0.279 -0.155
0.0152 0.01508 6.30000 3.2409274578 2.5990225400    3.240  2.232  4.0871  4.017    0  0.000  0.538     0.00     0.00     0.00     0.00     0.00 -1    -1e-30      0.00 7.092e-01 2.755e-01 2.710e-03 7.399e-04 6.720e-03 -1.000 1.527e-02 -0.811 -0.167 -0.214 -0.080
0.0152 0.01508 6.30000 3.2674832344 2.5993909865    3.266  2.203  4.0924  4.071    0  0.000  0.538     0.00     0.00     0.00     0.00     0.00 -1    -1e-30      0.00 7.092e-01 2.755e-01 2.710e-03 7.399e-04 6.720e-03 -1.000 1.527e-02 -0.738 -0.064 -0.113 0.026
0.0152 0.01508 6.30000 3.2846879959 2.5996260392    3.284  2.173  4.0920  4.102    0  0.000  0.538     0.00     0.00     0.00     0.00     0.00 -1    -1e-30      0.00 7.092e-01 2.755e-01 2.710e-03 7.399e-04 6.720e-03 -1.000 1.527e-02 -0.662 0.010 -0.039 0.099
0.0152 0.01508 6.30000 3.3003883362 2.5998380808    3.299  2.143  4.0901  4.125    0  0.000  0.538     0.00     0.00     0.00     0.00     0.00 -1    -1e-30      0.00 7.092e-01 2.755e-01 2.710e-03 7.399e-04 6.720e-03 -1.000 1.527e-02 -0.589 0.073 0.025 0.161
0.0152 0.01508 6.30000 3.3167173862 2.6000561661    3.315  2.116  4.0877  4.145    0  0.000  0.538     0.00     0.00     0.00     0.00     0.00 -1    -1e-30      0.00 7.092e-01 2.755e-01 2.710e-03 7.399e-04 6.720e-03 -1.000 1.527e-02 -0.521 0.129 0.082 0.216
0.0152 0.01508 6.30000 3.3361501694 2.6003125071    3.335  2.096  4.0860  4.161    0  0.000  0.538     0.00     0.00     0.00     0.00     0.00 -1    -1e-30      0.00 7.092e-01 2.755e-01 2.710e-03 7.399e-04 6.720e-03 -1.000 1.527e-02 -0.470 0.171 0.125 0.257
0.0152 0.01508 6.30000 3.3799397945 2.6008777373    3.378  2.082  4.0866  4.183    0  0.000  0.538     0.00     0.00     0.00     0.00     0.00 -1    -1e-30      0.00 7.092e-01 2.755e-01 2.710e-03 7.399e-04 6.720e-03 -1.000 1.527e-02 -0.436 0.208 0.162 0.294
0.0152 0.01508 6.30000 3.3952684402 2.6010716397    3.393  2.095  4.0900  4.186    0  0.000  0.538     0.00     0.00     0.00     0.00     0.00 -1    -1e-30      0.00 7.092e-01 2.755e-01 2.710e-03 7.399e-04 6.720e-03 -1.000 1.527e-02 -0.467 0.195 0.148 0.283
0.0152 0.01508 6.30000 3.4000000954 2.6011310876    3.398  2.100  4.0915  4.187    0  0.000  0.538     0.00     0.00     0.00     0.00     0.00 -1    -1e-30      0.00 7.092e-01 2.755e-01 2.710e-03 7.399e-04 6.720e-03 -1.000 1.527e-02 -0.481 0.189 0.142 0.278
0.0152 0.01508 6.30000 3.4516227245 2.6017675096    3.450  2.160  4.1078  4.199    0  0.000  0.538     0.00     0.00     0.00     0.00     0.00 -1    -1e-30      0.00 7.092e-01 2.755e-01 2.710e-03 7.399e-04 6.720e-03 -1.000 1.527e-02 -0.630 0.129 0.076 0.228
0.0152 0.01508 6.30000 3.4851427078 2.6021691655    3.483  2.210  4.1231  4.214    0  0.000  0.538     0.00     0.00     0.00     0.00     0.00 -1    -1e-30      0.00 7.092e-01 2.755e-01 2.710e-03 7.399e-04 6.720e-03 -1.000 1.527e-02 -0.756 0.088 0.030 0.195
0.0152 0.01508 6.30000 3.5095520020 2.6024561065    3.507  2.249  4.1358  4.229    0  0.000  0.538     0.00     0.00     0.00     0.00     0.00 -1    -1e-30      0.00 7.092e-01 2.755e-01 2.710e-03 7.399e-04 6.720e-03 -1.000 1.527e-02 -0.852 0.063 0.001 0.177
0.0152 0.01508 6.30000 3.5292470455 2.6026843052    3.527  2.275  4.1454  4.245    0  0.000  0.538     0.00     0.00     0.00     0.00     0.00 -1    -1e-30      0.00 7.092e-01 2.755e-01 2.710e-03 7.399e-04 6.720e-03 -1.000 1.527e-02 -0.916 0.053 -0.012 0.172
0.0152 0.01508 6.30000 3.5469789505 2.6028872667    3.545  2.291  4.1528  4.260    0  0.000  0.538     0.00     0.00     0.00     0.00     0.00 -1    -1e-30      0.00 7.092e-01 2.755e-01 2.710e-03 7.399e-04 6.720e-03 -1.000 1.527e-02 -0.958 0.054 -0.013 0.177
0.0152 0.01508 6.30000 3.5728349686 2.6031790697    3.570  2.303  4.1607  4.282    0  0.000  0.538     0.00     0.00     0.00     0.00     0.00 -1    -1e-30      0.00 7.092e-01 2.755e-01 2.710e-03 7.399e-04 6.720e-03 -1.000 1.527e-02 -0.988 0.069 0.000 0.197
0.0152 0.01508 6.30000 3.6000001431 2.6034804607    3.598  2.304  4.1659  4.306    0  0.000  0.538     0.00     0.00     0.00     0.00     0.00 -1    -1e-30      0.00 7.092e-01 2.755e-01 2.710e-03 7.399e-04 6.720e-03 -1.000 1.527e-02 -0.989 0.098 0.028 0.229
0.0152 0.01508 6.30000 3.6096942425 2.6035867521    3.607  2.304  4.1676  4.314    0  0.000  0.538     0.00     0.00     0.00     0.00     0.00 -1    -1e-30      0.00 7.092e-01 2.755e-01 2.710e-03 7.399e-04 6.720e-03 -1.000 1.527e-02 -0.989 0.109 0.038 0.241
0.0152 0.01508 6.30000 3.6508543491 2.6040308342    3.649  2.291  4.1687  4.336    0  0.000  0.538     0.00     0.00     0.00     0.00     0.00 -1    -1e-30      0.00 7.092e-01 2.755e-01 2.710e-03 7.399e-04 6.720e-03 -1.000 1.527e-02 -0.959 0.146 0.074 0.278
0.0152 0.01508 6.30000 3.7535078526 2.6050897380    3.751  2.297  4.1711  4.351    0  0.000  0.538     0.00     0.00     0.00     0.00     0.00 -1    -1e-30      0.00 7.092e-01 2.755e-01 2.710e-03 7.399e-04 6.720e-03 -1.000 1.527e-02 -0.973 0.145 0.073 0.279
0.0152 0.01508 6.30000 3.8000001907 2.6055477311    3.798  2.309  4.1732  4.354    0  0.000  0.538     0.00     0.00     0.00     0.00     0.00 -1    -1e-30      0.00 7.092e-01 2.755e-01 2.710e-03 7.399e-04 6.720e-03 -1.000 1.527e-02 -1.002 0.129 0.056 0.264
0.0152 0.01508 6.30000 3.8221075535 2.6057610197    3.821  2.315  4.1742  4.354    0  0.000  0.538     0.00     0.00     0.00     0.00     0.00 -1    -1e-30      0.00 7.092e-01 2.755e-01 2.710e-03 7.399e-04 6.720e-03 -1.000 1.527e-02 -1.017 0.120 0.047 0.255
0.0152 0.01508 6.30000 4.0000000000 2.6073790840    4.001  2.387  4.1869  4.352    0  0.000  0.538     0.00     0.00     0.00     0.00     0.00 -1    -1e-30      0.00 7.092e-01 2.755e-01 2.710e-03 7.399e-04 6.720e-03 -1.000 1.527e-02 -1.198 0.012 -0.064 0.155
0.0152 0.01508 6.30000 4.1999998093 2.6090113217    4.198  2.465  4.2004  4.349    0  0.000  0.538     0.00     0.00     0.00     0.00     0.00 -1    -1e-30      0.00 7.092e-01 2.755e-01 2.710e-03 7.399e-04 6.720e-03 -1.000 1.527e-02 -1.394 -0.104 -0.184 0.046
0.0152 0.01508 6.30000 4.4000000954 2.6104741055    4.397  2.539  4.2128  4.345    0  0.000  0.538     0.00     0.00     0.00     0.00     0.00 -1    -1e-30      0.00 7.092e-01 2.755e-01 2.710e-03 7.399e-04 6.720e-03 -1.000 1.527e-02 -1.578 -0.215 -0.299 -0.058
0.0152 0.01508 6.30000 4.5999999046 2.6117915791    4.597  2.609  4.2248  4.342    0  0.000  0.538     0.00     0.00     0.00     0.00     0.00 -1    -1e-30      0.00 7.092e-01 2.755e-01 2.710e-03 7.399e-04 6.720e-03 -1.000 1.527e-02 -1.754 -0.320 -0.408 -0.156
0.0152 0.01508 6.30000 4.8000001907 2.6129836005    4.798  2.677  4.2361  4.339    0  0.000  0.538     0.00     0.00     0.00     0.00     0.00 -1    -1e-30      0.00 7.092e-01 2.755e-01 2.710e-03 7.399e-04 6.720e-03 -1.000 1.527e-02 -1.922 -0.422 -0.513 -0.252
0.0152 0.01508 6.30000 5.0000000000 2.6140666223    4.999  2.740  4.2462  4.334    1  0.000  0.538     0.00     0.00     0.00     0.00     0.00 -1    -1e-30      0.00 7.092e-01 2.755e-01 2.710e-03 7.399e-04 6.720e-03 -1.000 1.527e-02 -2.079 -0.519 -0.613 -0.343
0.0152 0.01508 6.30000 5.1999998093 2.6150544000    5.200  2.801  4.2562  4.330    1  0.000  0.538     0.00     0.00     0.00     0.00     0.00 -1    -1e-30      0.00 7.092e-01 2.755e-01 2.710e-03 7.399e-04 6.720e-03 -1.000 1.527e-02 -2.231 -0.613 -0.710 -0.432
0.0152 0.01508 6.30000 5.3999996185 2.6159585084    5.401  2.859  4.2659  4.327    0  0.000  0.538     0.00     0.00     0.00     0.00     0.00 -1    -1e-30      0.00 7.092e-01 2.755e-01 2.710e-03 7.399e-04 6.720e-03 -1.000 1.527e-02 -2.377 -0.702 -0.802 -0.515
0.0152 0.01508 6.30000 5.5999994278 2.6167887546    5.601  2.916  4.2756  4.325    0  0.000  0.538     0.00     0.00     0.00     0.00     0.00 -1    -1e-30      0.00 7.092e-01 2.755e-01 2.710e-03 7.399e-04 6.720e-03 -1.000 1.527e-02 -2.519 -0.787 -0.890 -0.595
0.0152 0.01508 6.30000 5.8000001907 2.6175535027    5.801  2.969  4.2840  4.321    0  0.000  0.538     0.00     0.00     0.00     0.00     0.00 -1    -1e-30      0.00 7.092e-01 2.755e-01 2.710e-03 7.399e-04 6.720e-03 -1.000 1.527e-02 -2.652 -0.871 -0.976 -0.674
0.0152 0.01508 6.30000 6.0000000000 2.6182599138    6.000  3.020  4.2920  4.316    1  0.000  0.538     0.00     0.00     0.00     0.00     0.00 -1    -1e-30      0.00 7.092e-01 2.755e-01 2.710e-03 7.399e-04 6.720e-03 -1.000 1.527e-02 -2.781 -0.954 -1.061 -0.752
0.0152 0.01508 6.30000 6.1999998093 2.6189141709    6.200  3.071  4.3004  4.313    0  0.000  0.538     0.00     0.00     0.00     0.00     0.00 -1    -1e-30      0.00 7.092e-01 2.755e-01 2.710e-03 7.399e-04 6.720e-03 -1.000 1.527e-02 -2.907 -1.031 -1.141 -0.825
0.0152 0.01508 6.30000 6.4000000954 2.6195216279    6.399  3.118  4.3080  4.310    1  0.000  0.538     0.00     0.00     0.00     0.00     0.00 -1    -1e-30      0.00 7.092e-01 2.755e-01 2.710e-03 7.399e-04 6.720e-03 -1.000 1.527e-02 -3.026 -1.108 -1.219 -0.897
0.0152 0.01508 6.30000 7.0000000000 2.6211069280    6.996  3.252  4.3286  4.297    1  0.000  0.538     0.00     0.00     0.00     0.00     0.00 -1    -1e-30      0.00 7.092e-01 2.755e-01 2.710e-03 7.399e-04 6.720e-03 -1.000 1.527e-02 -3.360 -1.324 -1.441 -1.102
0.0152 0.01508 6.30000 7.2771945000 2.6217386294    7.274  3.309  4.3375  4.293    1  0.000  0.538     0.00     0.00     0.00     0.00     0.00 -1    -1e-30      0.00 7.092e-01 2.755e-01 2.710e-03 7.399e-04 6.720e-03 -1.000 1.527e-02 -3.503 -1.417 -1.537 -1.190
0.0152 0.01508 6.30000 8.0000000000 2.6231516585    8.001  3.450  4.3597  4.282    1  0.000  0.538     0.00     0.00     0.00     0.00     0.00 -1    -1e-30      0.00 7.092e-01 2.755e-01 2.710e-03 7.399e-04 6.720e-03 -1.000 1.527e-02 -3.854 -1.645 -1.770 -1.407
0.0152 0.01508 6.30000 9.0000000000 2.6246829947    8.995  3.620  4.3858  4.267    1  0.000  0.538     0.00     0.00     0.00     0.00     0.00 -1    -1e-30      0.00 7.092e-01 2.755e-01 2.710e-03 7.399e-04 6.720e-03 -1.000 1.527e-02 -4.281 -1.930 -2.061 -1.679
0.0152 0.01508 6.30000 10.0000000000 2.6258676431    9.998  3.771  4.4082  4.252    1  0.000  0.538     0.00     0.00     0.00     0.00     0.00 -1    -1e-30      0.00 7.092e-01 2.755e-01 2.710e-03 7.399e-04 6.720e-03 -1.000 1.527e-02 -4.657 -2.138 -2.277 -1.883
0.0152 0.01508 6.30000 10.7251520157 2.6265696737   10.726  3.869  4.4227  4.242    1  0.000  0.538     0.00     0.00     0.00     0.00     0.00 -1    -1e-30      0.00 7.092e-01 2.755e-01 2.710e-03 7.399e-04 6.720e-03 -1.000 1.527e-02 -4.903 -2.295 -2.439 -2.026
0.0152 0.01508 6.30000 11.0000000000 2.6268081058   11.001  3.905  4.4281  4.239    1  0.000  0.538     0.00     0.00     0.00     0.00     0.00 -1    -1e-30      0.00 7.092e-01 2.755e-01 2.710e-03 7.399e-04 6.720e-03 -1.000 1.527e-02 -4.993 -2.363 -2.508 -2.092
0.0152 0.01508 6.30000 12.0000000000 2.6275706487   12.001  4.026  4.4458  4.226    1  0.000  0.538     0.00     0.00     0.00     0.00     0.00 -1    -1e-30      0.00 7.092e-01 2.755e-01 2.710e-03 7.399e-04 6.720e-03 -1.000 1.527e-02 -5.295 -2.620 -2.765 -2.353
0.0152 0.01508 6.30000 12.6776552200 2.6280095057   12.673  4.100  4.4563  4.218    1  0.000  0.540     0.00     0.00     0.00     0.00     0.00 -1 -4.64e-23      0.00 7.092e-01 2.755e-01 2.723e-03 7.403e-04 6.720e-03 -1.000 1.527e-02 -5.480 -2.751 -2.899 -2.477
0.0152 0.01508 6.30000 14.0000000000 2.6287268957   13.986  4.235  4.4756  4.203    0  0.000  0.545     0.00     0.00     0.00     0.00     0.00 -1 -3.34e-09      0.00 7.092e-01 2.755e-01 2.746e-03 7.408e-04 6.719e-03 -1.000 1.527e-02 -5.817 -2.959 -3.116 -2.660
0.0152 0.01508 6.30000 16.0000000000 2.6295573144   15.986  4.411  4.5000  4.183    0  0.000  0.545     0.00     0.00     0.00     0.00     0.00 -1 -8.34e-09      0.00 7.092e-01 2.755e-01 2.746e-03 7.408e-04 6.719e-03 -1.000 1.527e-02 -6.257 -3.293 -3.453 -2.987
0.0152 0.01508 6.30000 18.0000000000 2.6301792302   17.958  4.562  4.5202  4.164    0  0.000  0.545     0.00     0.00     0.00     0.00     0.00 -1 -1.73e-08      0.00 7.092e-01 2.755e-01 2.746e-03 7.408e-04 6.719e-03 -1.000 1.527e-02 -6.634 -3.568 -3.729 -3.262
0.0152 0.01508 6.30000 18.0016555786 2.6301796796   17.959  4.562  4.5202  4.164    0  0.000  0.545     0.00     0.00     0.00     0.00     0.00 -1 -1.73e-08      0.00 7.092e-01 2.755e-01 2.746e-03 7.408e-04 6.719e-03 -1.000 1.527e-02 -6.634 -3.568 -3.729 -3.263
0.0152 0.01508 6.30000 20.0000000000 2.6306603470   19.938  4.692  4.5371  4.146    0  0.000  0.545     0.00     0.00     0.00     0.00     0.00 -1 -3.24e-08      0.00 7.092e-01 2.755e-01 2.746e-03 7.408e-04 6.719e-03 -1.000 1.527e-02 -6.961 -3.783 -3.944 -3.478
0.0152 0.01508 6.30000 20.7228622437 2.6308081895   20.649  4.735  4.5424  4.140    0  0.000  0.545     0.00     0.00     0.00     0.00     0.00 -1 -3.92e-08      0.00 7.092e-01 2.755e-01 2.746e-03 7.408e-04 6.719e-03 -1.000 1.527e-02 -7.066 -3.851 -4.013 -3.547
0.0152 0.01508 6.30000 23.7066001892 2.6313103001   23.567  4.895  4.5618  4.115    0  0.000  0.545     0.00     0.00     0.00     0.00     0.00 -1 -8.14e-08      0.00 7.092e-01 2.755e-01 2.746e-03 7.408e-04 6.719e-03 -1.000 1.527e-02 -7.467 -4.157 -4.320 -3.848
0.0152 0.01508 6.30000 24.0000000000 2.6313519822   23.853  4.910  4.5636  4.112    0  0.000  0.545     0.00     0.00     0.00     0.00     0.00 -1 -8.71e-08      0.00 7.092e-01 2.755e-01 2.746e-03 7.408e-04 6.719e-03 -1.000 1.527e-02 -7.504 -4.187 -4.350 -3.877
0.0152 0.01508 6.30000 24.2939167023 2.6313925789   24.135  4.923  4.5651  4.110    0  0.000  0.545     0.00     0.00     0.00     0.00     0.00 -1 -9.25e-08      0.00 7.092e-01 2.755e-01 2.746e-03 7.408e-04 6.719e-03 -1.000 1.527e-02 -7.539 -4.215 -4.379 -3.905
0.0152 0.01508 6.30000 27.6777877808 2.6317894802   27.369  5.071  4.5811  4.081    0  0.000  0.545     0.00     0.00     0.00     0.00     0.00 -1 -1.76e-07      0.00 7.092e-01 2.755e-01 2.746e-03 7.408e-04 6.719e-03 -1.000 1.527e-02 -7.907 -4.498 -4.667 -4.171
0.0152 0.01508 6.30000 28.0000000000 2.6318215644   27.677  5.084  4.5825  4.078    0  0.000  0.545     0.00     0.00     0.00     0.00     0.00 -1 -1.87e-07      0.00 7.092e-01 2.755e-01 2.746e-03 7.408e-04 6.719e-03 -1.000 1.527e-02 -7.940 -4.522 -4.692 -4.196
0.0152 0.01508 6.30000 30.0000000000 2.6320031152   29.566  5.159  4.5900  4.062    0  0.000  0.545     0.00     0.00     0.00     0.00     0.00 -1 -2.53e-07      0.00 7.092e-01 2.755e-01 2.746e-03 7.408e-04 6.719e-03 -1.000 1.527e-02 -8.127 -4.665 -4.834 -4.340
0.0152 0.01508 6.30000 33.3161468506 2.6322496387   32.651  5.268  4.5996  4.035    0  0.000  0.545     0.00     0.00     0.00     0.00     0.00 -1 -3.95e-07      0.00 7.092e-01 2.755e-01 2.746e-03 7.408e-04 6.719e-03 -1.000 1.527e-02 -8.399 -4.880 -5.049 -4.555
0.0152 0.01508 6.30000 35.0000000000 2.6323544560   34.200  5.319  4.6038  4.020    0  0.000  0.545     0.00     0.00     0.00     0.00     0.00 -1 -4.87e-07      0.00 7.092e-01 2.755e-01 2.746e-03 7.408e-04 6.719e-03 -1.000 1.527e-02 -8.527 -4.982 -5.151 -4.657
0.0152 0.01508 6.30000 36.5807876587 2.6324428267   35.636  5.362  4.6070  4.008    0  0.000  0.545     0.00     0.00     0.00     0.00     0.00 -1 -5.78e-07      0.00 7.092e-01 2.755e-01 2.746e-03 7.408e-04 6.719e-03 -1.000 1.527e-02 -8.635 -5.072 -5.240 -4.748
0.0152 0.01508 6.30000 40.0000000000 2.6326067896   38.702  5.450  4.6127  3.979    0  0.000  0.545     0.00     0.00     0.00     0.00     0.00 -1 -8.16e-07      0.00 7.092e-01 2.755e-01 2.746e-03 7.408e-04 6.719e-03 -1.000 1.527e-02 -8.854 -5.263 -5.431 -4.940
0.0152 0.01508 6.30000 41.6432647705 2.6326746650   40.154  5.487  4.6147  3.966    0  0.000  0.545     0.00     0.00     0.00     0.00     0.00 -1 -9.39e-07      0.00 7.092e-01 2.755e-01 2.746e-03 7.408e-04 6.719e-03 -1.000 1.527e-02 -8.947 -5.348 -5.516 -5.026
0.0152 0.01508 6.30000 45.0000000000 2.6327957669   43.072  5.559  4.6175  3.935    0  0.000  0.545     0.00     0.00     0.00     0.00     0.00 -1 -1.23e-06      0.00 7.092e-01 2.755e-01 2.746e-03 7.408e-04 6.719e-03 -1.000 1.527e-02 -9.128 -5.469 -5.631 -5.168
0.0152 0.01508 6.30000 47.3972053528 2.6328702845   45.111  5.606  4.6186  3.913    0  0.000  0.545     0.00     0.00     0.00     0.00     0.00 -1 -1.48e-06      0.00 7.092e-01 2.755e-01 2.746e-03 7.408e-04 6.719e-03 -1.000 1.527e-02 -9.244 -5.585 -5.747 -5.285
0.0152 0.01508 6.30000 50.0000000000 2.6329419605   47.290  5.653  4.6193  3.889    0  0.000  0.545     0.00     0.00     0.00     0.00     0.00 -1 -1.77e-06      0.00 7.092e-01 2.755e-01 2.746e-03 7.408e-04 6.719e-03 -1.000 1.527e-02 -9.363 -5.708 -5.869 -5.411
0.0152 0.01508 6.30000 55.0000000000 2.6330580200   51.354  5.735  4.6185  3.840    0  0.000  0.545     0.00     0.00     0.00     0.00     0.00 -1  -2.4e-06      0.00 7.092e-01 2.755e-01 2.746e-03 7.408e-04 6.719e-03 -1.000 1.527e-02 -9.567 -5.933 -6.092 -5.640
0.0152 0.01508 6.30000 60.0000000000 2.6331521230   55.277  5.806  4.6152  3.787    0  0.000  0.545     0.00     0.00     0.00     0.00     0.00 -1  -3.1e-06      0.00 7.092e-01 2.755e-01 2.746e-03 7.408e-04 6.719e-03 -1.000 1.527e-02 -9.746 -6.146 -6.303 -5.857
0.0152 0.01508 6.30000 61.8954582214 2.6331832598   56.713  5.831  4.6133  3.766    0  0.000  0.545     0.00     0.00     0.00     0.00     0.00 -1 -3.39e-06      0.00 7.092e-01 2.755e-01 2.746e-03 7.408e-04 6.719e-03 -1.000 1.527e-02 -9.806 -6.222 -6.379 -5.934
0.0152 0.01508 6.30000 65.0000000000 2.6332297755   59.030  5.869  4.6095  3.730    0  0.000  0.545     0.00     0.00     0.00     0.00     0.00 -1 -3.87e-06      0.00 7.092e-01 2.755e-01 2.746e-03 7.408e-04 6.719e-03 -1.000 1.527e-02 -9.902 -6.345 -6.501 -6.058
0.0152 0.01508 6.30000 67.5490264893 2.6332643145   60.970  5.899  4.6058  3.699    0  0.000  0.545     0.00     0.00     0.00     0.00     0.00 -1 -4.29e-06      0.00 7.092e-01 2.755e-01 2.746e-03 7.408e-04 6.719e-03 -1.000 1.527e-02 -9.979 -6.444 -6.600 -6.158
0.0152 0.01508 6.30000 70.0000000000 2.6332948117   62.807  5.928  4.6016  3.666    0  0.000  0.545     0.00     0.00     0.00     0.00     0.00 -1 -4.72e-06      0.00 7.092e-01 2.755e-01 2.746e-03 7.408e-04 6.719e-03 -1.000 1.527e-02 -10.050 -6.537 -6.693 -6.250
0.0152 0.01508 6.30000 70.9080276489 2.6333054966   63.456  5.938  4.5998  3.654    0  0.000  0.545     0.00     0.00     0.00     0.00     0.00 -1 -4.87e-06      0.00 7.092e-01 2.755e-01 2.746e-03 7.408e-04 6.719e-03 -1.000 1.527e-02 -10.074 -6.570 -6.726 -6.283
0.0152 0.01508 6.30000 78.3572998047 2.6333825119   68.645  6.012  4.5821  3.543    0  0.000  0.504     0.00     0.00     0.00     0.00     0.00 -1  -6.1e-06      0.00 7.090e-01 2.757e-01 2.518e-03 1.062e-03 6.659e-03 -1.000 1.530e-02 -10.260 -6.894 -7.048 -6.610
0.0152 0.01508 6.30000 80.0000000000 2.6333972910   69.768  6.028  4.5778  3.517    0  0.000  0.473     0.00     0.00     0.00     0.00     0.00 -1 -6.36e-06      0.00 7.088e-01 2.759e-01 2.343e-03 1.307e-03 6.613e-03 -1.000 1.532e-02 -10.299 -6.967 -7.121 -6.685
0.0152 0.01508 6.30000 80.2801361084 2.6333997420   69.963  6.030  4.5769  3.512    0  0.000  0.467     0.00     0.00     0.00     0.00     0.00 -1  -6.4e-06      0.00 7.088e-01 2.759e-01 2.307e-03 1.362e-03 6.599e-03 -1.000 1.533e-02 -10.306 -6.981 -7.134 -6.699
0.0152 0.01508 6.30000 87.6726455688 2.6334579692   75.036  6.096  4.5535  3.383    0  0.000  0.355     0.00     0.00     0.00     0.00     0.00 -1  -7.4e-06      0.00 7.053e-01 2.794e-01 1.666e-03 2.792e-03 5.829e-03 -1.000 1.535e-02 -10.470 -7.273 -7.430 -6.982
0.0152 0.01508 6.30000 90.0000000000 2.6334740396   76.606  6.116  4.5460  3.342    0  0.000  0.322     0.00     0.00     0.00     0.00     0.00 -1 -7.68e-06      0.00 7.036e-01 2.810e-01 1.479e-03 3.313e-03 5.485e-03 -1.000 1.534e-02 -10.519 -7.372 -7.529 -7.080
0.0152 0.01508 6.30000 95.0000000000 2.6335055226   79.891  6.154  4.5341  3.274    0  0.000  0.029     0.00     0.00     0.00     0.00     0.00 -1 -8.43e-06      0.00 6.911e-01 2.936e-01 6.671e-05 6.610e-03 3.621e-03 -1.000 1.537e-02 -10.616 -7.563 -7.719 -7.273
0.0152 0.01508 6.30000 100.0000000000 2.6335334127   83.036  6.191  4.5306  3.241    0  0.000  0.063     0.00     0.00     0.00     0.00     0.00 -1  -9.3e-06      0.00 6.707e-01 3.142e-01 8.140e-05 8.098e-03 1.900e-03 -1.000 1.510e-02 -10.706 -7.679 -7.836 -7.386
0.0152 0.01508 6.30000 100.9991455078 2.6335386066   83.629  6.197  4.5311  3.239    0  0.000  0.078     0.00     0.00     0.00     0.00     0.00 -1 -9.54e-06      0.00 6.663e-01 3.186e-01 8.257e-05 8.205e-03 1.776e-03 -1.000 1.509e-02 -10.723 -7.691 -7.848 -7.397
0.0152 0.01508 6.30000 109.9404678345 2.6335802959   88.734  6.254  4.5362  3.229    0  0.000  0.242     0.00     0.00     0.00     0.00     0.00 -1  -1.2e-05      0.00 6.260e-01 3.590e-01 9.116e-05 8.966e-03 8.973e-04 -1.000 1.500e-02 -10.865 -7.836 -7.991 -7.556
0.0152 0.01508 6.30000 118.0449447632 2.6336118774   93.022  6.301  4.5432  3.230    0  0.000  0.428     0.00     0.00     0.00     0.00     0.00 -1 -1.49e-05      0.00 5.882e-01 3.968e-01 9.672e-05 9.418e-03 3.764e-04 -1.000 1.494e-02 -10.983 -7.909 -8.064 -7.627
0.0152 0.01508 6.30000 120.0000000000 2.6336187652   94.008  6.312  4.5450  3.231    0  0.000  0.476     0.00     0.00     0.00     0.00     0.00 -1 -1.58e-05      0.00 5.792e-01 4.059e-01 9.784e-05 9.503e-03 2.775e-04 -1.000 1.493e-02 -11.010 -7.924 -8.079 -7.641
0.0152 0.01508 6.30000 128.3432006836 2.6336187652   97.852  6.353  4.5620  3.276    0  0.000  0.668     0.00     0.00     0.00     0.00     0.00 -1 -1.93e-05      0.00 5.383e-01 4.467e-01 9.981e-05 9.554e-03 2.193e-04 -1.000 1.493e-02 -11.111 -7.904 -8.061 -7.617
0.0152 0.01508 6.30000 141.3139038086 2.6336187652  103.209  6.410  4.5934  3.367    0  0.000  0.922     0.00     0.00     0.00     0.00     0.00 -1 -2.63e-05      0.00 4.739e-01 5.112e-01 1.026e-04 9.607e-03 1.584e-04 -1.000 1.492e-02 -11.255 -7.816 -7.975 -7.522
0.0152 0.01508 6.30000 150.0000000000 2.6336187652  106.410  6.445  4.6174  3.442    0  0.000  1.064     0.00     0.00     0.00     0.00     0.00 -1  -3.3e-05      0.00 4.307e-01 5.544e-01 1.044e-04 9.631e-03 1.307e-04  6.089 1.489e-02 -11.343 -7.735 -7.894 -7.444
0.0152 0.01508 6.30000 200.0000000000 2.6336187652  103.479  6.496  4.7169  3.777    0  0.000  1.260     0.00     0.00     0.00     0.00     0.00 -1 -8.47e-05      0.00 2.443e-01 7.408e-01 1.121e-04 9.644e-03 1.183e-04  6.901 1.493e-02 -11.469 -7.288 -7.430 -7.053
0.0152 0.01508 6.30000 222.2226409912 2.6336187652   97.650  6.482  4.7406  3.860    0  0.000  1.312     0.00     0.00     0.00     0.00     0.00 -1 -0.000135      0.00 1.918e-01 7.933e-01 1.140e-04 9.647e-03 1.159e-04  7.070 1.495e-02 -11.435 -7.285 -7.409 -7.094
0.0152 0.01508 6.30000 250.0000000000 2.6336187652   85.540  6.427  4.7649  3.955    0  0.000  1.364     0.00     0.00     0.00     0.00     0.00 -1 -0.000206      0.00 1.373e-01 8.478e-01 1.158e-04 9.653e-03 1.136e-04  7.269 1.497e-02 -11.298 -7.318 -7.421 -7.178
0.0152 0.01508 6.30000 268.1403198242 2.6336187652   80.361  6.398  4.7655  3.959    0  0.000  1.369     0.00     0.00     0.00     0.00     0.00 -1 -0.000192      0.00 1.285e-01 8.566e-01 1.160e-04 9.652e-03 1.134e-04  7.303 1.496e-02 -11.224 -7.236 -7.339 -7.096
0.0152 0.01508 6.30000 293.8923645020 2.6336187652   74.199  6.360  4.7663  3.965    0  0.000  1.376     0.00     0.00     0.00     0.00     0.00 -1 -0.000176      0.00 1.173e-01 8.678e-01 1.163e-04 9.652e-03 1.131e-04  7.349 1.494e-02 -11.130 -7.137 -7.240 -6.997
0.0152 0.01508 6.30000 300.0000000000 2.6336187652   72.919  6.352  4.7665  3.967    0  0.000  1.378     0.00     0.00     0.00     0.00     0.00 -1 -0.000173      0.00 1.148e-01 8.703e-01 1.164e-04 9.652e-03 1.131e-04  7.361 1.494e-02 -11.110 -7.115 -7.218 -6.975
0.0152 0.01508 6.30000 331.4135131836 2.6336187652   67.842  6.318  4.7675  3.973    0  0.000  1.387     0.00     0.00     0.00     0.00     0.00 -1 -0.000159      0.00 1.042e-01 8.808e-01 1.168e-04 9.654e-03 1.128e-04  7.411 1.500e-02 -11.025 -7.022 -7.125 -6.882
# Zini     MH   logAge Mini        int_IMF         Mass   logL    logTe  logg  label   McoreTP C_O  period0  period1  period2  period3  period4  pmode  Mloss  tau1m   X   Y   Xc  Xn  Xo  Cexcess  Z 	 mbolmag  Gmag    G_BPmag  G_RPmag
0.0152 0.01508 6.35000 0.0900000036 1.0816895926    0.090 -1.400  3.4359  3.488    0  0.000  0.545     0.00     0.00     0.00     0.00     0.00 -1 -3.04e-14      0.00 7.092e-01 2.755e-01 2.746e-03 7.408e-04 6.719e-03 -1.000 1.527e-02 8.270 10.059 12.279 8.670
0.0152 0.01508 6.35000 0.0948026255 1.1261632400    0.095 -1.361  3.4391  3.484    0  0.000  0.545     0.00     0.00     0.00     0.00     0.00 -1 -3.25e-14      0.00 7.092e-01 2.755e-01 2.746e-03 7.408e-04 6.719e-03 -1.000 1.527e-02 8.173 9.924 12.106 8.544
0.0152 0.01508 6.35000 0.1034363136 1.1991863447    0.103 -1.317  3.4429  3.493    0  0.000  0.545     0.00     0.00     0.00     0.00     0.00 -1 -3.41e-14      0.00 7.092e-01 2.755e-01 2.746e-03 7.408e-04 6.719e-03 -1.000 1.527e-02 8.062 9.770 11.908 8.399
0.0152 0.01508 6.35000 0.1082906052 1.2368506088    0.108 -1.303  3.4442  3.505    0  0.000  0.545     0.00     0.00     0.00     0.00     0.00 -1 -3.39e-14      0.00 7.092e-01 2.755e-01 2.746e-03 7.408e-04 6.719e-03 -1.000 1.527e-02 8.028 9.720 11.845 8.354
0.0152 0.01508 6.35000 0.1120982245 1.2648901172    0.112 -1.282  3.4461  3.506    0  0.000  0.545     0.00     0.00     0.00     0.00     0.00 -1  -3.5e-14      0.00 7.092e-01 2.755e-01 2.746e-03 7.408e-04 6.719e-03 -1.000 1.527e-02 7.976 9.647 11.750 8.285
0.0152 0.01508 6.35000 0.1161383837 1.2933192849    0.116 -1.251  3.4486  3.500    0  0.000  0.545     0.00     0.00     0.00     0.00     0.00 -1 -3.71e-14      0.00 7.092e-01 2.755e-01 2.746e-03 7.408e-04 6.719e-03 -1.000 1.527e-02 7.898 9.541 11.616 8.186
0.0152 0.01508 6.35000 0.1245684177 1.3487000283    0.125 -1.212  3.4519  3.505    0  0.000  0.545     0.00     0.00     0.00     0.00     0.00 -1  -3.9e-14      0.00 7.092e-01 2.755e-01 2.746e-03 7.408e-04 6.719e-03 -1.000 1.527e-02 7.801 9.408 11.447 8.061
0.0152 0.01508 6.35000 0.1297243088 1.3802251910    0.130 -1.211  3.4523  3.523    0  0.000  0.545     0.00     0.00     0.00     0.00     0.00 -1 -3.75e-14      0.00 7.092e-01 2.755e-01 2.746e-03 7.408e-04 6.719e-03 -1.000 1.527e-02 7.798 9.400 11.435 8.054
0.0152 0.01508 6.35000 0.1347567886 1.4094630862    0.135 -1.201  3.4536  3.534    0  0.000  0.545     0.00     0.00     0.00     0.00     0.00 -1 -3.72e-14      0.00 7.092e-01 2.755e-01 2.746e-03 7.408e-04 6.719e-03 -1.000 1.527e-02 7.772 9.360 11.382 8.017
0.0152 0.01508 6.35000 0.1397347003 1.4370199352    0.140 -1.175  3.4559  3.533    0  0.000  0.545     0.00     0.00     0.00     0.00     0.00 -1 -3.89e-14      0.00 7.092e-01 2.755e-01 2.746e-03 7.408e-04 6.719e-03 -1.000 1.527e-02 7.707 9.269 11.266 7.933
0.0152 0.01508 6.35000 0.1421574205 1.4499741220    0.142 -1.165  3.4569  3.535    0  0.000  0.545     0.00     0.00     0.00     0.00     0.00 -1 -3.94e-14      0.00 7.092e-01 2.755e-01 2.746e-03 7.408e-04 6.719e-03 -1.000 1.527e-02 7.682 9.233 11.220 7.899
0.0152 0.01508 6.35000 0.1480210125 1.4801726788    0.148 -1.149  3.4585  3.543    0  0.000  0.545     0.00     0.00     0.00     0.00     0.00 -1 -3.96e-14      0.00 7.092e-01 2.755e-01 2.746e-03 7.408e-04 6.719e-03 -1.000 1.527e-02 7.643 9.178 11.147 7.848
0.0152 0.01508 6.35000 0.1538129151 1.5085127675    0.154 -1.143  3.4594  3.558    0  0.000  0.545     0.00     0.00     0.00     0.00     0.00 -1 -3.87e-14      0.00 7.092e-01 2.755e-01 2.746e-03 7.408e-04 6.719e-03 -1.000 1.527e-02 7.628 9.152 11.111 7.824
0.0152 0.01508 6.35000 0.1594421268 1.5347578966    0.159 -1.136  3.4606  3.571    0  0.000  0.545     0.00     0.00     0.00     0.00     0.00 -1 -3.82e-14      0.00 7.092e-01 2.755e-01 2.746e-03 7.408e-04 6.719e-03 -1.000 1.527e-02 7.609 9.119 11.067 7.795
0.0152 0.01508 6.35000 0.1649886817 1.5594652708    0.165 -1.113  3.4631  3.573    0  0.000  0.545     0.00     0.00     0.00     0.00     0.00 -1 -3.95e-14      0.00 7.092e-01 2.755e-01 2.746e-03 7.408e-04 6.719e-03 -1.000 1.527e-02 7.552 9.040 10.965 7.721
0.0152 0.01508 6.35000 0.1736417711 1.5959295356    0.174 -1.080  3.4663  3.575    0  0.000  0.545     0.00     0.00     0.00     0.00     0.00 -1 -4.13e-14      0.00 7.092e-01 2.755e-01 2.746e-03 7.408e-04 6.719e-03 -1.000 1.527e-02 7.471 8.929 10.825 7.618
0.0152 0.01508 6.35000 0.1822832525 1.6300604918    0.182 -1.061  3.4684  3.586    0  0.000  0.545     0.00     0.00     0.00     0.00     0.00 -1 -4.16e-14      0.00 7.092e-01 2.755e-01 2.746e-03 7.408e-04 6.719e-03 -1.000 1.527e-02 7.424 8.862 10.739 7.556
0.0152 0.01508 6.35000 0.1909407228 1.6622078896    0.191 -1.055  3.4697  3.604    0  0.000  0.545     0.00     0.00     0.00     0.00     0.00 -1 -4.04e-14      0.00 7.092e-01 2.755e-01 2.746e-03 7.408e-04 6.719e-03 -1.000 1.527e-02 7.406 8.831 10.694 7.528
0.0152 0.01508 6.35000 0.1995665133 1.6924063942    0.200 -1.047  3.4714  3.623    0  0.000  0.545     0.00     0.00     0.00     0.00     0.00 -1 -3.94e-14      0.00 7.092e-01 2.755e-01 2.746e-03 7.408e-04 6.719e-03 -1.000 1.527e-02 7.388 8.797 10.646 7.498
0.0152 0.01508 6.35000 0.2081232965 1.7207317776    0.208 -1.022  3.4744  3.628    0  0.000  0.545     0.00     0.00     0.00     0.00     0.00 -1 -4.06e-14      0.00 7.092e-01 2.755e-01 2.746e-03 7.408e-04 6.719e-03 -1.000 1.527e-02 7.325 8.707 10.529 7.416
0.0152 0.01508 6.35000 0.2212858200 1.7614706198    0.221 -0.986  3.4787  3.636    0  0.000  0.545     0.00     0.00     0.00     0.00     0.00 -1 -4.24e-14      0.00 7.092e-01 2.755e-01 2.746e-03 7.408e-04 6.719e-03 -1.000 1.527e-02 7.235 8.580 10.365 7.299
0.0152 0.01508 6.35000 0.2344821990 1.7992685490    0.234 -0.959  3.4822  3.647    0  0.000  0.545     0.00     0.00     0.00     0.00     0.00 -1 -4.33e-14      0.00 7.092e-01 2.755e-01 2.746e-03 7.408e-04 6.719e-03 -1.000 1.527e-02 7.167 8.482 10.235 7.210
0.0152 0.01508 6.35000 0.2476306111 1.8342743313    0.248 -0.941  3.4850  3.665    0  0.000  0.545     0.00     0.00     0.00     0.00     0.00 -1  -4.3e-14      0.00 7.092e-01 2.755e-01 2.746e-03 7.408e-04 6.719e-03 -1.000 1.527e-02 7.123 8.412 10.138 7.148
0.0152 0.01508 6.35000 0.2580479681 1.8603365400    0.258 -0.920  3.4880  3.674    0  0.000  0.545     0.00     0.00     0.00     0.00     0.00 -1 -4.38e-14      0.00 7.092e-01 2.755e-01 2.746e-03 7.408e-04 6.719e-03 -1.000 1.527e-02 7.070 8.334 10.032 7.078
0.0152 0.01508 6.35000 0.2777937353 1.9061738729    0.278 -0.877  3.4938  3.686    0  0.000  0.545     0.00     0.00     0.00     0.00     0.00 -1 -4.59e-14      0.00 7.092e-01 2.755e-01 2.746e-03 7.408e-04 6.719e-03 -1.000 1.527e-02 6.963 8.185 9.838 6.943
0.0152 0.01508 6.35000 0.2984742224 1.9498482345    0.298 -0.842  3.4987  3.701    0  0.000  0.545     0.00     0.00     0.00     0.00     0.00 -1 -4.72e-14      0.00 7.092e-01 2.755e-01 2.746e-03 7.408e-04 6.719e-03 -1.000 1.527e-02 6.874 8.061 9.678 6.829
0.0152 0.01508 6.35000 0.3085741997 1.9697727927    0.308 -0.823  3.5013  3.708    0  0.000  0.545     0.00     0.00     0.00     0.00     0.00 -1 -4.81e-14      0.00 7.092e-01 2.755e-01 2.746e-03 7.408e-04 6.719e-03 -1.000 1.527e-02 6.829 7.997 9.595 6.771
0.0152 0.01508 6.35000 0.3390266299 2.0250568755    0.339 -0.769  3.5089  3.725    0  0.000  0.545     0.00     0.00     0.00     0.00     0.00 -1 -5.09e-14      0.00 7.092e-01 2.755e-01 2.746e-03 7.408e-04 6.719e-03 -1.000 1.527e-02 6.694 7.810 9.353 6.602
0.0152 0.01508 6.35000 0.3500000238 2.0434175133    0.350 -0.752  3.5115  3.732    0  0.000  0.545     0.00     0.00     0.00     0.00     0.00 -1 -5.18e-14      0.00 7.092e-01 2.755e-01 2.746e-03 7.408e-04 6.719e-03 -1.000 1.527e-02 6.649 7.747 9.271 6.545
0.0152 0.01508 6.35000 0.3753500879 2.0831120088    0.375 -0.708  3.5180  3.744    0  0.000  0.545     0.00     0.00     0.00     0.00     0.00 -1 -5.45e-14      0.00 7.092e-01 2.755e-01 2.746e-03 7.408e-04 6.719e-03 -1.000 1.527e-02 6.540 7.593 9.067 6.407
0.0152 0.01508 6.35000 0.4000000358 2.1185024810    0.400 -0.668  3.5239  3.756    0  0.000  0.545     0.00     0.00     0.00     0.00     0.00 -1 -5.71e-14      0.00 7.092e-01 2.755e-01 2.746e-03 7.408e-04 6.719e-03 -1.000 1.527e-02 6.441 7.452 8.880 6.282
0.0152 0.01508 6.35000 0.4316808283 2.1600328018    0.431 -0.618  3.5318  3.770    0  0.000  0.545     0.00     0.00     0.00     0.00     0.00 -1 -6.06e-14      0.00 7.092e-01 2.755e-01 2.746e-03 7.408e-04 6.719e-03 -1.000 1.527e-02 6.316 7.271 8.638 6.124
0.0152 0.01508 6.35000 0.4500000477 2.1822809714    0.450 -0.592  3.5360  3.779    0  0.000  0.545     0.00     0.00     0.00     0.00     0.00 -1 -6.25e-14      0.00 7.092e-01 2.755e-01 2.746e-03 7.408e-04 6.719e-03 -1.000 1.527e-02 6.249 7.174 8.509 6.039
0.0152 0.01508 6.35000 0.4810724258 2.2174480136    0.481 -0.545  3.5438  3.792    0  0.000  0.545     0.00     0.00     0.00     0.00     0.00 -1 -6.64e-14      0.00 7.092e-01 2.755e-01 2.746e-03 7.408e-04 6.719e-03 -1.000 1.527e-02 6.132 7.003 8.279 5.891
0.0152 0.01508 6.35000 0.5000000000 2.2374541529    0.500 -0.517  3.5484  3.800    0  0.000  0.545     0.00     0.00     0.00     0.00     0.00 -1 -6.88e-14      0.00 7.092e-01 2.755e-01 2.746e-03 7.408e-04 6.719e-03 -1.000 1.527e-02 6.062 6.900 8.140 5.803
0.0152 0.01508 6.35000 0.5102514625 2.2477782785    0.510 -0.502  3.5511  3.804    0  0.000  0.545     0.00     0.00     0.00     0.00     0.00 -1 -7.02e-14      0.00 7.092e-01 2.755e-01 2.746e-03 7.408e-04 6.719e-03 -1.000 1.527e-02 6.024 6.842 8.061 5.753
0.0152 0.01508 6.35000 0.5294761658 2.2659054968    0.529 -0.473  3.5561  3.811    0  0.000  0.545     0.00     0.00     0.00     0.00     0.00 -1 -7.31e-14      0.00 7.092e-01 2.755e-01 2.746e-03 7.408e-04 6.719e-03 -1.000 1.527e-02 5.952 6.733 7.913 5.661
0.0152 0.01508 6.35000 0.5500000119 2.2836582633    0.550 -0.445  3.5610  3.819    0  0.000  0.545     0.00     0.00     0.00     0.00     0.00 -1 -7.57e-14      0.00 7.092e-01 2.755e-01 2.746e-03 7.408e-04 6.719e-03 -1.000 1.527e-02 5.882 6.628 7.771 5.572
0.0152 0.01508 6.35000 0.5607454181 2.2923590701    0.560 -0.430  3.5636  3.823    0  0.000  0.545     0.00     0.00     0.00     0.00     0.00 -1 -7.73e-14      0.00 7.092e-01 2.755e-01 2.746e-03 7.408e-04 6.719e-03 -1.000 1.527e-02 5.845 6.571 7.694 5.525
0.0152 0.01508 6.35000 0.5839276910 2.3098822409    0.584 -0.397  3.5694  3.831    0  0.000  0.545     0.00     0.00     0.00     0.00     0.00 -1 -8.09e-14      0.00 7.092e-01 2.755e-01 2.746e-03 7.408e-04 6.719e-03 -1.000 1.527e-02 5.763 6.446 7.526 5.420
0.0152 0.01508 6.35000 0.6000000238 2.3211213258    0.600 -0.376  3.5732  3.837    0  0.000  0.545     0.00     0.00     0.00     0.00     0.00 -1 -8.33e-14      0.00 7.092e-01 2.755e-01 2.746e-03 7.408e-04 6.719e-03 -1.000 1.527e-02 5.710 6.363 7.414 5.351
0.0152 0.01508 6.35000 0.6032260060 2.3232943572    0.603 -0.372  3.5739  3.838    0  0.000  0.545     0.00     0.00     0.00     0.00     0.00 -1 -8.37e-14      0.00 7.092e-01 2.755e-01 2.746e-03 7.408e-04 6.719e-03 -1.000 1.527e-02 5.700 6.348 7.392 5.338
0.0152 0.01508 6.35000 0.6271122098 2.3385874939    0.627 -0.340  3.5796  3.846    0  0.000  0.545     0.00     0.00     0.00     0.00     0.00 -1 -8.75e-14      0.00 7.092e-01 2.755e-01 2.746e-03 7.408e-04 6.719e-03 -1.000 1.527e-02 5.621 6.224 7.227 5.236
0.0152 0.01508 6.35000 0.6499999762 2.3520353107    0.650 -0.312  3.5848  3.854    0  0.000  0.545     0.00     0.00     0.00     0.00     0.00 -1 -9.09e-14      0.00 7.092e-01 2.755e-01 2.746e-03 7.408e-04 6.719e-03 -1.000 1.527e-02 5.549 6.116 7.084 5.145
0.0152 0.01508 6.35000 0.6535449028 2.3540214983    0.654 -0.308  3.5856  3.855    0  0.000  0.545     0.00     0.00     0.00     0.00     0.00 -1 -9.15e-14      0.00 7.092e-01 2.755e-01 2.746e-03 7.408e-04 6.719e-03 -1.000 1.527e-02 5.539 6.100 7.064 5.132
0.0152 0.01508 6.35000 0.6792185307 2.3676974574    0.679 -0.275  3.5912  3.862    0  0.000  0.545     0.00     0.00     0.00     0.00     0.00 -1  -9.6e-14      0.00 7.092e-01 2.755e-01 2.746e-03 7.408e-04 6.719e-03 -1.000 1.527e-02 5.457 5.978 6.906 5.030
0.0152 0.01508 6.35000 0.7000000477 2.3779267258    0.700 -0.249  3.5958  3.868    0  0.000  0.545     0.00     0.00     0.00     0.00     0.00 -1 -9.97e-14      0.00 7.092e-01 2.755e-01 2.746e-03 7.408e-04 6.719e-03 -1.000 1.527e-02 5.392 5.880 6.779 4.948
0.0152 0.01508 6.35000 0.7500000000 2.3998889087    0.750 -0.138  3.6276  3.914    0  0.000  0.538     0.00     0.00     0.00     0.00     0.00 -1 -1.18e-13      0.00 7.092e-01 2.755e-01 2.710e-03 7.399e-04 6.720e-03 -1.000 1.527e-02 5.115 5.400 6.129 4.571
0.0152 0.01508 6.35000 0.7661035657 2.4062642927    0.766 -0.124  3.6295  3.916    0  0.000  0.538     0.00     0.00     0.00     0.00     0.00 -1  -1.2e-13      0.00 7.092e-01 2.755e-01 2.710e-03 7.399e-04 6.720e-03 -1.000 1.527e-02 5.080 5.355 6.074 4.531
0.0152 0.01508 6.35000 0.8000000119 2.4187244405    0.800 -0.094  3.6334  3.920    0  0.000  0.538     0.00     0.00     0.00     0.00     0.00 -1 -1.26e-13      0.00 7.092e-01 2.755e-01 2.710e-03 7.399e-04 6.720e-03 -1.000 1.527e-02 5.004 5.257 5.959 4.444
0.0152 0.01508 6.35000 0.8115866184 2.4227100978    0.811 -0.084  3.6347  3.922    0  0.000  0.538     0.00     0.00     0.00     0.00     0.00 -1 -1.27e-13      0.00 7.092e-01 2.755e-01 2.710e-03 7.399e-04 6.720e-03 -1.000 1.527e-02 4.980 5.226 5.923 4.417
0.0152 0.01508 6.35000 0.8500000238 2.4350346840    0.850 -0.051  3.6389  3.926    0  0.000  0.538     0.00     0.00     0.00     0.00     0.00 -1 -1.34e-13      0.00 7.092e-01 2.755e-01 2.710e-03 7.399e-04 6.720e-03 -1.000 1.527e-02 4.897 5.120 5.798 4.324
0.0152 0.01508 6.35000 0.8599916101 2.4380336100    0.860 -0.043  3.6400  3.927    0  0.000  0.538     0.00     0.00     0.00     0.00     0.00 -1 -1.35e-13      0.00 7.092e-01 2.755e-01 2.710e-03 7.399e-04 6.720e-03 -1.000 1.527e-02 4.877 5.094 5.767 4.301
0.0152 0.01508 6.35000 0.9000000358 2.4492786175    0.899 -0.009  3.6442  3.930    0  0.000  0.538     0.00     0.00     0.00     0.00     0.00 -1 -1.42e-13      0.00 7.092e-01 2.755e-01 2.710e-03 7.399e-04 6.720e-03 -1.000 1.527e-02 4.793 4.988 5.644 4.207
0.0152 0.01508 6.35000 0.9500000477 2.4618122009    0.950  0.029  3.6491  3.935    0  0.000  0.538     0.00     0.00     0.00     0.00     0.00 -1  -1.5e-13      0.00 7.092e-01 2.755e-01 2.710e-03 7.399e-04 6.720e-03 -1.000 1.527e-02 4.698 4.869 5.504 4.102
0.0152 0.01508 6.35000 0.9775195718 2.4680848988    0.977  0.049  3.6517  3.938    0  0.000  0.538     0.00     0.00     0.00     0.00     0.00 -1 -1.55e-13      0.00 7.092e-01 2.755e-01 2.710e-03 7.399e-04 6.720e-03 -1.000 1.527e-02 4.647 4.805 5.430 4.045
0.0152 0.01508 6.35000 1.0000000000 2.4729154477    1.000  0.067  3.6539  3.939    0  0.000  0.538     0.00     0.00     0.00     0.00     0.00 -1 -1.59e-13      0.00 7.092e-01 2.755e-01 2.710e-03 7.399e-04 6.720e-03 -1.000 1.527e-02 4.603 4.751 5.368 3.997
0.0152 0.01508 6.35000 1.0310562849 2.4791919281    1.031  0.089  3.6567  3.941    0  0.000  0.538     0.00     0.00     0.00     0.00     0.00 -1 -1.57e-13      0.00 7.092e-01 2.755e-01 2.710e-03 7.399e-04 6.720e-03 -1.000 1.527e-02 4.548 4.683 5.289 3.937
0.0152 0.01508 6.35000 1.0499999523 2.4828114860    1.050  0.102  3.6584  3.942    0  0.000  0.538     0.00     0.00     0.00     0.00     0.00 -1 -1.56e-13      0.00 7.092e-01 2.755e-01 2.710e-03 7.399e-04 6.720e-03 -1.000 1.527e-02 4.514 4.641 5.241 3.900
0.0152 0.01508 6.35000 1.0584604740 2.4843799847    1.058  0.108  3.6591  3.943    0  0.000  0.538     0.00     0.00     0.00     0.00     0.00 -1 -1.55e-13      0.00 7.092e-01 2.755e-01 2.710e-03 7.399e-04 6.720e-03 -1.000 1.527e-02 4.500 4.623 5.221 3.884
0.0152 0.01508 6.35000 1.1000000238 2.4916801480    1.099  0.138  3.6627  3.944    0  0.000  0.538     0.00     0.00     0.00     0.00     0.00 -1 -1.53e-13      0.00 7.092e-01 2.755e-01 2.710e-03 7.399e-04 6.720e-03 -1.000 1.527e-02 4.424 4.533 5.117 3.804
0.0152 0.01508 6.35000 1.1499999762 2.4996678137    1.149  0.172  3.6668  3.946    0  0.000  0.538     0.00     0.00     0.00     0.00     0.00 -1 -1.48e-13      0.00 7.092e-01 2.755e-01 2.710e-03 7.399e-04 6.720e-03 -1.000 1.527e-02 4.340 4.432 5.003 3.714
0.0152 0.01508 6.35000 1.2000000477 2.5068948796    1.200  0.203  3.6707  3.949    0  0.000  0.538     0.00     0.00     0.00     0.00     0.00 -1  -1.4e-13      0.00 7.092e-01 2.755e-01 2.710e-03 7.399e-04 6.720e-03 -1.000 1.527e-02 4.263 4.340 4.897 3.631
0.0152 0.01508 6.35000 1.2218581438 2.5098414293    1.221  0.216  3.6723  3.950    0  0.000  0.538     0.00     0.00     0.00     0.00     0.00 -1 -1.37e-13      0.00 7.092e-01 2.755e-01 2.710e-03 7.399e-04 6.720e-03 -1.000 1.527e-02 4.231 4.302 4.854 3.598
0.0152 0.01508 6.35000 1.2500000000 2.5134610955    1.250  0.234  3.6744  3.950    0  0.000  0.538     0.00     0.00     0.00     0.00     0.00 -1 -1.33e-13      0.00 7.092e-01 2.755e-01 2.710e-03 7.399e-04 6.720e-03 -1.000 1.527e-02 4.185 4.248 4.793 3.549
0.0152 0.01508 6.35000 1.2999999523 2.5194498592    1.300  0.266  3.6780  3.951    0  0.000  0.538     0.00     0.00     0.00     0.00     0.00 -1 -1.24e-13      0.00 7.092e-01 2.755e-01 2.710e-03 7.399e-04 6.720e-03 -1.000 1.527e-02 4.106 4.156 4.690 3.467
0.0152 0.01508 6.35000 1.3001807928 2.5194705600    1.300  0.266  3.6780  3.951    0  0.000  0.538     0.00     0.00     0.00     0.00     0.00 -1 -1.24e-13      0.00 7.092e-01 2.755e-01 2.710e-03 7.399e-04 6.720e-03 -1.000 1.527e-02 4.106 4.156 4.690 3.467
0.0152 0.01508 6.35000 1.3500001431 2.5249313723    1.350  0.296  3.6815  3.951    0  0.000  0.538     0.00     0.00     0.00     0.00     0.00 -1 -1.15e-13      0.00 7.092e-01 2.755e-01 2.710e-03 7.399e-04 6.720e-03 -1.000 1.527e-02 4.030 4.069 4.591 3.388
0.0152 0.01508 6.35000 1.4000000954 2.5299650415    1.400  0.326  3.6849  3.950    0  0.000  0.538     0.00     0.00     0.00     0.00     0.00 -1 -1.04e-13      0.00 7.092e-01 2.755e-01 2.710e-03 7.399e-04 6.720e-03 -1.000 1.527e-02 3.954 3.982 4.494 3.310
0.0152 0.01508 6.35000 1.4332350492 2.5330883823    1.433  0.344  3.6871  3.950    0  0.000  0.538     0.00     0.00     0.00     0.00     0.00 -1 -9.44e-14      0.00 7.092e-01 2.755e-01 2.710e-03 7.399e-04 6.720e-03 -1.000 1.527e-02 3.909 3.929 4.436 3.263
0.0152 0.01508 6.35000 1.4500000477 2.5346015836    1.450  0.355  3.6882  3.949    0  0.000  0.538     0.00     0.00     0.00     0.00     0.00 -1 -9.06e-14      0.00 7.092e-01 2.755e-01 2.710e-03 7.399e-04 6.720e-03 -1.000 1.527e-02 3.883 3.899 4.402 3.236
0.0152 0.01508 6.35000 1.5000000000 2.5388844597    1.500  0.384  3.6914  3.948    0  0.000  0.538     0.00     0.00     0.00     0.00     0.00 -1 -7.63e-14      0.00 7.092e-01 2.755e-01 2.710e-03 7.399e-04 6.720e-03 -1.000 1.527e-02 3.810 3.817 4.310 3.161
0.0152 0.01508 6.35000 1.5499999523 2.5428511323    1.550  0.414  3.6946  3.945    0  0.000  0.538     0.00     0.00     0.00     0.00     0.00 -1 -6.06e-14      0.00 7.092e-01 2.755e-01 2.710e-03 7.399e-04 6.720e-03 -1.000 1.527e-02 3.735 3.733 4.218 3.085
0.0152 0.01508 6.35000 1.6000000238 2.5465340628    1.600  0.444  3.6978  3.941    0  0.000  0.538     0.00     0.00     0.00     0.00     0.00 -1 -4.28e-14      0.00 7.092e-01 2.755e-01 2.710e-03 7.399e-04 6.720e-03 -1.000 1.527e-02 3.660 3.649 4.125 3.009
0.0152 0.01508 6.35000 1.6500000954 2.5499614852    1.649  0.470  3.7008  3.940    0  0.000  0.538     0.00     0.00     0.00     0.00     0.00 -1 -2.24e-14      0.00 7.092e-01 2.755e-01 2.710e-03 7.399e-04 6.720e-03 -1.000 1.527e-02 3.594 3.575 4.043 2.942
0.0152 0.01508 6.35000 1.7000000477 2.5531580802    1.699  0.499  3.7038  3.937    0  0.000  0.538     0.00     0.00     0.00     0.00     0.00 -1    -1e-30      0.00 7.092e-01 2.755e-01 2.710e-03 7.399e-04 6.720e-03 -1.000 1.527e-02 3.523 3.496 3.957 2.871
0.0152 0.01508 6.35000 1.7500000000 2.5561455243    1.749  0.526  3.7068  3.934    0  0.000  0.538     0.00     0.00     0.00     0.00     0.00 -1    -1e-30      0.00 7.092e-01 2.755e-01 2.710e-03 7.399e-04 6.720e-03 -1.000 1.527e-02 3.455 3.421 3.874 2.802
0.0152 0.01508 6.35000 1.7999999523 2.5589429085    1.799  0.559  3.7099  3.926    0  0.000  0.538     0.00     0.00     0.00     0.00     0.00 -1    -1e-30      0.00 7.092e-01 2.755e-01 2.710e-03 7.399e-04 6.720e-03 -1.000 1.527e-02 3.373 3.331 3.776 2.720
0.0152 0.01508 6.35000 1.8500000238 2.5615671203    1.849  0.589  3.7130  3.920    0  0.000  0.538     0.00     0.00     0.00     0.00     0.00 -1    -1e-30      0.00 7.092e-01 2.755e-01 2.710e-03 7.399e-04 6.720e-03 -1.000 1.527e-02 3.298 3.250 3.687 2.645
0.0152 0.01508 6.35000 1.9000000954 2.5640331317    1.899  0.619  3.7160  3.913    0  0.000  0.538     0.00     0.00     0.00     0.00     0.00 -1    -1e-30      0.00 7.092e-01 2.755e-01 2.710e-03 7.399e-04 6.720e-03 -1.000 1.527e-02 3.222 3.168 3.598 2.569
0.0152 0.01508 6.35000 1.9500001669 2.5663542767    1.950  0.643  3.7188  3.911    0  0.000  0.538     0.00     0.00     0.00     0.00     0.00 -1    -1e-30      0.00 7.092e-01 2.755e-01 2.710e-03 7.399e-04 6.720e-03 -1.000 1.527e-02 3.161 3.101 3.525 2.509
0.0152 0.01508 6.35000 1.9617633820 2.5668806245    1.961  0.650  3.7194  3.910    0  0.000  0.538     0.00     0.00     0.00     0.00     0.00 -1    -1e-30      0.00 7.092e-01 2.755e-01 2.710e-03 7.399e-04 6.720e-03 -1.000 1.527e-02 3.145 3.083 3.506 2.492
0.0152 0.01508 6.35000 2.0000000000 2.5685424513    2.000  0.675  3.7219  3.904    0  0.000  0.538     0.00     0.00     0.00     0.00     0.00 -1    -1e-30      0.00 7.092e-01 2.755e-01 2.710e-03 7.399e-04 6.720e-03 -1.000 1.527e-02 3.083 3.016 3.433 2.431
0.0152 0.01508 6.35000 2.0485169888 2.5705487276    2.048  0.704  3.7247  3.897    0  0.000  0.538     0.00     0.00     0.00     0.00     0.00 -1    -1e-30      0.00 7.092e-01 2.755e-01 2.710e-03 7.399e-04 6.720e-03 -1.000 1.527e-02 3.011 2.939 3.349 2.360
0.0152 0.01508 6.35000 2.0499999523 2.5706083333    2.050  0.705  3.7248  3.896    0  0.000  0.538     0.00     0.00     0.00     0.00     0.00 -1    -1e-30      0.00 7.092e-01 2.755e-01 2.710e-03 7.399e-04 6.720e-03 -1.000 1.527e-02 3.008 2.936 3.346 2.357
0.0152 0.01508 6.35000 2.0999999046 2.5725614918    2.099  0.741  3.7281  3.884    0  0.000  0.538     0.00     0.00     0.00     0.00     0.00 -1    -1e-30      0.00 7.092e-01 2.755e-01 2.710e-03 7.399e-04 6.720e-03 -1.000 1.527e-02 2.918 2.840 3.243 2.268
0.0152 0.01508 6.35000 2.1492407322 2.5743832126    2.148  0.776  3.7314  3.872    0  0.000  0.538     0.00     0.00     0.00     0.00     0.00 -1    -1e-30      0.00 7.092e-01 2.755e-01 2.710e-03 7.399e-04 6.720e-03 -1.000 1.527e-02 2.830 2.747 3.142 2.182
0.0152 0.01508 6.35000 2.1500000954 2.5744105556    2.149  0.776  3.7314  3.871    0  0.000  0.538     0.00     0.00     0.00     0.00     0.00 -1    -1e-30      0.00 7.092e-01 2.755e-01 2.710e-03 7.399e-04 6.720e-03 -1.000 1.527e-02 2.829 2.746 3.141 2.181
0.0152 0.01508 6.35000 2.1731812954 2.5752346985    2.172  0.794  3.7330  3.865    0  0.000  0.538     0.00     0.00     0.00     0.00     0.00 -1    -1e-30      0.00 7.092e-01 2.755e-01 2.710e-03 7.399e-04 6.720e-03 -1.000 1.527e-02 2.785 2.699 3.091 2.138
0.0152 0.01508 6.35000 2.2000000477 2.5761632879    2.199  0.815  3.7349  3.857    0  0.000  0.538     0.00     0.00     0.00     0.00     0.00 -1    -1e-30      0.00 7.092e-01 2.755e-01 2.710e-03 7.399e-04 6.720e-03 -1.000 1.527e-02 2.732 2.644 3.031 2.086
0.0152 0.01508 6.35000 2.2500000000 2.5778267375    2.249  0.856  3.7384  3.839    0  0.000  0.538     0.00     0.00     0.00     0.00     0.00 -1    -1e-30      0.00 7.092e-01 2.755e-01 2.710e-03 7.399e-04 6.720e-03 -1.000 1.527e-02 2.630 2.535 2.915 1.986
0.0152 0.01508 6.35000 2.2999999523 2.5794072884    2.299  0.900  3.7421  3.820    0  0.000  0.538     0.00     0.00     0.00     0.00     0.00 -1    -1e-30      0.00 7.092e-01 2.755e-01 2.710e-03 7.399e-04 6.720e-03 -1.000 1.527e-02 2.520 2.420 2.792 1.879
0.0152 0.01508 6.35000 2.3426411152 2.5806940982    2.341  0.940  3.7455  3.801    0  0.000  0.538     0.00     0.00     0.00     0.00     0.00 -1    -1e-30      0.00 7.092e-01 2.755e-01 2.710e-03 7.399e-04 6.720e-03 -1.000 1.527e-02 2.420 2.317 2.681 1.782
0.0152 0.01508 6.35000 2.4000000954 2.5823423892    2.399  1.006  3.7507  3.767    0  0.000  0.538     0.00     0.00     0.00     0.00     0.00 -1    -1e-30      0.00 7.092e-01 2.755e-01 2.710e-03 7.399e-04 6.720e-03 -1.000 1.527e-02 2.256 2.147 2.500 1.624
0.0152 0.01508 6.35000 2.4147582054 2.5827519453    2.414  1.025  3.7522  3.757    0  0.000  0.538     0.00     0.00     0.00     0.00     0.00 -1    -1e-30      0.00 7.092e-01 2.755e-01 2.710e-03 7.399e-04 6.720e-03 -1.000 1.527e-02 2.208 2.098 2.447 1.579
0.0152 0.01508 6.35000 2.4564297199 2.5838778924    2.456  1.088  3.7571  3.721    0  0.000  0.538     0.00     0.00     0.00     0.00     0.00 -1    -1e-30      0.00 7.092e-01 2.755e-01 2.710e-03 7.399e-04 6.720e-03 -1.000 1.527e-02 2.050 1.934 2.273 1.427
0.0152 0.01508 6.35000 2.4921481609 2.5848086035    2.492  1.149  3.7619  3.685    0  0.000  0.538     0.00     0.00     0.00     0.00     0.00 -1    -1e-30      0.00 7.092e-01 2.755e-01 2.710e-03 7.399e-04 6.720e-03 -1.000 1.527e-02 1.898 1.778 2.106 1.282
0.0152 0.01508 6.35000 2.5262115002 2.5856680506    2.526  1.209  3.7668  3.651    0  0.000  0.538     0.00     0.00     0.00     0.00     0.00 -1    -1e-30      0.00 7.092e-01 2.755e-01 2.710e-03 7.399e-04 6.720e-03 -1.000 1.527e-02 1.747 1.623 1.940 1.139
0.0152 0.01508 6.35000 2.5608997345 2.5865162982    2.561  1.271  3.7723  3.617    0  0.000  0.538     0.00     0.00     0.00     0.00     0.00 -1    -1e-30      0.00 7.092e-01 2.755e-01 2.710e-03 7.399e-04 6.720e-03 -1.000 1.527e-02 1.594 1.466 1.771 0.995
0.0152 0.01508 6.35000 2.5966041088 2.5873622303    2.597  1.332  3.7783  3.585    0  0.000  0.538     0.00     0.00     0.00     0.00     0.00 -1    -1e-30      0.00 7.092e-01 2.755e-01 2.710e-03 7.399e-04 6.720e-03 -1.000 1.527e-02 1.439 1.307 1.599 0.851
0.0152 0.01508 6.35000 2.5999999046 2.5874412955    2.600  1.338  3.7789  3.582    0  0.000  0.538     0.00     0.00     0.00     0.00     0.00 -1    -1e-30      0.00 7.092e-01 2.755e-01 2.710e-03 7.399e-04 6.720e-03 -1.000 1.527e-02 1.425 1.292 1.583 0.838
0.0152 0.01508 6.35000 2.6050448418 2.5875583206    2.605  1.347  3.7797  3.578    0  0.000  0.538     0.00     0.00     0.00     0.00     0.00 -1    -1e-30      0.00 7.092e-01 2.755e-01 2.710e-03 7.399e-04 6.720e-03 -1.000 1.527e-02 1.403 1.271 1.559 0.818
0.0152 0.01508 6.35000 2.6420931816 2.5884019916    2.642  1.409  3.7867  3.550    0  0.000  0.538     0.00     0.00     0.00     0.00     0.00 -1    -1e-30      0.00 7.092e-01 2.755e-01 2.710e-03 7.399e-04 6.720e-03 -1.000 1.527e-02 1.249 1.113 1.387 0.678
0.0152 0.01508 6.35000 2.6779420376 2.5891928443    2.678  1.469  3.7945  3.527    0  0.000  0.538     0.00     0.00     0.00     0.00     0.00 -1    -1e-30      0.00 7.092e-01 2.755e-01 2.710e-03 7.399e-04 6.720e-03 -1.000 1.527e-02 1.097 0.959 1.216 0.544
0.0152 0.01508 6.35000 2.7039632797 2.5897518120    2.704  1.514  3.8014  3.514    0  0.000  0.538     0.00     0.00     0.00     0.00     0.00 -1    -1e-30      0.00 7.092e-01 2.755e-01 2.710e-03 7.399e-04 6.720e-03 -1.000 1.527e-02 0.986 0.846 1.089 0.449
0.0152 0.01508 6.35000 2.7292363644 2.5902829910    2.729  1.558  3.8097  3.507    0  0.000  0.538     0.00     0.00     0.00     0.00     0.00 -1    -1e-30      0.00 7.092e-01 2.755e-01 2.710e-03 7.399e-04 6.720e-03 -1.000 1.527e-02 0.876 0.734 0.960 0.359
0.0152 0.01508 6.35000 2.7506263256 2.5907237963    2.751  1.596  3.8187  3.508    0  0.000  0.538     0.00     0.00     0.00     0.00     0.00 -1    -1e-30      0.00 7.092e-01 2.755e-01 2.710e-03 7.399e-04 6.720e-03 -1.000 1.527e-02 0.780 0.638 0.847 0.285
0.0152 0.01508 6.35000 2.7688202858 2.5910925804    2.769  1.629  3.8279  3.515    0  0.000  0.538     0.00     0.00     0.00     0.00     0.00 -1    -1e-30      0.00 7.092e-01 2.755e-01 2.710e-03 7.399e-04 6.720e-03 -1.000 1.527e-02 0.698 0.555 0.748 0.225
0.0152 0.01508 6.35000 2.7851910591 2.5914196779    2.786  1.659  3.8374  3.526    0  0.000  0.538     0.00     0.00     0.00     0.00     0.00 -1    -1e-30      0.00 7.092e-01 2.755e-01 2.710e-03 7.399e-04 6.720e-03 -1.000 1.527e-02 0.623 0.481 0.657 0.175
0.0152 0.01508 6.35000 2.8000001907 2.5917117867    2.800  1.686  3.8467  3.538    0  0.000  0.538     0.00     0.00     0.00     0.00     0.00 -1    -1e-30      0.00 7.092e-01 2.755e-01 2.710e-03 7.399e-04 6.720e-03 -1.000 1.527e-02 0.555 0.414 0.575 0.131
0.0152 0.01508 6.35000 2.8036444187 2.5917831249    2.804  1.693  3.8491  3.541    0  0.000  0.538     0.00     0.00     0.00     0.00     0.00 -1    -1e-30      0.00 7.092e-01 2.755e-01 2.710e-03 7.399e-04 6.720e-03 -1.000 1.527e-02 0.537 0.397 0.554 0.120
0.0152 0.01508 6.35000 2.8186619282 2.5920748657    2.819  1.721  3.8592  3.555    0  0.000  0.538     0.00     0.00     0.00     0.00     0.00 -1    -1e-30      0.00 7.092e-01 2.755e-01 2.710e-03 7.399e-04 6.720e-03 -1.000 1.527e-02 0.466 0.329 0.469 0.078
0.0152 0.01508 6.35000 2.8332316875 2.5923545117    2.834  1.749  3.8693  3.570    0  0.000  0.538     0.00     0.00     0.00     0.00     0.00 -1    -1e-30      0.00 7.092e-01 2.755e-01 2.710e-03 7.399e-04 6.720e-03 -1.000 1.527e-02 0.397 0.264 0.388 0.040
0.0152 0.01508 6.35000 2.8473975658 2.5926232527    2.848  1.777  3.8794  3.586    0  0.000  0.538     0.00     0.00     0.00     0.00     0.00 -1    -1e-30      0.00 7.092e-01 2.755e-01 2.710e-03 7.399e-04 6.720e-03 -1.000 1.527e-02 0.329 0.203 0.310 0.005
0.0152 0.01508 6.35000 2.8611922264 2.5928820124    2.862  1.803  3.8895  3.602    0  0.000  0.538     0.00     0.00     0.00     0.00     0.00 -1    -1e-30      0.00 7.092e-01 2.755e-01 2.710e-03 7.399e-04 6.720e-03 -1.000 1.527e-02 0.262 0.144 0.236 -0.027
0.0152 0.01508 6.35000 2.8746469021 2.5931316454    2.875  1.829  3.8996  3.618    0  0.000  0.538     0.00     0.00     0.00     0.00     0.00 -1    -1e-30      0.00 7.092e-01 2.755e-01 2.710e-03 7.399e-04 6.720e-03 -1.000 1.527e-02 0.197 0.091 0.167 -0.053
0.0152 0.01508 6.35000 2.8877882957 2.5933728852    2.888  1.855  3.9097  3.635    0  0.000  0.538     0.00     0.00     0.00     0.00     0.00 -1    -1e-30      0.00 7.092e-01 2.755e-01 2.710e-03 7.399e-04 6.720e-03 -1.000 1.527e-02 0.133 0.042 0.104 -0.076
0.0152 0.01508 6.35000 2.9006409645 2.5936063950    2.901  1.879  3.9198  3.652    0  0.000  0.538     0.00     0.00     0.00     0.00     0.00 -1    -1e-30      0.00 7.092e-01 2.755e-01 2.710e-03 7.399e-04 6.720e-03 -1.000 1.527e-02 0.071 -0.003 0.046 -0.097
0.0152 0.01508 6.35000 2.9132285118 2.5938327929    2.914  1.904  3.9298  3.670    0  0.000  0.538     0.00     0.00     0.00     0.00     0.00 -1    -1e-30      0.00 7.092e-01 2.755e-01 2.710e-03 7.399e-04 6.720e-03 -1.000 1.527e-02 0.011 -0.042 -0.005 -0.115
0.0152 0.01508 6.35000 2.9296319485 2.5941244679    2.930  1.935  3.9432  3.695    0  0.000  0.538     0.00     0.00     0.00     0.00     0.00 -1    -1e-30      0.00 7.092e-01 2.755e-01 2.710e-03 7.399e-04 6.720e-03 -1.000 1.527e-02 -0.068 -0.083 -0.059 -0.131
0.0152 0.01508 6.35000 2.9456551075 2.5944057772    2.946  1.966  3.9566  3.720    0  0.000  0.538     0.00     0.00     0.00     0.00     0.00 -1    -1e-30      0.00 7.092e-01 2.755e-01 2.710e-03 7.399e-04 6.720e-03 -1.000 1.527e-02 -0.144 -0.115 -0.102 -0.142
0.0152 0.01508 6.35000 2.9613449574 2.5946778451    2.962  1.995  3.9699  3.746    0  0.000  0.538     0.00     0.00     0.00     0.00     0.00 -1    -1e-30      0.00 7.092e-01 2.755e-01 2.710e-03 7.399e-04 6.720e-03 -1.000 1.527e-02 -0.217 -0.137 -0.134 -0.146
0.0152 0.01508 6.35000 2.9767560959 2.5949418717    2.977  2.023  3.9832  3.774    0  0.000  0.538     0.00     0.00     0.00     0.00     0.00 -1    -1e-30      0.00 7.092e-01 2.755e-01 2.710e-03 7.399e-04 6.720e-03 -1.000 1.527e-02 -0.288 -0.152 -0.157 -0.145
0.0152 0.01508 6.35000 2.9919495583 2.5951991095    2.992  2.050  3.9965  3.802    0  0.000  0.538     0.00     0.00     0.00     0.00     0.00 -1    -1e-30      0.00 7.092e-01 2.755e-01 2.710e-03 7.399e-04 6.720e-03 -1.000 1.527e-02 -0.355 -0.161 -0.172 -0.139
0.0152 0.01508 6.35000 3.0000000000 2.5953341962    3.000  2.064  4.0035  3.818    0  0.000  0.538     0.00     0.00     0.00     0.00     0.00 -1    -1e-30      0.00 7.092e-01 2.755e-01 2.710e-03 7.399e-04 6.720e-03 -1.000 1.527e-02 -0.389 -0.163 -0.178 -0.135
0.0152 0.01508 6.35000 3.0051503181 2.5954201823    3.005  2.073  4.0081  3.828    0  0.000  0.538     0.00     0.00     0.00     0.00     0.00 -1    -1e-30      0.00 7.092e-01 2.755e-01 2.710e-03 7.399e-04 6.720e-03 -1.000 1.527e-02 -0.412 -0.164 -0.181 -0.132
0.0152 0.01508 6.35000 3.0194866657 2.5956577565    3.020  2.096  4.0209  3.857    0  0.000  0.538     0.00     0.00     0.00     0.00     0.00 -1    -1e-30      0.00 7.092e-01 2.755e-01 2.710e-03 7.399e-04 6.720e-03 -1.000 1.527e-02 -0.471 -0.162 -0.185 -0.119
0.0152 0.01508 6.35000 3.0339953899 2.5958955605    3.034  2.118  4.0337  3.889    0  0.000  0.538     0.00     0.00     0.00     0.00     0.00 -1    -1e-30      0.00 7.092e-01 2.755e-01 2.710e-03 7.399e-04 6.720e-03 -1.000 1.527e-02 -0.526 -0.155 -0.183 -0.102
0.0152 0.01508 6.35000 3.0489776134 2.5961383957    3.049  2.138  4.0465  3.922    0  0.000  0.538     0.00     0.00     0.00     0.00     0.00 -1    -1e-30      0.00 7.092e-01 2.755e-01 2.710e-03 7.399e-04 6.720e-03 -1.000 1.527e-02 -0.575 -0.141 -0.174 -0.080
0.0152 0.01508 6.35000 3.0652322769 2.5963987699    3.065  2.154  4.0592  3.959    0  0.000  0.538     0.00     0.00     0.00     0.00     0.00 -1    -1e-30      0.00 7.092e-01 2.755e-01 2.710e-03 7.399e-04 6.720e-03 -1.000 1.527e-02 -0.616 -0.117 -0.155 -0.048
0.0152 0.01508 6.35000 3.0697245598 2.5964701701    3.070  2.159  4.0626  3.969    0  0.000  0.538     0.00     0.00     0.00     0.00     0.00 -1    -1e-30      0.00 7.092e-01 2.755e-01 2.710e-03 7.399e-04 6.720e-03 -1.000 1.527e-02 -0.626 -0.110 -0.149 -0.038
0.0152 0.01508 6.35000 3.0862660408 2.5967310207    3.086  2.157  4.0709  4.006    0  0.000  0.538     0.00     0.00     0.00     0.00     0.00 -1    -1e-30      0.00 7.092e-01 2.755e-01 2.710e-03 7.399e-04 6.720e-03 -1.000 1.527e-02 -0.622 -0.063 -0.104 0.015
0.0152 0.01508 6.35000 3.1130313873 2.5971463515    3.113  2.131  4.0777  4.063    0  0.000  0.538     0.00     0.00     0.00     0.00     0.00 -1    -1e-30      0.00 7.092e-01 2.755e-01 2.710e-03 7.399e-04 6.720e-03 -1.000 1.527e-02 -0.557 0.038 -0.005 0.120
0.0152 0.01508 6.35000 3.1296339035 2.5973998792    3.129  2.104  4.0783  4.095    0  0.000  0.538     0.00     0.00     0.00     0.00     0.00 -1    -1e-30      0.00 7.092e-01 2.755e-01 2.710e-03 7.399e-04 6.720e-03 -1.000 1.527e-02 -0.489 0.110 0.066 0.191
0.0152 0.01508 6.35000 3.1442801952 2.5976209802    3.144  2.075  4.0768  4.119    0  0.000  0.538     0.00     0.00     0.00     0.00     0.00 -1    -1e-30      0.00 7.092e-01 2.755e-01 2.710e-03 7.399e-04 6.720e-03 -1.000 1.527e-02 -0.419 0.173 0.130 0.254
0.0152 0.01508 6.35000 3.1591405869 2.5978429054    3.159  2.048  4.0746  4.140    0  0.000  0.538     0.00     0.00     0.00     0.00     0.00 -1    -1e-30      0.00 7.092e-01 2.755e-01 2.710e-03 7.399e-04 6.720e-03 -1.000 1.527e-02 -0.349 0.231 0.189 0.310
0.0152 0.01508 6.35000 3.1762151718 2.5980949512    3.176  2.024  4.0724  4.157    0  0.000  0.538     0.00     0.00     0.00     0.00     0.00 -1    -1e-30      0.00 7.092e-01 2.755e-01 2.710e-03 7.399e-04 6.720e-03 -1.000 1.527e-02 -0.290 0.280 0.238 0.357
0.0152 0.01508 6.35000 3.2000000477 2.5984409005    3.199  2.010  4.0716  4.172    0  0.000  0.538     0.00     0.00     0.00     0.00     0.00 -1    -1e-30      0.00 7.092e-01 2.755e-01 2.710e-03 7.399e-04 6.720e-03 -1.000 1.527e-02 -0.255 0.311 0.270 0.388
0.0152 0.01508 6.35000 3.2238082886 2.5987813171    3.223  2.001  4.0717  4.184    0  0.000  0.538     0.00     0.00     0.00     0.00     0.00 -1    -1e-30      0.00 7.092e-01 2.755e-01 2.710e-03 7.399e-04 6.720e-03 -1.000 1.527e-02 -0.232 0.334 0.293 0.411
0.0152 0.01508 6.35000 3.2391655445 2.5989978485    3.238  2.015  4.0754  4.187    0  0.000  0.538     0.00     0.00     0.00     0.00     0.00 -1    -1e-30      0.00 7.092e-01 2.755e-01 2.710e-03 7.399e-04 6.720e-03 -1.000 1.527e-02 -0.267 0.318 0.276 0.398
0.0152 0.01508 6.35000 3.2969396114 2.5997917029    3.296  2.082  4.0937  4.201    0  0.000  0.538     0.00     0.00     0.00     0.00     0.00 -1    -1e-30      0.00 7.092e-01 2.755e-01 2.710e-03 7.399e-04 6.720e-03 -1.000 1.527e-02 -0.435 0.247 0.199 0.338
0.0152 0.01508 6.35000 3.3308556080 2.6002430065    3.329  2.136  4.1100  4.216    0  0.000  0.538     0.00     0.00     0.00     0.00     0.00 -1    -1e-30      0.00 7.092e-01 2.755e-01 2.710e-03 7.399e-04 6.720e-03 -1.000 1.527e-02 -0.571 0.200 0.146 0.300
0.0152 0.01508 6.35000 3.3553109169 2.6005619191    3.354  2.177  4.1234  4.232    0  0.000  0.538     0.00     0.00     0.00     0.00     0.00 -1    -1e-30      0.00 7.092e-01 2.755e-01 2.710e-03 7.399e-04 6.720e-03 -1.000 1.527e-02 -0.673 0.173 0.115 0.280
0.0152 0.01508 6.35000 3.3749005795 2.6008135502    3.373  2.203  4.1334  4.248    0  0.000  0.538     0.00     0.00     0.00     0.00     0.00 -1    -1e-30      0.00 7.092e-01 2.755e-01 2.710e-03 7.399e-04 6.720e-03 -1.000 1.527e-02 -0.738 0.163 0.102 0.276
0.0152 0.01508 6.35000 3.3924331665 2.6010359263    3.391  2.221  4.1412  4.264    0  0.000  0.538     0.00     0.00     0.00     0.00     0.00 -1    -1e-30      0.00 7.092e-01 2.755e-01 2.710e-03 7.399e-04 6.720e-03 -1.000 1.527e-02 -0.783 0.162 0.099 0.279
0.0152 0.01508 6.35000 3.4000000954 2.6011310876    3.398  2.225  4.1436  4.271    0  0.000  0.538     0.00     0.00     0.00     0.00     0.00 -1    -1e-30      0.00 7.092e-01 2.755e-01 2.710e-03 7.399e-04 6.720e-03 -1.000 1.527e-02 -0.792 0.167 0.103 0.286
0.0152 0.01508 6.35000 3.4177110195 2.6013519262    3.416  2.233  4.1491  4.287    0  0.000  0.538     0.00     0.00     0.00     0.00     0.00 -1    -1e-30      0.00 7.092e-01 2.755e-01 2.710e-03 7.399e-04 6.720e-03 -1.000 1.527e-02 -0.812 0.179 0.113 0.300
0.0152 0.01508 6.35000 3.4737451077 2.6020335929    3.472  2.221  4.1555  4.332    0  0.000  0.538     0.00     0.00     0.00     0.00     0.00 -1    -1e-30      0.00 7.092e-01 2.755e-01 2.710e-03 7.399e-04 6.720e-03 -1.000 1.527e-02 -0.782 0.247 0.179 0.372
0.0152 0.01508 6.35000 3.5098030567 2.6024590339    3.508  2.214  4.1558  4.344    0  0.000  0.538     0.00     0.00     0.00     0.00     0.00 -1    -1e-30      0.00 7.092e-01 2.755e-01 2.710e-03 7.399e-04 6.720e-03 -1.000 1.527e-02 -0.766 0.264 0.197 0.390
0.0152 0.01508 6.35000 3.6000001431 2.6034804607    3.598  2.227  4.1588  4.354    0  0.000  0.538     0.00     0.00     0.00     0.00     0.00 -1    -1e-30      0.00 7.092e-01 2.755e-01 2.710e-03 7.399e-04 6.720e-03 -1.000 1.527e-02 -0.798 0.250 0.181 0.376
0.0152 0.01508 6.35000 3.6398885250 2.6039136507    3.638  2.236  4.1604  4.357    0  0.000  0.538     0.00     0.00     0.00     0.00     0.00 -1    -1e-30      0.00 7.092e-01 2.755e-01 2.710e-03 7.399e-04 6.720e-03 -1.000 1.527e-02 -0.819 0.238 0.169 0.365
0.0152 0.01508 6.35000 3.8000001907 2.6055477311    3.798  2.306  4.1725  4.354    0  0.000  0.538     0.00     0.00     0.00     0.00     0.00 -1    -1e-30      0.00 7.092e-01 2.755e-01 2.710e-03 7.399e-04 6.720e-03 -1.000 1.527e-02 -0.994 0.132 0.060 0.267
0.0152 0.01508 6.35000 4.0000000000 2.6073790840    4.001  2.388  4.1867  4.351    0  0.000  0.538     0.00     0.00     0.00     0.00     0.00 -1    -1e-30      0.00 7.092e-01 2.755e-01 2.710e-03 7.399e-04 6.720e-03 -1.000 1.527e-02 -1.199 0.011 -0.066 0.153
0.0152 0.01508 6.35000 4.1999998093 2.6090113217    4.198  2.466  4.2002  4.348    0  0.000  0.538     0.00     0.00     0.00     0.00     0.00 -1    -1e-30      0.00 7.092e-01 2.755e-01 2.710e-03 7.399e-04 6.720e-03 -1.000 1.527e-02 -1.394 -0.106 -0.186 0.044
0.0152 0.01508 6.35000 4.4000000954 2.6104741055    4.397  2.539  4.2126  4.344    0  0.000  0.538     0.00     0.00     0.00     0.00     0.00 -1    -1e-30      0.00 7.092e-01 2.755e-01 2.710e-03 7.399e-04 6.720e-03 -1.000 1.527e-02 -1.579 -0.217 -0.301 -0.060
0.0152 0.01508 6.35000 4.5999999046 2.6117915791    4.597  2.610  4.2245  4.341    0  0.000  0.538     0.00     0.00     0.00     0.00     0.00 -1    -1e-30      0.00 7.092e-01 2.755e-01 2.710e-03 7.399e-04 6.720e-03 -1.000 1.527e-02 -1.754 -0.322 -0.410 -0.159
0.0152 0.01508 6.35000 4.8000001907 2.6129836005    4.798  2.677  4.2359  4.337    0  0.000  0.538     0.00     0.00     0.00     0.00     0.00 -1    -1e-30      0.00 7.092e-01 2.755e-01 2.710e-03 7.399e-04 6.720e-03 -1.000 1.527e-02 -1.923 -0.424 -0.515 -0.254
0.0152 0.01508 6.35000 5.0000000000 2.6140666223    4.999  2.740  4.2460  4.333    1  0.000  0.538     0.00     0.00     0.00     0.00     0.00 -1    -1e-30      0.00 7.092e-01 2.755e-01 2.710e-03 7.399e-04 6.720e-03 -1.000 1.527e-02 -2.080 -0.522 -0.616 -0.346
0.0152 0.01508 6.35000 5.1999998093 2.6150544000    5.200  2.801  4.2559  4.328    1  0.000  0.538     0.00     0.00     0.00     0.00     0.00 -1    -1e-30      0.00 7.092e-01 2.755e-01 2.710e-03 7.399e-04 6.720e-03 -1.000 1.527e-02 -2.233 -0.616 -0.713 -0.435
0.0152 0.01508 6.35000 5.3999996185 2.6159585084    5.401  2.860  4.2655  4.325    0  0.000  0.538     0.00     0.00     0.00     0.00     0.00 -1    -1e-30      0.00 7.092e-01 2.755e-01 2.710e-03 7.399e-04 6.720e-03 -1.000 1.527e-02 -2.379 -0.706 -0.805 -0.519
0.0152 0.01508 6.35000 5.5999994278 2.6167887546    5.601  2.916  4.2752  4.323    0  0.000  0.538     0.00     0.00     0.00     0.00     0.00 -1    -1e-30      0.00 7.092e-01 2.755e-01 2.710e-03 7.399e-04 6.720e-03 -1.000 1.527e-02 -2.520 -0.791 -0.893 -0.598
0.0152 0.01508 6.35000 5.8000001907 2.6175535027    5.801  2.969  4.2836  4.318    0  0.000  0.538     0.00     0.00     0.00     0.00     0.00 -1    -1e-30      0.00 7.092e-01 2.755e-01 2.710e-03 7.399e-04 6.720e-03 -1.000 1.527e-02 -2.654 -0.875 -0.980 -0.678
0.0152 0.01508 6.35000 6.0000000000 2.6182599138    6.000  3.021  4.2916  4.313    1  0.000  0.538     0.00     0.00     0.00     0.00     0.00 -1    -1e-30      0.00 7.092e-01 2.755e-01 2.710e-03 7.399e-04 6.720e-03 -1.000 1.527e-02 -2.783 -0.958 -1.065 -0.757
0.0152 0.01508 6.35000 6.1999998093 2.6189141709    6.200  3.071  4.2999  4.311    0  0.000  0.538     0.00     0.00     0.00     0.00     0.00 -1    -1e-30      0.00 7.092e-01 2.755e-01 2.710e-03 7.399e-04 6.720e-03 -1.000 1.527e-02 -2.908 -1.036 -1.145 -0.830
0.0152 0.01508 6.35000 6.4000000954 2.6195216279    6.399  3.119  4.3074  4.307    1  0.000  0.538     0.00     0.00     0.00     0.00     0.00 -1    -1e-30      0.00 7.092e-01 2.755e-01 2.710e-03 7.399e-04 6.720e-03 -1.000 1.527e-02 -3.028 -1.113 -1.224 -0.902
0.0152 0.01508 6.35000 6.8951625824 2.6208527371    6.891  3.230  4.3244  4.296    1  0.000  0.538     0.00     0.00     0.00     0.00     0.00 -1    -1e-30      0.00 7.092e-01 2.755e-01 2.710e-03 7.399e-04 6.720e-03 -1.000 1.527e-02 -3.305 -1.294 -1.410 -1.074
0.0152 0.01508 6.35000 7.0000000000 2.6211069280    6.996  3.253  4.3280  4.294    1  0.000  0.538     0.00     0.00     0.00     0.00     0.00 -1    -1e-30      0.00 7.092e-01 2.755e-01 2.710e-03 7.399e-04 6.720e-03 -1.000 1.527e-02 -3.362 -1.330 -1.447 -1.108
0.0152 0.01508 6.35000 8.0000000000 2.6231516585    8.001  3.451  4.3591  4.279    1  0.000  0.538     0.00     0.00     0.00     0.00     0.00 -1    -1e-30      0.00 7.092e-01 2.755e-01 2.710e-03 7.399e-04 6.720e-03 -1.000 1.527e-02 -3.858 -1.652 -1.777 -1.414
0.0152 0.01508 6.35000 9.0000000000 2.6246829947    8.995  3.622  4.3851  4.262    1  0.000  0.538     0.00     0.00     0.00     0.00     0.00 -1    -1e-30      0.00 7.092e-01 2.755e-01 2.710e-03 7.399e-04 6.720e-03 -1.000 1.527e-02 -4.286 -1.938 -2.070 -1.688
0.0152 0.01508 6.35000 9.7356443405 2.6255816155    9.733  3.735  4.4018  4.251    1  0.000  0.538     0.00     0.00     0.00     0.00     0.00 -1    -1e-30      0.00 7.092e-01 2.755e-01 2.710e-03 7.399e-04 6.720e-03 -1.000 1.527e-02 -4.567 -2.090 -2.226 -1.839
0.0152 0.01508 6.35000 10.0000000000 2.6258676431    9.998  3.774  4.4076  4.247    1  0.000  0.538     0.00     0.00     0.00     0.00     0.00 -1    -1e-30      0.00 7.092e-01 2.755e-01 2.710e-03 7.399e-04 6.720e-03 -1.000 1.527e-02 -4.664 -2.150 -2.289 -1.895
0.0152 0.01508 6.35000 10.0463132858 2.6259159743   10.045  3.780  4.4085  4.246    1  0.000  0.538     0.00     0.00     0.00     0.00     0.00 -1    -1e-30      0.00 7.092e-01 2.755e-01 2.710e-03 7.399e-04 6.720e-03 -1.000 1.527e-02 -4.680 -2.161 -2.300 -1.905
0.0152 0.01508 6.35000 11.0000000000 2.6268081058   11.001  3.908  4.4275  4.233    1  0.000  0.538     0.00     0.00     0.00     0.00     0.00 -1    -1e-30      0.00 7.092e-01 2.755e-01 2.710e-03 7.399e-04 6.720e-03 -1.000 1.527e-02 -5.001 -2.374 -2.519 -2.103
0.0152 0.01508 6.35000 12.0000000000 2.6275706487   12.001  4.030  4.4452  4.220    1  0.000  0.538     0.00     0.00     0.00     0.00     0.00 -1    -1e-30      0.00 7.092e-01 2.755e-01 2.710e-03 7.399e-04 6.720e-03 -1.000 1.527e-02 -5.304 -2.632 -2.777 -2.365
0.0152 0.01508 6.35000 14.0000000000 2.6287268957   13.985  4.240  4.4750  4.196    0  0.000  0.545     0.00     0.00     0.00     0.00     0.00 -1  -3.4e-09      0.00 7.092e-01 2.755e-01 2.746e-03 7.408e-04 6.719e-03 -1.000 1.527e-02 -5.830 -2.976 -3.133 -2.676
0.0152 0.01508 6.35000 15.1940574646 2.6292528725   15.179  4.348  4.4899  4.183    0  0.000  0.545     0.00     0.00     0.00     0.00     0.00 -1 -5.97e-09      0.00 7.092e-01 2.755e-01 2.746e-03 7.408e-04 6.719e-03 -1.000 1.527e-02 -6.100 -3.181 -3.340 -2.878
0.0152 0.01508 6.35000 16.0000000000 2.6295573144   15.984  4.417  4.4993  4.174    0  0.000  0.545     0.00     0.00     0.00     0.00     0.00 -1 -8.54e-09      0.00 7.092e-01 2.755e-01 2.746e-03 7.408e-04 6.719e-03 -1.000 1.527e-02 -6.272 -3.313 -3.473 -3.006
0.0152 0.01508 6.35000 16.5829372406 2.6297564363   16.558  4.463  4.5055  4.168    0  0.000  0.545     0.00     0.00     0.00     0.00     0.00 -1 -1.07e-08      0.00 7.092e-01 2.755e-01 2.746e-03 7.408e-04 6.719e-03 -1.000 1.527e-02 -6.387 -3.398 -3.559 -3.091
0.0152 0.01508 6.35000 18.0000000000 2.6301792302   17.953  4.569  4.5194  4.153    0  0.000  0.545     0.00     0.00     0.00     0.00     0.00 -1 -1.79e-08      0.00 7.092e-01 2.755e-01 2.746e-03 7.408e-04 6.719e-03 -1.000 1.527e-02 -6.651 -3.591 -3.752 -3.285
0.0152 0.01508 6.35000 18.9559593201 2.6304237599   18.898  4.633  4.5276  4.144    0  0.000  0.545     0.00     0.00     0.00     0.00     0.00 -1 -2.44e-08      0.00 7.092e-01 2.755e-01 2.746e-03 7.408e-04 6.719e-03 -1.000 1.527e-02 -6.813 -3.704 -3.865 -3.399
0.0152 0.01508 6.35000 20.0000000000 2.6306603470   19.930  4.700  4.5361  4.134    0  0.000  0.545     0.00     0.00     0.00     0.00     0.00 -1 -3.35e-08      0.00 7.092e-01 2.755e-01 2.746e-03 7.408e-04 6.719e-03 -1.000 1.527e-02 -6.981 -3.813 -3.974 -3.507
0.0152 0.01508 6.35000 21.2787704468 2.6309140626   21.182  4.775  4.5451  4.122    0  0.000  0.545     0.00     0.00     0.00     0.00     0.00 -1  -4.7e-08      0.00 7.092e-01 2.755e-01 2.746e-03 7.408e-04 6.719e-03 -1.000 1.527e-02 -7.167 -3.938 -4.101 -3.632
0.0152 0.01508 6.35000 23.8470230103 2.6313303966   23.683  4.912  4.5611  4.097    0  0.000  0.545     0.00     0.00     0.00     0.00     0.00 -1 -8.79e-08      0.00 7.092e-01 2.755e-01 2.746e-03 7.408e-04 6.719e-03 -1.000 1.527e-02 -7.510 -4.209 -4.372 -3.898
0.0152 0.01508 6.35000 24.0000000000 2.6313519822   23.831  4.920  4.5620  4.095    0  0.000  0.545     0.00     0.00     0.00     0.00     0.00 -1 -9.11e-08      0.00 7.092e-01 2.755e-01 2.746e-03 7.408e-04 6.719e-03 -1.000 1.527e-02 -7.530 -4.225 -4.389 -3.914
0.0152 0.01508 6.35000 24.4962196350 2.6314198716   24.306  4.943  4.5645  4.091    0  0.000  0.545     0.00     0.00     0.00     0.00     0.00 -1 -1.01e-07      0.00 7.092e-01 2.755e-01 2.746e-03 7.408e-04 6.719e-03 -1.000 1.527e-02 -7.588 -4.268 -4.438 -3.938
0.0152 0.01508 6.35000 27.4149169922 2.6317626616   27.077  5.071  4.5778  4.062    0  0.000  0.545     0.00     0.00     0.00     0.00     0.00 -1 -1.77e-07      0.00 7.092e-01 2.755e-01 2.746e-03 7.408e-04 6.719e-03 -1.000 1.527e-02 -7.908 -4.523 -4.692 -4.195
0.0152 0.01508 6.35000 28.0000000000 2.6318215644   27.631  5.095  4.5802  4.057    0  0.000  0.545     0.00     0.00     0.00     0.00     0.00 -1 -1.96e-07      0.00 7.092e-01 2.755e-01 2.746e-03 7.408e-04 6.719e-03 -1.000 1.527e-02 -7.968 -4.569 -4.738 -4.242
0.0152 0.01508 6.35000 29.7734279633 2.6319839530   29.288  5.162  4.5865  4.040    0  0.000  0.545     0.00     0.00     0.00     0.00     0.00 -1 -2.59e-07      0.00 7.092e-01 2.755e-01 2.746e-03 7.408e-04 6.719e-03 -1.000 1.527e-02 -8.136 -4.700 -4.869 -4.375
0.0152 0.01508 6.35000 30.0000000000 2.6320031152   29.502  5.171  4.5872  4.038    0  0.000  0.545     0.00     0.00     0.00     0.00     0.00 -1 -2.68e-07      0.00 7.092e-01 2.755e-01 2.746e-03 7.408e-04 6.719e-03 -1.000 1.527e-02 -8.156 -4.716 -4.885 -4.392
0.0152 0.01508 6.35000 32.2666168213 2.6321779058   31.593  5.246  4.5934  4.017    0  0.000  0.545     0.00     0.00     0.00     0.00     0.00 -1 -3.65e-07      0.00 7.092e-01 2.755e-01 2.746e-03 7.408e-04 6.719e-03 -1.000 1.527e-02 -8.346 -4.870 -5.039 -4.546
0.0152 0.01508 6.35000 35.0000000000 2.6323544560   34.080  5.331  4.5997  3.990    0  0.000  0.545     0.00     0.00     0.00     0.00     0.00 -1 -5.18e-07      0.00 7.092e-01 2.755e-01 2.746e-03 7.408e-04 6.719e-03 -1.000 1.527e-02 -8.558 -5.046 -5.215 -4.723
0.0152 0.01508 6.35000 35.4937705994 2.6323830322   34.521  5.345  4.6005  3.985    0  0.000  0.545     0.00     0.00     0.00     0.00     0.00 -1 -5.47e-07      0.00 7.092e-01 2.755e-01 2.746e-03 7.408e-04 6.719e-03 -1.000 1.527e-02 -8.593 -5.077 -5.245 -4.753
0.0152 0.01508 6.35000 39.4028396606 2.6325805052   37.975  5.448  4.6060  3.945    0  0.000  0.545     0.00     0.00     0.00     0.00     0.00 -1 -8.22e-07      0.00 7.092e-01 2.755e-01 2.746e-03 7.408e-04 6.719e-03 -1.000 1.527e-02 -8.851 -5.315 -5.483 -4.994
0.0152 0.01508 6.35000 40.0000000000 2.6326067896   38.497  5.463  4.6066  3.939    0  0.000  0.545     0.00     0.00     0.00     0.00     0.00 -1 -8.73e-07      0.00 7.092e-01 2.755e-01 2.746e-03 7.408e-04 6.719e-03 -1.000 1.527e-02 -8.888 -5.350 -5.518 -5.030
0.0152 0.01508 6.35000 44.2609825134 2.6327709144   42.139  5.558  4.6089  3.893    0  0.000  0.545     0.00     0.00     0.00     0.00     0.00 -1 -1.25e-06      0.00 7.092e-01 2.755e-01 2.746e-03 7.408e-04 6.719e-03 -1.000 1.527e-02 -9.124 -5.527 -5.686 -5.233
0.0152 0.01508 6.35000 45.0000000000 2.6327957669   42.759  5.573  4.6090  3.884    0  0.000  0.545     0.00     0.00     0.00     0.00     0.00 -1 -1.32e-06      0.00 7.092e-01 2.755e-01 2.746e-03 7.408e-04 6.719e-03 -1.000 1.527e-02 -9.163 -5.567 -5.726 -5.274
0.0152 0.01508 6.35000 49.3091812134 2.6329237839   46.289  5.655  4.6084  3.834    0  0.000  0.545     0.00     0.00     0.00     0.00     0.00 -1  -1.8e-06      0.00 7.092e-01 2.755e-01 2.746e-03 7.408e-04 6.719e-03 -1.000 1.527e-02 -9.367 -5.788 -5.946 -5.497
0.0152 0.01508 6.35000 50.0000000000 2.6329419605   46.843  5.667  4.6081  3.826    0  0.000  0.545     0.00     0.00     0.00     0.00     0.00 -1 -1.88e-06      0.00 7.092e-01 2.755e-01 2.746e-03 7.408e-04 6.719e-03 -1.000 1.527e-02 -9.398 -5.822 -5.980 -5.532
0.0152 0.01508 6.35000 51.2635002136 2.6329737525   47.845  5.688  4.6074  3.811    0  0.000  0.545     0.00     0.00     0.00     0.00     0.00 -1 -2.03e-06      0.00 7.092e-01 2.755e-01 2.746e-03 7.408e-04 6.719e-03 -1.000 1.527e-02 -9.451 -5.883 -6.041 -5.593
0.0152 0.01508 6.35000 55.0000000000 2.6330580200   50.752  5.749  4.6042  3.764    0  0.000  0.545     0.00     0.00     0.00     0.00     0.00 -1 -2.54e-06      0.00 7.092e-01 2.755e-01 2.746e-03 7.408e-04 6.719e-03 -1.000 1.527e-02 -9.601 -6.059 -6.216 -5.771
0.0152 0.01508 6.35000 55.6851425171 2.6330720674   51.275  5.759  4.6033  3.755    0  0.000  0.545     0.00     0.00     0.00     0.00     0.00 -1 -2.63e-06      0.00 7.092e-01 2.755e-01 2.746e-03 7.408e-04 6.719e-03 -1.000 1.527e-02 -9.627 -6.090 -6.247 -5.802
0.0152 0.01508 6.35000 60.0000000000 2.6331521230   54.501  5.821  4.5962  3.690    0  0.000  0.545     0.00     0.00     0.00     0.00     0.00 -1 -3.26e-06      0.00 7.092e-01 2.755e-01 2.746e-03 7.408e-04 6.719e-03 -1.000 1.527e-02 -9.782 -6.295 -6.452 -6.006
0.0152 0.01508 6.35000 60.9972763062 2.6331687827   55.222  5.834  4.5942  3.675    0  0.000  0.545     0.00     0.00     0.00     0.00     0.00 -1 -3.41e-06      0.00 7.092e-01 2.755e-01 2.746e-03 7.408e-04 6.719e-03 -1.000 1.527e-02 -9.815 -6.343 -6.500 -6.054
0.0152 0.01508 6.35000 65.0000000000 2.6332297755   58.063  5.884  4.5849  3.609    0  0.000  0.545     0.00     0.00     0.00     0.00     0.00 -1 -4.01e-06      0.00 7.092e-01 2.755e-01 2.746e-03 7.408e-04 6.719e-03 -1.000 1.527e-02 -9.940 -6.541 -6.697 -6.253
0.0152 0.01508 6.35000 66.9830627441 2.6332569066   59.491  5.908  4.5794  3.574    0  0.000  0.545     0.00     0.00     0.00     0.00     0.00 -1 -4.31e-06      0.00 7.092e-01 2.755e-01 2.746e-03 7.408e-04 6.719e-03 -1.000 1.527e-02 -10.001 -6.645 -6.800 -6.358
0.0152 0.01508 6.35000 70.0000000000 2.6332948117   61.628  5.944  4.5699  3.516    0  0.000  0.545     0.00     0.00     0.00     0.00     0.00 -1 -4.75e-06      0.00 7.092e-01 2.755e-01 2.746e-03 7.408e-04 6.719e-03 -1.000 1.527e-02 -10.089 -6.801 -6.955 -6.516
0.0152 0.01508 6.35000 71.3306655884 2.6333103632   62.531  5.958  4.5654  3.490    0  0.000  0.534     0.00     0.00     0.00     0.00     0.00 -1 -4.92e-06      0.00 7.089e-01 2.758e-01 2.686e-03 8.669e-04 6.655e-03 -1.000 1.527e-02 -10.125 -6.863 -7.017 -6.577
0.0152 0.01508 6.35000 76.4903335571 2.6333648257   65.970  6.011  4.5456  3.381    0  0.000  0.496     0.00     0.00     0.00     0.00     0.00 -1 -5.51e-06      0.00 7.073e-01 2.774e-01 2.466e-03 1.382e-03 6.363e-03 -1.000 1.528e-02 -10.257 -7.111 -7.267 -6.820
0.0152 0.01508 6.35000 80.0000000000 2.6333972910   68.272  6.045  4.5305  3.302    0  0.000  0.472     0.00     0.00     0.00     0.00     0.00 -1 -5.79e-06      0.00 7.059e-01 2.789e-01 2.325e-03 1.751e-03 6.131e-03 -1.000 1.528e-02 -10.342 -7.324 -7.475 -7.045
0.0152 0.01508 6.35000 81.6285781860 2.6334112699   69.360  6.060  4.5229  3.263    0  0.000  0.448     0.00     0.00     0.00     0.00     0.00 -1 -5.87e-06      0.00 7.044e-01 2.803e-01 2.179e-03 2.122e-03 5.902e-03 -1.000 1.527e-02 -10.380 -7.428 -7.577 -7.158
0.0152 0.01508 6.35000 84.9897232056 2.6334381819   71.598  6.091  4.5054  3.176    0  0.000  0.395     0.00     0.00     0.00     0.00     0.00 -1 -5.86e-06      0.00 7.018e-01 2.830e-01 1.870e-03 2.878e-03 5.454e-03 -1.000 1.527e-02 -10.457 -7.656 -7.797 -7.404
0.0152 0.01508 6.35000 88.0310211182 2.6334605075   73.615  6.118  4.4883  3.092    0  0.000  0.341     0.00     0.00     0.00     0.00     0.00 -1 -5.69e-06      0.00 6.993e-01 2.855e-01 1.552e-03 3.622e-03 5.032e-03 -1.000 1.525e-02 -10.525 -7.842 -7.977 -7.608
0.0152 0.01508 6.35000 90.0000000000 2.6334740396   74.929  6.135  4.4771  3.038    0  0.000  0.303     0.00     0.00     0.00     0.00     0.00 -1 -5.53e-06      0.00 6.975e-01 2.872e-01 1.322e-03 4.155e-03 4.732e-03 -1.000 1.526e-02 -10.567 -7.954 -8.084 -7.729
0.0152 0.01508 6.35000 90.8073959351 2.6334793939   75.442  6.142  4.4749  3.026    0  0.000  0.258     0.00     0.00     0.00     0.00     0.00 -1 -5.57e-06      0.00 6.941e-01 2.906e-01 1.100e-03 4.769e-03 4.331e-03 -1.000 1.525e-02 -10.584 -7.985 -8.114 -7.763
0.0152 0.01508 6.35000 94.0718307495 2.6334999687   77.507  6.167  4.4655  2.974    0  0.000  0.094     0.00     0.00     0.00     0.00     0.00 -1 -5.67e-06      0.00 6.807e-01 3.042e-01 2.858e-04 7.085e-03 2.782e-03 -1.000 1.518e-02 -10.649 -8.104 -8.235 -7.876
0.0152 0.01508 6.35000 95.0000000000 2.6335055226   78.092  6.175  4.4627  2.959    0  0.000  0.050     0.00     0.00     0.00     0.00     0.00 -1 -5.69e-06      0.00 6.770e-01 3.079e-01 7.708e-05 7.695e-03 2.366e-03 -1.000 1.514e-02 -10.666 -8.136 -8.268 -7.905
0.0152 0.01508 6.35000 95.1479492188 2.6335063963   78.181  6.176  4.4625  2.957    0  0.000  0.052     0.00     0.00     0.00     0.00     0.00 -1 -5.71e-06      0.00 6.762e-01 3.086e-01 7.740e-05 7.727e-03 2.329e-03 -1.000 1.514e-02 -10.669 -8.140 -8.272 -7.909
0.0152 0.01508 6.35000 98.5872192383 2.6335258615   80.223  6.201  4.4578  2.924    0  0.000  0.092     0.00     0.00     0.00     0.00     0.00 -1 -5.99e-06      0.00 6.586e-01 3.264e-01 8.470e-05 8.446e-03 1.497e-03 -1.000 1.506e-02 -10.733 -8.228 -8.362 -7.993
0.0152 0.01508 6.35000 100.0000000000 2.6335334127   81.055  6.211  4.4553  2.909    0  0.000  0.108     0.00     0.00     0.00     0.00     0.00 -1 -6.08e-06      0.00 6.515e-01 3.334e-01 8.756e-05 8.728e-03 1.172e-03 -1.000 1.503e-02 -10.758 -8.267 -8.401 -8.029
0.0152 0.01508 6.35000 103.1435470581 2.6335493643   82.707  6.232  4.4567  2.903    0  0.000  0.197     0.00     0.00     0.00     0.00     0.00 -1 -6.51e-06      0.00 6.347e-01 3.502e-01 8.956e-05 8.878e-03 9.995e-04 -1.000 1.502e-02 -10.810 -8.268 -8.414 -8.011
0.0152 0.01508 6.35000 107.4049072266 2.6335692830   84.823  6.259  4.4616  2.906    0  0.000  0.331     0.00     0.00     0.00     0.00     0.00 -1 -7.43e-06      0.00 6.093e-01 3.757e-01 9.261e-05 9.114e-03 7.280e-04 -1.000 1.501e-02 -10.877 -8.308 -8.454 -8.049
0.0152 0.01508 6.35000 112.1465072632 2.6335894132   86.814  6.287  4.4727  2.932    0  0.000  0.507     0.00     0.00     0.00     0.00     0.00 -1 -1.01e-05      0.00 5.754e-01 4.096e-01 9.627e-05 9.394e-03 4.041e-04 -1.000 1.498e-02 -10.947 -8.315 -8.462 -8.053
0.0152 0.01508 6.35000 116.5101089478 2.6336062834   88.688  6.312  4.4790  2.942    0  0.000  0.654     0.00     0.00     0.00     0.00     0.00 -1 -1.23e-05      0.00 5.490e-01 4.360e-01 9.843e-05 9.533e-03 2.447e-04 -1.000 1.496e-02 -11.009 -8.341 -8.489 -8.077
0.0152 0.01508 6.35000 120.0000000000 2.6336187652   90.444  6.332  4.4808  2.938    0  0.000  0.748     0.00     0.00     0.00     0.00     0.00 -1 -1.18e-05      0.00 5.320e-01 4.531e-01 9.961e-05 9.591e-03 1.775e-04 -1.000 1.494e-02 -11.059 -8.380 -8.529 -8.116
0.0152 0.01508 6.35000 120.0486831665 2.6336187652   90.462  6.332  4.4810  2.939    0  0.000  0.749     0.00     0.00     0.00     0.00     0.00 -1 -1.18e-05      0.00 5.317e-01 4.534e-01 9.962e-05 9.591e-03 1.773e-04 -1.000 1.494e-02 -11.060 -8.379 -8.528 -8.115
0.0152 0.01508 6.35000 124.2667922974 2.6336187652   91.809  6.352  4.4951  2.982    0  0.000  0.813     0.00     0.00     0.00     0.00     0.00 -1 -1.38e-05      0.00 5.041e-01 4.810e-01 1.007e-04 9.600e-03 1.681e-04 -1.000 1.493e-02 -11.110 -8.349 -8.500 -8.081
0.0152 0.01508 6.35000 128.9720001221 2.6336187652   93.028  6.373  4.5158  3.049    0  0.000  0.894     0.00     0.00     0.00     0.00     0.00 -1 -1.78e-05      0.00 4.704e-01 5.147e-01 1.020e-04 9.610e-03 1.558e-04 -1.000 1.493e-02 -11.163 -8.270 -8.422 -7.995
0.0152 0.01508 6.35000 139.4649658203 2.6336187652   94.428  6.414  4.5761  3.256    0  0.000  1.060     0.00     0.00     0.00     0.00     0.00 -1 -3.63e-05      0.00 3.865e-01 5.986e-01 1.052e-04 9.632e-03 1.338e-04  6.022 1.492e-02 -11.264 -7.959 -8.115 -7.679
0.0152 0.01508 6.35000 146.8171386719 2.6336187652   93.861  6.433  4.6269  3.437    0  0.000  1.153     0.00     0.00     0.00     0.00     0.00 -1 -6.58e-05      0.00 3.201e-01 6.649e-01 1.081e-04 9.639e-03 1.252e-04  6.567 1.495e-02 -11.313 -7.694 -7.842 -7.438
0.0152 0.01508 6.35000 150.0000000000 2.6336187652   93.363  6.440  4.6499  3.520    0  0.000  1.189     0.00     0.00     0.00     0.00     0.00 -1    -7e-05      0.00 2.907e-01 6.943e-01 1.094e-04 9.642e-03 1.223e-04  6.703 1.495e-02 -11.330 -7.566 -7.712 -7.314
0.0152 0.01508 6.35000 166.9222106934 2.6336187652   82.068  6.395  4.7017  3.716    0  0.000  1.279     0.00     0.00     0.00     0.00     0.00 -1 -9.87e-05      0.00 2.037e-01 7.813e-01 1.130e-04 9.647e-03 1.179e-04  7.003 1.497e-02 -11.217 -7.227 -7.360 -7.015
0.0152 0.01508 6.35000 200.0000000000 2.6336187652   62.133  6.275  4.7688  3.984    0  0.000  1.396     0.00     0.00     0.00     0.00     0.00 -1 -0.000143      0.00 9.223e-02 8.928e-01 1.175e-04 9.654e-03 1.126e-04  7.475 1.495e-02 -10.917 -6.901 -7.004 -6.761
0.0152 0.01508 6.35000 209.8584594727 2.6336187652   58.795  6.248  4.7695  3.989    0  0.000  1.402     0.00     0.00     0.00     0.00     0.00 -1 -0.000134      0.00 8.541e-02 8.996e-01 1.178e-04 9.654e-03 1.123e-04  7.514 1.495e-02 -10.850 -6.825 -6.929 -6.684
0.0152 0.01508 6.35000 225.0138549805 2.6336187652   54.452  6.211  4.7711  3.999    0  0.000  1.414     0.00     0.00     0.00     0.00     0.00 -1 -0.000122      0.00 7.570e-02 9.093e-01 1.183e-04 9.654e-03 1.120e-04  7.578 1.496e-02 -10.758 -6.718 -6.822 -6.577
0.0152 0.01508 6.35000 227.0430755615 2.6336187652   53.927  6.206  4.7713  4.001    0  0.000  1.416     0.00     0.00     0.00     0.00     0.00 -1 -0.000121      0.00 7.447e-02 9.106e-01 1.184e-04 9.654e-03 1.119e-04  7.587 1.496e-02 -10.746 -6.703 -6.807 -6.562
0.0152 0.01508 6.35000 230.0027770996 2.6336187652   53.181  6.200  4.7717  4.003    0  0.000  1.418     0.00     0.00     0.00     0.00     0.00 -1 -0.000118      0.00 7.270e-02 9.123e-01 1.185e-04 9.654e-03 1.118e-04  7.599 1.495e-02 -10.729 -6.683 -6.787 -6.541
0.0152 0.01508 6.35000 232.8702239990 2.6336187652   52.478  6.193  4.7720  4.005    0  0.000  1.420     0.00     0.00     0.00     0.00     0.00 -1 -0.000116      0.00 7.101e-02 9.140e-01 1.187e-04 9.654e-03 1.118e-04  7.612 1.495e-02 -10.713 -6.663 -6.767 -6.522
0.0152 0.01508 6.35000 235.6526031494 2.6336187652   51.816  6.187  4.7723  4.007    0  0.000  1.423     0.00     0.00     0.00     0.00     0.00 -1 -0.000114      0.00 6.940e-02 9.156e-01 1.188e-04 9.654e-03 1.117e-04  7.624 1.495e-02 -10.698 -6.644 -6.748 -6.503
0.0152 0.01508 6.35000 238.7929687500 2.6336187652   51.092  6.180  4.7727  4.009    0  0.000  1.425     0.00     0.00     0.00     0.00     0.00 -1 -0.000112      0.00 6.761e-02 9.174e-01 1.189e-04 9.654e-03 1.116e-04  7.637 1.495e-02 -10.681 -6.623 -6.728 -6.482
0.0152 0.01508 6.35000 241.4031982422 2.6336187652   50.514  6.175  4.7731  4.011    0  0.000  1.428     0.00     0.00     0.00     0.00     0.00 -1 -0.000111      0.00 6.614e-02 9.189e-01 1.190e-04 9.654e-03 1.115e-04  7.649 1.495e-02 -10.667 -6.608 -6.712 -6.466
0.0152 0.01508 6.35000 243.5176391602 2.6336187652   50.057  6.170  4.7734  4.012    0  0.000  1.430     0.00     0.00     0.00     0.00     0.00 -1  -0.00011      0.00 6.496e-02 9.201e-01 1.191e-04 9.654e-03 1.114e-04  7.659 1.496e-02 -10.656 -6.595 -6.699 -6.454
0.0152 0.01508 6.35000 246.3960418701 2.6336187652   49.450  6.165  4.7738  4.015    0  0.000  1.433     0.00     0.00     0.00     0.00     0.00 -1 -0.000108      0.00 6.338e-02 9.217e-01 1.193e-04 9.654e-03 1.114e-04  7.672 1.496e-02 -10.642 -6.578 -6.682 -6.437
0.0152 0.01508 6.35000 249.1925048828 2.6336187652   48.876  6.159  4.7742  4.017    0  0.000  1.436     0.00     0.00     0.00     0.00     0.00 -1 -0.000107      0.00 6.186e-02 9.232e-01 1.194e-04 9.654e-03 1.113e-04  7.685 1.497e-02 -10.627 -6.562 -6.666 -6.421
0.0152 0.01508 6.35000 250.0000000000 2.6336187652   48.713  6.157  4.7743  4.018    0  0.000  1.436     0.00     0.00     0.00     0.00     0.00 -1 -0.000107      0.00 6.142e-02 9.236e-01 1.194e-04 9.654e-03 1.112e-04  7.689 1.497e-02 -10.623 -6.558 -6.662 -6.417
0.0152 0.01508 6.35000 258.3118591309 2.6336187652   47.429  6.145  4.7756  4.023    0  0.000  1.445     0.00     0.00     0.00     0.00     0.00 -1 -0.000104      0.00 5.740e-02 9.276e-01 1.198e-04 9.654e-03 1.110e-04  7.726 1.499e-02 -10.592 -6.522 -6.626 -6.382
0.0152 0.01508 6.35000 282.4363403320 2.6336187652   44.157  6.112  4.7801  4.044    0  0.000  1.475     0.00     0.00     0.00     0.00     0.00 -1 -9.63e-05      0.00 4.665e-02 9.384e-01 1.212e-04 9.654e-03 1.101e-04  7.839 1.498e-02 -10.510 -6.419 -6.522 -6.280
0.0152 0.01508 6.35000 300.0000000000 2.6336187652   42.114  6.090  4.7844  4.062    0  0.000  1.500     0.00     0.00     0.00     0.00     0.00 -1 -9.14e-05      0.00 3.950e-02 9.455e-01 1.224e-04 9.651e-03 1.094e-04  7.931 1.500e-02 -10.455 -6.344 -6.446 -6.206
0.0152 0.01508 6.35000 307.5550537109 2.6336187652   41.401  6.082  4.7860  4.069    0  0.000  1.509     0.00     0.00     0.00     0.00     0.00 -1 -8.98e-05      0.00 3.689e-02 9.481e-01 1.229e-04 9.651e-03 1.091e-04  7.967 1.500e-02 -10.436 -6.317 -6.420 -6.180
0.0152 0.01508 6.35000 336.0090332031 2.6336187652   38.993  6.055  4.7952  4.106    0  0.000  1.553     0.00     0.00     0.00     0.00     0.00 -1 -8.43e-05      0.00 2.785e-02 9.572e-01 1.250e-04 9.648e-03 1.079e-04  8.120 1.495e-02 -10.369 -6.211 -6.312 -6.078
# Zini     MH   logAge Mini        int_IMF         Mass   logL    logTe  logg  label   McoreTP C_O  period0  period1  period2  period3  period4  pmode  Mloss  tau1m   X   Y   Xc  Xn  Xo  Cexcess  Z 	 mbolmag  Gmag    G_BPmag  G_RPmag
0.0152 0.01508 6.40000 0.0900000036 1.0816895926    0.090 -1.423  3.4340  3.503    0  0.000  0.545     0.00     0.00     0.00     0.00     0.00 -1 -2.83e-14      0.00 7.092e-01 2.755e-01 2.746e-03 7.408e-04 6.719e-03 -1.000 1.527e-02 8.327 10.137 12.380 8.744
0.0152 0.01508 6.40000 0.0948116332 1.1262438860    0.095 -1.395  3.4364  3.507    0  0.000  0.545     0.00     0.00     0.00     0.00     0.00 -1 -2.93e-14      0.00 7.092e-01 2.755e-01 2.746e-03 7.408e-04 6.719e-03 -1.000 1.527e-02 8.258 10.039 12.255 8.652
0.0152 0.01508 6.40000 0.1004931778 1.1752129208    0.100 -1.355  3.4398  3.506    0  0.000  0.545     0.00     0.00     0.00     0.00     0.00 -1 -3.12e-14      0.00 7.092e-01 2.755e-01 2.746e-03 7.408e-04 6.719e-03 -1.000 1.527e-02 8.158 9.900 12.074 8.521
0.0152 0.01508 6.40000 0.1062788367 1.2215130045    0.106 -1.354  3.4402  3.531    0  0.000  0.545     0.00     0.00     0.00     0.00     0.00 -1 -2.96e-14      0.00 7.092e-01 2.755e-01 2.746e-03 7.408e-04 6.719e-03 -1.000 1.527e-02 8.154 9.890 12.061 8.512
0.0152 0.01508 6.40000 0.1118017733 1.2627517517    0.112 -1.343  3.4413  3.546    0  0.000  0.545     0.00     0.00     0.00     0.00     0.00 -1 -2.91e-14      0.00 7.092e-01 2.755e-01 2.746e-03 7.408e-04 6.719e-03 -1.000 1.527e-02 8.127 9.849 12.009 8.474
0.0152 0.01508 6.40000 0.1170486584 1.2995474304    0.117 -1.314  3.4438  3.548    0  0.000  0.545     0.00     0.00     0.00     0.00     0.00 -1 -3.03e-14      0.00 7.092e-01 2.755e-01 2.746e-03 7.408e-04 6.719e-03 -1.000 1.527e-02 8.055 9.749 11.881 8.381
0.0152 0.01508 6.40000 0.1204402000 1.3222097207    0.120 -1.290  3.4460  3.544    0  0.000  0.545     0.00     0.00     0.00     0.00     0.00 -1 -3.17e-14      0.00 7.092e-01 2.755e-01 2.746e-03 7.408e-04 6.719e-03 -1.000 1.527e-02 7.995 9.665 11.772 8.302
0.0152 0.01508 6.40000 0.1262742281 1.3593149725    0.126 -1.270  3.4480  3.553    0  0.000  0.545     0.00     0.00     0.00     0.00     0.00 -1 -3.21e-14      0.00 7.092e-01 2.755e-01 2.746e-03 7.408e-04 6.719e-03 -1.000 1.527e-02 7.945 9.592 11.677 8.235
0.0152 0.01508 6.40000 0.1319234073 1.3931798701    0.132 -1.264  3.4488  3.570    0  0.000  0.545     0.00     0.00     0.00     0.00     0.00 -1 -3.12e-14      0.00 7.092e-01 2.755e-01 2.746e-03 7.408e-04 6.719e-03 -1.000 1.527e-02 7.931 9.568 11.645 8.213
0.0152 0.01508 6.40000 0.1373837143 1.4241670880    0.137 -1.257  3.4498  3.583    0  0.000  0.545     0.00     0.00     0.00     0.00     0.00 -1 -3.06e-14      0.00 7.092e-01 2.755e-01 2.746e-03 7.408e-04 6.719e-03 -1.000 1.527e-02 7.912 9.536 11.603 8.184
0.0152 0.01508 6.40000 0.1430675536 1.4547666211    0.143 -1.235  3.4521  3.589    0  0.000  0.545     0.00     0.00     0.00     0.00     0.00 -1 -3.14e-14      0.00 7.092e-01 2.755e-01 2.746e-03 7.408e-04 6.719e-03 -1.000 1.527e-02 7.858 9.457 11.498 8.110
0.0152 0.01508 6.40000 0.1492714435 1.4864117970    0.149 -1.213  3.4543  3.594    0  0.000  0.545     0.00     0.00     0.00     0.00     0.00 -1 -3.21e-14      0.00 7.092e-01 2.755e-01 2.746e-03 7.408e-04 6.719e-03 -1.000 1.527e-02 7.804 9.378 11.395 8.038
0.0152 0.01508 6.40000 0.1554284543 1.5161711185    0.155 -1.204  3.4555  3.607    0  0.000  0.545     0.00     0.00     0.00     0.00     0.00 -1 -3.16e-14      0.00 7.092e-01 2.755e-01 2.746e-03 7.408e-04 6.719e-03 -1.000 1.527e-02 7.780 9.342 11.346 8.004
0.0152 0.01508 6.40000 0.1642481834 1.5562296107    0.164 -1.181  3.4583  3.620    0  0.000  0.545     0.00     0.00     0.00     0.00     0.00 -1  -3.2e-14      0.00 7.092e-01 2.755e-01 2.746e-03 7.408e-04 6.719e-03 -1.000 1.527e-02 7.723 9.253 11.226 7.923
0.0152 0.01508 6.40000 0.1733449250 1.5947180355    0.173 -1.145  3.4621  3.623    0  0.000  0.545     0.00     0.00     0.00     0.00     0.00 -1 -3.37e-14      0.00 7.092e-01 2.755e-01 2.746e-03 7.408e-04 6.719e-03 -1.000 1.527e-02 7.634 9.125 11.059 7.805
0.0152 0.01508 6.40000 0.1824362874 1.6306458781    0.182 -1.120  3.4648  3.630    0  0.000  0.545     0.00     0.00     0.00     0.00     0.00 -1 -3.45e-14      0.00 7.092e-01 2.755e-01 2.746e-03 7.408e-04 6.719e-03 -1.000 1.527e-02 7.570 9.036 10.945 7.722
0.0152 0.01508 6.40000 0.1915154308 1.6642746508    0.191 -1.106  3.4665  3.645    0  0.000  0.545     0.00     0.00     0.00     0.00     0.00 -1 -3.42e-14      0.00 7.092e-01 2.755e-01 2.746e-03 7.408e-04 6.719e-03 -1.000 1.527e-02 7.536 8.984 10.877 7.675
0.0152 0.01508 6.40000 0.2061796337 1.7144322063    0.206 -1.082  3.4701  3.667    0  0.000  0.545     0.00     0.00     0.00     0.00     0.00 -1  -3.4e-14      0.00 7.092e-01 2.755e-01 2.746e-03 7.408e-04 6.719e-03 -1.000 1.527e-02 7.475 8.888 10.747 7.587
0.0152 0.01508 6.40000 0.2198920995 1.7573078856    0.220 -1.043  3.4748  3.674    0  0.000  0.545     0.00     0.00     0.00     0.00     0.00 -1 -3.57e-14      0.00 7.092e-01 2.755e-01 2.746e-03 7.408e-04 6.719e-03 -1.000 1.527e-02 7.377 8.750 10.567 7.461
0.0152 0.01508 6.40000 0.2337989360 1.7973799995    0.234 -1.012  3.4786  3.685    0  0.000  0.545     0.00     0.00     0.00     0.00     0.00 -1 -3.68e-14      0.00 7.092e-01 2.755e-01 2.746e-03 7.408e-04 6.719e-03 -1.000 1.527e-02 7.299 8.638 10.421 7.358
0.0152 0.01508 6.40000 0.2477415353 1.8345593112    0.248 -0.990  3.4817  3.701    0  0.000  0.545     0.00     0.00     0.00     0.00     0.00 -1 -3.69e-14      0.00 7.092e-01 2.755e-01 2.746e-03 7.408e-04 6.719e-03 -1.000 1.527e-02 7.244 8.556 10.309 7.284
0.0152 0.01508 6.40000 0.2556895316 1.8545573917    0.256 -0.974  3.4839  3.707    0  0.000  0.545     0.00     0.00     0.00     0.00     0.00 -1 -3.74e-14      0.00 7.092e-01 2.755e-01 2.746e-03 7.408e-04 6.719e-03 -1.000 1.527e-02 7.205 8.497 10.230 7.231
0.0152 0.01508 6.40000 0.2758623064 1.9018798137    0.276 -0.928  3.4901  3.719    0  0.000  0.545     0.00     0.00     0.00     0.00     0.00 -1 -3.95e-14      0.00 7.092e-01 2.755e-01 2.746e-03 7.408e-04 6.719e-03 -1.000 1.527e-02 7.090 8.331 10.007 7.081
0.0152 0.01508 6.40000 0.2969712317 1.9468083168    0.297 -0.889  3.4954  3.733    0  0.000  0.545     0.00     0.00     0.00     0.00     0.00 -1  -4.1e-14      0.00 7.092e-01 2.755e-01 2.746e-03 7.408e-04 6.719e-03 -1.000 1.527e-02 6.992 8.195 9.832 6.958
0.0152 0.01508 6.40000 0.3045153916 1.9618691810    0.304 -0.876  3.4973  3.738    0  0.000  0.545     0.00     0.00     0.00     0.00     0.00 -1 -4.14e-14      0.00 7.092e-01 2.755e-01 2.746e-03 7.408e-04 6.719e-03 -1.000 1.527e-02 6.959 8.149 9.772 6.915
0.0152 0.01508 6.40000 0.3354998231 2.0189910819    0.336 -0.818  3.5052  3.755    0  0.000  0.545     0.00     0.00     0.00     0.00     0.00 -1 -4.42e-14      0.00 7.092e-01 2.755e-01 2.746e-03 7.408e-04 6.719e-03 -1.000 1.527e-02 6.815 7.949 9.514 6.734
0.0152 0.01508 6.40000 0.3500000238 2.0434175133    0.350 -0.794  3.5086  3.762    0  0.000  0.545     0.00     0.00     0.00     0.00     0.00 -1 -4.54e-14      0.00 7.092e-01 2.755e-01 2.746e-03 7.408e-04 6.719e-03 -1.000 1.527e-02 6.754 7.865 9.405 6.658
0.0152 0.01508 6.40000 0.3696297705 2.0744654417    0.370 -0.760  3.5137  3.772    0  0.000  0.545     0.00     0.00     0.00     0.00     0.00 -1 -4.73e-14      0.00 7.092e-01 2.755e-01 2.746e-03 7.408e-04 6.719e-03 -1.000 1.527e-02 6.669 7.744 9.246 6.549
0.0152 0.01508 6.40000 0.4000000358 2.1185024810    0.400 -0.710  3.5210  3.786    0  0.000  0.545     0.00     0.00     0.00     0.00     0.00 -1 -5.02e-14      0.00 7.092e-01 2.755e-01 2.746e-03 7.408e-04 6.719e-03 -1.000 1.527e-02 6.544 7.567 9.013 6.392
0.0152 0.01508 6.40000 0.4238226414 2.1501096181    0.424 -0.672  3.5270  3.796    0  0.000  0.545     0.00     0.00     0.00     0.00     0.00 -1 -5.25e-14      0.00 7.092e-01 2.755e-01 2.746e-03 7.408e-04 6.719e-03 -1.000 1.527e-02 6.449 7.430 8.829 6.271
0.0152 0.01508 6.40000 0.4500000477 2.1822809714    0.450 -0.632  3.5332  3.807    0  0.000  0.545     0.00     0.00     0.00     0.00     0.00 -1 -5.52e-14      0.00 7.092e-01 2.755e-01 2.746e-03 7.408e-04 6.719e-03 -1.000 1.527e-02 6.349 7.287 8.639 6.146
0.0152 0.01508 6.40000 0.4761012495 2.2120233132    0.476 -0.593  3.5395  3.819    0  0.000  0.545     0.00     0.00     0.00     0.00     0.00 -1 -5.79e-14      0.00 7.092e-01 2.755e-01 2.746e-03 7.408e-04 6.719e-03 -1.000 1.527e-02 6.253 7.147 8.451 6.024
0.0152 0.01508 6.40000 0.5000000000 2.2374541529    0.500 -0.558  3.5453  3.828    0  0.000  0.545     0.00     0.00     0.00     0.00     0.00 -1 -6.05e-14      0.00 7.092e-01 2.755e-01 2.746e-03 7.408e-04 6.719e-03 -1.000 1.527e-02 6.166 7.019 8.279 5.914
0.0152 0.01508 6.40000 0.5130465627 2.2505109994    0.513 -0.538  3.5488  3.834    0  0.000  0.545     0.00     0.00     0.00     0.00     0.00 -1 -6.22e-14      0.00 7.092e-01 2.755e-01 2.746e-03 7.408e-04 6.719e-03 -1.000 1.527e-02 6.116 6.945 8.178 5.850
0.0152 0.01508 6.40000 0.5330059528 2.2690707869    0.533 -0.509  3.5539  3.841    0  0.000  0.545     0.00     0.00     0.00     0.00     0.00 -1 -6.47e-14      0.00 7.092e-01 2.755e-01 2.746e-03 7.408e-04 6.719e-03 -1.000 1.527e-02 6.043 6.835 8.029 5.757
0.0152 0.01508 6.40000 0.5500000119 2.2836582633    0.550 -0.487  3.5577  3.848    0  0.000  0.545     0.00     0.00     0.00     0.00     0.00 -1 -6.65e-14      0.00 7.092e-01 2.755e-01 2.746e-03 7.408e-04 6.719e-03 -1.000 1.527e-02 5.987 6.751 7.916 5.686
0.0152 0.01508 6.40000 0.5636429787 2.2946400805    0.563 -0.468  3.5611  3.853    0  0.000  0.545     0.00     0.00     0.00     0.00     0.00 -1 -6.83e-14      0.00 7.092e-01 2.755e-01 2.746e-03 7.408e-04 6.719e-03 -1.000 1.527e-02 5.939 6.678 7.817 5.624
0.0152 0.01508 6.40000 0.5875515342 2.3124781161    0.587 -0.434  3.5671  3.861    0  0.000  0.545     0.00     0.00     0.00     0.00     0.00 -1 -7.16e-14      0.00 7.092e-01 2.755e-01 2.746e-03 7.408e-04 6.719e-03 -1.000 1.527e-02 5.855 6.551 7.646 5.517
0.0152 0.01508 6.40000 0.6000000238 2.3211213258    0.600 -0.418  3.5700  3.866    0  0.000  0.545     0.00     0.00     0.00     0.00     0.00 -1 -7.31e-14      0.00 7.092e-01 2.755e-01 2.746e-03 7.408e-04 6.719e-03 -1.000 1.527e-02 5.814 6.489 7.562 5.465
0.0152 0.01508 6.40000 0.6060379148 2.3251667820    0.606 -0.410  3.5714  3.868    0  0.000  0.545     0.00     0.00     0.00     0.00     0.00 -1 -7.38e-14      0.00 7.092e-01 2.755e-01 2.746e-03 7.408e-04 6.719e-03 -1.000 1.527e-02 5.795 6.459 7.521 5.440
0.0152 0.01508 6.40000 0.6304233074 2.3406025071    0.630 -0.378  3.5772  3.877    0  0.000  0.545     0.00     0.00     0.00     0.00     0.00 -1 -7.72e-14      0.00 7.092e-01 2.755e-01 2.746e-03 7.408e-04 6.719e-03 -1.000 1.527e-02 5.716 6.334 7.354 5.337
0.0152 0.01508 6.40000 0.6499999762 2.3520353107    0.650 -0.354  3.5817  3.883    0  0.000  0.545     0.00     0.00     0.00     0.00     0.00 -1 -7.99e-14      0.00 7.092e-01 2.755e-01 2.746e-03 7.408e-04 6.719e-03 -1.000 1.527e-02 5.654 6.240 7.228 5.259
0.0152 0.01508 6.40000 0.6564609408 2.3556368466    0.656 -0.346  3.5831  3.885    0  0.000  0.545     0.00     0.00     0.00     0.00     0.00 -1 -8.07e-14      0.00 7.092e-01 2.755e-01 2.746e-03 7.408e-04 6.719e-03 -1.000 1.527e-02 5.635 6.211 7.190 5.234
0.0152 0.01508 6.40000 0.6827351451 2.3694788259    0.683 -0.312  3.5890  3.892    0  0.000  0.545     0.00     0.00     0.00     0.00     0.00 -1 -8.49e-14      0.00 7.092e-01 2.755e-01 2.746e-03 7.408e-04 6.719e-03 -1.000 1.527e-02 5.550 6.085 7.027 5.129
0.0152 0.01508 6.40000 0.7000000477 2.3779267258    0.700 -0.291  3.5929  3.898    0  0.000  0.545     0.00     0.00     0.00     0.00     0.00 -1 -8.75e-14      0.00 7.092e-01 2.755e-01 2.746e-03 7.408e-04 6.719e-03 -1.000 1.527e-02 5.497 6.005 6.923 5.063
0.0152 0.01508 6.40000 0.7500000000 2.3998889087    0.750 -0.176  3.6265  3.947    0  0.000  0.538     0.00     0.00     0.00     0.00     0.00 -1 -1.04e-13      0.00 7.092e-01 2.755e-01 2.710e-03 7.399e-04 6.720e-03 -1.000 1.527e-02 5.209 5.501 6.236 4.667
0.0152 0.01508 6.40000 0.7742582560 2.4093766486    0.774 -0.154  3.6294  3.950    0  0.000  0.538     0.00     0.00     0.00     0.00     0.00 -1 -1.07e-13      0.00 7.092e-01 2.755e-01 2.710e-03 7.399e-04 6.720e-03 -1.000 1.527e-02 5.155 5.430 6.151 4.605
0.0152 0.01508 6.40000 0.8000000119 2.4187244405    0.800 -0.130  3.6324  3.953    0  0.000  0.538     0.00     0.00     0.00     0.00     0.00 -1 -1.11e-13      0.00 7.092e-01 2.755e-01 2.710e-03 7.399e-04 6.720e-03 -1.000 1.527e-02 5.096 5.355 6.063 4.539
0.0152 0.01508 6.40000 0.8272500038 2.4278945457    0.827 -0.108  3.6354  3.957    0  0.000  0.538     0.00     0.00     0.00     0.00     0.00 -1 -1.15e-13      0.00 7.092e-01 2.755e-01 2.710e-03 7.399e-04 6.720e-03 -1.000 1.527e-02 5.040 5.282 5.977 4.475
0.0152 0.01508 6.40000 0.8500000238 2.4350346840    0.850 -0.088  3.6378  3.959    0  0.000  0.538     0.00     0.00     0.00     0.00     0.00 -1 -1.18e-13      0.00 7.092e-01 2.755e-01 2.710e-03 7.399e-04 6.720e-03 -1.000 1.527e-02 4.991 5.220 5.904 4.420
0.0152 0.01508 6.40000 0.8693175316 2.4407613274    0.869 -0.072  3.6399  3.961    0  0.000  0.538     0.00     0.00     0.00     0.00     0.00 -1 -1.21e-13      0.00 7.092e-01 2.755e-01 2.710e-03 7.399e-04 6.720e-03 -1.000 1.527e-02 4.951 5.169 5.844 4.375
0.0152 0.01508 6.40000 0.9000000358 2.4492786175    0.899 -0.047  3.6431  3.963    0  0.000  0.538     0.00     0.00     0.00     0.00     0.00 -1 -1.26e-13      0.00 7.092e-01 2.755e-01 2.710e-03 7.399e-04 6.720e-03 -1.000 1.527e-02 4.887 5.088 5.750 4.303
0.0152 0.01508 6.40000 0.9125185013 2.4525650625    0.912 -0.038  3.6443  3.965    0  0.000  0.538     0.00     0.00     0.00     0.00     0.00 -1 -1.27e-13      0.00 7.092e-01 2.755e-01 2.710e-03 7.399e-04 6.720e-03 -1.000 1.527e-02 4.864 5.059 5.715 4.278
0.0152 0.01508 6.40000 0.9500000477 2.4618122009    0.950 -0.009  3.6481  3.969    0  0.000  0.538     0.00     0.00     0.00     0.00     0.00 -1 -1.32e-13      0.00 7.092e-01 2.755e-01 2.710e-03 7.399e-04 6.720e-03 -1.000 1.527e-02 4.792 4.968 5.609 4.197
0.0152 0.01508 6.40000 0.9968915582 2.4722624262    0.997  0.027  3.6526  3.972    0  0.000  0.538     0.00     0.00     0.00     0.00     0.00 -1  -1.4e-13      0.00 7.092e-01 2.755e-01 2.710e-03 7.399e-04 6.720e-03 -1.000 1.527e-02 4.703 4.857 5.480 4.099
0.0152 0.01508 6.40000 1.0000000000 2.4729154477    1.000  0.029  3.6529  3.972    0  0.000  0.538     0.00     0.00     0.00     0.00     0.00 -1 -1.41e-13      0.00 7.092e-01 2.755e-01 2.710e-03 7.399e-04 6.720e-03 -1.000 1.527e-02 4.697 4.849 5.471 4.092
0.0152 0.01508 6.40000 1.0499999523 2.4828114860    1.050  0.066  3.6575  3.975    0  0.000  0.538     0.00     0.00     0.00     0.00     0.00 -1 -1.38e-13      0.00 7.092e-01 2.755e-01 2.710e-03 7.399e-04 6.720e-03 -1.000 1.527e-02 4.604 4.735 5.339 3.991
0.0152 0.01508 6.40000 1.0738204718 2.4871550691    1.073  0.083  3.6596  3.976    0  0.000  0.538     0.00     0.00     0.00     0.00     0.00 -1 -1.37e-13      0.00 7.092e-01 2.755e-01 2.710e-03 7.399e-04 6.720e-03 -1.000 1.527e-02 4.561 4.683 5.279 3.945
0.0152 0.01508 6.40000 1.1000000238 2.4916801480    1.099  0.102  3.6620  3.977    0  0.000  0.538     0.00     0.00     0.00     0.00     0.00 -1 -1.35e-13      0.00 7.092e-01 2.755e-01 2.710e-03 7.399e-04 6.720e-03 -1.000 1.527e-02 4.514 4.625 5.213 3.894
0.0152 0.01508 6.40000 1.1154446602 2.4942354545    1.115  0.113  3.6633  3.978    0  0.000  0.538     0.00     0.00     0.00     0.00     0.00 -1 -1.34e-13      0.00 7.092e-01 2.755e-01 2.710e-03 7.399e-04 6.720e-03 -1.000 1.527e-02 4.489 4.595 5.178 3.867
0.0152 0.01508 6.40000 1.1499999762 2.4996678137    1.149  0.136  3.6662  3.980    0  0.000  0.538     0.00     0.00     0.00     0.00     0.00 -1  -1.3e-13      0.00 7.092e-01 2.755e-01 2.710e-03 7.399e-04 6.720e-03 -1.000 1.527e-02 4.431 4.526 5.099 3.805
0.0152 0.01508 6.40000 1.2000000477 2.5068948796    1.200  0.169  3.6703  3.981    0  0.000  0.538     0.00     0.00     0.00     0.00     0.00 -1 -1.25e-13      0.00 7.092e-01 2.755e-01 2.710e-03 7.399e-04 6.720e-03 -1.000 1.527e-02 4.347 4.426 4.985 3.716
0.0152 0.01508 6.40000 1.2500000000 2.5134610955    1.250  0.200  3.6742  3.983    0  0.000  0.538     0.00     0.00     0.00     0.00     0.00 -1 -1.18e-13      0.00 7.092e-01 2.755e-01 2.710e-03 7.399e-04 6.720e-03 -1.000 1.527e-02 4.269 4.333 4.880 3.634
0.0152 0.01508 6.40000 1.2510181665 2.5135885482    1.251  0.201  3.6743  3.983    0  0.000  0.538     0.00     0.00     0.00     0.00     0.00 -1 -1.18e-13      0.00 7.092e-01 2.755e-01 2.710e-03 7.399e-04 6.720e-03 -1.000 1.527e-02 4.268 4.332 4.878 3.632
0.0152 0.01508 6.40000 1.2999999523 2.5194498592    1.300  0.235  3.6781  3.981    0  0.000  0.538     0.00     0.00     0.00     0.00     0.00 -1 -1.12e-13      0.00 7.092e-01 2.755e-01 2.710e-03 7.399e-04 6.720e-03 -1.000 1.527e-02 4.183 4.233 4.766 3.543
0.0152 0.01508 6.40000 1.3324462175 2.5230607974    1.333  0.253  3.6804  3.983    0  0.000  0.538     0.00     0.00     0.00     0.00     0.00 -1 -1.05e-13      0.00 7.092e-01 2.755e-01 2.710e-03 7.399e-04 6.720e-03 -1.000 1.527e-02 4.137 4.179 4.705 3.495
0.0152 0.01508 6.40000 1.3500001431 2.5249313723    1.350  0.265  3.6818  3.983    0  0.000  0.538     0.00     0.00     0.00     0.00     0.00 -1 -1.03e-13      0.00 7.092e-01 2.755e-01 2.710e-03 7.399e-04 6.720e-03 -1.000 1.527e-02 4.108 4.146 4.668 3.466
0.0152 0.01508 6.40000 1.4000000954 2.5299650415    1.400  0.297  3.6854  3.981    0  0.000  0.538     0.00     0.00     0.00     0.00     0.00 -1 -9.35e-14      0.00 7.092e-01 2.755e-01 2.710e-03 7.399e-04 6.720e-03 -1.000 1.527e-02 4.027 4.052 4.564 3.381
0.0152 0.01508 6.40000 1.4500000477 2.5346015836    1.450  0.328  3.6890  3.979    0  0.000  0.538     0.00     0.00     0.00     0.00     0.00 -1 -8.22e-14      0.00 7.092e-01 2.755e-01 2.710e-03 7.399e-04 6.720e-03 -1.000 1.527e-02 3.950 3.965 4.466 3.302
0.0152 0.01508 6.40000 1.4872286320 2.5378219602    1.487  0.348  3.6915  3.980    0  0.000  0.538     0.00     0.00     0.00     0.00     0.00 -1 -7.19e-14      0.00 7.092e-01 2.755e-01 2.710e-03 7.399e-04 6.720e-03 -1.000 1.527e-02 3.900 3.906 4.400 3.250
0.0152 0.01508 6.40000 1.5000000000 2.5388844597    1.500  0.356  3.6924  3.979    0  0.000  0.538     0.00     0.00     0.00     0.00     0.00 -1 -6.91e-14      0.00 7.092e-01 2.755e-01 2.710e-03 7.399e-04 6.720e-03 -1.000 1.527e-02 3.879 3.883 4.374 3.229
0.0152 0.01508 6.40000 1.5499999523 2.5428511323    1.550  0.387  3.6958  3.976    0  0.000  0.538     0.00     0.00     0.00     0.00     0.00 -1  -5.5e-14      0.00 7.092e-01 2.755e-01 2.710e-03 7.399e-04 6.720e-03 -1.000 1.527e-02 3.801 3.796 4.278 3.151
0.0152 0.01508 6.40000 1.5705109835 2.5443945761    1.570  0.401  3.6972  3.974    0  0.000  0.538     0.00     0.00     0.00     0.00     0.00 -1 -4.77e-14      0.00 7.092e-01 2.755e-01 2.710e-03 7.399e-04 6.720e-03 -1.000 1.527e-02 3.768 3.759 4.236 3.117
0.0152 0.01508 6.40000 1.6000000238 2.5465340628    1.600  0.422  3.6994  3.969    0  0.000  0.538     0.00     0.00     0.00     0.00     0.00 -1 -3.94e-14      0.00 7.092e-01 2.755e-01 2.710e-03 7.399e-04 6.720e-03 -1.000 1.527e-02 3.715 3.699 4.171 3.063
0.0152 0.01508 6.40000 1.6500000954 2.5499614852    1.649  0.448  3.7025  3.969    0  0.000  0.538     0.00     0.00     0.00     0.00     0.00 -1 -2.06e-14      0.00 7.092e-01 2.755e-01 2.710e-03 7.399e-04 6.720e-03 -1.000 1.527e-02 3.650 3.626 4.090 2.997
0.0152 0.01508 6.40000 1.6798750162 2.5518977531    1.679  0.465  3.7045  3.968    0  0.000  0.538     0.00     0.00     0.00     0.00     0.00 -1 -3.17e-24      0.00 7.092e-01 2.755e-01 2.710e-03 7.399e-04 6.720e-03 -1.000 1.527e-02 3.608 3.580 4.039 2.955
0.0152 0.01508 6.40000 1.7000000477 2.5531580802    1.699  0.479  3.7059  3.965    0  0.000  0.538     0.00     0.00     0.00     0.00     0.00 -1    -1e-30      0.00 7.092e-01 2.755e-01 2.710e-03 7.399e-04 6.720e-03 -1.000 1.527e-02 3.572 3.540 3.995 2.919
0.0152 0.01508 6.40000 1.7500000000 2.5561455243    1.749  0.512  3.7093  3.958    0  0.000  0.538     0.00     0.00     0.00     0.00     0.00 -1    -1e-30      0.00 7.092e-01 2.755e-01 2.710e-03 7.399e-04 6.720e-03 -1.000 1.527e-02 3.490 3.450 3.897 2.837
0.0152 0.01508 6.40000 1.7999999523 2.5589429085    1.799  0.544  3.7127  3.952    0  0.000  0.538     0.00     0.00     0.00     0.00     0.00 -1    -1e-30      0.00 7.092e-01 2.755e-01 2.710e-03 7.399e-04 6.720e-03 -1.000 1.527e-02 3.410 3.362 3.800 2.756
0.0152 0.01508 6.40000 1.8337543011 2.5607325173    1.833  0.566  3.7150  3.947    0  0.000  0.538     0.00     0.00     0.00     0.00     0.00 -1    -1e-30      0.00 7.092e-01 2.755e-01 2.710e-03 7.399e-04 6.720e-03 -1.000 1.527e-02 3.355 3.303 3.736 2.702
0.0152 0.01508 6.40000 1.8500000238 2.5615671203    1.849  0.577  3.7161  3.944    0  0.000  0.538     0.00     0.00     0.00     0.00     0.00 -1    -1e-30      0.00 7.092e-01 2.755e-01 2.710e-03 7.399e-04 6.720e-03 -1.000 1.527e-02 3.328 3.273 3.704 2.675
0.0152 0.01508 6.40000 1.9000000954 2.5640331317    1.899  0.607  3.7193  3.939    0  0.000  0.538     0.00     0.00     0.00     0.00     0.00 -1    -1e-30      0.00 7.092e-01 2.755e-01 2.710e-03 7.399e-04 6.720e-03 -1.000 1.527e-02 3.253 3.192 3.615 2.600
0.0152 0.01508 6.40000 1.9500001669 2.5663542767    1.950  0.637  3.7226  3.933    0  0.000  0.538     0.00     0.00     0.00     0.00     0.00 -1    -1e-30      0.00 7.092e-01 2.755e-01 2.710e-03 7.399e-04 6.720e-03 -1.000 1.527e-02 3.178 3.110 3.525 2.525
0.0152 0.01508 6.40000 1.9568450451 2.5666614376    1.956  0.641  3.7230  3.932    0  0.000  0.538     0.00     0.00     0.00     0.00     0.00 -1    -1e-30      0.00 7.092e-01 2.755e-01 2.710e-03 7.399e-04 6.720e-03 -1.000 1.527e-02 3.167 3.098 3.513 2.515
0.0152 0.01508 6.40000 1.9839856625 2.5678554054    1.984  0.662  3.7250  3.925    0  0.000  0.538     0.00     0.00     0.00     0.00     0.00 -1    -1e-30      0.00 7.092e-01 2.755e-01 2.710e-03 7.399e-04 6.720e-03 -1.000 1.527e-02 3.114 3.042 3.451 2.463
0.0152 0.01508 6.40000 2.0000000000 2.5685424513    2.000  0.675  3.7263  3.921    0  0.000  0.538     0.00     0.00     0.00     0.00     0.00 -1    -1e-30      0.00 7.092e-01 2.755e-01 2.710e-03 7.399e-04 6.720e-03 -1.000 1.527e-02 3.082 3.008 3.415 2.431
0.0152 0.01508 6.40000 2.0499999523 2.5706083333    2.050  0.713  3.7299  3.908    0  0.000  0.538     0.00     0.00     0.00     0.00     0.00 -1    -1e-30      0.00 7.092e-01 2.755e-01 2.710e-03 7.399e-04 6.720e-03 -1.000 1.527e-02 2.987 2.906 3.304 2.338
0.0152 0.01508 6.40000 2.0757374763 2.5716272372    2.075  0.734  3.7318  3.900    0  0.000  0.538     0.00     0.00     0.00     0.00     0.00 -1    -1e-30      0.00 7.092e-01 2.755e-01 2.710e-03 7.399e-04 6.720e-03 -1.000 1.527e-02 2.935 2.851 3.245 2.287
0.0152 0.01508 6.40000 2.0999999046 2.5725614918    2.099  0.755  3.7337  3.892    0  0.000  0.538     0.00     0.00     0.00     0.00     0.00 -1    -1e-30      0.00 7.092e-01 2.755e-01 2.710e-03 7.399e-04 6.720e-03 -1.000 1.527e-02 2.882 2.795 3.185 2.235
0.0152 0.01508 6.40000 2.1500000954 2.5744105556    2.149  0.796  3.7375  3.876    0  0.000  0.538     0.00     0.00     0.00     0.00     0.00 -1    -1e-30      0.00 7.092e-01 2.755e-01 2.710e-03 7.399e-04 6.720e-03 -1.000 1.527e-02 2.779 2.686 3.068 2.135
0.0152 0.01508 6.40000 2.2000000477 2.5761632879    2.199  0.840  3.7415  3.858    0  0.000  0.538     0.00     0.00     0.00     0.00     0.00 -1    -1e-30      0.00 7.092e-01 2.755e-01 2.710e-03 7.399e-04 6.720e-03 -1.000 1.527e-02 2.669 2.570 2.943 2.027
0.0152 0.01508 6.40000 2.2038304806 2.5762937958    2.202  0.844  3.7418  3.856    0  0.000  0.538     0.00     0.00     0.00     0.00     0.00 -1    -1e-30      0.00 7.092e-01 2.755e-01 2.710e-03 7.399e-04 6.720e-03 -1.000 1.527e-02 2.660 2.561 2.933 2.018
0.0152 0.01508 6.40000 2.2500000000 2.5778267375    2.249  0.893  3.7459  3.832    0  0.000  0.538     0.00     0.00     0.00     0.00     0.00 -1    -1e-30      0.00 7.092e-01 2.755e-01 2.710e-03 7.399e-04 6.720e-03 -1.000 1.527e-02 2.537 2.433 2.797 1.900
0.0152 0.01508 6.40000 2.2999999523 2.5794072884    2.299  0.952  3.7507  3.803    0  0.000  0.538     0.00     0.00     0.00     0.00     0.00 -1    -1e-30      0.00 7.092e-01 2.755e-01 2.710e-03 7.399e-04 6.720e-03 -1.000 1.527e-02 2.391 2.282 2.635 1.759
0.0152 0.01508 6.40000 2.3444743156 2.5807482142    2.343  1.015  3.7557  3.768    0  0.000  0.538     0.00     0.00     0.00     0.00     0.00 -1    -1e-30      0.00 7.092e-01 2.755e-01 2.710e-03 7.399e-04 6.720e-03 -1.000 1.527e-02 2.233 2.119 2.461 1.608
0.0152 0.01508 6.40000 2.3911714554 2.5820946023    2.390  1.092  3.7618  3.723    0  0.000  0.538     0.00     0.00     0.00     0.00     0.00 -1    -1e-30      0.00 7.092e-01 2.755e-01 2.710e-03 7.399e-04 6.720e-03 -1.000 1.527e-02 2.039 1.919 2.247 1.423
0.0152 0.01508 6.40000 2.4000000954 2.5823423892    2.399  1.108  3.7630  3.714    0  0.000  0.538     0.00     0.00     0.00     0.00     0.00 -1    -1e-30      0.00 7.092e-01 2.755e-01 2.710e-03 7.399e-04 6.720e-03 -1.000 1.527e-02 2.000 1.879 2.205 1.386
0.0152 0.01508 6.40000 2.4165241718 2.5828005678    2.416  1.139  3.7656  3.696    0  0.000  0.538     0.00     0.00     0.00     0.00     0.00 -1    -1e-30      0.00 7.092e-01 2.755e-01 2.710e-03 7.399e-04 6.720e-03 -1.000 1.527e-02 1.922 1.800 2.120 1.312
0.0152 0.01508 6.40000 2.4491310120 2.5836838654    2.448  1.201  3.7709  3.662    0  0.000  0.538     0.00     0.00     0.00     0.00     0.00 -1    -1e-30      0.00 7.092e-01 2.755e-01 2.710e-03 7.399e-04 6.720e-03 -1.000 1.527e-02 1.768 1.641 1.950 1.166
0.0152 0.01508 6.40000 2.4827051163 2.5845655409    2.482  1.263  3.7767  3.629    0  0.000  0.538     0.00     0.00     0.00     0.00     0.00 -1    -1e-30      0.00 7.092e-01 2.755e-01 2.710e-03 7.399e-04 6.720e-03 -1.000 1.527e-02 1.612 1.482 1.777 1.022
0.0152 0.01508 6.40000 2.5163938999 2.5854230881    2.516  1.324  3.7832  3.599    0  0.000  0.538     0.00     0.00     0.00     0.00     0.00 -1    -1e-30      0.00 7.092e-01 2.755e-01 2.710e-03 7.399e-04 6.720e-03 -1.000 1.527e-02 1.459 1.325 1.606 0.881
0.0152 0.01508 6.40000 2.5495369434 2.5862413613    2.549  1.385  3.7904  3.573    0  0.000  0.538     0.00     0.00     0.00     0.00     0.00 -1    -1e-30      0.00 7.092e-01 2.755e-01 2.710e-03 7.399e-04 6.720e-03 -1.000 1.527e-02 1.308 1.171 1.438 0.746
0.0152 0.01508 6.40000 2.5818045139 2.5870148530    2.582  1.444  3.7985  3.552    0  0.000  0.538     0.00     0.00     0.00     0.00     0.00 -1    -1e-30      0.00 7.092e-01 2.755e-01 2.710e-03 7.399e-04 6.720e-03 -1.000 1.527e-02 1.160 1.021 1.270 0.616
0.0152 0.01508 6.40000 2.5999999046 2.5874412955    2.600  1.478  3.8040  3.543    0  0.000  0.538     0.00     0.00     0.00     0.00     0.00 -1    -1e-30      0.00 7.092e-01 2.755e-01 2.710e-03 7.399e-04 6.720e-03 -1.000 1.527e-02 1.075 0.935 1.172 0.544
0.0152 0.01508 6.40000 2.6038918495 2.5875316211    2.604  1.485  3.8053  3.541    0  0.000  0.538     0.00     0.00     0.00     0.00     0.00 -1    -1e-30      0.00 7.092e-01 2.755e-01 2.710e-03 7.399e-04 6.720e-03 -1.000 1.527e-02 1.057 0.917 1.152 0.529
0.0152 0.01508 6.40000 2.6240272522 2.5879940137    2.624  1.523  3.8129  3.538    0  0.000  0.538     0.00     0.00     0.00     0.00     0.00 -1    -1e-30      0.00 7.092e-01 2.755e-01 2.710e-03 7.399e-04 6.720e-03 -1.000 1.527e-02 0.963 0.823 1.043 0.455
0.0152 0.01508 6.40000 2.6411566734 2.5883810004    2.641  1.555  3.8210  3.541    0  0.000  0.538     0.00     0.00     0.00     0.00     0.00 -1    -1e-30      0.00 7.092e-01 2.755e-01 2.710e-03 7.399e-04 6.720e-03 -1.000 1.527e-02 0.882 0.741 0.946 0.393
0.0152 0.01508 6.40000 2.6565716267 2.5887243522    2.657  1.584  3.8295  3.548    0  0.000  0.538     0.00     0.00     0.00     0.00     0.00 -1    -1e-30      0.00 7.092e-01 2.755e-01 2.710e-03 7.399e-04 6.720e-03 -1.000 1.527e-02 0.809 0.667 0.857 0.340
0.0152 0.01508 6.40000 2.6712706089 2.5890475155    2.671  1.613  3.8386  3.558    0  0.000  0.538     0.00     0.00     0.00     0.00     0.00 -1    -1e-30      0.00 7.092e-01 2.755e-01 2.710e-03 7.399e-04 6.720e-03 -1.000 1.527e-02 0.738 0.597 0.771 0.292
0.0152 0.01508 6.40000 2.6855096817 2.5893566913    2.686  1.641  3.8480  3.571    0  0.000  0.538     0.00     0.00     0.00     0.00     0.00 -1    -1e-30      0.00 7.092e-01 2.755e-01 2.710e-03 7.399e-04 6.720e-03 -1.000 1.527e-02 0.668 0.529 0.688 0.249
0.0152 0.01508 6.40000 2.6993596554 2.5896538227    2.700  1.668  3.8577  3.584    0  0.000  0.538     0.00     0.00     0.00     0.00     0.00 -1    -1e-30      0.00 7.092e-01 2.755e-01 2.710e-03 7.399e-04 6.720e-03 -1.000 1.527e-02 0.600 0.464 0.607 0.208
0.0152 0.01508 6.40000 2.7128605843 2.5899401101    2.713  1.695  3.8675  3.599    0  0.000  0.538     0.00     0.00     0.00     0.00     0.00 -1    -1e-30      0.00 7.092e-01 2.755e-01 2.710e-03 7.399e-04 6.720e-03 -1.000 1.527e-02 0.534 0.402 0.529 0.171
0.0152 0.01508 6.40000 2.7260470390 2.5902165833    2.726  1.721  3.8773  3.614    0  0.000  0.538     0.00     0.00     0.00     0.00     0.00 -1    -1e-30      0.00 7.092e-01 2.755e-01 2.710e-03 7.399e-04 6.720e-03 -1.000 1.527e-02 0.468 0.342 0.453 0.137
0.0152 0.01508 6.40000 2.7389521599 2.5904841960    2.739  1.746  3.8871  3.630    0  0.000  0.538     0.00     0.00     0.00     0.00     0.00 -1    -1e-30      0.00 7.092e-01 2.755e-01 2.710e-03 7.399e-04 6.720e-03 -1.000 1.527e-02 0.404 0.285 0.381 0.107
0.0152 0.01508 6.40000 2.7516007423 2.5907436895    2.752  1.772  3.8970  3.646    0  0.000  0.538     0.00     0.00     0.00     0.00     0.00 -1    -1e-30      0.00 7.092e-01 2.755e-01 2.710e-03 7.399e-04 6.720e-03 -1.000 1.527e-02 0.341 0.232 0.313 0.080
0.0152 0.01508 6.40000 2.7640163898 2.5909957498    2.764  1.796  3.9069  3.663    0  0.000  0.538     0.00     0.00     0.00     0.00     0.00 -1    -1e-30      0.00 7.092e-01 2.755e-01 2.710e-03 7.399e-04 6.720e-03 -1.000 1.527e-02 0.279 0.184 0.251 0.057
0.0152 0.01508 6.40000 2.7802398205 2.5913212165    2.781  1.829  3.9201  3.686    0  0.000  0.538     0.00     0.00     0.00     0.00     0.00 -1    -1e-30      0.00 7.092e-01 2.755e-01 2.710e-03 7.399e-04 6.720e-03 -1.000 1.527e-02 0.198 0.126 0.175 0.031
0.0152 0.01508 6.40000 2.7961318493 2.5916358273    2.797  1.860  3.9334  3.710    0  0.000  0.538     0.00     0.00     0.00     0.00     0.00 -1    -1e-30      0.00 7.092e-01 2.755e-01 2.710e-03 7.399e-04 6.720e-03 -1.000 1.527e-02 0.119 0.077 0.111 0.010
0.0152 0.01508 6.40000 2.8000001907 2.5917117867    2.800  1.868  3.9367  3.716    0  0.000  0.538     0.00     0.00     0.00     0.00     0.00 -1    -1e-30      0.00 7.092e-01 2.755e-01 2.710e-03 7.399e-04 6.720e-03 -1.000 1.527e-02 0.100 0.067 0.098 0.006
0.0152 0.01508 6.40000 2.8083982468 2.5918758643    2.809  1.885  3.9440  3.730    0  0.000  0.538     0.00     0.00     0.00     0.00     0.00 -1    -1e-30      0.00 7.092e-01 2.755e-01 2.710e-03 7.399e-04 6.720e-03 -1.000 1.527e-02 0.059 0.046 0.070 -0.001
0.0152 0.01508 6.40000 2.8233549595 2.5921653042    2.824  1.914  3.9571  3.756    0  0.000  0.538     0.00     0.00     0.00     0.00     0.00 -1    -1e-30      0.00 7.092e-01 2.755e-01 2.710e-03 7.399e-04 6.720e-03 -1.000 1.527e-02 -0.014 0.017 0.030 -0.010
0.0152 0.01508 6.40000 2.8380463123 2.5924461961    2.838  1.942  3.9703  3.782    0  0.000  0.538     0.00     0.00     0.00     0.00     0.00 -1    -1e-30      0.00 7.092e-01 2.755e-01 2.710e-03 7.399e-04 6.720e-03 -1.000 1.527e-02 -0.085 -0.003 0.000 -0.012
0.0152 0.01508 6.40000 2.8525300026 2.5927198629    2.853  1.969  3.9834  3.810    0  0.000  0.538     0.00     0.00     0.00     0.00     0.00 -1    -1e-30      0.00 7.092e-01 2.755e-01 2.710e-03 7.399e-04 6.720e-03 -1.000 1.527e-02 -0.152 -0.016 -0.020 -0.009
0.0152 0.01508 6.40000 2.8668782711 2.5929878379    2.867  1.995  3.9964  3.839    0  0.000  0.538     0.00     0.00     0.00     0.00     0.00 -1    -1e-30      0.00 7.092e-01 2.755e-01 2.710e-03 7.399e-04 6.720e-03 -1.000 1.527e-02 -0.217 -0.022 -0.034 -0.001
0.0152 0.01508 6.40000 2.8812108040 2.5932524569    2.882  2.019  4.0095  3.869    0  0.000  0.538     0.00     0.00     0.00     0.00     0.00 -1    -1e-30      0.00 7.092e-01 2.755e-01 2.710e-03 7.399e-04 6.720e-03 -1.000 1.527e-02 -0.277 -0.023 -0.041 0.010
0.0152 0.01508 6.40000 2.8957006931 2.5935169212    2.896  2.041  4.0225  3.900    0  0.000  0.538     0.00     0.00     0.00     0.00     0.00 -1    -1e-30      0.00 7.092e-01 2.755e-01 2.710e-03 7.399e-04 6.720e-03 -1.000 1.527e-02 -0.334 -0.017 -0.041 0.027
0.0152 0.01508 6.40000 2.9107091427 2.5937876601    2.911  2.061  4.0354  3.934    0  0.000  0.538     0.00     0.00     0.00     0.00     0.00 -1    -1e-30      0.00 7.092e-01 2.755e-01 2.710e-03 7.399e-04 6.720e-03 -1.000 1.527e-02 -0.383 -0.004 -0.033 0.050
0.0152 0.01508 6.40000 2.9272651672 2.5940826154    2.928  2.078  4.0485  3.972    0  0.000  0.538     0.00     0.00     0.00     0.00     0.00 -1    -1e-30      0.00 7.092e-01 2.755e-01 2.710e-03 7.399e-04 6.720e-03 -1.000 1.527e-02 -0.425 0.020 -0.014 0.083
0.0152 0.01508 6.40000 2.9513366222 2.5945046810    2.952  2.071  4.0594  4.027    0  0.000  0.538     0.00     0.00     0.00     0.00     0.00 -1    -1e-30      0.00 7.092e-01 2.755e-01 2.710e-03 7.399e-04 6.720e-03 -1.000 1.527e-02 -0.407 0.094 0.057 0.164
0.0152 0.01508 6.40000 2.9754269123 2.5949192238    2.976  2.042  4.0641  4.078    0  0.000  0.538     0.00     0.00     0.00     0.00     0.00 -1    -1e-30      0.00 7.092e-01 2.755e-01 2.710e-03 7.399e-04 6.720e-03 -1.000 1.527e-02 -0.334 0.191 0.152 0.264
0.0152 0.01508 6.40000 2.9914433956 2.5951905881    2.992  2.012  4.0637  4.108    0  0.000  0.538     0.00     0.00     0.00     0.00     0.00 -1    -1e-30      0.00 7.092e-01 2.755e-01 2.710e-03 7.399e-04 6.720e-03 -1.000 1.527e-02 -0.260 0.264 0.225 0.336
0.0152 0.01508 6.40000 3.0000000000 2.5953341962    3.000  1.995  4.0627  4.123    0  0.000  0.538     0.00     0.00     0.00     0.00     0.00 -1    -1e-30      0.00 7.092e-01 2.755e-01 2.710e-03 7.399e-04 6.720e-03 -1.000 1.527e-02 -0.217 0.302 0.264 0.374
0.0152 0.01508 6.40000 3.0010428429 2.5953516342    3.001  1.993  4.0626  4.125    0  0.000  0.538     0.00     0.00     0.00     0.00     0.00 -1    -1e-30      0.00 7.092e-01 2.755e-01 2.710e-03 7.399e-04 6.720e-03 -1.000 1.527e-02 -0.212 0.307 0.268 0.378
0.0152 0.01508 6.40000 3.0156147480 2.5955938492    3.016  1.964  4.0601  4.145    0  0.000  0.538     0.00     0.00     0.00     0.00     0.00 -1    -1e-30      0.00 7.092e-01 2.755e-01 2.710e-03 7.399e-04 6.720e-03 -1.000 1.527e-02 -0.141 0.365 0.328 0.435
0.0152 0.01508 6.40000 3.0323545933 2.5958687983    3.032  1.940  4.0578  4.163    0  0.000  0.538     0.00     0.00     0.00     0.00     0.00 -1    -1e-30      0.00 7.092e-01 2.755e-01 2.710e-03 7.399e-04 6.720e-03 -1.000 1.527e-02 -0.081 0.414 0.378 0.482
0.0152 0.01508 6.40000 3.0783376694 2.5966063967    3.078  1.922  4.0577  4.187    0  0.000  0.538     0.00     0.00     0.00     0.00     0.00 -1    -1e-30      0.00 7.092e-01 2.755e-01 2.710e-03 7.399e-04 6.720e-03 -1.000 1.527e-02 -0.034 0.460 0.424 0.529
0.0152 0.01508 6.40000 3.0913064480 2.5968098674    3.091  1.934  4.0609  4.190    0  0.000  0.538     0.00     0.00     0.00     0.00     0.00 -1    -1e-30      0.00 7.092e-01 2.755e-01 2.710e-03 7.399e-04 6.720e-03 -1.000 1.527e-02 -0.065 0.446 0.409 0.516
0.0152 0.01508 6.40000 3.1419610977 2.5975861290    3.142  1.995  4.0773  4.201    0  0.000  0.538     0.00     0.00     0.00     0.00     0.00 -1    -1e-30      0.00 7.092e-01 2.755e-01 2.710e-03 7.399e-04 6.720e-03 -1.000 1.527e-02 -0.219 0.377 0.334 0.458
0.0152 0.01508 6.40000 3.1735975742 2.5980565141    3.173  2.045  4.0917  4.213    0  0.000  0.538     0.00     0.00     0.00     0.00     0.00 -1    -1e-30      0.00 7.092e-01 2.755e-01 2.710e-03 7.399e-04 6.720e-03 -1.000 1.527e-02 -0.342 0.329 0.282 0.418
0.0152 0.01508 6.40000 3.1968653202 2.5983956448    3.196  2.086  4.1045  4.227    0  0.000  0.538     0.00     0.00     0.00     0.00     0.00 -1    -1e-30      0.00 7.092e-01 2.755e-01 2.710e-03 7.399e-04 6.720e-03 -1.000 1.527e-02 -0.444 0.296 0.245 0.393
0.0152 0.01508 6.40000 3.2000000477 2.5984409005    3.199  2.091  4.1063  4.229    0  0.000  0.538     0.00     0.00     0.00     0.00     0.00 -1    -1e-30      0.00 7.092e-01 2.755e-01 2.710e-03 7.399e-04 6.720e-03 -1.000 1.527e-02 -0.459 0.292 0.240 0.390
0.0152 0.01508 6.40000 3.2061915398 2.5985299876    3.206  2.103  4.1099  4.233    0  0.000  0.538     0.00     0.00     0.00     0.00     0.00 -1    -1e-30      0.00 7.092e-01 2.755e-01 2.710e-03 7.399e-04 6.720e-03 -1.000 1.527e-02 -0.487 0.284 0.230 0.384
0.0152 0.01508 6.40000 3.2257232666 2.5988084470    3.225  2.132  4.1210  4.250    0  0.000  0.538     0.00     0.00     0.00     0.00     0.00 -1    -1e-30      0.00 7.092e-01 2.755e-01 2.710e-03 7.399e-04 6.720e-03 -1.000 1.527e-02 -0.561 0.271 0.214 0.377
0.0152 0.01508 6.40000 3.2431974411 2.5990543060    3.242  2.152  4.1293  4.267    0  0.000  0.538     0.00     0.00     0.00     0.00     0.00 -1    -1e-30      0.00 7.092e-01 2.755e-01 2.710e-03 7.399e-04 6.720e-03 -1.000 1.527e-02 -0.609 0.270 0.210 0.380
0.0152 0.01508 6.40000 3.2684946060 2.5994048827    3.267  2.157  4.1361  4.291    0  0.000  0.538     0.00     0.00     0.00     0.00     0.00 -1    -1e-30      0.00 7.092e-01 2.755e-01 2.710e-03 7.399e-04 6.720e-03 -1.000 1.527e-02 -0.624 0.294 0.232 0.408
0.0152 0.01508 6.40000 3.3240296841 2.6001530283    3.323  2.143  4.1424  4.338    0  0.000  0.538     0.00     0.00     0.00     0.00     0.00 -1    -1e-30      0.00 7.092e-01 2.755e-01 2.710e-03 7.399e-04 6.720e-03 -1.000 1.527e-02 -0.588 0.365 0.302 0.483
0.0152 0.01508 6.40000 3.3592786789 2.6006131580    3.358  2.135  4.1423  4.350    0  0.000  0.538     0.00     0.00     0.00     0.00     0.00 -1    -1e-30      0.00 7.092e-01 2.755e-01 2.710e-03 7.399e-04 6.720e-03 -1.000 1.527e-02 -0.567 0.386 0.323 0.504
0.0152 0.01508 6.40000 3.4000000954 2.6011310876    3.398  2.145  4.1442  4.353    0  0.000  0.538     0.00     0.00     0.00     0.00     0.00 -1    -1e-30      0.00 7.092e-01 2.755e-01 2.710e-03 7.399e-04 6.720e-03 -1.000 1.527e-02 -0.592 0.372 0.308 0.491
0.0152 0.01508 6.40000 3.4796643257 2.6021041285    3.478  2.163  4.1475  4.359    0  0.000  0.538     0.00     0.00     0.00     0.00     0.00 -1    -1e-30      0.00 7.092e-01 2.755e-01 2.710e-03 7.399e-04 6.720e-03 -1.000 1.527e-02 -0.637 0.346 0.281 0.466
0.0152 0.01508 6.40000 3.6000001431 2.6034804607    3.598  2.218  4.1571  4.357    0  0.000  0.538     0.00     0.00     0.00     0.00     0.00 -1    -1e-30      0.00 7.092e-01 2.755e-01 2.710e-03 7.399e-04 6.720e-03 -1.000 1.527e-02 -0.775 0.263 0.195 0.389
0.0152 0.01508 6.40000 3.8000001907 2.6055477311    3.798  2.306  4.1723  4.353    0  0.000  0.538     0.00     0.00     0.00     0.00     0.00 -1    -1e-30      0.00 7.092e-01 2.755e-01 2.710e-03 7.399e-04 6.720e-03 -1.000 1.527e-02 -0.995 0.131 0.059 0.265
0.0152 0.01508 6.40000 4.0000000000 2.6073790840    4.001  2.388  4.1865  4.350    0  0.000  0.538     0.00     0.00     0.00     0.00     0.00 -1    -1e-30      0.00 7.092e-01 2.755e-01 2.710e-03 7.399e-04 6.720e-03 -1.000 1.527e-02 -1.200 0.009 -0.068 0.151
0.0152 0.01508 6.40000 4.1999998093 2.6090113217    4.198  2.466  4.1999  4.347    0  0.000  0.538     0.00     0.00     0.00     0.00     0.00 -1    -1e-30      0.00 7.092e-01 2.755e-01 2.710e-03 7.399e-04 6.720e-03 -1.000 1.527e-02 -1.395 -0.108 -0.188 0.042
0.0152 0.01508 6.40000 4.4000000954 2.6104741055    4.397  2.540  4.2123  4.343    0  0.000  0.538     0.00     0.00     0.00     0.00     0.00 -1    -1e-30      0.00 7.092e-01 2.755e-01 2.710e-03 7.399e-04 6.720e-03 -1.000 1.527e-02 -1.579 -0.219 -0.303 -0.063
0.0152 0.01508 6.40000 4.5999999046 2.6117915791    4.597  2.610  4.2242  4.339    0  0.000  0.538     0.00     0.00     0.00     0.00     0.00 -1    -1e-30      0.00 7.092e-01 2.755e-01 2.710e-03 7.399e-04 6.720e-03 -1.000 1.527e-02 -1.755 -0.325 -0.413 -0.162
0.0152 0.01508 6.40000 4.8000001907 2.6129836005    4.798  2.678  4.2355  4.336    0  0.000  0.538     0.00     0.00     0.00     0.00     0.00 -1    -1e-30      0.00 7.092e-01 2.755e-01 2.710e-03 7.399e-04 6.720e-03 -1.000 1.527e-02 -1.924 -0.427 -0.518 -0.257
0.0152 0.01508 6.40000 5.0000000000 2.6140666223    4.999  2.741  4.2457  4.331    1  0.000  0.538     0.00     0.00     0.00     0.00     0.00 -1    -1e-30      0.00 7.092e-01 2.755e-01 2.710e-03 7.399e-04 6.720e-03 -1.000 1.527e-02 -2.081 -0.525 -0.619 -0.349
0.0152 0.01508 6.40000 5.1999998093 2.6150544000    5.200  2.802  4.2555  4.327    1  0.000  0.538     0.00     0.00     0.00     0.00     0.00 -1    -1e-30      0.00 7.092e-01 2.755e-01 2.710e-03 7.399e-04 6.720e-03 -1.000 1.527e-02 -2.234 -0.619 -0.716 -0.438
0.0152 0.01508 6.40000 5.3999996185 2.6159585084    5.401  2.860  4.2652  4.323    0  0.000  0.538     0.00     0.00     0.00     0.00     0.00 -1    -1e-30      0.00 7.092e-01 2.755e-01 2.710e-03 7.399e-04 6.720e-03 -1.000 1.527e-02 -2.380 -0.709 -0.809 -0.523
0.0152 0.01508 6.40000 5.5999994278 2.6167887546    5.601  2.917  4.2747  4.321    0  0.000  0.538     0.00     0.00     0.00     0.00     0.00 -1    -1e-30      0.00 7.092e-01 2.755e-01 2.710e-03 7.399e-04 6.720e-03 -1.000 1.527e-02 -2.522 -0.795 -0.897 -0.603
0.0152 0.01508 6.40000 5.8000001907 2.6175535027    5.801  2.970  4.2831  4.316    0  0.000  0.538     0.00     0.00     0.00     0.00     0.00 -1    -1e-30      0.00 7.092e-01 2.755e-01 2.710e-03 7.399e-04 6.720e-03 -1.000 1.527e-02 -2.655 -0.880 -0.984 -0.683
0.0152 0.01508 6.40000 6.0000000000 2.6182599138    6.000  3.022  4.2911  4.311    1  0.000  0.538     0.00     0.00     0.00     0.00     0.00 -1    -1e-30      0.00 7.092e-01 2.755e-01 2.710e-03 7.399e-04 6.720e-03 -1.000 1.527e-02 -2.784 -0.963 -1.070 -0.762
0.0152 0.01508 6.40000 6.1999998093 2.6189141709    6.200  3.072  4.2993  4.308    0  0.000  0.538     0.00     0.00     0.00     0.00     0.00 -1    -1e-30      0.00 7.092e-01 2.755e-01 2.710e-03 7.399e-04 6.720e-03 -1.000 1.527e-02 -2.910 -1.041 -1.150 -0.835
0.0152 0.01508 6.40000 6.3026199341 2.6192313948    6.302  3.097  4.3031  4.305    1  0.000  0.538     0.00     0.00     0.00     0.00     0.00 -1    -1e-30      0.00 7.092e-01 2.755e-01 2.710e-03 7.399e-04 6.720e-03 -1.000 1.527e-02 -2.972 -1.081 -1.191 -0.873
0.0152 0.01508 6.40000 6.4000000954 2.6195216279    6.399  3.120  4.3067  4.303    1  0.000  0.538     0.00     0.00     0.00     0.00     0.00 -1    -1e-30      0.00 7.092e-01 2.755e-01 2.710e-03 7.399e-04 6.720e-03 -1.000 1.527e-02 -3.030 -1.118 -1.230 -0.908
0.0152 0.01508 6.40000 6.5466556549 2.6199400410    6.545  3.154  4.3119  4.300    1  0.000  0.538     0.00     0.00     0.00     0.00     0.00 -1    -1e-30      0.00 7.092e-01 2.755e-01 2.710e-03 7.399e-04 6.720e-03 -1.000 1.527e-02 -3.114 -1.173 -1.286 -0.960
0.0152 0.01508 6.40000 7.0000000000 2.6211069280    6.996  3.254  4.3275  4.291    1  0.000  0.538     0.00     0.00     0.00     0.00     0.00 -1    -1e-30      0.00 7.092e-01 2.755e-01 2.710e-03 7.399e-04 6.720e-03 -1.000 1.527e-02 -3.365 -1.336 -1.453 -1.115
0.0152 0.01508 6.40000 8.0000000000 2.6231516585    8.001  3.453  4.3586  4.275    1  0.000  0.538     0.00     0.00     0.00     0.00     0.00 -1    -1e-30      0.00 7.092e-01 2.755e-01 2.710e-03 7.399e-04 6.720e-03 -1.000 1.527e-02 -3.862 -1.660 -1.785 -1.422
0.0152 0.01508 6.40000 9.0000000000 2.6246829947    8.995  3.625  4.3844  4.257    1  0.000  0.538     0.00     0.00     0.00     0.00     0.00 -1    -1e-30      0.00 7.092e-01 2.755e-01 2.710e-03 7.399e-04 6.720e-03 -1.000 1.527e-02 -4.291 -1.948 -2.080 -1.698
0.0152 0.01508 6.40000 9.1493797302 2.6248789448    9.144  3.648  4.3879  4.254    1  0.000  0.538     0.00     0.00     0.00     0.00     0.00 -1    -1e-30      0.00 7.092e-01 2.755e-01 2.710e-03 7.399e-04 6.720e-03 -1.000 1.527e-02 -4.350 -1.988 -2.121 -1.737
0.0152 0.01508 6.40000 10.0000000000 2.6258676431    9.998  3.777  4.4070  4.242    1  0.000  0.538     0.00     0.00     0.00     0.00     0.00 -1    -1e-30      0.00 7.092e-01 2.755e-01 2.710e-03 7.399e-04 6.720e-03 -1.000 1.527e-02 -4.671 -2.162 -2.301 -1.907
0.0152 0.01508 6.40000 11.0000000000 2.6268081058   11.001  3.912  4.4269  4.227    1  0.000  0.538     0.00     0.00     0.00     0.00     0.00 -1    -1e-30      0.00 7.092e-01 2.755e-01 2.710e-03 7.399e-04 6.720e-03 -1.000 1.527e-02 -5.010 -2.387 -2.532 -2.115
0.0152 0.01508 6.40000 11.6806154251 2.6273433961   11.682  3.996  4.4391  4.218    1  0.000  0.538     0.00     0.00     0.00     0.00     0.00 -1    -1e-30      0.00 7.092e-01 2.755e-01 2.710e-03 7.399e-04 6.720e-03 -1.000 1.527e-02 -5.220 -2.565 -2.710 -2.296
0.0152 0.01508 6.40000 12.0000000000 2.6275706487   12.001  4.034  4.4446  4.214    1  0.000  0.538     0.00     0.00     0.00     0.00     0.00 -1    -1e-30      0.00 7.092e-01 2.755e-01 2.710e-03 7.399e-04 6.720e-03 -1.000 1.527e-02 -5.315 -2.646 -2.790 -2.378
0.0152 0.01508 6.40000 13.2625970840 2.6283471429   13.252  4.171  4.4639  4.197    1  0.000  0.542     0.00     0.00     0.00     0.00     0.00 -1 -9.45e-17      0.00 7.092e-01 2.755e-01 2.733e-03 7.405e-04 6.719e-03 -1.000 1.527e-02 -5.657 -2.879 -3.031 -2.595
0.0152 0.01508 6.40000 14.0000000000 2.6287268957   13.984  4.245  4.4743  4.187    0  0.000  0.545     0.00     0.00     0.00     0.00     0.00 -1 -3.48e-09      0.00 7.092e-01 2.755e-01 2.746e-03 7.408e-04 6.719e-03 -1.000 1.527e-02 -5.843 -2.996 -3.152 -2.697
0.0152 0.01508 6.40000 16.0000000000 2.6295573144   15.982  4.424  4.4986  4.164    0  0.000  0.545     0.00     0.00     0.00     0.00     0.00 -1 -8.78e-09      0.00 7.092e-01 2.755e-01 2.746e-03 7.408e-04 6.719e-03 -1.000 1.527e-02 -6.290 -3.336 -3.496 -3.029
0.0152 0.01508 6.40000 17.3694858551 2.6300009011   17.327  4.530  4.5125  4.149    0  0.000  0.545     0.00     0.00     0.00     0.00     0.00 -1 -1.48e-08      0.00 7.092e-01 2.755e-01 2.746e-03 7.408e-04 6.719e-03 -1.000 1.527e-02 -6.555 -3.532 -3.693 -3.226
0.0152 0.01508 6.40000 18.0000000000 2.6301792302   17.948  4.577  4.5184  4.141    0  0.000  0.545     0.00     0.00     0.00     0.00     0.00 -1 -1.86e-08      0.00 7.092e-01 2.755e-01 2.746e-03 7.408e-04 6.719e-03 -1.000 1.527e-02 -6.672 -3.617 -3.778 -3.311
0.0152 0.01508 6.40000 19.4396228790 2.6305369954   19.368  4.674  4.5305  4.125    0  0.000  0.545     0.00     0.00     0.00     0.00     0.00 -1 -2.95e-08      0.00 7.092e-01 2.755e-01 2.746e-03 7.408e-04 6.719e-03 -1.000 1.527e-02 -6.914 -3.787 -3.948 -3.481
0.0152 0.01508 6.40000 20.0000000000 2.6306603470   19.920  4.710  4.5349  4.119    0  0.000  0.545     0.00     0.00     0.00     0.00     0.00 -1  -3.5e-08      0.00 7.092e-01 2.755e-01 2.746e-03 7.408e-04 6.719e-03 -1.000 1.527e-02 -7.005 -3.847 -4.009 -3.542
0.0152 0.01508 6.40000 21.4021186829 2.6309366986   21.289  4.792  4.5445  4.104    0  0.000  0.545     0.00     0.00     0.00     0.00     0.00 -1 -5.08e-08      0.00 7.092e-01 2.755e-01 2.746e-03 7.408e-04 6.719e-03 -1.000 1.527e-02 -7.210 -3.991 -4.154 -3.683
0.0152 0.01508 6.40000 23.6194438934 2.6312976886   23.438  4.912  4.5579  4.080    0  0.000  0.545     0.00     0.00     0.00     0.00     0.00 -1 -8.77e-08      0.00 7.092e-01 2.755e-01 2.746e-03 7.408e-04 6.719e-03 -1.000 1.527e-02 -7.510 -4.228 -4.392 -3.917
0.0152 0.01508 6.40000 24.0000000000 2.6313519822   23.805  4.931  4.5600  4.075    0  0.000  0.545     0.00     0.00     0.00     0.00     0.00 -1 -9.58e-08      0.00 7.092e-01 2.755e-01 2.746e-03 7.408e-04 6.719e-03 -1.000 1.527e-02 -7.558 -4.269 -4.433 -3.957
0.0152 0.01508 6.40000 24.2637767792 2.6313884679   24.056  4.944  4.5613  4.073    0  0.000  0.545     0.00     0.00     0.00     0.00     0.00 -1 -1.01e-07      0.00 7.092e-01 2.755e-01 2.746e-03 7.408e-04 6.719e-03 -1.000 1.527e-02 -7.590 -4.288 -4.458 -3.960
0.0152 0.01508 6.40000 26.9138488770 2.6317098689   26.558  5.063  4.5730  4.044    0  0.000  0.545     0.00     0.00     0.00     0.00     0.00 -1  -1.7e-07      0.00 7.092e-01 2.755e-01 2.746e-03 7.408e-04 6.719e-03 -1.000 1.527e-02 -7.887 -4.532 -4.702 -4.203
0.0152 0.01508 6.40000 28.0000000000 2.6318215644   27.576  5.108  4.5773  4.032    0  0.000  0.545     0.00     0.00     0.00     0.00     0.00 -1 -2.08e-07      0.00 7.092e-01 2.755e-01 2.746e-03 7.408e-04 6.719e-03 -1.000 1.527e-02 -8.000 -4.624 -4.794 -4.297
0.0152 0.01508 6.40000 28.8674697876 2.6319038633   28.380  5.141  4.5802  4.022    0  0.000  0.545     0.00     0.00     0.00     0.00     0.00 -1 -2.39e-07      0.00 7.092e-01 2.755e-01 2.746e-03 7.408e-04 6.719e-03 -1.000 1.527e-02 -8.084 -4.691 -4.861 -4.365
0.0152 0.01508 6.40000 30.0000000000 2.6320031152   29.427  5.184  4.5837  4.010    0  0.000  0.545     0.00     0.00     0.00     0.00     0.00 -1 -2.84e-07      0.00 7.092e-01 2.755e-01 2.746e-03 7.408e-04 6.719e-03 -1.000 1.527e-02 -8.189 -4.778 -4.946 -4.452
0.0152 0.01508 6.40000 30.8673133850 2.6320734876   30.219  5.214  4.5859  4.000    0  0.000  0.545     0.00     0.00     0.00     0.00     0.00 -1 -3.21e-07      0.00 7.092e-01 2.755e-01 2.746e-03 7.408e-04 6.719e-03 -1.000 1.527e-02 -8.264 -4.840 -5.009 -4.516
0.0152 0.01508 6.40000 33.7281951904 2.6322764017   32.800  5.307  4.5918  3.966    0  0.000  0.545     0.00     0.00     0.00     0.00     0.00 -1 -4.69e-07      0.00 7.092e-01 2.755e-01 2.746e-03 7.408e-04 6.719e-03 -1.000 1.527e-02 -8.498 -5.047 -5.214 -4.726
0.0152 0.01508 6.40000 35.0000000000 2.6323544560   33.933  5.346  4.5939  3.950    0  0.000  0.545     0.00     0.00     0.00     0.00     0.00 -1 -5.51e-07      0.00 7.092e-01 2.755e-01 2.746e-03 7.408e-04 6.719e-03 -1.000 1.527e-02 -8.596 -5.138 -5.305 -4.818
0.0152 0.01508 6.40000 37.0547332764 2.6324676380   35.727  5.403  4.5962  3.925    0  0.000  0.545     0.00     0.00     0.00     0.00     0.00 -1 -6.92e-07      0.00 7.092e-01 2.755e-01 2.746e-03 7.408e-04 6.719e-03 -1.000 1.527e-02 -8.738 -5.276 -5.442 -4.958
0.0152 0.01508 6.40000 40.0000000000 2.6326067896   38.249  5.479  4.5981  3.886    0  0.000  0.545     0.00     0.00     0.00     0.00     0.00 -1 -9.28e-07      0.00 7.092e-01 2.755e-01 2.746e-03 7.408e-04 6.719e-03 -1.000 1.527e-02 -8.927 -5.472 -5.638 -5.157
0.0152 0.01508 6.40000 41.0442848206 2.6326506475   39.127  5.503  4.5983  3.873    0  0.000  0.545     0.00     0.00     0.00     0.00     0.00 -1 -1.02e-06      0.00 7.092e-01 2.755e-01 2.746e-03 7.408e-04 6.719e-03 -1.000 1.527e-02 -8.987 -5.450 -5.608 -5.160
0.0152 0.01508 6.40000 45.0000000000 2.6327957669   42.382  5.589  4.5975  3.818    0  0.000  0.545     0.00     0.00     0.00     0.00     0.00 -1 -1.42e-06      0.00 7.092e-01 2.755e-01 2.746e-03 7.408e-04 6.719e-03 -1.000 1.527e-02 -9.202 -5.683 -5.841 -5.392
0.0152 0.01508 6.40000 45.1614570618 2.6328010722   42.512  5.592  4.5974  3.816    0  0.000  0.545     0.00     0.00     0.00     0.00     0.00 -1 -1.44e-06      0.00 7.092e-01 2.755e-01 2.746e-03 7.408e-04 6.719e-03 -1.000 1.527e-02 -9.210 -5.692 -5.850 -5.401
0.0152 0.01508 6.40000 49.0345115662 2.6329163930   45.565  5.666  4.5933  3.756    0  0.000  0.545     0.00     0.00     0.00     0.00     0.00 -1 -1.88e-06      0.00 7.092e-01 2.755e-01 2.746e-03 7.408e-04 6.719e-03 -1.000 1.527e-02 -9.396 -5.914 -6.072 -5.621
0.0152 0.01508 6.40000 50.0000000000 2.6329419605   46.309  5.684  4.5920  3.740    0  0.000  0.545     0.00     0.00     0.00     0.00     0.00 -1 -2.01e-06      0.00 7.092e-01 2.755e-01 2.746e-03 7.408e-04 6.719e-03 -1.000 1.527e-02 -9.440 -5.969 -6.127 -5.676
0.0152 0.01508 6.40000 50.3139686584 2.6329500321   46.548  5.689  4.5915  3.735    0  0.000  0.545     0.00     0.00     0.00     0.00     0.00 -1 -2.04e-06      0.00 7.092e-01 2.755e-01 2.746e-03 7.408e-04 6.719e-03 -1.000 1.527e-02 -9.453 -5.986 -6.145 -5.694
0.0152 0.01508 6.40000 55.0000000000 2.6330580200   50.040  5.766  4.5817  3.650    0  0.000  0.545     0.00     0.00     0.00     0.00     0.00 -1 -2.69e-06      0.00 7.092e-01 2.755e-01 2.746e-03 7.408e-04 6.719e-03 -1.000 1.527e-02 -9.646 -6.258 -6.415 -5.965
0.0152 0.01508 6.40000 55.5104064941 2.6330685227   50.410  5.774  4.5804  3.640    0  0.000  0.545     0.00     0.00     0.00     0.00     0.00 -1 -2.76e-06      0.00 7.092e-01 2.755e-01 2.746e-03 7.408e-04 6.719e-03 -1.000 1.527e-02 -9.665 -6.287 -6.445 -5.994
0.0152 0.01508 6.40000 60.0000000000 2.6331521230   53.596  5.839  4.5663  3.545    0  0.000  0.545     0.00     0.00     0.00     0.00     0.00 -1 -3.35e-06      0.00 7.092e-01 2.755e-01 2.746e-03 7.408e-04 6.719e-03 -1.000 1.527e-02 -9.828 -6.550 -6.707 -6.260
0.0152 0.01508 6.40000 63.0099945068 2.6332005659   55.639  5.878  4.5544  3.475    0  0.000  0.545     0.00     0.00     0.00     0.00     0.00 -1 -3.68e-06      0.00 7.092e-01 2.755e-01 2.746e-03 7.408e-04 6.719e-03 -1.000 1.527e-02 -9.925 -6.717 -6.874 -6.426
0.0152 0.01508 6.40000 65.0000000000 2.6332297755   56.971  5.903  4.5457  3.426    0  0.000  0.545     0.00     0.00     0.00     0.00     0.00 -1 -3.89e-06      0.00 7.092e-01 2.755e-01 2.746e-03 7.408e-04 6.719e-03 -1.000 1.527e-02 -9.987 -6.837 -6.993 -6.546
0.0152 0.01508 6.40000 65.0950469971 2.6332311193   57.037  5.904  4.5453  3.423    0  0.000  0.545     0.00     0.00     0.00     0.00     0.00 -1  -3.9e-06      0.00 7.092e-01 2.755e-01 2.746e-03 7.408e-04 6.719e-03 -1.000 1.527e-02 -9.990 -6.844 -7.000 -6.554
0.0152 0.01508 6.40000 68.0763549805 2.6332710895   59.070  5.941  4.5285  3.334    0  0.000  0.545     0.00     0.00     0.00     0.00     0.00 -1  -4.1e-06      0.00 7.092e-01 2.755e-01 2.745e-03 7.408e-04 6.719e-03 -1.000 1.527e-02 -10.083 -7.085 -7.233 -6.816
0.0152 0.01508 6.40000 70.0000000000 2.6332948117   60.373  5.964  4.5165  3.272    0  0.000  0.545     0.00     0.00     0.00     0.00     0.00 -1 -4.15e-06      0.00 7.092e-01 2.755e-01 2.745e-03 7.408e-04 6.719e-03 -1.000 1.527e-02 -10.141 -7.244 -7.388 -6.985
0.0152 0.01508 6.40000 72.7756347656 2.6333265121   62.206  5.995  4.4982  3.182    0  0.000  0.524     0.00     0.00     0.00     0.00     0.00 -1 -4.11e-06      0.00 7.081e-01 2.767e-01 2.623e-03 1.047e-03 6.534e-03 -1.000 1.527e-02 -10.217 -7.459 -7.600 -7.211
0.0152 0.01508 6.40000 75.6376419067 2.6333564131   64.095  6.025  4.4783  3.085    0  0.000  0.503     0.00     0.00     0.00     0.00     0.00 -1 -3.92e-06      0.00 7.069e-01 2.779e-01 2.501e-03 1.354e-03 6.346e-03 -1.000 1.527e-02 -10.292 -7.652 -7.786 -7.420
0.0152 0.01508 6.40000 78.5118408203 2.6333839326   65.989  6.054  4.4577  2.986    0  0.000  0.483     0.00     0.00     0.00     0.00     0.00 -1 -3.65e-06      0.00 7.056e-01 2.791e-01 2.384e-03 1.655e-03 6.160e-03 -1.000 1.526e-02 -10.365 -7.844 -7.979 -7.608
0.0152 0.01508 6.40000 80.0000000000 2.6333972910   66.979  6.069  4.4466  2.934    0  0.000  0.473     0.00     0.00     0.00     0.00     0.00 -1 -3.49e-06      0.00 7.050e-01 2.797e-01 2.325e-03 1.807e-03 6.065e-03 -1.000 1.526e-02 -10.402 -7.935 -8.072 -7.691
0.0152 0.01508 6.40000 80.3111877441 2.6334000125   67.191  6.072  4.4444  2.923    0  0.000  0.465     0.00     0.00     0.00     0.00     0.00 -1 -3.45e-06      0.00 7.046e-01 2.802e-01 2.278e-03 1.922e-03 5.997e-03 -1.000 1.526e-02 -10.409 -7.953 -8.090 -7.709
0.0152 0.01508 6.40000 80.8053512573 2.6334042847   67.507  6.076  4.4434  2.917    0  0.000  0.456     0.00     0.00     0.00     0.00     0.00 -1 -3.48e-06      0.00 7.012e-01 2.835e-01 2.199e-03 2.249e-03 5.730e-03 -1.000 1.523e-02 -10.421 -7.970 -8.108 -7.726
0.0152 0.01508 6.40000 83.1786422729 2.6334239917   68.917  6.099  4.4302  2.850    0  0.000  0.381     0.00     0.00     0.00     0.00     0.00 -1 -3.69e-06      0.00 6.923e-01 2.925e-01 1.729e-03 3.549e-03 4.878e-03 -1.000 1.521e-02 -10.477 -8.095 -8.233 -7.849
0.0152 0.01508 6.40000 90.0000000000 2.6334740396   70.209  6.153  4.4211  2.768    0  0.000  0.270     0.00     0.00     0.00     0.00     0.00 -1 -1.76e-05      0.00 6.185e-01 3.665e-01 8.796e-05 8.838e-03 1.050e-03 -1.000 1.502e-02 -10.613 -8.250 -8.388 -8.010
0.0152 0.01508 6.40000 95.0000000000 2.6335055226   71.324  6.190  4.4238  2.749    0  0.000  0.531     0.00     0.00     0.00     0.00     0.00 -1  -2.6e-05      0.00 5.642e-01 4.208e-01 9.543e-05 9.487e-03 3.008e-04 -1.000 1.496e-02 -10.704 -8.328 -8.467 -8.090
0.0152 0.01508 6.40000 97.9803924561 2.6335225411   72.180  6.211  4.4296  2.756    0  0.000  0.698     0.00     0.00     0.00     0.00     0.00 -1 -1.87e-05      0.00 5.347e-01 4.504e-01 9.720e-05 9.582e-03 1.910e-04 -1.000 1.494e-02 -10.757 -8.353 -8.493 -8.109
0.0152 0.01508 6.40000 100.0000000000 2.6335334127   72.942  6.225  4.4321  2.756    0  0.000  0.775     0.00     0.00     0.00     0.00     0.00 -1 -1.33e-05      0.00 5.182e-01 4.668e-01 9.793e-05 9.600e-03 1.704e-04 -1.000 1.493e-02 -10.793 -8.376 -8.517 -8.131
0.0152 0.01508 6.40000 100.0667343140 2.6335337633   72.968  6.226  4.4322  2.756    0  0.000  0.778     0.00     0.00     0.00     0.00     0.00 -1 -1.33e-05      0.00 5.177e-01 4.673e-01 9.795e-05 9.601e-03 1.698e-04 -1.000 1.493e-02 -10.794 -8.377 -8.518 -8.131
0.0152 0.01508 6.40000 103.3711776733 2.6335504761   74.384  6.248  4.4373  2.763    0  0.000  0.860     0.00     0.00     0.00     0.00     0.00 -1 -1.52e-05      0.00 4.954e-01 4.896e-01 9.888e-05 9.614e-03 1.550e-04 -1.000 1.494e-02 -10.850 -8.408 -8.549 -8.159
0.0152 0.01508 6.40000 104.4774551392 2.6335558004   74.890  6.255  4.4387  2.764    0  0.000  0.883     0.00     0.00     0.00     0.00     0.00 -1 -1.73e-05      0.00 4.886e-01 4.965e-01 9.917e-05 9.617e-03 1.511e-04 -1.000 1.494e-02 -10.868 -8.419 -8.561 -8.170
0.0152 0.01508 6.40000 107.1125640869 2.6335679747   76.124  6.273  4.4388  2.754    0  0.000  0.924     0.00     0.00     0.00     0.00     0.00 -1 -1.84e-05      0.00 4.747e-01 5.104e-01 9.978e-05 9.622e-03 1.450e-04 -1.000 1.493e-02 -10.912 -8.461 -8.603 -8.212
0.0152 0.01508 6.40000 108.9689559937 2.6335761459   77.033  6.285  4.4388  2.747    0  0.000  0.944     0.00     0.00     0.00     0.00     0.00 -1 -1.88e-05      0.00 4.656e-01 5.195e-01 1.002e-04 9.625e-03 1.423e-04 -1.000 1.495e-02 -10.942 -8.491 -8.633 -8.241
0.0152 0.01508 6.40000 110.0635375977 2.6335808156   77.540  6.292  4.4400  2.748    0  0.000  0.957     0.00     0.00     0.00     0.00     0.00 -1 -1.96e-05      0.00 4.595e-01 5.255e-01 1.004e-04 9.627e-03 1.407e-04 -1.000 1.496e-02 -10.959 -8.502 -8.645 -8.252
0.0152 0.01508 6.40000 112.3449630737 2.6335902132   78.605  6.306  4.4416  2.746    0  0.000  0.980     0.00     0.00     0.00     0.00     0.00 -1 -1.69e-05      0.00 4.476e-01 5.374e-01 1.010e-04 9.630e-03 1.380e-04 -1.000 1.495e-02 -10.995 -8.530 -8.673 -8.280
0.0152 0.01508 6.40000 114.1455230713 2.6335973258   79.475  6.317  4.4427  2.744    0  0.000  0.995     0.00     0.00     0.00     0.00     0.00 -1 -1.06e-05      0.00 4.387e-01 5.464e-01 1.014e-04 9.631e-03 1.364e-04 -1.000 1.490e-02 -11.024 -8.554 -8.697 -8.302
0.0152 0.01508 6.40000 115.8854827881 2.6336039580   80.320  6.328  4.4424  2.736    0  0.000  1.008     0.00     0.00     0.00     0.00     0.00 -1 -1.27e-05      0.00 4.307e-01 5.544e-01 1.017e-04 9.632e-03 1.350e-04  4.971 1.494e-02 -11.050 -8.581 -8.724 -8.330
0.0152 0.01508 6.40000 116.9810409546 2.6336080178   80.738  6.335  4.4465  2.748    0  0.000  1.018     0.00     0.00     0.00     0.00     0.00 -1 -2.07e-05      0.00 4.233e-01 5.617e-01 1.020e-04 9.632e-03 1.340e-04  5.475 1.496e-02 -11.066 -8.581 -8.725 -8.328
0.0152 0.01508 6.40000 117.8340225220 2.6336111186   81.091  6.340  4.4496  2.758    0  0.000  1.025     0.00     0.00     0.00     0.00     0.00 -1  -2.2e-05      0.00 4.178e-01 5.672e-01 1.023e-04 9.632e-03 1.334e-04  5.647 1.496e-02 -11.079 -8.581 -8.726 -8.327
0.0152 0.01508 6.40000 119.0531311035 2.6336154618   81.726  6.347  4.4482  2.748    0  0.000  1.032     0.00     0.00     0.00     0.00     0.00 -1 -5.24e-05      0.00 4.131e-01 5.719e-01 1.025e-04 9.632e-03 1.328e-04  5.762 1.494e-02 -11.098 -8.626 -8.766 -8.389
0.0152 0.01508 6.40000 120.0000000000 2.6336187652   82.162  6.353  4.4486  2.746    0  0.000  1.037     0.00     0.00     0.00     0.00     0.00 -1 -4.46e-05      0.00 4.086e-01 5.765e-01 1.027e-04 9.633e-03 1.323e-04  5.846 1.493e-02 -11.112 -8.632 -8.773 -8.389
0.0152 0.01508 6.40000 120.2081527710 2.6336187652   82.094  6.353  4.4503  2.753    0  0.000  1.040     0.00     0.00     0.00     0.00     0.00 -1 -4.34e-05      0.00 4.065e-01 5.786e-01 1.028e-04 9.633e-03 1.322e-04  5.873 1.493e-02 -11.112 -8.625 -8.766 -8.381
0.0152 0.01508 6.40000 122.4417266846 2.6336187652   81.200  6.355  4.4702  2.825    0  0.000  1.065     0.00     0.00     0.00     0.00     0.00 -1 -4.86e-05      0.00 3.829e-01 6.022e-01 1.038e-04 9.634e-03 1.305e-04  6.112 1.493e-02 -11.118 -8.520 -8.664 -8.272
0.0152 0.01508 6.40000 125.3395233154 2.6336187652   79.914  6.357  4.4952  2.916    0  0.000  1.096     0.00     0.00     0.00     0.00     0.00 -1 -1.93e-05      0.00 3.528e-01 6.323e-01 1.052e-04 9.640e-03 1.285e-04  6.318 1.494e-02 -11.123 -8.361 -8.512 -8.089
0.0152 0.01508 6.40000 127.4181060791 2.6336187652   78.703  6.357  4.5175  2.999    0  0.000  1.121     0.00     0.00     0.00     0.00     0.00 -1 -2.39e-05      0.00 3.285e-01 6.566e-01 1.062e-04 9.641e-03 1.270e-04  6.445 1.494e-02 -11.123 -8.218 -8.372 -7.941
0.0152 0.01508 6.40000 130.2531127930 2.6336187652   76.767  6.355  4.5518  3.127    0  0.000  1.159     0.00     0.00     0.00     0.00     0.00 -1 -3.19e-05      0.00 2.925e-01 6.925e-01 1.078e-04 9.643e-03 1.248e-04  6.607 1.497e-02 -11.118 -7.990 -8.145 -7.711
0.0152 0.01508 6.40000 132.2551879883 2.6336187652   75.292  6.353  4.5765  3.220    0  0.000  1.187     0.00     0.00     0.00     0.00     0.00 -1  -3.9e-05      0.00 2.667e-01 7.183e-01 1.090e-04 9.644e-03 1.233e-04  6.714 1.497e-02 -11.112 -7.811 -7.965 -7.536
0.0152 0.01508 6.40000 134.3526458740 2.6336187652   73.668  6.349  4.5997  3.307    0  0.000  1.220     0.00     0.00     0.00     0.00     0.00 -1 -4.61e-05      0.00 2.399e-01 7.451e-01 1.104e-04 9.645e-03 1.216e-04  6.824 1.495e-02 -11.103 -7.649 -7.801 -7.378
0.0152 0.01508 6.40000 135.4553070068 2.6336187652   72.690  6.347  4.6170  3.373    0  0.000  1.241     0.00     0.00     0.00     0.00     0.00 -1 -5.23e-05      0.00 2.232e-01 7.618e-01 1.113e-04 9.646e-03 1.206e-04  6.891 1.497e-02 -11.097 -7.532 -7.682 -7.268
0.0152 0.01508 6.40000 138.1634216309 2.6336187652   70.231  6.339  4.6510  3.501    0  0.000  1.297     0.00     0.00     0.00     0.00     0.00 -1 -6.57e-05      0.00 1.846e-01 8.004e-01 1.136e-04 9.648e-03 1.181e-04  7.054 1.496e-02 -11.077 -7.318 -7.463 -7.071
0.0152 0.01508 6.40000 141.3083648682 2.6336187652   67.070  6.326  4.6913  3.656    0  0.000  1.363     0.00     0.00     0.00     0.00     0.00 -1 -0.000106      0.00 1.427e-01 8.423e-01 1.164e-04 9.649e-03 1.153e-04  7.243 1.499e-02 -11.044 -7.197 -7.323 -6.999
0.0152 0.01508 6.40000 142.3420104980 2.6336187652   65.992  6.320  4.7036  3.703    0  0.000  1.384     0.00     0.00     0.00     0.00     0.00 -1 -0.000102      0.00 1.299e-01 8.551e-01 1.173e-04 9.650e-03 1.144e-04  7.305 1.499e-02 -11.031 -7.108 -7.234 -6.913
0.0152 0.01508 6.40000 144.7396240234 2.6336187652   63.442  6.307  4.7299  3.806    0  0.000  1.428     0.00     0.00     0.00     0.00     0.00 -1  -0.00011      0.00 1.029e-01 8.822e-01 1.191e-04 9.650e-03 1.125e-04  7.450 1.499e-02 -10.996 -6.990 -7.109 -6.813
0.0152 0.01508 6.40000 147.0027313232 2.6336187652   60.966  6.291  4.7542  3.900    0  0.000  1.467     0.00     0.00     0.00     0.00     0.00 -1 -0.000128      0.00 7.916e-02 9.059e-01 1.207e-04 9.651e-03 1.108e-04  7.598 1.497e-02 -10.958 -6.935 -7.045 -6.781
0.0152 0.01508 6.40000 150.0000000000 2.6336187652   57.649  6.269  4.7854  4.024    0  0.000  1.518     0.00     0.00     0.00     0.00     0.00 -1 -0.000153      0.00 4.889e-02 9.362e-01 1.229e-04 9.652e-03 1.086e-04  7.849 1.495e-02 -10.903 -6.887 -6.984 -6.762
0.0152 0.01508 6.40000 158.7930603027 2.6336187652   51.298  6.208  4.7884  4.046    0  0.000  1.538     0.00     0.00     0.00     0.00     0.00 -1 -0.000129      0.00 4.014e-02 9.449e-01 1.239e-04 9.649e-03 1.081e-04  7.949 1.500e-02 -10.749 -6.697 -6.795 -6.570
0.0152 0.01508 6.40000 167.4873199463 2.6336187652   46.199  6.153  4.7930  4.074    0  0.000  1.561     0.00     0.00     0.00     0.00     0.00 -1 -0.000111      0.00 3.239e-02 9.526e-01 1.250e-04 9.648e-03 1.075e-04  8.058 1.499e-02 -10.612 -6.519 -6.617 -6.391
0.0152 0.01508 6.40000 175.5976104736 2.6336187652   42.267  6.106  4.8001  4.110    0  0.000  1.587     0.00     0.00     0.00     0.00     0.00 -1 -9.81e-05      0.00 2.613e-02 9.589e-01 1.263e-04 9.647e-03 1.069e-04  8.167 1.498e-02 -10.496 -6.355 -6.453 -6.229
0.0152 0.01508 6.40000 181.3711547852 2.6336187652   39.862  6.076  4.8092  4.151    0  0.000  1.602     0.00     0.00     0.00     0.00     0.00 -1 -8.95e-05      0.00 2.311e-02 9.619e-01 1.271e-04 9.647e-03 1.066e-04  8.230 1.498e-02 -10.421 -6.216 -6.314 -6.091
0.0152 0.01508 6.40000 185.4830932617 2.6336187652   38.317  6.057  4.8220  4.204    0  0.000  1.606     0.00     0.00     0.00     0.00     0.00 -1 -8.52e-05      0.00 2.207e-02 9.629e-01 1.273e-04 9.647e-03 1.066e-04  8.253 1.499e-02 -10.373 -6.102 -6.198 -5.981
0.0152 0.01508 6.40000 187.5762329102 2.6336187652   37.576  6.049  4.8370  4.264    0  0.000  1.607     0.00     0.00     0.00     0.00     0.00 -1 -8.33e-05      0.00 2.166e-02 9.634e-01 1.274e-04 9.647e-03 1.066e-04  8.262 1.498e-02 -10.353 -6.011 -6.105 -5.895
0.0152 0.01508 6.40000 188.3565521240 2.6336187652   37.307  6.048  4.8505  4.316    0  0.000  1.608     0.00     0.00     0.00     0.00     0.00 -1 -8.36e-05      0.00 2.141e-02 9.636e-01 1.275e-04 9.647e-03 1.065e-04  8.268 1.497e-02 -10.350 -5.957 -6.048 -5.847
0.0152 0.01508 6.40000 188.7244110107 2.6336187652   37.181  6.049  4.8635  4.365    0  0.000  1.609     0.00     0.00     0.00     0.00     0.00 -1 -8.37e-05      0.00 2.125e-02 9.638e-01 1.276e-04 9.647e-03 1.065e-04  8.272 1.499e-02 -10.353 -5.898 -5.989 -5.789
0.0152 0.01508 6.40000 188.9123535156 2.6336187652   37.117  6.051  4.8757  4.411    0  0.000  1.610     0.00     0.00     0.00     0.00     0.00 -1 -8.39e-05      0.00 2.115e-02 9.639e-01 1.276e-04 9.647e-03 1.065e-04  8.274 1.500e-02 -10.358 -5.847 -5.937 -5.740
0.0152 0.01508 6.40000 189.0347595215 2.6336187652   37.075  6.054  4.8892  4.461    0  0.000  1.610     0.00     0.00     0.00     0.00     0.00 -1 -8.42e-05      0.00 2.111e-02 9.639e-01 1.276e-04 9.647e-03 1.065e-04  8.275 1.497e-02 -10.366 -5.792 -5.881 -5.689
0.0152 0.01508 6.40000 189.0987091064 2.6336187652   37.053  6.057  4.8998  4.501    0  0.000  1.610     0.00     0.00     0.00     0.00     0.00 -1 -8.55e-05      0.00 2.110e-02 9.639e-01 1.276e-04 9.647e-03 1.065e-04  8.276 1.497e-02 -10.373 -5.763 -5.850 -5.663
0.0152 0.01508 6.40000 189.1482696533 2.6336187652   37.036  6.060  4.9100  4.538    0  0.000  1.610     0.00     0.00     0.00     0.00     0.00 -1 -8.61e-05      0.00 2.109e-02 9.639e-01 1.276e-04 9.647e-03 1.065e-04  8.276 1.498e-02 -10.381 -5.732 -5.819 -5.632
0.0152 0.01508 6.40000 189.1907348633 2.6336187652   37.021  6.063  4.9195  4.573    0  0.000  1.610     0.00     0.00     0.00     0.00     0.00 -1 -8.69e-05      0.00 2.109e-02 9.639e-01 1.276e-04 9.647e-03 1.065e-04  8.276 1.498e-02 -10.388 -5.705 -5.792 -5.605
0.0152 0.01508 6.40000 189.2161407471 2.6336187652   37.012  6.065  4.9253  4.595    0  0.000  1.610     0.00     0.00     0.00     0.00     0.00 -1 -8.73e-05      0.00 2.109e-02 9.639e-01 1.276e-04 9.647e-03 1.065e-04  8.275 1.498e-02 -10.392 -5.689 -5.775 -5.589
0.0152 0.01508 6.40000 189.2542877197 2.6336187652   36.999  6.067  4.9336  4.626    1  0.000  1.610     0.00     0.00     0.00     0.00     0.00 -1 -8.81e-05      0.00 2.109e-02 9.639e-01 1.276e-04 9.647e-03 1.065e-04  8.276 1.499e-02 -10.398 -5.664 -5.750 -5.565
0.0152 0.01508 6.40000 189.3056488037 2.6336187652   36.981  6.070  4.9445  4.666    1  0.000  1.610     0.00     0.00     0.00     0.00     0.00 -1 -8.81e-05      0.00 2.108e-02 9.639e-01 1.276e-04 9.647e-03 1.065e-04  8.276 1.501e-02 -10.405 -5.622 -5.707 -5.524
0.0152 0.01508 6.40000 189.3681030273 2.6336187652   36.959  6.073  4.9572  4.714    1  0.000  1.610     0.00     0.00     0.00     0.00     0.00 -1 -8.97e-05      0.00 2.106e-02 9.640e-01 1.276e-04 9.647e-03 1.065e-04  8.276 1.495e-02 -10.412 -5.588 -5.672 -5.491
0.0152 0.01508 6.40000 189.4240264893 2.6336187652   36.940  6.075  4.9681  4.755    1  0.000  1.610     0.00     0.00     0.00     0.00     0.00 -1 -9.01e-05      0.00 2.104e-02 9.640e-01 1.276e-04 9.647e-03 1.065e-04  8.277 1.496e-02 -10.418 -5.554 -5.639 -5.457
0.0152 0.01508 6.40000 189.4918365479 2.6336187652   36.916  6.078  4.9809  4.803    1  0.000  1.610     0.00     0.00     0.00     0.00     0.00 -1 -9.01e-05      0.00 2.101e-02 9.640e-01 1.276e-04 9.647e-03 1.065e-04  8.278 1.499e-02 -10.425 -5.510 -5.595 -5.411
0.0152 0.01508 6.40000 189.5632171631 2.6336187652   36.891  6.080  4.9938  4.852    1  0.000  1.611     0.00     0.00     0.00     0.00     0.00 -1 -9.17e-05      0.00 2.098e-02 9.640e-01 1.277e-04 9.647e-03 1.065e-04  8.279 1.499e-02 -10.431 -5.480 -5.565 -5.381
0.0152 0.01508 6.40000 189.6269836426 2.6336187652   36.867  6.083  5.0048  4.893    1  0.000  1.611     0.00     0.00     0.00     0.00     0.00 -1 -9.19e-05      0.00 2.096e-02 9.641e-01 1.277e-04 9.647e-03 1.065e-04  8.279 1.496e-02 -10.436 -5.406 -5.497 -5.281
0.0152 0.01508 6.40000 189.7051239014 2.6336187652   36.839  6.085  5.0176  4.942    1  0.000  1.611     0.00     0.00     0.00     0.00     0.00 -1 -9.26e-05      0.00 2.093e-02 9.641e-01 1.277e-04 9.647e-03 1.065e-04  8.280 1.499e-02 -10.442 -5.376 -5.467 -5.252
0.0152 0.01508 6.40000 189.7871704102 2.6336187652   36.810  6.087  5.0304  4.990    1  0.000  1.611     0.00     0.00     0.00     0.00     0.00 -1 -9.37e-05      0.00 2.090e-02 9.641e-01 1.277e-04 9.647e-03 1.065e-04  8.280 1.500e-02 -10.448 -5.346 -5.437 -5.224
0.0152 0.01508 6.40000 189.8740844727 2.6336187652   36.780  6.090  5.0429  5.037    1  0.000  1.610     0.00     0.00     0.00     0.00     0.00 -1 -9.39e-05      0.00 2.085e-02 9.642e-01 1.276e-04 9.647e-03 1.065e-04  8.281 1.496e-02 -10.455 -5.311 -5.401 -5.188
0.0152 0.01508 6.40000 189.9526062012 2.6336187652   36.751  6.092  5.0532  5.076    1  0.000  1.609     0.00     0.00     0.00     0.00     0.00 -1 -9.43e-05      0.00 2.081e-02 9.642e-01 1.275e-04 9.647e-03 1.065e-04  8.281 1.500e-02 -10.461 -5.269 -5.361 -5.141
0.0152 0.01508 6.40000 189.9937438965 2.6336187652   36.736  6.094  5.0584  5.095    1  0.000  1.608     0.00     0.00     0.00     0.00     0.00 -1 -9.47e-05      0.00 2.078e-02 9.642e-01 1.275e-04 9.647e-03 1.065e-04  8.281 1.497e-02 -10.464 -5.255 -5.346 -5.129
0.0152 0.01508 6.40000 190.1227416992 2.6336187652   36.689  6.099  5.0711  5.140    1  0.000  1.603     0.00     0.00     0.00     0.00     0.00 -1 -9.67e-05      0.00 2.072e-02 9.643e-01 1.270e-04 9.647e-03 1.065e-04  8.278 1.498e-02 -10.477 -5.236 -5.326 -5.113
0.0152 0.01508 6.40000 190.6530914307 2.6336187652   36.491  6.114  5.0819  5.165    1  0.000  1.578     0.00     0.00     0.00     0.00     0.00 -1 -0.000102      0.00 1.686e-02 9.681e-01 1.240e-04 9.654e-03 1.057e-04  8.345 1.499e-02 -10.515 -5.276 -5.364 -5.156
0.0152 0.01508 6.40000 191.0684356689 2.6336187652   36.335  6.110  5.0898  5.199    1  0.000  1.510     0.00     0.00     0.00     0.00     0.00 -1 -0.000102      0.00 1.368e-02 9.713e-01 1.182e-04 9.661e-03 1.050e-04  8.381 1.500e-02 -10.505 -5.251 -5.339 -5.131
0.0152 0.01508 6.40000 191.7033691406 2.6336187652   36.100  6.099  5.0999  5.248    1  0.000  1.352     0.00     0.00     0.00     0.00     0.00 -1 -9.84e-05      0.00 1.308e-02 9.719e-01 1.058e-04 9.679e-03 1.049e-04  8.237 1.499e-02 -10.477 -5.172 -5.261 -5.051
0.0152 0.01508 6.40000 192.2205963135 2.6336187652   35.914  6.094  5.1087  5.286    1  0.000  1.258     0.00     0.00     0.00     0.00     0.00 -1 -9.71e-05      0.00 1.270e-02 9.723e-01 9.823e-05 9.692e-03 1.049e-04  8.108 1.500e-02 -10.464 -5.105 -5.192 -4.988
0.0152 0.01508 6.40000 193.0276336670 2.6336187652   35.628  6.088  5.1194  5.331    1  0.000  1.208     0.00     0.00     0.00     0.00     0.00 -1 -9.55e-05      0.00 1.215e-02 9.729e-01 9.415e-05 9.699e-03 1.048e-04  8.027 1.496e-02 -10.451 -5.031 -5.117 -4.918
0.0152 0.01508 6.40000 193.9400177002 2.6336187652   35.312  6.078  5.1253  5.362    1  0.000  1.250     0.00     0.00     0.00     0.00     0.00 -1 -9.36e-05      0.00 1.084e-02 9.742e-01 9.752e-05 9.693e-03 1.048e-04  8.163 1.496e-02 -10.424 -4.975 -5.059 -4.863
0.0152 0.01508 6.40000 197.2639160156 2.6336187652   34.229  6.052  5.1304  5.394    1  0.000  1.383     0.00     0.00     0.00     0.00     0.00 -1 -8.67e-05      0.00 6.574e-03 9.785e-01 1.062e-04 9.683e-03 1.041e-04  8.552 1.497e-02 -10.360 -4.852 -4.937 -4.741
0.0152 0.01508 6.40000 200.0000000000 2.6336187652   33.402  6.038  5.1306  5.398    1  0.000  6.033     0.00     0.00     0.00     0.00     0.00 -1 -8.29e-05      0.00 5.210e-03 9.772e-01 2.440e-03 9.260e-03 1.304e-04 10.574 1.756e-02 -10.326 -4.797 -4.882 -4.686
0.0152 0.01508 6.40000 210.2873840332 2.6336187652   31.534  6.008  5.1321  5.410    1  0.000 21.716     0.00     0.00     0.00     0.00     0.00 -1 -7.51e-05      0.00 2.970e-04 9.737e-01 1.006e-02 7.935e-03 2.427e-04 12.443 2.599e-02 -10.249 -4.672 -4.758 -4.561
0.0152 0.01508 6.40000 223.2516479492 2.6336187652   29.625  5.977  5.1349  5.425    1  0.000 58.612     0.00     0.00     0.00     0.00     0.00 -1 -6.47e-05      0.00 1.000e-33 9.371e-01 4.399e-02 4.760e-03 1.434e-03 42.553 6.289e-02 -10.171 -4.481 -4.567 -4.368
0.0152 0.01508 6.40000 247.2494354248 2.6336187652   27.306  5.940  5.1320  5.414    1  0.000 34.383     0.00     0.00     0.00     0.00     0.00 -1  -4.4e-05      0.00 1.000e-33 8.019e-01 1.691e-01 9.545e-04 9.322e-03 43.131 1.981e-01 -10.081 -5.068 -5.209 -4.518
0.0152 0.01508 6.40000 250.0000000000 2.6336187652   27.076  5.937  5.1317  5.413    1  0.000 32.191     0.00     0.00     0.00     0.00     0.00 -1 -4.21e-05      0.00 1.000e-33 7.873e-01 1.825e-01 5.279e-04 1.022e-02 43.164 2.127e-01 -10.071 -5.014 -5.154 -4.474
0.0152 0.01508 6.40000 253.4022369385 2.6336187652   26.844  5.933  5.1313  5.411    1  0.000 29.843     0.00     0.00     0.00     0.00     0.00 -1 -4.02e-05      0.00 1.000e-33 7.706e-01 1.980e-01 3.010e-07 1.115e-02 43.199 2.294e-01 -10.062 -4.958 -5.097 -4.430
0.0152 0.01508 6.40000 281.6644897461 2.6336187652   25.434  5.913  5.1312  5.407    1  0.000 17.833     0.00     0.00     0.00     0.00     0.00 -1 -3.11e-05      0.00 1.000e-33 6.844e-01 2.740e-01 1.000e-33 2.120e-02 43.333 3.156e-01 -10.014 -4.639 -4.774 -4.183
0.0152 0.01508 6.40000 300.0000000000 2.6336187652   24.811  5.906  5.1325  5.408    2  0.000 15.512     0.00     0.00     0.00     0.00     0.00 -1  -2.8e-05      0.00 1.000e-33 6.529e-01 2.995e-01 5.067e-31 2.728e-02 43.366 3.471e-01 -9.996 -4.497 -4.628 -4.079
0.0152 0.01508 6.40000 345.5065307617 2.6336187652   23.739  5.896  5.1365  5.416    2  0.000 11.036     0.00     0.00     0.00     0.00     0.00 -1  -2.2e-05      0.00 1.000e-33 5.803e-01 3.557e-01 3.999e-29 4.345e-02 43.430 4.197e-01 -9.969 -4.170 -4.299 -3.838
# Zini     MH   logAge Mini        int_IMF         Mass   logL    logTe  logg  label   McoreTP C_O  period0  period1  period2  period3  period4  pmode  Mloss  tau1m   X   Y   Xc  Xn  Xo  Cexcess  Z 	 mbolmag  Gmag    G_BPmag  G_RPmag
0.0152 0.01508 6.45000 0.0929669216 1.1095172616    0.093 -1.452  3.4318  3.537    0  0.000  0.545     0.00     0.00     0.00     0.00     0.00 -1 -2.51e-14      0.00 7.092e-01 2.755e-01 2.746e-03 7.408e-04 6.719e-03 -1.000 1.527e-02 8.399 10.234 12.508 8.834
0.0152 0.01508 6.45000 0.0999942645 1.1710584878    0.100 -1.417  3.4347  3.545    0  0.000  0.545     0.00     0.00     0.00     0.00     0.00 -1  -2.6e-14      0.00 7.092e-01 2.755e-01 2.746e-03 7.408e-04 6.719e-03 -1.000 1.527e-02 8.312 10.112 12.352 8.720
0.0152 0.01508 6.45000 0.1022017300 1.1892393356    0.102 -1.410  3.4355  3.551    0  0.000  0.545     0.00     0.00     0.00     0.00     0.00 -1 -2.59e-14      0.00 7.092e-01 2.755e-01 2.746e-03 7.408e-04 6.719e-03 -1.000 1.527e-02 8.295 10.086 12.316 8.696
0.0152 0.01508 6.45000 0.1086206064 1.2393311591    0.109 -1.403  3.4365  3.574    0  0.000  0.545     0.00     0.00     0.00     0.00     0.00 -1 -2.49e-14      0.00 7.092e-01 2.755e-01 2.746e-03 7.408e-04 6.719e-03 -1.000 1.527e-02 8.276 10.054 12.274 8.666
0.0152 0.01508 6.45000 0.1148741916 1.2845635622    0.115 -1.393  3.4375  3.593    0  0.000  0.545     0.00     0.00     0.00     0.00     0.00 -1 -2.43e-14      0.00 7.092e-01 2.755e-01 2.746e-03 7.408e-04 6.719e-03 -1.000 1.527e-02 8.251 10.015 12.225 8.630
0.0152 0.01508 6.45000 0.1211367324 1.3267613802    0.121 -1.367  3.4400  3.600    0  0.000  0.545     0.00     0.00     0.00     0.00     0.00 -1 -2.48e-14      0.00 7.092e-01 2.755e-01 2.746e-03 7.408e-04 6.719e-03 -1.000 1.527e-02 8.188 9.923 12.104 8.544
0.0152 0.01508 6.45000 0.1275514364 1.3671415116    0.127 -1.338  3.4431  3.606    0  0.000  0.545     0.00     0.00     0.00     0.00     0.00 -1 -2.57e-14      0.00 7.092e-01 2.755e-01 2.746e-03 7.408e-04 6.719e-03 -1.000 1.527e-02 8.115 9.814 11.959 8.443
0.0152 0.01508 6.45000 0.1337299347 1.4036136919    0.134 -1.324  3.4446  3.618    0  0.000  0.545     0.00     0.00     0.00     0.00     0.00 -1 -2.56e-14      0.00 7.092e-01 2.755e-01 2.746e-03 7.408e-04 6.719e-03 -1.000 1.527e-02 8.079 9.760 11.887 8.393
0.0152 0.01508 6.45000 0.1397126615 1.4369007570    0.140 -1.316  3.4456  3.634    0  0.000  0.545     0.00     0.00     0.00     0.00     0.00 -1  -2.5e-14      0.00 7.092e-01 2.755e-01 2.746e-03 7.408e-04 6.719e-03 -1.000 1.527e-02 8.061 9.730 11.848 8.366
0.0152 0.01508 6.45000 0.1435914636 1.4575074428    0.144 -1.301  3.4474  3.637    0  0.000  0.545     0.00     0.00     0.00     0.00     0.00 -1 -2.55e-14      0.00 7.092e-01 2.755e-01 2.746e-03 7.408e-04 6.719e-03 -1.000 1.527e-02 8.022 9.670 11.768 8.311
0.0152 0.01508 6.45000 0.1502271146 1.4911345606    0.150 -1.276  3.4501  3.643    0  0.000  0.545     0.00     0.00     0.00     0.00     0.00 -1 -2.62e-14      0.00 7.092e-01 2.755e-01 2.746e-03 7.408e-04 6.719e-03 -1.000 1.527e-02 7.960 9.577 11.643 8.225
0.0152 0.01508 6.45000 0.1567414552 1.5223194777    0.157 -1.262  3.4516  3.654    0  0.000  0.545     0.00     0.00     0.00     0.00     0.00 -1 -2.61e-14      0.00 7.092e-01 2.755e-01 2.746e-03 7.408e-04 6.719e-03 -1.000 1.527e-02 7.925 9.524 11.573 8.176
0.0152 0.01508 6.45000 0.1630219966 1.5508297816    0.163 -1.247  3.4536  3.663    0  0.000  0.545     0.00     0.00     0.00     0.00     0.00 -1 -2.63e-14      0.00 7.092e-01 2.755e-01 2.746e-03 7.408e-04 6.719e-03 -1.000 1.527e-02 7.886 9.463 11.489 8.120
0.0152 0.01508 6.45000 0.1725669354 1.5915300339    0.173 -1.208  3.4579  3.666    0  0.000  0.545     0.00     0.00     0.00     0.00     0.00 -1 -2.78e-14      0.00 7.092e-01 2.755e-01 2.746e-03 7.408e-04 6.719e-03 -1.000 1.527e-02 7.789 9.318 11.296 7.988
0.0152 0.01508 6.45000 0.1821243912 1.6294521424    0.182 -1.178  3.4611  3.673    0  0.000  0.545     0.00     0.00     0.00     0.00     0.00 -1 -2.88e-14      0.00 7.092e-01 2.755e-01 2.746e-03 7.408e-04 6.719e-03 -1.000 1.527e-02 7.715 9.210 11.154 7.888
0.0152 0.01508 6.45000 0.1916762143 1.6648514166    0.192 -1.159  3.4633  3.685    0  0.000  0.545     0.00     0.00     0.00     0.00     0.00 -1 -2.89e-14      0.00 7.092e-01 2.755e-01 2.746e-03 7.408e-04 6.719e-03 -1.000 1.527e-02 7.669 9.143 11.066 7.826
0.0152 0.01508 6.45000 0.2036048919 1.7059673666    0.204 -1.140  3.4660  3.703    0  0.000  0.545     0.00     0.00     0.00     0.00     0.00 -1 -2.87e-14      0.00 7.092e-01 2.755e-01 2.746e-03 7.408e-04 6.719e-03 -1.000 1.527e-02 7.621 9.069 10.966 7.759
0.0152 0.01508 6.45000 0.2178385407 1.7511114548    0.218 -1.098  3.4710  3.710    0  0.000  0.545     0.00     0.00     0.00     0.00     0.00 -1 -3.03e-14      0.00 7.092e-01 2.755e-01 2.746e-03 7.408e-04 6.719e-03 -1.000 1.527e-02 7.516 8.917 10.767 7.619
0.0152 0.01508 6.45000 0.2323263884 1.7932853500    0.232 -1.063  3.4751  3.720    0  0.000  0.545     0.00     0.00     0.00     0.00     0.00 -1 -3.14e-14      0.00 7.092e-01 2.755e-01 2.746e-03 7.408e-04 6.719e-03 -1.000 1.527e-02 7.429 8.793 10.605 7.505
0.0152 0.01508 6.45000 0.2470196187 1.8327016269    0.247 -1.037  3.4785  3.734    0  0.000  0.545     0.00     0.00     0.00     0.00     0.00 -1 -3.19e-14      0.00 7.092e-01 2.755e-01 2.746e-03 7.408e-04 6.719e-03 -1.000 1.527e-02 7.363 8.697 10.477 7.417
0.0152 0.01508 6.45000 0.2523357570 1.8462188310    0.252 -1.028  3.4798  3.739    0  0.000  0.545     0.00     0.00     0.00     0.00     0.00 -1  -3.2e-14      0.00 7.092e-01 2.755e-01 2.746e-03 7.408e-04 6.719e-03 -1.000 1.527e-02 7.340 8.662 10.431 7.386
0.0152 0.01508 6.45000 0.2733410597 1.8962152629    0.273 -0.978  3.4864  3.751    0  0.000  0.545     0.00     0.00     0.00     0.00     0.00 -1  -3.4e-14      0.00 7.092e-01 2.755e-01 2.746e-03 7.408e-04 6.719e-03 -1.000 1.527e-02 7.216 8.482 10.189 7.224
0.0152 0.01508 6.45000 0.2949064374 1.9425993393    0.295 -0.936  3.4921  3.764    0  0.000  0.545     0.00     0.00     0.00     0.00     0.00 -1 -3.56e-14      0.00 7.092e-01 2.755e-01 2.746e-03 7.408e-04 6.719e-03 -1.000 1.527e-02 7.110 8.330 9.987 7.086
0.0152 0.01508 6.45000 0.3000000119 1.9529139769    0.300 -0.928  3.4932  3.768    0  0.000  0.545     0.00     0.00     0.00     0.00     0.00 -1 -3.58e-14      0.00 7.092e-01 2.755e-01 2.746e-03 7.408e-04 6.719e-03 -1.000 1.527e-02 7.089 8.301 9.950 7.060
0.0152 0.01508 6.45000 0.3310868442 2.0112833527    0.331 -0.867  3.5014  3.783    0  0.000  0.545     0.00     0.00     0.00     0.00     0.00 -1 -3.85e-14      0.00 7.092e-01 2.755e-01 2.746e-03 7.408e-04 6.719e-03 -1.000 1.527e-02 6.938 8.092 9.680 6.870
0.0152 0.01508 6.45000 0.3500000238 2.0434175133    0.350 -0.835  3.5059  3.793    0  0.000  0.545     0.00     0.00     0.00     0.00     0.00 -1 -3.99e-14      0.00 7.092e-01 2.755e-01 2.746e-03 7.408e-04 6.719e-03 -1.000 1.527e-02 6.857 7.979 9.534 6.767
0.0152 0.01508 6.45000 0.3630062938 2.0642337453    0.363 -0.812  3.5093  3.799    0  0.000  0.545     0.00     0.00     0.00     0.00     0.00 -1  -4.1e-14      0.00 7.092e-01 2.755e-01 2.746e-03 7.408e-04 6.719e-03 -1.000 1.527e-02 6.800 7.899 9.429 6.695
0.0152 0.01508 6.45000 0.4000000358 2.1185024810    0.400 -0.750  3.5183  3.815    0  0.000  0.545     0.00     0.00     0.00     0.00     0.00 -1 -4.42e-14      0.00 7.092e-01 2.755e-01 2.746e-03 7.408e-04 6.719e-03 -1.000 1.527e-02 6.645 7.680 9.141 6.499
0.0152 0.01508 6.45000 0.4145802557 2.1381278611    0.414 -0.726  3.5220  3.822    0  0.000  0.545     0.00     0.00     0.00     0.00     0.00 -1 -4.55e-14      0.00 7.092e-01 2.755e-01 2.746e-03 7.408e-04 6.719e-03 -1.000 1.527e-02 6.586 7.595 9.028 6.424
0.0152 0.01508 6.45000 0.4500000477 2.1822809714    0.450 -0.671  3.5305  3.836    0  0.000  0.545     0.00     0.00     0.00     0.00     0.00 -1 -4.88e-14      0.00 7.092e-01 2.755e-01 2.746e-03 7.408e-04 6.719e-03 -1.000 1.527e-02 6.448 7.397 8.764 6.249
0.0152 0.01508 6.45000 0.4701241553 2.2054026047    0.470 -0.642  3.5353  3.845    0  0.000  0.545     0.00     0.00     0.00     0.00     0.00 -1 -5.05e-14      0.00 7.092e-01 2.755e-01 2.746e-03 7.408e-04 6.719e-03 -1.000 1.527e-02 6.374 7.290 8.621 6.156
0.0152 0.01508 6.45000 0.5000000000 2.2374541529    0.500 -0.599  3.5423  3.857    0  0.000  0.545     0.00     0.00     0.00     0.00     0.00 -1 -5.33e-14      0.00 7.092e-01 2.755e-01 2.746e-03 7.408e-04 6.719e-03 -1.000 1.527e-02 6.267 7.135 8.413 6.021
0.0152 0.01508 6.45000 0.5164667964 2.2538086678    0.516 -0.573  3.5468  3.864    0  0.000  0.545     0.00     0.00     0.00     0.00     0.00 -1 -5.52e-14      0.00 7.092e-01 2.755e-01 2.746e-03 7.408e-04 6.719e-03 -1.000 1.527e-02 6.204 7.040 8.284 5.940
0.0152 0.01508 6.45000 0.5371601582 2.2727348015    0.537 -0.544  3.5518  3.871    0  0.000  0.545     0.00     0.00     0.00     0.00     0.00 -1 -5.74e-14      0.00 7.092e-01 2.755e-01 2.746e-03 7.408e-04 6.719e-03 -1.000 1.527e-02 6.130 6.931 8.137 5.847
0.0152 0.01508 6.45000 0.5500000119 2.2836582633    0.550 -0.528  3.5546  3.876    0  0.000  0.545     0.00     0.00     0.00     0.00     0.00 -1 -5.85e-14      0.00 7.092e-01 2.755e-01 2.746e-03 7.408e-04 6.719e-03 -1.000 1.527e-02 6.090 6.871 8.057 5.796
0.0152 0.01508 6.45000 0.5671409369 2.2973580554    0.567 -0.503  3.5590  3.883    0  0.000  0.545     0.00     0.00     0.00     0.00     0.00 -1 -6.06e-14      0.00 7.092e-01 2.755e-01 2.746e-03 7.408e-04 6.719e-03 -1.000 1.527e-02 6.029 6.778 7.931 5.718
0.0152 0.01508 6.45000 0.5917811990 2.3154617677    0.591 -0.470  3.5650  3.891    0  0.000  0.545     0.00     0.00     0.00     0.00     0.00 -1 -6.34e-14      0.00 7.092e-01 2.755e-01 2.746e-03 7.408e-04 6.719e-03 -1.000 1.527e-02 5.944 6.650 7.759 5.610
0.0152 0.01508 6.45000 0.6000000238 2.3211213258    0.600 -0.459  3.5669  3.894    0  0.000  0.545     0.00     0.00     0.00     0.00     0.00 -1 -6.44e-14      0.00 7.092e-01 2.755e-01 2.746e-03 7.408e-04 6.719e-03 -1.000 1.527e-02 5.917 6.610 7.705 5.576
0.0152 0.01508 6.45000 0.6092377305 2.3272733499    0.609 -0.447  3.5690  3.898    0  0.000  0.545     0.00     0.00     0.00     0.00     0.00 -1 -6.53e-14      0.00 7.092e-01 2.755e-01 2.746e-03 7.408e-04 6.719e-03 -1.000 1.527e-02 5.888 6.565 7.644 5.539
0.0152 0.01508 6.45000 0.6342062354 2.3428750707    0.634 -0.415  3.5749  3.907    0  0.000  0.545     0.00     0.00     0.00     0.00     0.00 -1 -6.83e-14      0.00 7.092e-01 2.755e-01 2.746e-03 7.408e-04 6.719e-03 -1.000 1.527e-02 5.808 6.440 7.476 5.435
0.0152 0.01508 6.45000 0.6499999762 2.3520353107    0.650 -0.395  3.5786  3.912    0  0.000  0.545     0.00     0.00     0.00     0.00     0.00 -1 -7.02e-14      0.00 7.092e-01 2.755e-01 2.746e-03 7.408e-04 6.719e-03 -1.000 1.527e-02 5.757 6.363 7.372 5.371
0.0152 0.01508 6.45000 0.6598597169 2.3574989038    0.660 -0.383  3.5808  3.915    0  0.000  0.545     0.00     0.00     0.00     0.00     0.00 -1 -7.14e-14      0.00 7.092e-01 2.755e-01 2.746e-03 7.408e-04 6.719e-03 -1.000 1.527e-02 5.727 6.316 7.310 5.332
0.0152 0.01508 6.45000 0.6867018938 2.3714630524    0.687 -0.348  3.5870  3.923    0  0.000  0.545     0.00     0.00     0.00     0.00     0.00 -1 -7.52e-14      0.00 7.092e-01 2.755e-01 2.746e-03 7.408e-04 6.719e-03 -1.000 1.527e-02 5.640 6.188 7.143 5.225
0.0152 0.01508 6.45000 0.7000000477 2.3779267258    0.700 -0.332  3.5899  3.927    0  0.000  0.545     0.00     0.00     0.00     0.00     0.00 -1 -7.69e-14      0.00 7.092e-01 2.755e-01 2.746e-03 7.408e-04 6.719e-03 -1.000 1.527e-02 5.600 6.128 7.065 5.175
0.0152 0.01508 6.45000 0.7089222670 2.3821074683    0.709 -0.311  3.5962  3.937    0  0.000  0.544     0.00     0.00     0.00     0.00     0.00 -1 -7.93e-14      0.00 7.092e-01 2.755e-01 2.739e-03 7.407e-04 6.719e-03 -1.000 1.527e-02 5.548 6.032 6.930 5.100
0.0152 0.01508 6.45000 0.7500000000 2.3998889087    0.750 -0.213  3.6254  3.980    0  0.000  0.538     0.00     0.00     0.00     0.00     0.00 -1 -9.21e-14      0.00 7.092e-01 2.755e-01 2.710e-03 7.399e-04 6.720e-03 -1.000 1.527e-02 5.302 5.600 6.341 4.763
0.0152 0.01508 6.45000 0.7908194065 2.4154708694    0.791 -0.176  3.6302  3.985    0  0.000  0.538     0.00     0.00     0.00     0.00     0.00 -1 -9.71e-14      0.00 7.092e-01 2.755e-01 2.710e-03 7.399e-04 6.720e-03 -1.000 1.527e-02 5.210 5.481 6.200 4.658
0.0152 0.01508 6.45000 0.8000000119 2.4187244405    0.800 -0.168  3.6312  3.986    0  0.000  0.538     0.00     0.00     0.00     0.00     0.00 -1 -9.82e-14      0.00 7.092e-01 2.755e-01 2.710e-03 7.399e-04 6.720e-03 -1.000 1.527e-02 5.191 5.456 6.170 4.636
0.0152 0.01508 6.45000 0.8354735374 2.4305271436    0.835 -0.139  3.6351  3.991    0  0.000  0.538     0.00     0.00     0.00     0.00     0.00 -1 -1.02e-13      0.00 7.092e-01 2.755e-01 2.710e-03 7.399e-04 6.720e-03 -1.000 1.527e-02 5.116 5.360 6.057 4.552
0.0152 0.01508 6.45000 0.8500000238 2.4350346840    0.850 -0.125  3.6367  3.992    0  0.000  0.538     0.00     0.00     0.00     0.00     0.00 -1 -1.04e-13      0.00 7.092e-01 2.755e-01 2.710e-03 7.399e-04 6.720e-03 -1.000 1.527e-02 5.084 5.319 6.009 4.515
0.0152 0.01508 6.45000 0.8884904385 2.4461628694    0.888 -0.093  3.6408  3.995    0  0.000  0.538     0.00     0.00     0.00     0.00     0.00 -1  -1.1e-13      0.00 7.092e-01 2.755e-01 2.710e-03 7.399e-04 6.720e-03 -1.000 1.527e-02 5.003 5.216 5.889 4.424
0.0152 0.01508 6.45000 0.9000000358 2.4492786175    0.899 -0.083  3.6420  3.995    0  0.000  0.538     0.00     0.00     0.00     0.00     0.00 -1 -1.11e-13      0.00 7.092e-01 2.755e-01 2.710e-03 7.399e-04 6.720e-03 -1.000 1.527e-02 4.978 5.185 5.853 4.397
0.0152 0.01508 6.45000 0.9371706247 2.4587427158    0.937 -0.055  3.6458  4.000    0  0.000  0.538     0.00     0.00     0.00     0.00     0.00 -1 -1.16e-13      0.00 7.092e-01 2.755e-01 2.710e-03 7.399e-04 6.720e-03 -1.000 1.527e-02 4.908 5.096 5.747 4.318
0.0152 0.01508 6.45000 0.9500000477 2.4618122009    0.950 -0.046  3.6470  4.001    0  0.000  0.538     0.00     0.00     0.00     0.00     0.00 -1 -1.17e-13      0.00 7.092e-01 2.755e-01 2.710e-03 7.399e-04 6.720e-03 -1.000 1.527e-02 4.884 5.065 5.712 4.291
0.0152 0.01508 6.45000 0.9605726004 2.4642709783    0.960 -0.038  3.6481  4.003    0  0.000  0.538     0.00     0.00     0.00     0.00     0.00 -1 -1.19e-13      0.00 7.092e-01 2.755e-01 2.710e-03 7.399e-04 6.720e-03 -1.000 1.527e-02 4.865 5.041 5.683 4.270
0.0152 0.01508 6.45000 1.0000000000 2.4729154477    1.000 -0.008  3.6519  4.006    0  0.000  0.538     0.00     0.00     0.00     0.00     0.00 -1 -1.24e-13      0.00 7.092e-01 2.755e-01 2.710e-03 7.399e-04 6.720e-03 -1.000 1.527e-02 4.790 4.948 5.574 4.187
0.0152 0.01508 6.45000 1.0057406425 2.4741092481    1.006 -0.004  3.6525  4.006    0  0.000  0.538     0.00     0.00     0.00     0.00     0.00 -1 -1.24e-13      0.00 7.092e-01 2.755e-01 2.710e-03 7.399e-04 6.720e-03 -1.000 1.527e-02 4.780 4.935 5.559 4.176
0.0152 0.01508 6.45000 1.0499999523 2.4828114860    1.050  0.030  3.6567  4.007    0  0.000  0.538     0.00     0.00     0.00     0.00     0.00 -1 -1.23e-13      0.00 7.092e-01 2.755e-01 2.710e-03 7.399e-04 6.720e-03 -1.000 1.527e-02 4.694 4.829 5.437 4.082
0.0152 0.01508 6.45000 1.0907851458 2.4901158535    1.090  0.061  3.6605  4.009    0  0.000  0.538     0.00     0.00     0.00     0.00     0.00 -1 -1.21e-13      0.00 7.092e-01 2.755e-01 2.710e-03 7.399e-04 6.720e-03 -1.000 1.527e-02 4.618 4.736 5.330 4.000
0.0152 0.01508 6.45000 1.1000000238 2.4916801480    1.099  0.068  3.6613  4.009    0  0.000  0.538     0.00     0.00     0.00     0.00     0.00 -1  -1.2e-13      0.00 7.092e-01 2.755e-01 2.710e-03 7.399e-04 6.720e-03 -1.000 1.527e-02 4.601 4.715 5.306 3.981
0.0152 0.01508 6.45000 1.1369223595 2.4976565592    1.136  0.094  3.6646  4.010    0  0.000  0.538     0.00     0.00     0.00     0.00     0.00 -1 -1.18e-13      0.00 7.092e-01 2.755e-01 2.710e-03 7.399e-04 6.720e-03 -1.000 1.527e-02 4.536 4.637 5.217 3.912
0.0152 0.01508 6.45000 1.1499999762 2.4996678137    1.149  0.103  3.6658  4.011    0  0.000  0.538     0.00     0.00     0.00     0.00     0.00 -1 -1.17e-13      0.00 7.092e-01 2.755e-01 2.710e-03 7.399e-04 6.720e-03 -1.000 1.527e-02 4.512 4.609 5.184 3.887
0.0152 0.01508 6.45000 1.1852211952 2.5048316641    1.185  0.125  3.6687  4.014    0  0.000  0.538     0.00     0.00     0.00     0.00     0.00 -1 -1.13e-13      0.00 7.092e-01 2.755e-01 2.710e-03 7.399e-04 6.720e-03 -1.000 1.527e-02 4.458 4.542 5.107 3.828
0.0152 0.01508 6.45000 1.2000000477 2.5068948796    1.200  0.136  3.6700  4.014    0  0.000  0.538     0.00     0.00     0.00     0.00     0.00 -1 -1.12e-13      0.00 7.092e-01 2.755e-01 2.710e-03 7.399e-04 6.720e-03 -1.000 1.527e-02 4.431 4.510 5.071 3.799
0.0152 0.01508 6.45000 1.2500000000 2.5134610955    1.250  0.170  3.6742  4.013    0  0.000  0.538     0.00     0.00     0.00     0.00     0.00 -1 -1.07e-13      0.00 7.092e-01 2.755e-01 2.710e-03 7.399e-04 6.720e-03 -1.000 1.527e-02 4.344 4.408 4.955 3.708
0.0152 0.01508 6.45000 1.2999999523 2.5194498592    1.300  0.205  3.6783  4.013    0  0.000  0.538     0.00     0.00     0.00     0.00     0.00 -1 -1.01e-13      0.00 7.092e-01 2.755e-01 2.710e-03 7.399e-04 6.720e-03 -1.000 1.527e-02 4.258 4.307 4.841 3.618
0.0152 0.01508 6.45000 1.3500001431 2.5249313723    1.350  0.236  3.6822  4.013    0  0.000  0.538     0.00     0.00     0.00     0.00     0.00 -1 -9.28e-14      0.00 7.092e-01 2.755e-01 2.710e-03 7.399e-04 6.720e-03 -1.000 1.527e-02 4.181 4.216 4.738 3.537
0.0152 0.01508 6.45000 1.3803490400 2.5280367017    1.381  0.256  3.6846  4.012    0  0.000  0.538     0.00     0.00     0.00     0.00     0.00 -1 -8.76e-14      0.00 7.092e-01 2.755e-01 2.710e-03 7.399e-04 6.720e-03 -1.000 1.527e-02 4.130 4.158 4.673 3.485
0.0152 0.01508 6.45000 1.4000000954 2.5299650415    1.400  0.269  3.6862  4.011    0  0.000  0.538     0.00     0.00     0.00     0.00     0.00 -1 -8.46e-14      0.00 7.092e-01 2.755e-01 2.710e-03 7.399e-04 6.720e-03 -1.000 1.527e-02 4.096 4.120 4.630 3.450
0.0152 0.01508 6.45000 1.4120023251 2.5311124936    1.412  0.276  3.6870  4.012    0  0.000  0.538     0.00     0.00     0.00     0.00     0.00 -1 -8.19e-14      0.00 7.092e-01 2.755e-01 2.710e-03 7.399e-04 6.720e-03 -1.000 1.527e-02 4.079 4.099 4.607 3.432
0.0152 0.01508 6.45000 1.4500000477 2.5346015836    1.450  0.303  3.6900  4.009    0  0.000  0.538     0.00     0.00     0.00     0.00     0.00 -1  -7.5e-14      0.00 7.092e-01 2.755e-01 2.710e-03 7.399e-04 6.720e-03 -1.000 1.527e-02 4.013 4.024 4.522 3.364
0.0152 0.01508 6.45000 1.5000000000 2.5388844597    1.500  0.334  3.6938  4.007    0  0.000  0.538     0.00     0.00     0.00     0.00     0.00 -1 -6.36e-14      0.00 7.092e-01 2.755e-01 2.710e-03 7.399e-04 6.720e-03 -1.000 1.527e-02 3.934 3.934 4.422 3.284
0.0152 0.01508 6.45000 1.5499999523 2.5428511323    1.550  0.367  3.6975  4.003    0  0.000  0.538     0.00     0.00     0.00     0.00     0.00 -1 -5.08e-14      0.00 7.092e-01 2.755e-01 2.710e-03 7.399e-04 6.720e-03 -1.000 1.527e-02 3.852 3.842 4.319 3.201
0.0152 0.01508 6.45000 1.6000000238 2.5465340628    1.600  0.401  3.7013  3.998    0  0.000  0.538     0.00     0.00     0.00     0.00     0.00 -1 -3.62e-14      0.00 7.092e-01 2.755e-01 2.710e-03 7.399e-04 6.720e-03 -1.000 1.527e-02 3.768 3.747 4.214 3.115
0.0152 0.01508 6.45000 1.6500000954 2.5499614852    1.649  0.432  3.7049  3.995    0  0.000  0.538     0.00     0.00     0.00     0.00     0.00 -1 -1.92e-14      0.00 7.092e-01 2.755e-01 2.710e-03 7.399e-04 6.720e-03 -1.000 1.527e-02 3.690 3.661 4.119 3.037
0.0152 0.01508 6.45000 1.7000000477 2.5531580802    1.699  0.468  3.7088  3.988    0  0.000  0.538     0.00     0.00     0.00     0.00     0.00 -1    -1e-30      0.00 7.092e-01 2.755e-01 2.710e-03 7.399e-04 6.720e-03 -1.000 1.527e-02 3.601 3.562 4.010 2.947
0.0152 0.01508 6.45000 1.7500000000 2.5561455243    1.749  0.497  3.7122  3.985    0  0.000  0.538     0.00     0.00     0.00     0.00     0.00 -1    -1e-30      0.00 7.092e-01 2.755e-01 2.710e-03 7.399e-04 6.720e-03 -1.000 1.527e-02 3.527 3.481 3.920 2.873
0.0152 0.01508 6.45000 1.7999999523 2.5589429085    1.799  0.533  3.7161  3.976    0  0.000  0.538     0.00     0.00     0.00     0.00     0.00 -1    -1e-30      0.00 7.092e-01 2.755e-01 2.710e-03 7.399e-04 6.720e-03 -1.000 1.527e-02 3.437 3.382 3.813 2.783
0.0152 0.01508 6.45000 1.8500000238 2.5615671203    1.849  0.565  3.7197  3.970    0  0.000  0.538     0.00     0.00     0.00     0.00     0.00 -1    -1e-30      0.00 7.092e-01 2.755e-01 2.710e-03 7.399e-04 6.720e-03 -1.000 1.527e-02 3.357 3.294 3.717 2.703
0.0152 0.01508 6.45000 1.8600906134 2.5620770789    1.859  0.572  3.7204  3.969    0  0.000  0.538     0.00     0.00     0.00     0.00     0.00 -1    -1e-30      0.00 7.092e-01 2.755e-01 2.710e-03 7.399e-04 6.720e-03 -1.000 1.527e-02 3.339 3.275 3.696 2.686
0.0152 0.01508 6.45000 1.9000000954 2.5640331317    1.899  0.605  3.7237  3.959    0  0.000  0.538     0.00     0.00     0.00     0.00     0.00 -1    -1e-30      0.00 7.092e-01 2.755e-01 2.710e-03 7.399e-04 6.720e-03 -1.000 1.527e-02 3.259 3.189 3.602 2.606
0.0152 0.01508 6.45000 1.9500001669 2.5663542767    1.950  0.647  3.7278  3.944    0  0.000  0.538     0.00     0.00     0.00     0.00     0.00 -1    -1e-30      0.00 7.092e-01 2.755e-01 2.710e-03 7.399e-04 6.720e-03 -1.000 1.527e-02 3.153 3.076 3.479 2.503
0.0152 0.01508 6.45000 2.0000000000 2.5685424513    2.000  0.685  3.7317  3.933    0  0.000  0.538     0.00     0.00     0.00     0.00     0.00 -1    -1e-30      0.00 7.092e-01 2.755e-01 2.710e-03 7.399e-04 6.720e-03 -1.000 1.527e-02 3.058 2.974 3.369 2.410
0.0152 0.01508 6.45000 2.0499999523 2.5706083333    2.050  0.733  3.7361  3.913    0  0.000  0.538     0.00     0.00     0.00     0.00     0.00 -1    -1e-30      0.00 7.092e-01 2.755e-01 2.710e-03 7.399e-04 6.720e-03 -1.000 1.527e-02 2.938 2.847 3.232 2.292
0.0152 0.01508 6.45000 2.0999999046 2.5725614918    2.099  0.779  3.7405  3.895    0  0.000  0.538     0.00     0.00     0.00     0.00     0.00 -1    -1e-30      0.00 7.092e-01 2.755e-01 2.710e-03 7.399e-04 6.720e-03 -1.000 1.527e-02 2.823 2.725 3.101 2.180
0.0152 0.01508 6.45000 2.1500000954 2.5744105556    2.149  0.832  3.7452  3.871    0  0.000  0.538     0.00     0.00     0.00     0.00     0.00 -1    -1e-30      0.00 7.092e-01 2.755e-01 2.710e-03 7.399e-04 6.720e-03 -1.000 1.527e-02 2.690 2.587 2.952 2.051
0.0152 0.01508 6.45000 2.1744334698 2.5752786411    2.173  0.860  3.7476  3.857    0  0.000  0.538     0.00     0.00     0.00     0.00     0.00 -1    -1e-30      0.00 7.092e-01 2.755e-01 2.710e-03 7.399e-04 6.720e-03 -1.000 1.527e-02 2.620 2.514 2.875 1.984
0.0152 0.01508 6.45000 2.2000000477 2.5761632879    2.199  0.894  3.7504  3.840    0  0.000  0.538     0.00     0.00     0.00     0.00     0.00 -1    -1e-30      0.00 7.092e-01 2.755e-01 2.710e-03 7.399e-04 6.720e-03 -1.000 1.527e-02 2.534 2.426 2.780 1.902
0.0152 0.01508 6.45000 2.2255887985 2.5770253385    2.224  0.930  3.7533  3.821    0  0.000  0.538     0.00     0.00     0.00     0.00     0.00 -1    -1e-30      0.00 7.092e-01 2.755e-01 2.710e-03 7.399e-04 6.720e-03 -1.000 1.527e-02 2.445 2.334 2.681 1.817
0.0152 0.01508 6.45000 2.2500000000 2.5778267375    2.249  0.968  3.7564  3.799    0  0.000  0.538     0.00     0.00     0.00     0.00     0.00 -1    -1e-30      0.00 7.092e-01 2.755e-01 2.710e-03 7.399e-04 6.720e-03 -1.000 1.527e-02 2.349 2.234 2.575 1.725
0.0152 0.01508 6.45000 2.2827365398 2.5788705706    2.281  1.024  3.7609  3.768    0  0.000  0.538     0.00     0.00     0.00     0.00     0.00 -1    -1e-30      0.00 7.092e-01 2.755e-01 2.710e-03 7.399e-04 6.720e-03 -1.000 1.527e-02 2.211 2.092 2.422 1.593
0.0152 0.01508 6.45000 2.2999999523 2.5794072884    2.299  1.055  3.7634  3.750    0  0.000  0.538     0.00     0.00     0.00     0.00     0.00 -1    -1e-30      0.00 7.092e-01 2.755e-01 2.710e-03 7.399e-04 6.720e-03 -1.000 1.527e-02 2.132 2.010 2.335 1.518
0.0152 0.01508 6.45000 2.3115055561 2.5797598810    2.310  1.077  3.7651  3.737    0  0.000  0.538     0.00     0.00     0.00     0.00     0.00 -1    -1e-30      0.00 7.092e-01 2.755e-01 2.710e-03 7.399e-04 6.720e-03 -1.000 1.527e-02 2.078 1.955 2.276 1.467
0.0152 0.01508 6.45000 2.3446028233 2.5807520041    2.343  1.140  3.7705  3.702    0  0.000  0.538     0.00     0.00     0.00     0.00     0.00 -1    -1e-30      0.00 7.092e-01 2.755e-01 2.710e-03 7.399e-04 6.720e-03 -1.000 1.527e-02 1.919 1.793 2.102 1.317
0.0152 0.01508 6.45000 2.3773124218 2.5817013587    2.376  1.202  3.7762  3.668    0  0.000  0.538     0.00     0.00     0.00     0.00     0.00 -1    -1e-30      0.00 7.092e-01 2.755e-01 2.710e-03 7.399e-04 6.720e-03 -1.000 1.527e-02 1.764 1.634 1.931 1.172
0.0152 0.01508 6.45000 2.4000000954 2.5823423892    2.399  1.245  3.7803  3.647    0  0.000  0.538     0.00     0.00     0.00     0.00     0.00 -1    -1e-30      0.00 7.092e-01 2.755e-01 2.710e-03 7.399e-04 6.720e-03 -1.000 1.527e-02 1.659 1.526 1.814 1.075
0.0152 0.01508 6.45000 2.4054837227 2.5824952415    2.405  1.255  3.7814  3.642    0  0.000  0.538     0.00     0.00     0.00     0.00     0.00 -1    -1e-30      0.00 7.092e-01 2.755e-01 2.710e-03 7.399e-04 6.720e-03 -1.000 1.527e-02 1.632 1.499 1.784 1.051
0.0152 0.01508 6.45000 2.4366624355 2.5833493097    2.436  1.315  3.7882  3.614    0  0.000  0.538     0.00     0.00     0.00     0.00     0.00 -1    -1e-30      0.00 7.092e-01 2.755e-01 2.710e-03 7.399e-04 6.720e-03 -1.000 1.527e-02 1.482 1.346 1.617 0.915
0.0152 0.01508 6.45000 2.4670269489 2.5841572576    2.466  1.374  3.7959  3.592    0  0.000  0.538     0.00     0.00     0.00     0.00     0.00 -1    -1e-30      0.00 7.092e-01 2.755e-01 2.710e-03 7.399e-04 6.720e-03 -1.000 1.527e-02 1.335 1.197 1.452 0.785
0.0152 0.01508 6.45000 2.4892148972 2.5847333288    2.489  1.418  3.8026  3.579    0  0.000  0.538     0.00     0.00     0.00     0.00     0.00 -1    -1e-30      0.00 7.092e-01 2.755e-01 2.710e-03 7.399e-04 6.720e-03 -1.000 1.527e-02 1.226 1.087 1.327 0.692
0.0152 0.01508 6.45000 2.5108976364 2.5852849865    2.510  1.461  3.8107  3.571    0  0.000  0.538     0.00     0.00     0.00     0.00     0.00 -1    -1e-30      0.00 7.092e-01 2.755e-01 2.710e-03 7.399e-04 6.720e-03 -1.000 1.527e-02 1.118 0.978 1.202 0.604
0.0152 0.01508 6.45000 2.5296533108 2.5857534110    2.529  1.499  3.8194  3.572    0  0.000  0.538     0.00     0.00     0.00     0.00     0.00 -1    -1e-30      0.00 7.092e-01 2.755e-01 2.710e-03 7.399e-04 6.720e-03 -1.000 1.527e-02 1.023 0.882 1.091 0.530
0.0152 0.01508 6.45000 2.5453565121 2.5861395000    2.545  1.531  3.8282  3.578    0  0.000  0.538     0.00     0.00     0.00     0.00     0.00 -1    -1e-30      0.00 7.092e-01 2.755e-01 2.710e-03 7.399e-04 6.720e-03 -1.000 1.527e-02 0.942 0.801 0.994 0.471
0.0152 0.01508 6.45000 2.5594005585 2.5864801845    2.559  1.560  3.8374  3.587    0  0.000  0.538     0.00     0.00     0.00     0.00     0.00 -1    -1e-30      0.00 7.092e-01 2.755e-01 2.710e-03 7.399e-04 6.720e-03 -1.000 1.527e-02 0.870 0.730 0.907 0.422
0.0152 0.01508 6.45000 2.5727739334 2.5868006271    2.573  1.588  3.8469  3.600    0  0.000  0.538     0.00     0.00     0.00     0.00     0.00 -1    -1e-30      0.00 7.092e-01 2.755e-01 2.710e-03 7.399e-04 6.720e-03 -1.000 1.527e-02 0.800 0.662 0.823 0.378
0.0152 0.01508 6.45000 2.5857465267 2.5871078271    2.586  1.615  3.8567  3.614    0  0.000  0.538     0.00     0.00     0.00     0.00     0.00 -1    -1e-30      0.00 7.092e-01 2.755e-01 2.710e-03 7.399e-04 6.720e-03 -1.000 1.527e-02 0.732 0.596 0.741 0.337
0.0152 0.01508 6.45000 2.5983860493 2.5874037493    2.598  1.642  3.8666  3.629    0  0.000  0.538     0.00     0.00     0.00     0.00     0.00 -1    -1e-30      0.00 7.092e-01 2.755e-01 2.710e-03 7.399e-04 6.720e-03 -1.000 1.527e-02 0.665 0.534 0.663 0.300
0.0152 0.01508 6.45000 2.5999999046 2.5874412955    2.600  1.645  3.8678  3.631    0  0.000  0.538     0.00     0.00     0.00     0.00     0.00 -1    -1e-30      0.00 7.092e-01 2.755e-01 2.710e-03 7.399e-04 6.720e-03 -1.000 1.527e-02 0.657 0.526 0.653 0.296
0.0152 0.01508 6.45000 2.6114742756 2.5877067078    2.611  1.669  3.8769  3.645    0  0.000  0.538     0.00     0.00     0.00     0.00     0.00 -1    -1e-30      0.00 7.092e-01 2.755e-01 2.710e-03 7.399e-04 6.720e-03 -1.000 1.527e-02 0.597 0.472 0.585 0.265
0.0152 0.01508 6.45000 2.6233899593 2.5879795038    2.623  1.694  3.8865  3.661    0  0.000  0.538     0.00     0.00     0.00     0.00     0.00 -1    -1e-30      0.00 7.092e-01 2.755e-01 2.710e-03 7.399e-04 6.720e-03 -1.000 1.527e-02 0.535 0.417 0.515 0.236
0.0152 0.01508 6.45000 2.6350870132 2.5882445368    2.635  1.718  3.8961  3.677    0  0.000  0.538     0.00     0.00     0.00     0.00     0.00 -1    -1e-30      0.00 7.092e-01 2.755e-01 2.710e-03 7.399e-04 6.720e-03 -1.000 1.527e-02 0.475 0.366 0.449 0.211
0.0152 0.01508 6.45000 2.6503727436 2.5885868307    2.650  1.750  3.9090  3.700    0  0.000  0.538     0.00     0.00     0.00     0.00     0.00 -1    -1e-30      0.00 7.092e-01 2.755e-01 2.710e-03 7.399e-04 6.720e-03 -1.000 1.527e-02 0.395 0.305 0.369 0.182
0.0152 0.01508 6.45000 2.6653475761 2.5889177882    2.665  1.781  3.9220  3.723    0  0.000  0.538     0.00     0.00     0.00     0.00     0.00 -1    -1e-30      0.00 7.092e-01 2.755e-01 2.710e-03 7.399e-04 6.720e-03 -1.000 1.527e-02 0.318 0.251 0.298 0.159
0.0152 0.01508 6.45000 2.6800558567 2.5892387177    2.680  1.811  3.9350  3.747    0  0.000  0.538     0.00     0.00     0.00     0.00     0.00 -1    -1e-30      0.00 7.092e-01 2.755e-01 2.710e-03 7.399e-04 6.720e-03 -1.000 1.527e-02 0.243 0.205 0.239 0.141
0.0152 0.01508 6.45000 2.6945455074 2.5895509403    2.695  1.840  3.9481  3.773    0  0.000  0.538     0.00     0.00     0.00     0.00     0.00 -1    -1e-30      0.00 7.092e-01 2.755e-01 2.710e-03 7.399e-04 6.720e-03 -1.000 1.527e-02 0.170 0.171 0.192 0.129
0.0152 0.01508 6.45000 2.7088680267 2.5898557895    2.709  1.868  3.9612  3.799    0  0.000  0.538     0.00     0.00     0.00     0.00     0.00 -1    -1e-30      0.00 7.092e-01 2.755e-01 2.710e-03 7.399e-04 6.720e-03 -1.000 1.527e-02 0.099 0.146 0.156 0.125
0.0152 0.01508 6.45000 2.7230813503 2.5901546717    2.723  1.896  3.9744  3.827    0  0.000  0.538     0.00     0.00     0.00     0.00     0.00 -1    -1e-30      0.00 7.092e-01 2.755e-01 2.710e-03 7.399e-04 6.720e-03 -1.000 1.527e-02 0.031 0.130 0.132 0.126
0.0152 0.01508 6.45000 2.7372853756 2.5904497952    2.738  1.922  3.9876  3.856    0  0.000  0.538     0.00     0.00     0.00     0.00     0.00 -1    -1e-30      0.00 7.092e-01 2.755e-01 2.710e-03 7.399e-04 6.720e-03 -1.000 1.527e-02 -0.034 0.122 0.115 0.133
0.0152 0.01508 6.45000 2.7516133785 2.5907439474    2.752  1.946  4.0009  3.887    0  0.000  0.538     0.00     0.00     0.00     0.00     0.00 -1    -1e-30      0.00 7.092e-01 2.755e-01 2.710e-03 7.399e-04 6.720e-03 -1.000 1.527e-02 -0.095 0.120 0.106 0.145
0.0152 0.01508 6.45000 2.7663183212 2.5910421974    2.767  1.969  4.0142  3.920    0  0.000  0.538     0.00     0.00     0.00     0.00     0.00 -1    -1e-30      0.00 7.092e-01 2.755e-01 2.710e-03 7.399e-04 6.720e-03 -1.000 1.527e-02 -0.151 0.126 0.106 0.163
0.0152 0.01508 6.45000 2.7820098400 2.5913564618    2.782  1.988  4.0274  3.956    0  0.000  0.538     0.00     0.00     0.00     0.00     0.00 -1    -1e-30      0.00 7.092e-01 2.755e-01 2.710e-03 7.399e-04 6.720e-03 -1.000 1.527e-02 -0.199 0.142 0.117 0.190
0.0152 0.01508 6.45000 2.7907207012 2.5915291667    2.791  1.996  4.0344  3.977    0  0.000  0.538     0.00     0.00     0.00     0.00     0.00 -1    -1e-30      0.00 7.092e-01 2.755e-01 2.710e-03 7.399e-04 6.720e-03 -1.000 1.527e-02 -0.221 0.155 0.126 0.207
0.0152 0.01508 6.45000 2.8000001907 2.5917117867    2.800  1.994  4.0388  3.998    0  0.000  0.538     0.00     0.00     0.00     0.00     0.00 -1    -1e-30      0.00 7.092e-01 2.755e-01 2.710e-03 7.399e-04 6.720e-03 -1.000 1.527e-02 -0.216 0.182 0.152 0.238
0.0152 0.01508 6.45000 2.8138561249 2.5919818944    2.814  1.990  4.0455  4.031    0  0.000  0.538     0.00     0.00     0.00     0.00     0.00 -1    -1e-30      0.00 7.092e-01 2.755e-01 2.710e-03 7.399e-04 6.720e-03 -1.000 1.527e-02 -0.206 0.225 0.193 0.286
0.0152 0.01508 6.45000 2.8368780613 2.5924239821    2.837  1.960  4.0499  4.082    0  0.000  0.538     0.00     0.00     0.00     0.00     0.00 -1    -1e-30      0.00 7.092e-01 2.755e-01 2.710e-03 7.399e-04 6.720e-03 -1.000 1.527e-02 -0.131 0.323 0.289 0.386
0.0152 0.01508 6.45000 2.8521838188 2.5927133591    2.853  1.930  4.0492  4.112    0  0.000  0.538     0.00     0.00     0.00     0.00     0.00 -1    -1e-30      0.00 7.092e-01 2.755e-01 2.710e-03 7.399e-04 6.720e-03 -1.000 1.527e-02 -0.055 0.396 0.362 0.458
0.0152 0.01508 6.45000 2.8663017750 2.5929771304    2.867  1.900  4.0471  4.136    0  0.000  0.538     0.00     0.00     0.00     0.00     0.00 -1    -1e-30      0.00 7.092e-01 2.755e-01 2.710e-03 7.399e-04 6.720e-03 -1.000 1.527e-02 0.020 0.460 0.428 0.521
0.0152 0.01508 6.45000 2.8810381889 2.5932492879    2.881  1.873  4.0446  4.155    0  0.000  0.538     0.00     0.00     0.00     0.00     0.00 -1    -1e-30      0.00 7.092e-01 2.755e-01 2.710e-03 7.399e-04 6.720e-03 -1.000 1.527e-02 0.088 0.516 0.485 0.575
0.0152 0.01508 6.45000 2.8985872269 2.5935692422    2.899  1.855  4.0432  4.170    0  0.000  0.538     0.00     0.00     0.00     0.00     0.00 -1    -1e-30      0.00 7.092e-01 2.755e-01 2.710e-03 7.399e-04 6.720e-03 -1.000 1.527e-02 0.132 0.553 0.522 0.611
0.0152 0.01508 6.45000 2.9379258156 2.5942705190    2.938  1.841  4.0433  4.191    0  0.000  0.538     0.00     0.00     0.00     0.00     0.00 -1    -1e-30      0.00 7.092e-01 2.755e-01 2.710e-03 7.399e-04 6.720e-03 -1.000 1.527e-02 0.168 0.590 0.559 0.648
0.0152 0.01508 6.45000 2.9509685040 2.5944982861    2.951  1.853  4.0465  4.193    0  0.000  0.538     0.00     0.00     0.00     0.00     0.00 -1    -1e-30      0.00 7.092e-01 2.755e-01 2.710e-03 7.399e-04 6.720e-03 -1.000 1.527e-02 0.137 0.575 0.543 0.635
0.0152 0.01508 6.45000 3.0000000000 2.5953341962    3.000  1.917  4.0632  4.203    0  0.000  0.538     0.00     0.00     0.00     0.00     0.00 -1    -1e-30      0.00 7.092e-01 2.755e-01 2.710e-03 7.399e-04 6.720e-03 -1.000 1.527e-02 -0.022 0.501 0.463 0.572
0.0152 0.01508 6.45000 3.0006849766 2.5953456517    3.001  1.918  4.0635  4.203    0  0.000  0.538     0.00     0.00     0.00     0.00     0.00 -1    -1e-30      0.00 7.092e-01 2.755e-01 2.710e-03 7.399e-04 6.720e-03 -1.000 1.527e-02 -0.025 0.500 0.461 0.571
0.0152 0.01508 6.45000 3.0308396816 2.5958440599    3.031  1.967  4.0777  4.215    0  0.000  0.538     0.00     0.00     0.00     0.00     0.00 -1    -1e-30      0.00 7.092e-01 2.755e-01 2.710e-03 7.399e-04 6.720e-03 -1.000 1.527e-02 -0.149 0.449 0.406 0.530
0.0152 0.01508 6.45000 3.0530183315 2.5962034195    3.053  2.008  4.0904  4.228    0  0.000  0.538     0.00     0.00     0.00     0.00     0.00 -1    -1e-30      0.00 7.092e-01 2.755e-01 2.710e-03 7.399e-04 6.720e-03 -1.000 1.527e-02 -0.250 0.415 0.368 0.504
0.0152 0.01508 6.45000 3.0709075928 2.5964889332    3.071  2.039  4.1010  4.242    0  0.000  0.538     0.00     0.00     0.00     0.00     0.00 -1    -1e-30      0.00 7.092e-01 2.755e-01 2.710e-03 7.399e-04 6.720e-03 -1.000 1.527e-02 -0.327 0.395 0.345 0.490
0.0152 0.01508 6.45000 3.0868461132 2.5967401098    3.087  2.062  4.1099  4.257    0  0.000  0.538     0.00     0.00     0.00     0.00     0.00 -1    -1e-30      0.00 7.092e-01 2.755e-01 2.710e-03 7.399e-04 6.720e-03 -1.000 1.527e-02 -0.385 0.386 0.332 0.485
0.0152 0.01508 6.45000 3.1094594002 2.5970913986    3.109  2.079  4.1188  4.279    0  0.000  0.538     0.00     0.00     0.00     0.00     0.00 -1    -1e-30      0.00 7.092e-01 2.755e-01 2.710e-03 7.399e-04 6.720e-03 -1.000 1.527e-02 -0.427 0.393 0.337 0.498
0.0152 0.01508 6.45000 3.1605250835 2.5978634593    3.160  2.073  4.1272  4.326    0  0.000  0.538     0.00     0.00     0.00     0.00     0.00 -1    -1e-30      0.00 7.092e-01 2.755e-01 2.710e-03 7.399e-04 6.720e-03 -1.000 1.527e-02 -0.412 0.456 0.397 0.565
0.0152 0.01508 6.45000 3.1961236000 2.5983849217    3.195  2.066  4.1293  4.346    0  0.000  0.538     0.00     0.00     0.00     0.00     0.00 -1    -1e-30      0.00 7.092e-01 2.755e-01 2.710e-03 7.399e-04 6.720e-03 -1.000 1.527e-02 -0.395 0.486 0.426 0.596
0.0152 0.01508 6.45000 3.2000000477 2.5984409005    3.199  2.066  4.1294  4.347    0  0.000  0.538     0.00     0.00     0.00     0.00     0.00 -1    -1e-30      0.00 7.092e-01 2.755e-01 2.710e-03 7.399e-04 6.720e-03 -1.000 1.527e-02 -0.395 0.486 0.427 0.597
0.0152 0.01508 6.45000 3.2158925533 2.5986687790    3.215  2.065  4.1297  4.351    0  0.000  0.538     0.00     0.00     0.00     0.00     0.00 -1    -1e-30      0.00 7.092e-01 2.755e-01 2.710e-03 7.399e-04 6.720e-03 -1.000 1.527e-02 -0.392 0.490 0.431 0.601
0.0152 0.01508 6.45000 3.3335361481 2.6002782251    3.332  2.093  4.1351  4.360    0  0.000  0.538     0.00     0.00     0.00     0.00     0.00 -1    -1e-30      0.00 7.092e-01 2.755e-01 2.710e-03 7.399e-04 6.720e-03 -1.000 1.527e-02 -0.462 0.451 0.390 0.564
0.0152 0.01508 6.45000 3.4000000954 2.6011310876    3.398  2.125  4.1408  4.359    0  0.000  0.538     0.00     0.00     0.00     0.00     0.00 -1    -1e-30      0.00 7.092e-01 2.755e-01 2.710e-03 7.399e-04 6.720e-03 -1.000 1.527e-02 -0.543 0.402 0.339 0.518
0.0152 0.01508 6.45000 3.6000001431 2.6034804607    3.598  2.218  4.1570  4.356    0  0.000  0.538     0.00     0.00     0.00     0.00     0.00 -1    -1e-30      0.00 7.092e-01 2.755e-01 2.710e-03 7.399e-04 6.720e-03 -1.000 1.527e-02 -0.775 0.262 0.194 0.387
0.0152 0.01508 6.45000 3.8000001907 2.6055477311    3.798  2.306  4.1721  4.352    0  0.000  0.538     0.00     0.00     0.00     0.00     0.00 -1    -1e-30      0.00 7.092e-01 2.755e-01 2.710e-03 7.399e-04 6.720e-03 -1.000 1.527e-02 -0.995 0.129 0.057 0.264
0.0152 0.01508 6.45000 4.0000000000 2.6073790840    4.001  2.388  4.1863  4.349    0  0.000  0.538     0.00     0.00     0.00     0.00     0.00 -1    -1e-30      0.00 7.092e-01 2.755e-01 2.710e-03 7.399e-04 6.720e-03 -1.000 1.527e-02 -1.200 0.007 -0.070 0.149
0.0152 0.01508 6.45000 4.1999998093 2.6090113217    4.198  2.466  4.1997  4.345    0  0.000  0.538     0.00     0.00     0.00     0.00     0.00 -1    -1e-30      0.00 7.092e-01 2.755e-01 2.710e-03 7.399e-04 6.720e-03 -1.000 1.527e-02 -1.396 -0.110 -0.190 0.040
0.0152 0.01508 6.45000 4.4000000954 2.6104741055    4.397  2.540  4.2120  4.341    0  0.000  0.538     0.00     0.00     0.00     0.00     0.00 -1    -1e-30      0.00 7.092e-01 2.755e-01 2.710e-03 7.399e-04 6.720e-03 -1.000 1.527e-02 -1.580 -0.222 -0.306 -0.065
0.0152 0.01508 6.45000 4.5999999046 2.6117915791    4.597  2.610  4.2238  4.337    0  0.000  0.538     0.00     0.00     0.00     0.00     0.00 -1    -1e-30      0.00 7.092e-01 2.755e-01 2.710e-03 7.399e-04 6.720e-03 -1.000 1.527e-02 -1.756 -0.328 -0.416 -0.165
0.0152 0.01508 6.45000 4.8000001907 2.6129836005    4.798  2.678  4.2352  4.334    0  0.000  0.538     0.00     0.00     0.00     0.00     0.00 -1    -1e-30      0.00 7.092e-01 2.755e-01 2.710e-03 7.399e-04 6.720e-03 -1.000 1.527e-02 -1.925 -0.430 -0.521 -0.261
0.0152 0.01508 6.45000 5.0000000000 2.6140666223    4.999  2.741  4.2453  4.329    1  0.000  0.538     0.00     0.00     0.00     0.00     0.00 -1    -1e-30      0.00 7.092e-01 2.755e-01 2.710e-03 7.399e-04 6.720e-03 -1.000 1.527e-02 -2.083 -0.528 -0.622 -0.353
0.0152 0.01508 6.45000 5.1999998093 2.6150544000    5.200  2.802  4.2551  4.324    1  0.000  0.538     0.00     0.00     0.00     0.00     0.00 -1    -1e-30      0.00 7.092e-01 2.755e-01 2.710e-03 7.399e-04 6.720e-03 -1.000 1.527e-02 -2.235 -0.623 -0.720 -0.442
0.0152 0.01508 6.45000 5.3999996185 2.6159585084    5.401  2.861  4.2648  4.321    0  0.000  0.538     0.00     0.00     0.00     0.00     0.00 -1    -1e-30      0.00 7.092e-01 2.755e-01 2.710e-03 7.399e-04 6.720e-03 -1.000 1.527e-02 -2.382 -0.713 -0.813 -0.527
0.0152 0.01508 6.45000 5.5999994278 2.6167887546    5.601  2.917  4.2743  4.318    1  0.000  0.538     0.00     0.00     0.00     0.00     0.00 -1    -1e-30      0.00 7.092e-01 2.755e-01 2.710e-03 7.399e-04 6.720e-03 -1.000 1.527e-02 -2.523 -0.799 -0.901 -0.608
0.0152 0.01508 6.45000 5.8000001907 2.6175535027    5.801  2.971  4.2826  4.313    0  0.000  0.538     0.00     0.00     0.00     0.00     0.00 -1    -1e-30      0.00 7.092e-01 2.755e-01 2.710e-03 7.399e-04 6.720e-03 -1.000 1.527e-02 -2.657 -0.885 -0.989 -0.688
0.0152 0.01508 6.45000 6.0000000000 2.6182599138    6.000  3.023  4.2906  4.308    1  0.000  0.538     0.00     0.00     0.00     0.00     0.00 -1    -1e-30      0.00 7.092e-01 2.755e-01 2.710e-03 7.399e-04 6.720e-03 -1.000 1.527e-02 -2.787 -0.968 -1.075 -0.767
0.0152 0.01508 6.45000 6.1999998093 2.6189141709    6.200  3.073  4.2988  4.305    0  0.000  0.538     0.00     0.00     0.00     0.00     0.00 -1    -1e-30      0.00 7.092e-01 2.755e-01 2.710e-03 7.399e-04 6.720e-03 -1.000 1.527e-02 -2.912 -1.047 -1.156 -0.841
0.0152 0.01508 6.45000 6.4000000954 2.6195216279    6.399  3.121  4.3061  4.300    1  0.000  0.538     0.00     0.00     0.00     0.00     0.00 -1    -1e-30      0.00 7.092e-01 2.755e-01 2.710e-03 7.399e-04 6.720e-03 -1.000 1.527e-02 -3.032 -1.124 -1.235 -0.914
0.0152 0.01508 6.45000 7.0000000000 2.6211069280    6.996  3.255  4.3269  4.287    1  0.000  0.538     0.00     0.00     0.00     0.00     0.00 -1    -1e-30      0.00 7.092e-01 2.755e-01 2.710e-03 7.399e-04 6.720e-03 -1.000 1.527e-02 -3.369 -1.343 -1.460 -1.122
0.0152 0.01508 6.45000 7.8052887917 2.6228005612    7.805  3.418  4.3522  4.273    1  0.000  0.538     0.00     0.00     0.00     0.00     0.00 -1    -1e-30      0.00 7.092e-01 2.755e-01 2.710e-03 7.399e-04 6.720e-03 -1.000 1.527e-02 -3.775 -1.608 -1.731 -1.373
0.0152 0.01508 6.45000 8.0000000000 2.6231516585    8.001  3.455  4.3579  4.270    1  0.000  0.538     0.00     0.00     0.00     0.00     0.00 -1    -1e-30      0.00 7.092e-01 2.755e-01 2.710e-03 7.399e-04 6.720e-03 -1.000 1.527e-02 -3.867 -1.669 -1.793 -1.431
0.0152 0.01508 6.45000 8.6796321869 2.6242364760    8.676  3.574  4.3757  4.257    1  0.000  0.538     0.00     0.00     0.00     0.00     0.00 -1    -1e-30      0.00 7.092e-01 2.755e-01 2.710e-03 7.399e-04 6.720e-03 -1.000 1.527e-02 -4.165 -1.869 -1.998 -1.623
0.0152 0.01508 6.45000 9.0000000000 2.6246829947    8.995  3.627  4.3838  4.252    1  0.000  0.538     0.00     0.00     0.00     0.00     0.00 -1    -1e-30      0.00 7.092e-01 2.755e-01 2.710e-03 7.399e-04 6.720e-03 -1.000 1.527e-02 -4.298 -1.958 -2.090 -1.708
0.0152 0.01508 6.45000 10.0000000000 2.6258676431    9.998  3.780  4.4065  4.236    1  0.000  0.538     0.00     0.00     0.00     0.00     0.00 -1    -1e-30      0.00 7.092e-01 2.755e-01 2.710e-03 7.399e-04 6.720e-03 -1.000 1.527e-02 -4.680 -2.176 -2.314 -1.921
0.0152 0.01508 6.45000 11.0000000000 2.6268081058   11.001  3.916  4.4263  4.220    1  0.000  0.538     0.00     0.00     0.00     0.00     0.00 -1    -1e-30      0.00 7.092e-01 2.755e-01 2.710e-03 7.399e-04 6.720e-03 -1.000 1.527e-02 -5.020 -2.401 -2.546 -2.128
0.0152 0.01508 6.45000 12.0000000000 2.6275706487   12.001  4.039  4.4439  4.206    1  0.000  0.538     0.00     0.00     0.00     0.00     0.00 -1    -1e-30      0.00 7.092e-01 2.755e-01 2.710e-03 7.399e-04 6.720e-03 -1.000 1.527e-02 -5.327 -2.661 -2.806 -2.393
0.0152 0.01508 6.45000 12.3008165359 2.6277723258   12.299  4.073  4.4487  4.202    1  0.000  0.539     0.00     0.00     0.00     0.00     0.00 -1 -2.88e-27      0.00 7.092e-01 2.755e-01 2.716e-03 7.401e-04 6.720e-03 -1.000 1.527e-02 -5.412 -2.733 -2.877 -2.467
0.0152 0.01508 6.45000 14.0000000000 2.6287268957   13.983  4.252  4.4736  4.178    0  0.000  0.545     0.00     0.00     0.00     0.00     0.00 -1 -3.57e-09      0.00 7.092e-01 2.755e-01 2.746e-03 7.408e-04 6.719e-03 -1.000 1.527e-02 -5.859 -3.018 -3.174 -2.719
0.0152 0.01508 6.45000 14.8860750198 2.6291264749   14.868  4.334  4.4847  4.167    0  0.000  0.545     0.00     0.00     0.00     0.00     0.00 -1 -5.47e-09      0.00 7.092e-01 2.755e-01 2.746e-03 7.408e-04 6.719e-03 -1.000 1.527e-02 -6.065 -3.173 -3.331 -2.869
0.0152 0.01508 6.45000 16.0000000000 2.6295573144   15.979  4.432  4.4978  4.153    0  0.000  0.545     0.00     0.00     0.00     0.00     0.00 -1 -9.07e-09      0.00 7.092e-01 2.755e-01 2.746e-03 7.408e-04 6.719e-03 -1.000 1.527e-02 -6.309 -3.361 -3.522 -3.054
0.0152 0.01508 6.45000 17.7634887695 2.6301140429   17.709  4.569  4.5152  4.130    0  0.000  0.545     0.00     0.00     0.00     0.00     0.00 -1 -1.78e-08      0.00 7.092e-01 2.755e-01 2.746e-03 7.408e-04 6.719e-03 -1.000 1.527e-02 -6.651 -3.616 -3.777 -3.310
0.0152 0.01508 6.45000 18.0000000000 2.6301792302   17.942  4.586  4.5173  4.127    0  0.000  0.545     0.00     0.00     0.00     0.00     0.00 -1 -1.94e-08      0.00 7.092e-01 2.755e-01 2.746e-03 7.408e-04 6.719e-03 -1.000 1.527e-02 -6.695 -3.648 -3.809 -3.342
0.0152 0.01508 6.45000 19.4446887970 2.6305381472   19.364  4.685  4.5292  4.109    0  0.000  0.545     0.00     0.00     0.00     0.00     0.00 -1  -3.1e-08      0.00 7.092e-01 2.755e-01 2.746e-03 7.408e-04 6.719e-03 -1.000 1.527e-02 -6.942 -3.825 -3.987 -3.520
0.0152 0.01508 6.45000 20.0000000000 2.6306603470   19.910  4.721  4.5335  4.102    0  0.000  0.545     0.00     0.00     0.00     0.00     0.00 -1 -3.69e-08      0.00 7.092e-01 2.755e-01 2.746e-03 7.408e-04 6.719e-03 -1.000 1.527e-02 -7.032 -3.888 -4.050 -3.582
0.0152 0.01508 6.45000 21.1958084106 2.6308986675   21.073  4.792  4.5414  4.088    0  0.000  0.545     0.00     0.00     0.00     0.00     0.00 -1  -5.1e-08      0.00 7.092e-01 2.755e-01 2.746e-03 7.408e-04 6.719e-03 -1.000 1.527e-02 -7.210 -4.016 -4.179 -3.708
0.0152 0.01508 6.45000 23.1073760986 2.6312213771   22.919  4.898  4.5528  4.064    0  0.000  0.545     0.00     0.00     0.00     0.00     0.00 -1 -8.21e-08      0.00 7.092e-01 2.755e-01 2.746e-03 7.408e-04 6.719e-03 -1.000 1.527e-02 -7.475 -4.222 -4.386 -3.909
0.0152 0.01508 6.45000 24.0000000000 2.6313519822   23.775  4.944  4.5576  4.052    0  0.000  0.545     0.00     0.00     0.00     0.00     0.00 -1 -1.02e-07      0.00 7.092e-01 2.755e-01 2.746e-03 7.408e-04 6.719e-03 -1.000 1.527e-02 -7.591 -4.312 -4.481 -3.985
0.0152 0.01508 6.45000 26.1007347107 2.6316192184   25.747  5.041  4.5666  4.026    0  0.000  0.545     0.00     0.00     0.00     0.00     0.00 -1 -1.55e-07      0.00 7.092e-01 2.755e-01 2.746e-03 7.408e-04 6.719e-03 -1.000 1.527e-02 -7.833 -4.513 -4.683 -4.186
0.0152 0.01508 6.45000 28.0000000000 2.6318215644   27.510  5.123  4.5735  4.001    0  0.000  0.545     0.00     0.00     0.00     0.00     0.00 -1  -2.2e-07      0.00 7.092e-01 2.755e-01 2.746e-03 7.408e-04 6.719e-03 -1.000 1.527e-02 -8.037 -4.689 -4.859 -4.361
0.0152 0.01508 6.45000 29.7836933136 2.6319848284   29.137  5.191  4.5783  3.976    0  0.000  0.545     0.00     0.00     0.00     0.00     0.00 -1 -2.94e-07      0.00 7.092e-01 2.755e-01 2.746e-03 7.408e-04 6.719e-03 -1.000 1.527e-02 -8.209 -4.840 -5.008 -4.517
0.0152 0.01508 6.45000 30.0000000000 2.6320031152   29.336  5.200  4.5788  3.973    0  0.000  0.545     0.00     0.00     0.00     0.00     0.00 -1 -3.04e-07      0.00 7.092e-01 2.755e-01 2.746e-03 7.408e-04 6.719e-03 -1.000 1.527e-02 -8.229 -4.858 -5.026 -4.535
0.0152 0.01508 6.45000 31.5410575867 2.6321250935   30.718  5.253  4.5816  3.951    0  0.000  0.545     0.00     0.00     0.00     0.00     0.00 -1 -3.77e-07      0.00 7.092e-01 2.755e-01 2.746e-03 7.408e-04 6.719e-03 -1.000 1.527e-02 -8.362 -4.981 -5.147 -4.661
0.0152 0.01508 6.45000 33.8126907349 2.6322817971   32.723  5.327  4.5848  3.917    0  0.000  0.545     0.00     0.00     0.00     0.00     0.00 -1 -5.11e-07      0.00 7.092e-01 2.755e-01 2.746e-03 7.408e-04 6.719e-03 -1.000 1.527e-02 -8.548 -5.159 -5.324 -4.843
0.0152 0.01508 6.45000 35.0000000000 2.6323544560   33.758  5.364  4.5861  3.899    0  0.000  0.545     0.00     0.00     0.00     0.00     0.00 -1 -5.94e-07      0.00 7.092e-01 2.755e-01 2.746e-03 7.408e-04 6.719e-03 -1.000 1.527e-02 -8.639 -5.250 -5.415 -4.937
0.0152 0.01508 6.45000 37.5542449951 2.6324930097   35.924  5.434  4.5870  3.859    0  0.000  0.545     0.00     0.00     0.00     0.00     0.00 -1 -7.81e-07      0.00 7.092e-01 2.755e-01 2.746e-03 7.408e-04 6.719e-03 -1.000 1.527e-02 -8.815 -5.439 -5.602 -5.129
0.0152 0.01508 6.45000 40.0000000000 2.6326067896   37.951  5.497  4.5864  3.818    0  0.000  0.545     0.00     0.00     0.00     0.00     0.00 -1 -9.95e-07      0.00 7.092e-01 2.755e-01 2.746e-03 7.408e-04 6.719e-03 -1.000 1.527e-02 -8.972 -5.620 -5.782 -5.315
0.0152 0.01508 6.45000 40.8328475952 2.6326419757   38.628  5.516  4.5858  3.804    0  0.000  0.545     0.00     0.00     0.00     0.00     0.00 -1 -1.07e-06      0.00 7.092e-01 2.755e-01 2.746e-03 7.408e-04 6.719e-03 -1.000 1.527e-02 -9.021 -5.569 -5.730 -5.268
0.0152 0.01508 6.45000 43.7890129089 2.6327545368   40.984  5.583  4.5819  3.747    0  0.000  0.545     0.00     0.00     0.00     0.00     0.00 -1 -1.37e-06      0.00 7.092e-01 2.755e-01 2.746e-03 7.408e-04 6.719e-03 -1.000 1.527e-02 -9.187 -5.773 -5.934 -5.472
0.0152 0.01508 6.45000 45.0000000000 2.6327957669   41.928  5.609  4.5795  3.722    0  0.000  0.545     0.00     0.00     0.00     0.00     0.00 -1 -1.51e-06      0.00 7.092e-01 2.755e-01 2.746e-03 7.408e-04 6.719e-03 -1.000 1.527e-02 -9.252 -5.858 -6.019 -5.558
0.0152 0.01508 6.45000 48.4526481628 2.6329004173   44.538  5.676  4.5713  3.648    0  0.000  0.545     0.00     0.00     0.00     0.00     0.00 -1  -1.9e-06      0.00 7.092e-01 2.755e-01 2.746e-03 7.408e-04 6.719e-03 -1.000 1.527e-02 -9.420 -6.092 -6.252 -5.794
0.0152 0.01508 6.45000 50.0000000000 2.6329419605   45.676  5.705  4.5669  3.613    0  0.000  0.545     0.00     0.00     0.00     0.00     0.00 -1 -2.09e-06      0.00 7.092e-01 2.755e-01 2.746e-03 7.408e-04 6.719e-03 -1.000 1.527e-02 -9.491 -6.195 -6.354 -5.898
0.0152 0.01508 6.45000 50.6562652588 2.6329587010   46.152  5.716  4.5648  3.597    0  0.000  0.545     0.00     0.00     0.00     0.00     0.00 -1 -2.17e-06      0.00 7.092e-01 2.755e-01 2.746e-03 7.408e-04 6.719e-03 -1.000 1.527e-02 -9.520 -6.238 -6.397 -5.942
0.0152 0.01508 6.45000 54.9953956604 2.6330579242   49.217  5.788  4.5460  3.478    0  0.000  0.545     0.00     0.00     0.00     0.00     0.00 -1 -2.65e-06      0.00 7.092e-01 2.755e-01 2.746e-03 7.408e-04 6.719e-03 -1.000 1.527e-02 -9.700 -6.542 -6.698 -6.250
0.0152 0.01508 6.45000 55.0000000000 2.6330580200   49.220  5.788  4.5460  3.478    0  0.000  0.545     0.00     0.00     0.00     0.00     0.00 -1 -2.65e-06      0.00 7.092e-01 2.755e-01 2.746e-03 7.408e-04 6.719e-03 -1.000 1.527e-02 -9.700 -6.542 -6.699 -6.251
0.0152 0.01508 6.45000 55.5022697449 2.6330683570   49.566  5.796  4.5433  3.463    0  0.000  0.545     0.00     0.00     0.00     0.00     0.00 -1  -2.7e-06      0.00 7.092e-01 2.755e-01 2.746e-03 7.408e-04 6.719e-03 -1.000 1.527e-02 -9.719 -6.583 -6.739 -6.294
0.0152 0.01508 6.45000 58.0518150330 2.6331176712   51.305  5.834  4.5279  3.377    0  0.000  0.545     0.00     0.00     0.00     0.00     0.00 -1 -2.88e-06      0.00 7.092e-01 2.755e-01 2.746e-03 7.408e-04 6.719e-03 -1.000 1.527e-02 -9.816 -6.819 -6.966 -6.555
0.0152 0.01508 6.45000 60.0000000000 2.6331521230   52.617  5.863  4.5146  3.307    0  0.000  0.545     0.00     0.00     0.00     0.00     0.00 -1 -2.96e-06      0.00 7.092e-01 2.755e-01 2.746e-03 7.408e-04 6.719e-03 -1.000 1.527e-02 -9.887 -7.000 -7.144 -6.745
0.0152 0.01508 6.45000 60.7327079773 2.6331644243   53.103  5.873  4.5092  3.279    0  0.000  0.545     0.00     0.00     0.00     0.00     0.00 -1 -2.96e-06      0.00 7.092e-01 2.755e-01 2.746e-03 7.408e-04 6.719e-03 -1.000 1.527e-02 -9.912 -7.066 -7.208 -6.811
0.0152 0.01508 6.45000 63.1224441528 2.6332022730   54.680  5.905  4.4903  3.184    0  0.000  0.545     0.00     0.00     0.00     0.00     0.00 -1 -2.91e-06      0.00 7.092e-01 2.755e-01 2.746e-03 7.408e-04 6.719e-03 -1.000 1.527e-02 -9.992 -7.268 -7.407 -7.020
0.0152 0.01508 6.45000 65.0000000000 2.6332297755   55.923  5.929  4.4742  3.105    0  0.000  0.545     0.00     0.00     0.00     0.00     0.00 -1  -2.8e-06      0.00 7.092e-01 2.755e-01 2.746e-03 7.409e-04 6.719e-03 -1.000 1.527e-02 -10.053 -7.422 -7.557 -7.186
0.0152 0.01508 6.45000 65.6876525879 2.6332393970   56.393  5.938  4.4678  3.074    0  0.000  0.545     0.00     0.00     0.00     0.00     0.00 -1 -2.75e-06      0.00 7.092e-01 2.755e-01 2.745e-03 7.409e-04 6.719e-03 -1.000 1.527e-02 -10.075 -7.481 -7.616 -7.244
0.0152 0.01508 6.45000 67.6875457764 2.6332661059   57.762  5.964  4.4483  2.981    0  0.000  0.544     0.00     0.00     0.00     0.00     0.00 -1 -2.52e-06      0.00 7.091e-01 2.756e-01 2.741e-03 7.512e-04 6.712e-03 -1.000 1.527e-02 -10.139 -7.653 -7.790 -7.409
0.0152 0.01508 6.45000 69.8648986816 2.6332931946   58.979  5.990  4.4243  2.868    0  0.000  0.507     0.00     0.00     0.00     0.00     0.00 -1 -2.82e-06      0.00 7.066e-01 2.782e-01 2.521e-03 1.331e-03 6.346e-03 -1.000 1.526e-02 -10.205 -7.847 -7.985 -7.600
0.0152 0.01508 6.45000 70.0000000000 2.6332948117   59.045  5.992  4.4227  2.860    0  0.000  0.503     0.00     0.00     0.00     0.00     0.00 -1 -2.85e-06      0.00 7.063e-01 2.785e-01 2.495e-03 1.401e-03 6.302e-03 -1.000 1.526e-02 -10.209 -7.861 -7.998 -7.617
0.0152 0.01508 6.45000 71.1669387817 2.6333084858   59.440  6.004  4.4116  2.807    0  0.000  0.449     0.00     0.00     0.00     0.00     0.00 -1 -4.18e-06      0.00 7.006e-01 2.841e-01 2.164e-03 2.242e-03 5.786e-03 -1.000 1.525e-02 -10.239 -7.968 -8.100 -7.738
0.0152 0.01508 6.45000 73.0042190552 2.6333289995   59.868  6.022  4.3969  2.733    0  0.000  0.381     0.00     0.00     0.00     0.00     0.00 -1 -6.96e-06      0.00 6.871e-01 2.977e-01 1.652e-03 3.693e-03 4.818e-03 -1.000 1.522e-02 -10.286 -8.096 -8.225 -7.873
0.0152 0.01508 6.45000 74.4330520630 2.6333441502   59.956  6.036  4.3876  2.683    0  0.000  0.342     0.00     0.00     0.00     0.00     0.00 -1 -2.24e-05      0.00 6.727e-01 3.121e-01 1.259e-03 4.925e-03 3.939e-03 -1.000 1.518e-02 -10.319 -8.238 -8.344 -8.075
0.0152 0.01508 6.45000 75.4547119141 2.6333545799   59.899  6.045  4.3819  2.650    0  0.000  0.320     0.00     0.00     0.00     0.00     0.00 -1  -2.4e-05      0.00 6.605e-01 3.244e-01 9.821e-04 5.857e-03 3.247e-03 -1.000 1.514e-02 -10.342 -8.279 -8.387 -8.110
0.0152 0.01508 6.45000 76.4768600464 2.6333646944   59.819  6.054  4.3781  2.625    0  0.000  0.308     0.00     0.00     0.00     0.00     0.00 -1 -2.49e-05      0.00 6.465e-01 3.384e-01 7.181e-04 6.792e-03 2.535e-03 -1.000 1.510e-02 -10.365 -8.103 -8.237 -7.875
0.0152 0.01508 6.45000 77.4990539551 2.6333745032   59.700  6.063  4.3768  2.610    0  0.000  0.322     0.00     0.00     0.00     0.00     0.00 -1 -2.62e-05      0.00 6.302e-01 3.547e-01 5.107e-04 7.562e-03 1.936e-03 -1.000 1.506e-02 -10.387 -8.125 -8.259 -7.898
0.0152 0.01508 6.45000 78.3194198608 2.6333821627   59.582  6.070  4.3775  2.605    0  0.000  0.343     0.00     0.00     0.00     0.00     0.00 -1 -2.67e-05      0.00 6.156e-01 3.694e-01 3.683e-04 8.144e-03 1.463e-03 -1.000 1.503e-02 -10.405 -8.143 -8.277 -7.915
0.0152 0.01508 6.45000 79.3425903320 2.6333914608   59.418  6.079  4.3800  2.605    0  0.000  0.377     0.00     0.00     0.00     0.00     0.00 -1 -2.72e-05      0.00 5.961e-01 3.889e-01 1.950e-04 8.875e-03 8.626e-04 -1.000 1.500e-02 -10.426 -8.164 -8.298 -7.937
0.0152 0.01508 6.45000 80.0000000000 2.6333972910   59.302  6.084  4.3828  2.610    0  0.000  0.406     0.00     0.00     0.00     0.00     0.00 -1 -2.86e-05      0.00 5.828e-01 4.023e-01 9.124e-05 9.313e-03 5.036e-04 -1.000 1.497e-02 -10.440 -8.179 -8.313 -7.953
0.0152 0.01508 6.45000 82.2434005737 2.6334163819   59.184  6.103  4.3963  2.645    0  0.000  0.605     0.00     0.00     0.00     0.00     0.00 -1 -3.93e-05      0.00 5.389e-01 4.461e-01 9.413e-05 9.518e-03 2.691e-04 -1.000 1.493e-02 -10.487 -8.233 -8.364 -8.016
0.0152 0.01508 6.45000 83.6200561523 2.6334275155   59.188  6.114  4.4049  2.668    0  0.000  0.712     0.00     0.00     0.00     0.00     0.00 -1 -3.31e-05      0.00 5.136e-01 4.715e-01 9.527e-05 9.571e-03 2.088e-04 -1.000 1.492e-02 -10.515 -8.235 -8.368 -8.012
0.0152 0.01508 6.45000 86.6236801147 2.6334504005   59.504  6.139  4.4216  2.712    0  0.000  0.873     0.00     0.00     0.00     0.00     0.00 -1 -9.86e-06      0.00 4.670e-01 5.181e-01 9.708e-05 9.623e-03 1.505e-04 -1.000 1.488e-02 -10.578 -8.204 -8.342 -7.963
0.0152 0.01508 6.45000 88.8407669067 2.6334661561   60.021  6.158  4.4311  2.735    0  0.000  0.930     0.00     0.00     0.00     0.00     0.00 -1 -8.53e-06      0.00 4.401e-01 5.450e-01 9.810e-05 9.631e-03 1.412e-04 -1.000 1.493e-02 -10.626 -8.204 -8.345 -7.958
0.0152 0.01508 6.45000 89.9204177856 2.6334735059   60.305  6.167  4.4368  2.750    0  0.000  0.949     0.00     0.00     0.00     0.00     0.00 -1 -1.46e-05      0.00 4.275e-01 5.576e-01 9.858e-05 9.632e-03 1.389e-04 -1.000 1.497e-02 -10.648 -8.202 -8.344 -7.953
0.0152 0.01508 6.45000 90.0000000000 2.6334740396   60.333  6.168  4.4372  2.751    0  0.000  0.950     0.00     0.00     0.00     0.00     0.00 -1 -1.53e-05      0.00 4.266e-01 5.585e-01 9.862e-05 9.632e-03 1.387e-04 -1.000 1.497e-02 -10.650 -8.202 -8.344 -7.953
0.0152 0.01508 6.45000 90.0681762695 2.6334744960   60.358  6.169  4.4374  2.752    0  0.000  0.951     0.00     0.00     0.00     0.00     0.00 -1 -1.57e-05      0.00 4.260e-01 5.591e-01 9.864e-05 9.632e-03 1.387e-04 -1.000 1.497e-02 -10.652 -8.202 -8.344 -7.953
0.0152 0.01508 6.45000 91.1651687622 2.6334817316   60.803  6.178  4.4382  2.749    0  0.000  0.964     0.00     0.00     0.00     0.00     0.00 -1 -8.92e-06      0.00 4.170e-01 5.681e-01 9.903e-05 9.633e-03 1.373e-04 -1.000 1.495e-02 -10.675 -8.222 -8.364 -7.973
0.0152 0.01508 6.45000 92.0248031616 2.6334872632   61.121  6.185  4.4388  2.746    0  0.000  0.973     0.00     0.00     0.00     0.00     0.00 -1 -8.71e-06      0.00 4.099e-01 5.752e-01 9.933e-05 9.636e-03 1.364e-04 -1.000 1.493e-02 -10.693 -8.237 -8.379 -7.987
0.0152 0.01508 6.45000 93.2413024902 2.6334948911   61.614  6.196  4.4383  2.737    0  0.000  0.984     0.00     0.00     0.00     0.00     0.00 -1 -7.37e-06      0.00 4.008e-01 5.842e-01 9.976e-05 9.638e-03 1.354e-04 -1.000 1.493e-02 -10.719 -8.264 -8.406 -8.015
0.0152 0.01508 6.45000 94.2205429077 2.6335008670   61.989  6.204  4.4400  2.738    0  0.000  0.993     0.00     0.00     0.00     0.00     0.00 -1 -7.21e-06      0.00 3.927e-01 5.924e-01 1.001e-04 9.638e-03 1.346e-04 -1.000 1.493e-02 -10.740 -8.278 -8.420 -8.027
0.0152 0.01508 6.45000 95.0000000000 2.6335055226   62.256  6.210  4.4436  2.748    0  0.000  1.002     0.00     0.00     0.00     0.00     0.00 -1 -7.64e-06      0.00 3.851e-01 5.999e-01 1.004e-04 9.638e-03 1.339e-04  3.385 1.493e-02 -10.756 -8.280 -8.424 -8.028
0.0152 0.01508 6.45000 95.3158187866 2.6335073840   62.362  6.213  4.4452  2.753    0  0.000  1.005     0.00     0.00     0.00     0.00     0.00 -1 -8.34e-06      0.00 3.821e-01 6.029e-01 1.006e-04 9.638e-03 1.336e-04  4.878 1.493e-02 -10.762 -8.281 -8.424 -8.028
0.0152 0.01508 6.45000 96.2558288574 2.6335128414   62.711  6.220  4.4478  2.758    0  0.000  1.013     0.00     0.00     0.00     0.00     0.00 -1 -1.03e-05      0.00 3.744e-01 6.106e-01 1.009e-04 9.639e-03 1.330e-04  5.419 1.493e-02 -10.781 -8.290 -8.435 -8.036
0.0152 0.01508 6.45000 97.5939483643 2.6335204018   63.305  6.231  4.4468  2.747    0  0.000  1.023     0.00     0.00     0.00     0.00     0.00 -1 -1.14e-05      0.00 3.661e-01 6.190e-01 1.013e-04 9.639e-03 1.323e-04  5.679 1.494e-02 -10.808 -8.321 -8.465 -8.066
0.0152 0.01508 6.45000 98.5616378784 2.6335257225   63.712  6.239  4.4483  2.749    0  0.000  1.030     0.00     0.00     0.00     0.00     0.00 -1 -1.34e-05      0.00 3.591e-01 6.259e-01 1.017e-04 9.639e-03 1.318e-04  5.823 1.494e-02 -10.828 -8.335 -8.479 -8.080
0.0152 0.01508 6.45000 99.4809417725 2.6335306670   64.098  6.246  4.4495  2.749    0  0.000  1.038     0.00     0.00     0.00     0.00     0.00 -1 -1.32e-05      0.00 3.528e-01 6.323e-01 1.020e-04 9.639e-03 1.313e-04  5.927 1.493e-02 -10.846 -8.349 -8.494 -8.093
0.0152 0.01508 6.45000 99.8442840576 2.6335325925   64.254  6.249  4.4494  2.746    0  0.000  1.040     0.00     0.00     0.00     0.00     0.00 -1 -1.12e-05      0.00 3.506e-01 6.345e-01 1.021e-04 9.639e-03 1.311e-04  5.959 1.493e-02 -10.853 -8.356 -8.501 -8.100
0.0152 0.01508 6.45000 100.0000000000 2.6335334127   64.319  6.250  4.4494  2.746    0  0.000  1.041     0.00     0.00     0.00     0.00     0.00 -1 -1.04e-05      0.00 3.497e-01 6.354e-01 1.022e-04 9.639e-03 1.310e-04  5.973 1.493e-02 -10.856 -8.360 -8.504 -8.104
0.0152 0.01508 6.45000 100.1424255371 2.6335341604   64.381  6.252  4.4494  2.745    0  0.000  1.042     0.00     0.00     0.00     0.00     0.00 -1 -9.65e-06      0.00 3.489e-01 6.362e-01 1.022e-04 9.639e-03 1.309e-04  5.983 1.493e-02 -10.859 -8.362 -8.507 -8.106
0.0152 0.01508 6.45000 101.5925216675 2.6335416356   64.964  6.262  4.4503  2.742    0  0.000  1.051     0.00     0.00     0.00     0.00     0.00 -1 -1.01e-05      0.00 3.404e-01 6.446e-01 1.026e-04 9.640e-03 1.303e-04  6.077 1.493e-02 -10.886 -8.385 -8.530 -8.129
0.0152 0.01508 6.45000 103.4794387817 2.6335510029   65.729  6.276  4.4502  2.733    0  0.000  1.062     0.00     0.00     0.00     0.00     0.00 -1 -1.06e-05      0.00 3.306e-01 6.545e-01 1.031e-04 9.640e-03 1.296e-04  6.173 1.493e-02 -10.920 -8.420 -8.565 -8.163
0.0152 0.01508 6.45000 105.3588790894 2.6335599506   66.476  6.290  4.4545  2.741    0  0.000  1.075     0.00     0.00     0.00     0.00     0.00 -1 -1.32e-05      0.00 3.197e-01 6.654e-01 1.037e-04 9.641e-03 1.288e-04  6.265 1.493e-02 -10.954 -8.429 -8.574 -8.170
0.0152 0.01508 6.45000 106.6795425415 2.6335660215   66.935  6.299  4.4597  2.756    0  0.000  1.084     0.00     0.00     0.00     0.00     0.00 -1 -1.62e-05      0.00 3.114e-01 6.736e-01 1.041e-04 9.642e-03 1.283e-04  6.327 1.496e-02 -10.977 -8.422 -8.568 -8.160
0.0152 0.01508 6.45000 107.0495071411 2.6335676914   67.024  6.301  4.4646  2.773    0  0.000  1.088     0.00     0.00     0.00     0.00     0.00 -1 -1.71e-05      0.00 3.078e-01 6.773e-01 1.043e-04 9.642e-03 1.280e-04  6.351 1.495e-02 -10.983 -8.399 -8.547 -8.136
0.0152 0.01508 6.45000 108.1742935181 2.6335726875   67.308  6.309  4.4718  2.796    0  0.000  1.097     0.00     0.00     0.00     0.00     0.00 -1 -1.83e-05      0.00 2.994e-01 6.856e-01 1.048e-04 9.643e-03 1.275e-04  6.407 1.496e-02 -11.002 -8.376 -8.525 -8.111
0.0152 0.01508 6.45000 109.1684265137 2.6335770049   67.488  6.316  4.4821  2.832    0  0.000  1.107     0.00     0.00     0.00     0.00     0.00 -1    -2e-05      0.00 2.902e-01 6.949e-01 1.053e-04 9.643e-03 1.268e-04  6.464 1.493e-02 -11.019 -8.333 -8.482 -8.064
0.0152 0.01508 6.45000 109.3171768188 2.6335776432   67.469  6.316  4.4875  2.853    0  0.000  1.110     0.00     0.00     0.00     0.00     0.00 -1 -3.81e-05      0.00 2.874e-01 6.977e-01 1.054e-04 9.643e-03 1.267e-04  6.477 1.496e-02 -11.021 -8.315 -8.463 -8.053
0.0152 0.01508 6.45000 109.5557479858 2.6335786626   67.406  6.318  4.4969  2.888    0  0.000  1.114     0.00     0.00     0.00     0.00     0.00 -1 -5.06e-05      0.00 2.824e-01 7.027e-01 1.056e-04 9.645e-03 1.264e-04  6.503 1.495e-02 -11.025 -8.279 -8.425 -8.026
0.0152 0.01508 6.45000 109.8698806763 2.6335799972   67.312  6.320  4.5078  2.930    0  0.000  1.120     0.00     0.00     0.00     0.00     0.00 -1 -6.05e-05      0.00 2.763e-01 7.088e-01 1.059e-04 9.645e-03 1.261e-04  6.534 1.495e-02 -11.029 -8.227 -8.371 -7.980
0.0152 0.01508 6.45000 110.2815399170 2.6335817330   67.166  6.322  4.5208  2.979    0  0.000  1.128     0.00     0.00     0.00     0.00     0.00 -1 -6.36e-05      0.00 2.686e-01 7.165e-01 1.063e-04 9.646e-03 1.256e-04  6.573 1.494e-02 -11.034 -8.152 -8.295 -7.908
0.0152 0.01508 6.45000 110.5457687378 2.6335828392   67.063  6.323  4.5310  3.017    0  0.000  1.134     0.00     0.00     0.00     0.00     0.00 -1 -6.61e-05      0.00 2.630e-01 7.220e-01 1.065e-04 9.646e-03 1.253e-04  6.600 1.495e-02 -11.038 -8.092 -8.235 -7.850
0.0152 0.01508 6.45000 110.9249954224 2.6335844164   66.903  6.325  4.5439  3.066    0  0.000  1.142     0.00     0.00     0.00     0.00     0.00 -1 -6.96e-05      0.00 2.558e-01 7.293e-01 1.069e-04 9.646e-03 1.249e-04  6.636 1.495e-02 -11.043 -8.015 -8.157 -7.774
0.0152 0.01508 6.45000 111.2048797607 2.6335855724   66.774  6.327  4.5545  3.106    0  0.000  1.148     0.00     0.00     0.00     0.00     0.00 -1 -7.18e-05      0.00 2.499e-01 7.352e-01 1.072e-04 9.646e-03 1.245e-04  6.664 1.493e-02 -11.047 -7.952 -8.094 -7.713
0.0152 0.01508 6.45000 111.4876251221 2.6335867335   66.632  6.328  4.5647  3.144    0  0.000  1.155     0.00     0.00     0.00     0.00     0.00 -1 -7.48e-05      0.00 2.438e-01 7.412e-01 1.075e-04 9.646e-03 1.241e-04  6.693 1.496e-02 -11.050 -7.892 -8.033 -7.655
0.0152 0.01508 6.45000 111.7425231934 2.6335877745   66.494  6.329  4.5742  3.180    0  0.000  1.162     0.00     0.00     0.00     0.00     0.00 -1 -7.72e-05      0.00 2.383e-01 7.467e-01 1.079e-04 9.646e-03 1.238e-04  6.720 1.496e-02 -11.053 -7.836 -7.977 -7.601
0.0152 0.01508 6.45000 112.7357864380 2.6335917792   65.889  6.334  4.5978  3.266    0  0.000  1.181     0.00     0.00     0.00     0.00     0.00 -1  -8.6e-05      0.00 2.243e-01 7.607e-01 1.088e-04 9.646e-03 1.228e-04  6.792 1.497e-02 -11.064 -7.711 -7.850 -7.481
0.0152 0.01508 6.45000 113.2283325195 2.6335937352   65.550  6.336  4.6132  3.323    0  0.000  1.189     0.00     0.00     0.00     0.00     0.00 -1 -9.16e-05      0.00 2.182e-01 7.668e-01 1.092e-04 9.647e-03 1.224e-04  6.823 1.497e-02 -11.070 -7.634 -7.769 -7.409
0.0152 0.01508 6.45000 113.5639343262 2.6335950567   65.303  6.338  4.6285  3.381    0  0.000  1.195     0.00     0.00     0.00     0.00     0.00 -1 -9.58e-05      0.00 2.137e-01 7.714e-01 1.095e-04 9.647e-03 1.220e-04  6.845 1.496e-02 -11.075 -7.552 -7.686 -7.333
0.0152 0.01508 6.45000 113.7792358398 2.6335958998   65.135  6.340  4.6428  3.436    0  0.000  1.199     0.00     0.00     0.00     0.00     0.00 -1 -0.000101      0.00 2.107e-01 7.744e-01 1.097e-04 9.647e-03 1.218e-04  6.859 1.496e-02 -11.079 -7.489 -7.620 -7.275
0.0152 0.01508 6.45000 113.9168701172 2.6335964369   65.024  6.341  4.6561  3.486    0  0.000  1.202     0.00     0.00     0.00     0.00     0.00 -1 -0.000103      0.00 2.087e-01 7.763e-01 1.098e-04 9.647e-03 1.217e-04  6.870 1.499e-02 -11.083 -7.425 -7.555 -7.215
0.0152 0.01508 6.45000 114.0153656006 2.6335968203   64.943  6.343  4.6704  3.542    0  0.000  1.204     0.00     0.00     0.00     0.00     0.00 -1 -0.000106      0.00 2.070e-01 7.780e-01 1.099e-04 9.647e-03 1.216e-04  6.877 1.495e-02 -11.087 -7.355 -7.483 -7.152
0.0152 0.01508 6.45000 114.0747528076 2.6335970511   64.893  6.344  4.6834  3.592    0  0.000  1.206     0.00     0.00     0.00     0.00     0.00 -1 -0.000108      0.00 2.061e-01 7.790e-01 1.100e-04 9.647e-03 1.215e-04  6.882 1.497e-02 -11.091 -7.293 -7.419 -7.095
0.0152 0.01508 6.45000 114.1131896973 2.6335972003   64.861  6.346  4.6961  3.640    0  0.000  1.207     0.00     0.00     0.00     0.00     0.00 -1 -0.000111      0.00 2.054e-01 7.796e-01 1.100e-04 9.647e-03 1.215e-04  6.885 1.496e-02 -11.095 -7.242 -7.366 -7.050
0.0152 0.01508 6.45000 114.1394577026 2.6335973022   64.838  6.348  4.7093  3.691    0  0.000  1.208     0.00     0.00     0.00     0.00     0.00 -1 -0.000113      0.00 2.050e-01 7.801e-01 1.101e-04 9.647e-03 1.214e-04  6.889 1.495e-02 -11.101 -7.187 -7.309 -7.001
0.0152 0.01508 6.45000 114.1600265503 2.6335973820   64.819  6.351  4.7238  3.746    0  0.000  1.208     0.00     0.00     0.00     0.00     0.00 -1 -0.000115      0.00 2.046e-01 7.804e-01 1.101e-04 9.647e-03 1.214e-04  6.890 1.500e-02 -11.106 -7.125 -7.245 -6.944
0.0152 0.01508 6.45000 114.1749420166 2.6335974398   64.807  6.353  4.7376  3.799    0  0.000  1.208     0.00     0.00     0.00     0.00     0.00 -1 -0.000117      0.00 2.045e-01 7.805e-01 1.101e-04 9.647e-03 1.214e-04  6.890 1.499e-02 -11.112 -7.067 -7.185 -6.893
0.0152 0.01508 6.45000 114.1878585815 2.6335974899   64.795  6.355  4.7506  3.849    0  0.000  1.208     0.00     0.00     0.00     0.00     0.00 -1  -0.00012      0.00 2.044e-01 7.807e-01 1.101e-04 9.647e-03 1.214e-04  6.891 1.495e-02 -11.118 -7.025 -7.141 -6.857
0.0152 0.01508 6.45000 114.1938705444 2.6335975132   64.789  6.357  4.7566  3.871    0  0.000  1.208     0.00     0.00     0.00     0.00     0.00 -1  -0.00012      0.00 2.043e-01 7.807e-01 1.101e-04 9.647e-03 1.214e-04  6.891 1.497e-02 -11.121 -6.999 -7.113 -6.833
0.0152 0.01508 6.45000 114.2036056519 2.6335975509   64.782  6.358  4.7658  3.906    1  0.000  1.209     0.00     0.00     0.00     0.00     0.00 -1 -0.000121      0.00 2.042e-01 7.808e-01 1.101e-04 9.647e-03 1.214e-04  6.892 1.498e-02 -11.126 -6.958 -7.071 -6.794
0.0152 0.01508 6.45000 114.2137298584 2.6335975901   64.772  6.360  4.7749  3.941    1  0.000  1.209     0.00     0.00     0.00     0.00     0.00 -1 -0.000122      0.00 2.041e-01 7.810e-01 1.102e-04 9.647e-03 1.214e-04  6.893 1.496e-02 -11.131 -6.919 -7.032 -6.760
0.0152 0.01508 6.45000 114.2260742188 2.6335976379   64.761  6.362  4.7855  3.981    1  0.000  1.209     0.00     0.00     0.00     0.00     0.00 -1 -0.000123      0.00 2.039e-01 7.812e-01 1.102e-04 9.647e-03 1.213e-04  6.894 1.496e-02 -11.136 -6.879 -6.989 -6.724
0.0152 0.01508 6.45000 114.2409973145 2.6335976957   64.747  6.365  4.7975  4.026    1  0.000  1.210     0.00     0.00     0.00     0.00     0.00 -1 -0.000124      0.00 2.037e-01 7.814e-01 1.102e-04 9.647e-03 1.213e-04  6.895 1.494e-02 -11.142 -6.829 -6.937 -6.679
0.0152 0.01508 6.45000 114.2569808960 2.6335977576   64.735  6.368  4.8094  4.071    1  0.000  1.210     0.00     0.00     0.00     0.00     0.00 -1 -0.000124      0.00 2.034e-01 7.816e-01 1.102e-04 9.647e-03 1.213e-04  6.896 1.495e-02 -11.149 -6.776 -6.883 -6.630
0.0152 0.01508 6.45000 114.2768783569 2.6335978346   64.717  6.371  4.8229  4.122    1  0.000  1.210     0.00     0.00     0.00     0.00     0.00 -1 -0.000126      0.00 2.031e-01 7.819e-01 1.102e-04 9.647e-03 1.213e-04  6.897 1.496e-02 -11.156 -6.723 -6.827 -6.581
0.0152 0.01508 6.45000 114.3470001221 2.6335981056   64.649  6.378  4.8569  4.249    1  0.000  1.212     0.00     0.00     0.00     0.00     0.00 -1  -0.00013      0.00 2.020e-01 7.830e-01 1.103e-04 9.647e-03 1.212e-04  6.903 1.497e-02 -11.176 -6.591 -6.690 -6.463
0.0152 0.01508 6.45000 114.3668060303 2.6335981821   64.632  6.380  4.8618  4.267    1  0.000  1.212     0.00     0.00     0.00     0.00     0.00 -1 -0.000131      0.00 2.016e-01 7.834e-01 1.103e-04 9.647e-03 1.212e-04  6.904 1.498e-02 -11.181 -6.572 -6.671 -6.446
0.0152 0.01508 6.45000 114.3811035156 2.6335982373   64.617  6.382  4.8637  4.273    1  0.000  1.212     0.00     0.00     0.00     0.00     0.00 -1 -0.000132      0.00 2.014e-01 7.837e-01 1.103e-04 9.647e-03 1.212e-04  6.905 1.499e-02 -11.184 -6.568 -6.666 -6.442
0.0152 0.01508 6.45000 114.3907165527 2.6335982744   64.607  6.382  4.8642  4.275    1  0.000  1.213     0.00     0.00     0.00     0.00     0.00 -1 -0.000132      0.00 2.012e-01 7.838e-01 1.103e-04 9.647e-03 1.212e-04  6.906 1.501e-02 -11.186 -6.569 -6.667 -6.444
0.0152 0.01508 6.45000 114.3955917358 2.6335982932   64.603  6.383  4.8643  4.274    1  0.000  1.213     0.00     0.00     0.00     0.00     0.00 -1 -0.000132      0.00 2.011e-01 7.839e-01 1.103e-04 9.647e-03 1.211e-04  6.907 1.501e-02 -11.187 -6.570 -6.668 -6.445
0.0152 0.01508 6.45000 114.4020385742 2.6335983181   64.597  6.384  4.8629  4.268    1  0.000  1.213     0.00     0.00     0.00     0.00     0.00 -1 -0.000133      0.00 2.009e-01 7.841e-01 1.103e-04 9.647e-03 1.211e-04  6.907 1.501e-02 -11.189 -6.580 -6.678 -6.455
0.0152 0.01508 6.45000 114.4084777832 2.6335983430   64.591  6.384  4.8615  4.262    1  0.000  1.213     0.00     0.00     0.00     0.00     0.00 -1 -0.000133      0.00 2.008e-01 7.842e-01 1.103e-04 9.647e-03 1.211e-04  6.907 1.500e-02 -11.190 -6.591 -6.688 -6.465
0.0152 0.01508 6.45000 114.4149932861 2.6335983681   64.582  6.385  4.8599  4.255    1  0.000  1.213     0.00     0.00     0.00     0.00     0.00 -1 -0.000133      0.00 2.007e-01 7.843e-01 1.103e-04 9.647e-03 1.211e-04  6.907 1.499e-02 -11.192 -6.602 -6.700 -6.477
0.0152 0.01508 6.45000 114.4215240479 2.6335983933   64.575  6.385  4.8581  4.247    1  0.000  1.212     0.00     0.00     0.00     0.00     0.00 -1 -0.000133      0.00 2.005e-01 7.845e-01 1.102e-04 9.647e-03 1.211e-04  6.906 1.499e-02 -11.193 -6.612 -6.710 -6.486
0.0152 0.01508 6.45000 114.4280471802 2.6335984184   64.567  6.386  4.8560  4.238    1  0.000  1.212     0.00     0.00     0.00     0.00     0.00 -1 -0.000133      0.00 2.004e-01 7.846e-01 1.102e-04 9.647e-03 1.211e-04  6.906 1.498e-02 -11.195 -6.624 -6.722 -6.497
0.0152 0.01508 6.45000 114.4346847534 2.6335984440   64.562  6.387  4.8537  4.228    1  0.000  1.212     0.00     0.00     0.00     0.00     0.00 -1 -0.000133      0.00 2.003e-01 7.848e-01 1.102e-04 9.648e-03 1.211e-04  6.906 1.498e-02 -11.197 -6.636 -6.735 -6.510
0.0152 0.01508 6.45000 114.4413757324 2.6335984698   64.555  6.387  4.8511  4.217    1  0.000  1.212     0.00     0.00     0.00     0.00     0.00 -1 -0.000133      0.00 2.001e-01 7.849e-01 1.102e-04 9.648e-03 1.211e-04  6.906 1.498e-02 -11.199 -6.649 -6.748 -6.521
0.0152 0.01508 6.45000 114.4481430054 2.6335984959   64.547  6.388  4.8483  4.205    1  0.000  1.212     0.00     0.00     0.00     0.00     0.00 -1 -0.000132      0.00 2.000e-01 7.851e-01 1.101e-04 9.648e-03 1.211e-04  6.906 1.497e-02 -11.200 -6.660 -6.760 -6.531
0.0152 0.01508 6.45000 114.4550094604 2.6335985224   64.540  6.389  4.8451  4.191    1  0.000  1.211     0.00     0.00     0.00     0.00     0.00 -1 -0.000131      0.00 1.998e-01 7.852e-01 1.101e-04 9.648e-03 1.211e-04  6.906 1.496e-02 -11.202 -6.672 -6.773 -6.541
0.0152 0.01508 6.45000 114.4620819092 2.6335985497   64.532  6.390  4.8399  4.170    1  0.000  1.211     0.00     0.00     0.00     0.00     0.00 -1 -0.000129      0.00 1.996e-01 7.854e-01 1.101e-04 9.648e-03 1.211e-04  6.906 1.496e-02 -11.205 -6.688 -6.790 -6.553
0.0152 0.01508 6.45000 114.4693450928 2.6335985776   64.524  6.391  4.8342  4.146    1  0.000  1.211     0.00     0.00     0.00     0.00     0.00 -1 -0.000126      0.00 1.995e-01 7.856e-01 1.101e-04 9.649e-03 1.211e-04  6.906 1.496e-02 -11.207 -6.704 -6.808 -6.565
0.0152 0.01508 6.45000 114.4768905640 2.6335986067   64.517  6.392  4.8279  4.119    1  0.000  1.211     0.00     0.00     0.00     0.00     0.00 -1 -0.000123      0.00 1.993e-01 7.857e-01 1.100e-04 9.649e-03 1.210e-04  6.906 1.497e-02 -11.209 -6.718 -6.824 -6.574
0.0152 0.01508 6.45000 114.4848709106 2.6335986375   64.507  6.393  4.8204  4.088    1  0.000  1.211     0.00     0.00     0.00     0.00     0.00 -1  -0.00017      0.00 1.989e-01 7.862e-01 1.100e-04 9.649e-03 1.210e-04  6.907 1.496e-02 -11.212 -6.980 -7.074 -6.861
0.0152 0.01508 6.45000 114.4934539795 2.6335986705   64.495  6.394  4.8110  4.049    1  0.000  1.212     0.00     0.00     0.00     0.00     0.00 -1 -0.000169      0.00 1.982e-01 7.868e-01 1.100e-04 9.650e-03 1.209e-04  6.909 1.496e-02 -11.215 -7.024 -7.120 -6.902
0.0152 0.01508 6.45000 114.5027313232 2.6335987063   64.464  6.396  4.8138  4.059    1  0.000  1.215     0.00     0.00     0.00     0.00     0.00 -1 -0.000247      0.00 1.949e-01 7.901e-01 1.101e-04 9.650e-03 1.207e-04  6.921 1.496e-02 -11.220 -7.294 -7.380 -7.196
0.0152 0.01508 6.45000 114.5109100342 2.6335987377   64.452  6.397  4.8058  4.025    1  0.000  1.216     0.00     0.00     0.00     0.00     0.00 -1 -0.000173      0.00 1.936e-01 7.915e-01 1.101e-04 9.650e-03 1.206e-04  6.927 1.498e-02 -11.223 -7.068 -7.165 -6.946
0.0152 0.01508 6.45000 114.5219955444 2.6335987804   64.411  6.399  4.7976  3.990    1  0.000  1.218     0.00     0.00     0.00     0.00     0.00 -1 -0.000252      0.00 1.911e-01 7.939e-01 1.101e-04 9.650e-03 1.204e-04  6.936 1.500e-02 -11.228 -7.380 -7.467 -7.276
0.0152 0.01508 6.45000 114.5295410156 2.6335988095   64.384  6.401  4.7966  3.984    1  0.000  1.224     0.00     0.00     0.00     0.00     0.00 -1 -0.000252      0.00 1.863e-01 7.987e-01 1.103e-04 9.650e-03 1.201e-04  6.956 1.500e-02 -11.233 -7.385 -7.473 -7.281
0.0152 0.01508 6.45000 114.5370864868 2.6335988385   64.358  6.404  4.7983  3.988    1  0.000  1.233     0.00     0.00     0.00     0.00     0.00 -1 -0.000252      0.00 1.782e-01 8.068e-01 1.106e-04 9.650e-03 1.197e-04  6.989 1.498e-02 -11.239 -7.384 -7.472 -7.281
0.0152 0.01508 6.45000 114.5450439453 2.6335988691   64.333  6.407  4.7980  3.984    1  0.000  1.242     0.00     0.00     0.00     0.00     0.00 -1  -0.00025      0.00 1.698e-01 8.153e-01 1.110e-04 9.651e-03 1.192e-04  7.025 1.497e-02 -11.247 -7.385 -7.473 -7.281
0.0152 0.01508 6.45000 114.5533599854 2.6335989011   64.307  6.408  4.7906  3.953    1  0.000  1.244     0.00     0.00     0.00     0.00     0.00 -1  -0.00025      0.00 1.674e-01 8.176e-01 1.110e-04 9.651e-03 1.190e-04  7.034 1.498e-02 -11.250 -7.410 -7.499 -7.303
0.0152 0.01508 6.45000 114.5622024536 2.6335989351   64.278  6.409  4.7824  3.919    1  0.000  1.246     0.00     0.00     0.00     0.00     0.00 -1 -0.000249      0.00 1.645e-01 8.205e-01 1.110e-04 9.651e-03 1.188e-04  7.046 1.499e-02 -11.253 -7.439 -7.529 -7.328
0.0152 0.01508 6.45000 114.5699462891 2.6335989649   64.258  6.410  4.7703  3.869    1  0.000  1.248     0.00     0.00     0.00     0.00     0.00 -1 -0.000247      0.00 1.620e-01 8.230e-01 1.110e-04 9.651e-03 1.186e-04  7.055 1.500e-02 -11.255 -7.478 -7.570 -7.361
0.0152 0.01508 6.45000 114.5757064819 2.6335989871   64.244  6.411  4.7545  3.805    1  0.000  1.249     0.00     0.00     0.00     0.00     0.00 -1 -0.000241      0.00 1.605e-01 8.245e-01 1.110e-04 9.651e-03 1.185e-04  7.061 1.500e-02 -11.257 -7.521 -7.616 -7.397
0.0152 0.01508 6.45000 114.5795822144 2.6335990020   64.235  6.411  4.7398  3.746    1  0.000  1.249     0.00     0.00     0.00     0.00     0.00 -1 -0.000235      0.00 1.601e-01 8.249e-01 1.110e-04 9.652e-03 1.184e-04  7.062 1.500e-02 -11.258 -7.558 -7.656 -7.428
0.0152 0.01508 6.45000 114.5863342285 2.6335990279   64.222  6.412  4.7361  3.730    1  0.000  1.250     0.00     0.00     0.00     0.00     0.00 -1 -0.000229      0.00 1.594e-01 8.256e-01 1.109e-04 9.652e-03 1.184e-04  7.064 1.501e-02 -11.260 -7.560 -7.659 -7.427
0.0152 0.01508 6.45000 114.5998992920 2.6335990801   64.194  6.413  4.7307  3.707    1  0.000  1.248     0.00     0.00     0.00     0.00     0.00 -1 -0.000232      0.00 1.583e-01 8.267e-01 1.107e-04 9.652e-03 1.183e-04  7.063 1.500e-02 -11.262 -7.589 -7.689 -7.454
0.0152 0.01508 6.45000 114.6270065308 2.6335991842   64.143  6.415  4.7204  3.664    1  0.000  1.242     0.00     0.00     0.00     0.00     0.00 -1 -0.000231      0.00 1.573e-01 8.277e-01 1.101e-04 9.653e-03 1.182e-04  7.055 1.496e-02 -11.267 -7.632 -7.733 -7.493
0.0152 0.01508 6.45000 114.7026443481 2.6335994745   63.993  6.420  4.6983  3.570    1  0.000  1.227     0.00     0.00     0.00     0.00     0.00 -1 -0.000235      0.00 1.536e-01 8.314e-01 1.084e-04 9.657e-03 1.179e-04  7.034 1.496e-02 -11.279 -7.740 -7.844 -7.594
0.0152 0.01508 6.45000 115.0344772339 2.6336007430   63.173  6.430  4.6864  3.506    1  0.000  1.171     0.00     0.00     0.00     0.00     0.00 -1 -0.000249      0.00 1.348e-01 8.502e-01 1.018e-04 9.669e-03 1.165e-04  6.949 1.497e-02 -11.306 -7.848 -7.951 -7.705
0.0152 0.01508 6.45000 115.0744628906 2.6336008953   63.090  6.432  4.6881  3.510    1  0.000  1.170     0.00     0.00     0.00     0.00     0.00 -1 -0.000252      0.00 1.308e-01 8.542e-01 1.014e-04 9.670e-03 1.163e-04  6.957 1.498e-02 -11.309 -7.850 -7.952 -7.707
0.0152 0.01508 6.45000 115.3589706421 2.6336019754   62.493  6.436  4.7365  3.696    1  0.000  1.189     0.00     0.00     0.00     0.00     0.00 -1 -0.000257      0.00 1.137e-01 8.713e-01 1.021e-04 9.671e-03 1.150e-04  7.065 1.498e-02 -11.319 -7.678 -7.774 -7.551
0.0152 0.01508 6.45000 115.3607406616 2.6336019821   62.486  6.436  4.7497  3.749    1  0.000  1.192     0.00     0.00     0.00     0.00     0.00 -1 -0.000295      0.00 1.132e-01 8.718e-01 1.022e-04 9.671e-03 1.149e-04  7.072 1.499e-02 -11.319 -7.725 -7.816 -7.608
0.0152 0.01508 6.45000 115.3619842529 2.6336019868   62.481  6.435  4.7536  3.765    1  0.000  1.192     0.00     0.00     0.00     0.00     0.00 -1 -0.000305      0.00 1.130e-01 8.720e-01 1.022e-04 9.671e-03 1.149e-04  7.073 1.498e-02 -11.319 -7.732 -7.822 -7.618
0.0152 0.01508 6.45000 115.3635864258 2.6336019928   62.473  6.435  4.7566  3.777    1  0.000  1.192     0.00     0.00     0.00     0.00     0.00 -1 -0.000308      0.00 1.130e-01 8.720e-01 1.022e-04 9.671e-03 1.149e-04  7.073 1.498e-02 -11.318 -7.727 -7.816 -7.615
0.0152 0.01508 6.45000 115.3657989502 2.6336020012   62.463  6.435  4.7601  3.791    1  0.000  1.192     0.00     0.00     0.00     0.00     0.00 -1  -0.00031      0.00 1.129e-01 8.721e-01 1.022e-04 9.671e-03 1.149e-04  7.074 1.498e-02 -11.318 -7.720 -7.809 -7.610
0.0152 0.01508 6.45000 115.3688659668 2.6336020128   62.447  6.435  4.7645  3.809    1  0.000  1.192     0.00     0.00     0.00     0.00     0.00 -1 -0.000312      0.00 1.128e-01 8.722e-01 1.023e-04 9.671e-03 1.149e-04  7.075 1.498e-02 -11.317 -7.709 -7.797 -7.601
0.0152 0.01508 6.45000 115.3725738525 2.6336020268   62.440  6.435  4.7668  3.818    1  0.000  1.192     0.00     0.00     0.00     0.00     0.00 -1 -0.000228      0.00 1.127e-01 8.723e-01 1.023e-04 9.671e-03 1.149e-04  7.075 1.498e-02 -11.317 -7.488 -7.583 -7.365
0.0152 0.01508 6.45000 115.3777770996 2.6336020465   62.433  6.435  4.7692  3.828    1  0.000  1.193     0.00     0.00     0.00     0.00     0.00 -1  -0.00022      0.00 1.125e-01 8.725e-01 1.023e-04 9.671e-03 1.149e-04  7.077 1.498e-02 -11.317 -7.454 -7.550 -7.330
0.0152 0.01508 6.45000 115.3852081299 2.6336020746   62.421  6.435  4.7719  3.838    1  0.000  1.193     0.00     0.00     0.00     0.00     0.00 -1  -0.00022      0.00 1.123e-01 8.728e-01 1.023e-04 9.671e-03 1.149e-04  7.078 1.497e-02 -11.316 -7.444 -7.540 -7.322
0.0152 0.01508 6.45000 115.3956375122 2.6336021141   62.406  6.434  4.7748  3.850    1  0.000  1.193     0.00     0.00     0.00     0.00     0.00 -1  -0.00022      0.00 1.119e-01 8.731e-01 1.023e-04 9.671e-03 1.148e-04  7.081 1.497e-02 -11.316 -7.432 -7.527 -7.311
0.0152 0.01508 6.45000 115.4104156494 2.6336021700   62.383  6.434  4.7779  3.863    1  0.000  1.194     0.00     0.00     0.00     0.00     0.00 -1  -0.00022      0.00 1.114e-01 8.736e-01 1.023e-04 9.671e-03 1.148e-04  7.084 1.497e-02 -11.315 -7.421 -7.516 -7.301
0.0152 0.01508 6.45000 115.4313354492 2.6336022491   62.350  6.434  4.7811  3.875    1  0.000  1.195     0.00     0.00     0.00     0.00     0.00 -1 -0.000221      0.00 1.107e-01 8.743e-01 1.023e-04 9.671e-03 1.147e-04  7.089 1.497e-02 -11.314 -7.411 -7.505 -7.292
0.0152 0.01508 6.45000 115.4609375000 2.6336023609   62.304  6.433  4.7877  3.902    1  0.000  1.193     0.00     0.00     0.00     0.00     0.00 -1 -0.000221      0.00 1.099e-01 8.751e-01 1.022e-04 9.671e-03 1.146e-04  7.090 1.497e-02 -11.313 -7.386 -7.479 -7.270
0.0152 0.01508 6.45000 115.5028305054 2.6336025191   62.238  6.432  4.7965  3.938    1  0.000  1.192     0.00     0.00     0.00     0.00     0.00 -1  -0.00022      0.00 1.088e-01 8.762e-01 1.020e-04 9.671e-03 1.145e-04  7.091 1.497e-02 -11.310 -7.353 -7.445 -7.241
0.0152 0.01508 6.45000 115.5620727539 2.6336027426   62.146  6.431  4.8116  3.999    1  0.000  1.188     0.00     0.00     0.00     0.00     0.00 -1  -0.00022      0.00 1.070e-01 8.780e-01 1.016e-04 9.671e-03 1.144e-04  7.089 1.501e-02 -11.307 -7.288 -7.377 -7.181
0.0152 0.01508 6.45000 115.6332931519 2.6336030109   62.035  6.430  4.8515  4.158    1  0.000  1.174     0.00     0.00     0.00     0.00     0.00 -1  -0.00022      0.00 9.982e-02 8.852e-01 1.000e-04 9.674e-03 1.138e-04  7.088 1.496e-02 -11.306 -7.129 -7.212 -7.038
0.0152 0.01508 6.45000 115.6946029663 2.6336032416   61.937  6.429  4.8677  4.224    1  0.000  1.175     0.00     0.00     0.00     0.00     0.00 -1 -0.000222      0.00 9.742e-02 8.876e-01 9.994e-05 9.675e-03 1.136e-04  7.102 1.495e-02 -11.302 -7.069 -7.151 -6.981
0.0152 0.01508 6.45000 115.8360443115 2.6336037727   61.709  6.426  4.8979  4.346    1  0.000  1.175     0.00     0.00     0.00     0.00     0.00 -1 -0.000224      0.00 9.216e-02 8.929e-01 9.955e-05 9.677e-03 1.129e-04  7.130 1.495e-02 -11.295 -6.951 -7.029 -6.872
0.0152 0.01508 6.45000 115.9778900146 2.6336043038   61.483  6.425  4.9385  4.508    1  0.000  1.196     0.00     0.00     0.00     0.00     0.00 -1 -0.000221      0.00 8.101e-02 9.040e-01 1.002e-04 9.678e-03 1.117e-04  7.227 1.497e-02 -11.292 -6.775 -6.852 -6.697
0.0152 0.01508 6.45000 116.0489425659 2.6336045693   61.367  6.425  4.9804  4.675    1  0.000  1.232     0.00     0.00     0.00     0.00     0.00 -1 -0.000231      0.00 6.656e-02 9.185e-01 1.019e-04 9.677e-03 1.104e-04  7.378 1.499e-02 -11.292 -6.652 -6.727 -6.579
0.0152 0.01508 6.45000 116.1200561523 2.6336048347   61.247  6.423  4.9890  4.710    1  0.000  1.215     0.00     0.00     0.00     0.00     0.00 -1 -0.000234      0.00 6.572e-02 9.193e-01 1.004e-04 9.680e-03 1.102e-04  7.351 1.500e-02 -11.287 -6.631 -6.705 -6.558
0.0152 0.01508 6.45000 116.2621917725 2.6336053639   61.008  6.419  5.0034  4.770    1  0.000  1.196     0.00     0.00     0.00     0.00     0.00 -1 -0.000231      0.00 6.446e-02 9.205e-01 9.862e-05 9.683e-03 1.097e-04  7.325 1.499e-02 -11.278 -6.519 -6.599 -6.420
0.0152 0.01508 6.45000 116.4048080444 2.6336058934   60.771  6.416  5.0173  4.827    1  0.000  1.193     0.00     0.00     0.00     0.00     0.00 -1  -0.00023      0.00 6.342e-02 9.216e-01 9.812e-05 9.685e-03 1.093e-04  7.327 1.497e-02 -11.269 -6.465 -6.545 -6.366
0.0152 0.01508 6.45000 116.5479202271 2.6336064233   60.536  6.412  5.0310  4.884    1  0.000  1.218     0.00     0.00     0.00     0.00     0.00 -1 -0.000227      0.00 6.234e-02 9.227e-01 9.983e-05 9.683e-03 1.089e-04  7.386 1.500e-02 -11.259 -6.404 -6.484 -6.303
0.0152 0.01508 6.45000 116.6916351318 2.6336069538   60.301  6.407  5.0440  4.939    1  0.000  1.262     0.00     0.00     0.00     0.00     0.00 -1 -0.000226      0.00 6.127e-02 9.238e-01 1.031e-04 9.679e-03 1.085e-04  7.469 1.498e-02 -11.249 -6.347 -6.427 -6.245
0.0152 0.01508 6.45000 116.8360137939 2.6336074854   60.070  6.403  5.0561  4.990    1  0.000  1.309     0.00     0.00     0.00     0.00     0.00 -1 -0.000222      0.00 6.011e-02 9.249e-01 1.065e-04 9.674e-03 1.082e-04  7.546 1.497e-02 -11.237 -6.274 -6.356 -6.166
0.0152 0.01508 6.45000 116.9811935425 2.6336080183   59.839  6.398  5.0672  5.038    1  0.000  1.352     0.00     0.00     0.00     0.00     0.00 -1 -0.000221      0.00 5.882e-02 9.262e-01 1.097e-04 9.670e-03 1.079e-04  7.610 1.497e-02 -11.226 -6.230 -6.311 -6.122
0.0152 0.01508 6.45000 117.1273040771 2.6336085532   59.612  6.394  5.0773  5.081    1  0.000  1.395     0.00     0.00     0.00     0.00     0.00 -1 -0.000218      0.00 5.722e-02 9.278e-01 1.128e-04 9.665e-03 1.076e-04  7.670 1.500e-02 -11.215 -6.182 -6.264 -6.075
0.0152 0.01508 6.45000 117.2743911743 2.6336090900   59.383  6.390  5.0865  5.120    1  0.000  1.437     0.00     0.00     0.00     0.00     0.00 -1 -0.000215      0.00 5.523e-02 9.298e-01 1.159e-04 9.661e-03 1.074e-04  7.728 1.500e-02 -11.204 -6.137 -6.219 -6.029
0.0152 0.01508 6.45000 117.4226837158 2.6336096297   59.158  6.386  5.0945  5.154    1  0.000  3.083     0.00     0.00     0.00     0.00     0.00 -1 -0.000213      0.00 5.242e-02 9.306e-01 1.953e-03 9.385e-03 1.418e-04  9.468 1.701e-02 -11.195 -6.095 -6.177 -5.986
0.0152 0.01508 6.45000 117.5723037720 2.6336101727   58.933  6.383  5.1024  5.188    1  0.000  4.964     0.00     0.00     0.00     0.00     0.00 -1 -0.000211      0.00 4.911e-02 9.316e-01 4.051e-03 9.069e-03 1.811e-04  9.822 1.932e-02 -11.186 -6.054 -6.136 -5.945
0.0152 0.01508 6.45000 117.7228546143 2.6336107174   58.708  6.380  5.1100  5.219    1  0.000  7.411     0.00     0.00     0.00     0.00     0.00 -1 -0.000209      0.00 4.429e-02 9.334e-01 6.797e-03 8.659e-03 2.322e-04 10.096 2.235e-02 -11.180 -6.014 -6.095 -5.907
0.0152 0.01508 6.45000 117.8752517700 2.6336112671   58.479  6.378  5.1180  5.251    1  0.000  9.933     0.00     0.00     0.00     0.00     0.00 -1  -0.00021      0.00 3.700e-02 9.375e-01 9.617e-03 8.238e-03 2.839e-04 10.326 2.547e-02 -11.175 -5.988 -6.068 -5.883
0.0152 0.01508 6.45000 118.0293884277 2.6336118215   58.247  6.376  5.1257  5.282    1  0.000 12.529     0.00     0.00     0.00     0.00     0.00 -1  -0.00021      0.00 2.889e-02 9.425e-01 1.251e-02 7.806e-03 3.367e-04 10.548 2.866e-02 -11.170 -5.967 -6.047 -5.862
0.0152 0.01508 6.45000 118.1853866577 2.6336123809   58.006  6.374  5.1333  5.312    1  0.000 15.208     0.00     0.00     0.00     0.00     0.00 -1 -0.000212      0.00 1.950e-02 9.486e-01 1.548e-02 7.362e-03 3.908e-04 10.812 3.192e-02 -11.166 -5.951 -6.031 -5.847
0.0152 0.01508 6.45000 118.3434371948 2.6336129459   57.759  6.373  5.1405  5.341    1  0.000 17.973     0.00     0.00     0.00     0.00     0.00 -1 -0.000215      0.00 9.299e-03 9.554e-01 1.853e-02 6.904e-03 4.467e-04 11.212 3.528e-02 -11.161 -5.944 -6.023 -5.841
0.0152 0.01508 6.45000 118.5034484863 2.6336135162   57.524  6.371  5.1425  5.349    1  0.000 18.672     0.00     0.00     0.00     0.00     0.00 -1 -0.000214      0.00 7.047e-03 9.552e-01 2.085e-02 6.713e-03 5.372e-04 11.383 3.780e-02 -11.156 -5.931 -6.010 -5.829
0.0152 0.01508 6.45000 118.8292694092 2.6336146719   57.054  6.366  5.1444  5.358    1  0.000 19.299     0.00     0.00     0.00     0.00     0.00 -1  -0.00021      0.00 5.534e-03 9.518e-01 2.537e-02 6.425e-03 7.380e-04 11.572 4.266e-02 -11.146 -5.905 -5.984 -5.802
0.0152 0.01508 6.45000 119.2444686890 2.6336161342   56.459  6.361  5.1463  5.366    1  0.000 20.107     0.00     0.00     0.00     0.00     0.00 -1 -0.000205      0.00 3.609e-03 9.473e-01 3.129e-02 6.048e-03 1.002e-03 11.848 4.905e-02 -11.133 -5.874 -5.953 -5.770
0.0152 0.01508 6.45000 119.6612701416 2.6336175903   55.868  6.356  5.1479  5.372    1  0.000 20.946     0.00     0.00     0.00     0.00     0.00 -1   -0.0002      0.00 1.712e-03 9.425e-01 3.752e-02 5.653e-03 1.280e-03 12.250 5.577e-02 -11.120 -5.843 -5.923 -5.739
0.0152 0.01508 6.45000 119.9074554443 2.6336184450   55.521  6.353  5.1486  5.376    1  0.000 21.431     0.00     0.00     0.00     0.00     0.00 -1 -0.000197      0.00 6.863e-04 9.396e-01 4.121e-02 5.421e-03 1.444e-03 12.688 5.974e-02 -11.113 -5.825 -5.905 -5.721
0.0152 0.01508 6.45000 120.0000000000 2.6336187652   55.396  6.352  5.1488  5.377    1  0.000 21.606     0.00     0.00     0.00     0.00     0.00 -1 -0.000196      0.00 3.501e-04 9.384e-01 4.257e-02 5.336e-03 1.505e-03 12.994 6.120e-02 -11.110 -5.819 -5.899 -5.714
0.0152 0.01508 6.45000 120.5720977783 2.6336187652   54.330  6.341  5.1489  5.379    1  0.000 22.210     0.00     0.00     0.00     0.00     0.00 -1 -0.000189      0.00 1.022e-06 9.336e-01 4.739e-02 5.057e-03 1.723e-03 15.575 6.639e-02 -11.083 -5.772 -5.853 -5.667
0.0152 0.01508 6.45000 127.0731658936 2.6336187652   45.495  6.246  5.1447  5.381    1  0.000 25.501     0.00     0.00     0.00     0.00     0.00 -1 -0.000102      0.00 1.000e-33 7.722e-01 1.949e-01 1.503e-04 1.273e-02 43.189 2.278e-01 -10.844 -6.194 -6.349 -5.505
0.0152 0.01508 6.45000 140.8569030762 2.6336187652   34.016  6.090  5.1388  5.387    1  0.000 13.789     0.00     0.00     0.00     0.00     0.00 -1 -4.59e-05      0.00 1.000e-33 6.361e-01 3.092e-01 1.649e-26 3.423e-02 43.373 3.639e-01 -10.456 -5.063 -5.194 -4.634
0.0152 0.01508 6.45000 141.7644653320 2.6336187652   33.440  6.081  5.1385  5.387    1  0.000 13.043     0.00     0.00     0.00     0.00     0.00 -1  -4.4e-05      0.00 1.000e-33 6.290e-01 3.153e-01 1.000e-33 3.529e-02 43.381 3.710e-01 -10.433 -5.009 -5.140 -4.589
0.0152 0.01508 6.45000 150.0000000000 2.6336187652   29.168  6.009  5.1379  5.397    1  0.000 11.976     0.00     0.00     0.00     0.00     0.00 -1 -3.25e-05      0.00 1.000e-33 5.986e-01 3.385e-01 9.408e-27 4.242e-02 43.407 4.014e-01 -10.253 -4.625 -4.753 -4.265
0.0152 0.01508 6.45000 163.1807861328 2.6336187652   26.662  5.967  5.1394  5.407    2  0.000  9.828     0.00     0.00     0.00     0.00     0.00 -1 -2.51e-05      0.00 1.000e-33 5.549e-01 3.715e-01 2.264e-26 5.313e-02 43.442 4.451e-01 -10.147 -4.313 -4.441 -3.999
0.0152 0.01508 6.45000 170.3537139893 2.6336187652   25.563  5.948  5.1419  5.418    3  0.000  8.930     0.00     0.01     0.01     0.01     0.01  2 -2.19e-05      0.00 1.000e-33 5.306e-01 3.879e-01 2.062e-26 6.108e-02 43.455 4.694e-01 -10.099 -4.136 -4.263 -3.852
0.0152 0.01508 6.45000 180.5969238281 2.6336187652   24.182  5.922  5.1460  5.435    3  0.000  7.788     0.00     0.01     0.01     0.01     0.01  2 -1.82e-05      0.00 1.000e-33 4.976e-01 4.098e-01 5.826e-26 7.202e-02 43.472 5.024e-01 -10.035 -3.902 -4.030 -3.653
0.0152 0.01508 6.45000 190.3618011475 2.6336187652   23.097  5.902  5.1534  5.465    3  0.000  6.537     0.00     0.01     0.01     0.01     0.01  0 -1.49e-05      0.00 1.000e-33 4.404e-01 4.423e-01 5.772e-25 9.664e-02 43.489 5.596e-01 -9.986 -3.675 -3.809 -3.434
0.0152 0.01508 6.45000 200.0000000000 2.6336187652   22.163  5.886  5.1646  5.508    3  0.000  6.030     0.00     0.01     0.01     0.01     0.00  0 -1.32e-05      0.00 1.000e-33 4.199e-01 4.563e-01 9.311e-25 1.032e-01 43.499 5.801e-01 -9.946 -3.511 -3.652 -3.263
0.0152 0.01508 6.45000 200.6736602783 2.6336187652   22.140  5.886  5.1655  5.511    3  0.000  5.976     0.00     0.01     0.01     0.01     0.00  0 -1.32e-05      0.00 1.000e-33 4.176e-01 4.575e-01 9.339e-25 1.042e-01 43.500 5.824e-01 -9.946 -3.503 -3.645 -3.255
0.0152 0.01508 6.45000 204.9971160889 2.6336187652   21.997  5.888  5.1761  5.548    3  0.000  5.785     0.00     0.01     0.01     0.01     0.00  0 -1.33e-05      0.00 1.000e-33 4.100e-01 4.612e-01 7.560e-25 1.082e-01 43.501 5.900e-01 -9.951 -3.460 -3.603 -3.212
0.0152 0.01508 6.45000 207.0253601074 2.6336187652   21.929  5.892  5.1878  5.590    3  0.000  5.688     0.00     0.01     0.01     0.00     0.00  0 -1.37e-05      0.00 1.000e-33 4.060e-01 4.630e-01 6.804e-25 1.104e-01 43.501 5.940e-01 -9.961 -3.416 -3.561 -3.171
0.0152 0.01508 6.45000 207.9387664795 2.6336187652   21.898  5.897  5.1990  5.629    3  0.000  5.652     0.00     0.01     0.01     0.00     0.00  0 -1.42e-05      0.00 1.000e-33 4.045e-01 4.637e-01 6.496e-25 1.112e-01 43.501 5.955e-01 -9.973 -3.395 -3.541 -3.153
0.0152 0.01508 6.45000 208.3922576904 2.6336187652   21.882  5.904  5.2123  5.675    3  0.000  5.636     0.00     0.01     0.01     0.00     0.00  0 -1.49e-05      0.00 1.000e-33 4.039e-01 4.639e-01 6.362e-25 1.116e-01 43.501 5.961e-01 -9.991 -3.475 -3.612 -3.252
0.0152 0.01508 6.45000 208.6167297363 2.6336187652   21.874  5.912  5.2245  5.716    3  0.000  5.631     0.00     0.01     0.01     0.00     0.00  0 -1.56e-05      0.00 1.000e-33 4.037e-01 4.640e-01 6.304e-25 1.117e-01 43.501 5.963e-01 -10.009 -3.524 -3.655 -3.316
0.0152 0.01508 6.45000 208.8211059570 2.6336187652   21.866  5.919  5.2362  5.756    3  0.000  5.625     0.00     0.01     0.01     0.00     0.00  0 -1.65e-05      0.00 1.000e-33 4.034e-01 4.642e-01 6.247e-25 1.119e-01 43.501 5.966e-01 -10.027 -3.539 -3.665 -3.341
0.0152 0.01508 6.45000 209.0614166260 2.6336187652   21.856  5.927  5.2491  5.799    3  0.000  5.615     0.00     0.01     0.01     0.00     0.00  0 -1.75e-05      0.00 1.000e-33 4.030e-01 4.643e-01 6.174e-25 1.121e-01 43.501 5.970e-01 -10.047 -3.543 -3.666 -3.353
0.0152 0.01508 6.45000 209.3093109131 2.6336187652   21.846  5.935  5.2615  5.840    3  0.000  5.604     0.00     0.00     0.01     0.00     0.00  0 -1.89e-05      0.00 1.000e-33 4.025e-01 4.645e-01 6.101e-25 1.124e-01 43.501 5.975e-01 -10.068 -3.617 -3.736 -3.437
0.0152 0.01508 6.45000 209.5361785889 2.6336187652   21.835  5.943  5.2721  5.875    3  0.000  5.593     0.00     0.00     0.00     0.00     0.00  0 -2.05e-05      0.00 1.000e-33 4.021e-01 4.647e-01 6.034e-25 1.126e-01 43.501 5.979e-01 -10.087 -3.666 -3.782 -3.492
0.0152 0.01508 6.45000 209.7868957520 2.6336187652   21.823  5.951  5.2832  5.910    3  0.000  5.579     0.00     0.00     0.00     0.00     0.00  0  -2.2e-05      0.00 1.000e-33 4.015e-01 4.649e-01 5.964e-25 1.130e-01 43.501 5.985e-01 -10.108 -3.694 -3.807 -3.526
0.0152 0.01508 6.45000 210.0403900146 2.6336187652   21.809  5.960  5.2942  5.945    3  0.000  5.564     0.00     0.00     0.00     0.00     0.00  0 -2.39e-05      0.00 1.000e-33 4.009e-01 4.651e-01 5.894e-25 1.133e-01 43.501 5.991e-01 -10.131 -3.654 -3.767 -3.490
0.0152 0.01508 6.45000 210.2589569092 2.6336187652   21.797  5.970  5.3049  5.978    3  0.000  5.552     0.00     0.00     0.00     0.00     0.00  0 -2.62e-05      0.00 1.000e-33 4.004e-01 4.653e-01 5.843e-25 1.136e-01 43.501 5.996e-01 -10.155 -3.663 -3.775 -3.501
0.0152 0.01508 6.45000 210.3887329102 2.6336187652   21.789  5.979  5.3153  6.010    3  0.000  5.545     0.00     0.00     0.00     0.00     0.00  0 -2.85e-05      0.00 1.000e-33 4.001e-01 4.655e-01 5.816e-25 1.138e-01 43.501 5.999e-01 -10.178 -3.823 -3.931 -3.664
0.0152 0.01508 6.45000 210.4386901855 2.6336187652   21.785  5.989  5.3258  6.043    3  0.000  5.544     0.00     0.00     0.00     0.00     0.00  0 -3.07e-05      0.00 1.000e-33 4.000e-01 4.655e-01 5.809e-25 1.138e-01 43.501 6.000e-01 -10.202 -3.976 -4.080 -3.821
0.0152 0.01508 6.45000 210.4510955811 2.6336187652   21.785  5.994  5.3322  6.063    3  0.000  5.544     0.00     0.00     0.00     0.00     0.00  0 -3.26e-05      0.00 1.000e-33 4.000e-01 4.655e-01 5.808e-25 1.138e-01 43.501 6.000e-01 -10.216 -4.084 -4.186 -3.929
# Zini     MH   logAge Mini        int_IMF         Mass   logL    logTe  logg  label   McoreTP C_O  period0  period1  period2  period3  period4  pmode  Mloss  tau1m   X   Y   Xc  Xn  Xo  Cexcess  Z 	 mbolmag  Gmag    G_BPmag  G_RPmag
0.0152 0.01508 6.50000 0.0900000036 1.0816895926    0.090 -1.517  3.4265  3.567    0  0.000  0.545     0.00     0.00     0.00     0.00     0.00 -1 -2.12e-14      0.00 7.092e-01 2.755e-01 2.746e-03 7.408e-04 6.719e-03 -1.000 1.527e-02 8.562 10.467 12.817 9.051
0.0152 0.01508 6.50000 0.0920245349 1.1008048915    0.092 -1.513  3.4268  3.575    0  0.000  0.545     0.00     0.00     0.00     0.00     0.00 -1  -2.1e-14      0.00 7.092e-01 2.755e-01 2.746e-03 7.408e-04 6.719e-03 -1.000 1.527e-02 8.553 10.454 12.800 9.039
0.0152 0.01508 6.50000 0.1034725755 1.1994761707    0.103 -1.480  3.4300  3.604    0  0.000  0.545     0.00     0.00     0.00     0.00     0.00 -1 -2.06e-14      0.00 7.092e-01 2.755e-01 2.746e-03 7.408e-04 6.719e-03 -1.000 1.527e-02 8.469 10.322 12.625 8.917
0.0152 0.01508 6.50000 0.1104673296 1.2530340412    0.110 -1.460  3.4322  3.622    0  0.000  0.545     0.00     0.00     0.00     0.00     0.00 -1 -2.05e-14      0.00 7.092e-01 2.755e-01 2.746e-03 7.408e-04 6.719e-03 -1.000 1.527e-02 8.420 10.247 12.525 8.847
0.0152 0.01508 6.50000 0.1174053401 1.3019707185    0.117 -1.450  3.4332  3.642    0  0.000  0.545     0.00     0.00     0.00     0.00     0.00 -1 -1.99e-14      0.00 7.092e-01 2.755e-01 2.746e-03 7.408e-04 6.719e-03 -1.000 1.527e-02 8.395 10.208 12.476 8.811
0.0152 0.01508 6.50000 0.1213327199 1.3280359780    0.121 -1.439  3.4343  3.650    0  0.000  0.545     0.00     0.00     0.00     0.00     0.00 -1 -1.98e-14      0.00 7.092e-01 2.755e-01 2.746e-03 7.408e-04 6.719e-03 -1.000 1.527e-02 8.368 10.168 12.423 8.774
0.0152 0.01508 6.50000 0.1282890886 1.3716154708    0.128 -1.406  3.4380  3.656    0  0.000  0.545     0.00     0.00     0.00     0.00     0.00 -1 -2.07e-14      0.00 7.092e-01 2.755e-01 2.746e-03 7.408e-04 6.719e-03 -1.000 1.527e-02 8.284 10.040 12.250 8.655
0.0152 0.01508 6.50000 0.1350825429 1.4113066253    0.135 -1.386  3.4402  3.667    0  0.000  0.545     0.00     0.00     0.00     0.00     0.00 -1 -2.08e-14      0.00 7.092e-01 2.755e-01 2.746e-03 7.408e-04 6.719e-03 -1.000 1.527e-02 8.235 9.964 12.148 8.585
0.0152 0.01508 6.50000 0.1436702609 1.4579185444    0.144 -1.362  3.4430  3.681    0  0.000  0.545     0.00     0.00     0.00     0.00     0.00 -1  -2.1e-14      0.00 7.092e-01 2.755e-01 2.746e-03 7.408e-04 6.719e-03 -1.000 1.527e-02 8.176 9.871 12.023 8.500
0.0152 0.01508 6.50000 0.1507772356 1.4938354894    0.151 -1.335  3.4460  3.687    0  0.000  0.545     0.00     0.00     0.00     0.00     0.00 -1 -2.17e-14      0.00 7.092e-01 2.755e-01 2.746e-03 7.408e-04 6.719e-03 -1.000 1.527e-02 8.108 9.768 11.884 8.405
0.0152 0.01508 6.50000 0.1577449441 1.5269735280    0.158 -1.317  3.4480  3.697    0  0.000  0.545     0.00     0.00     0.00     0.00     0.00 -1 -2.19e-14      0.00 7.092e-01 2.755e-01 2.746e-03 7.408e-04 6.719e-03 -1.000 1.527e-02 8.062 9.698 11.792 8.341
0.0152 0.01508 6.50000 0.1612926722 1.5431238563    0.161 -1.310  3.4490  3.703    0  0.000  0.545     0.00     0.00     0.00     0.00     0.00 -1 -2.18e-14      0.00 7.092e-01 2.755e-01 2.746e-03 7.408e-04 6.719e-03 -1.000 1.527e-02 8.045 9.669 11.751 8.314
0.0152 0.01508 6.50000 0.1712786257 1.5862095689    0.171 -1.268  3.4539  3.707    0  0.000  0.545     0.00     0.00     0.00     0.00     0.00 -1 -2.32e-14      0.00 7.092e-01 2.755e-01 2.746e-03 7.408e-04 6.719e-03 -1.000 1.527e-02 7.939 9.509 11.534 8.167
0.0152 0.01508 6.50000 0.1813069880 1.6263110045    0.181 -1.234  3.4576  3.713    0  0.000  0.545     0.00     0.00     0.00     0.00     0.00 -1 -2.42e-14      0.00 7.092e-01 2.755e-01 2.746e-03 7.408e-04 6.719e-03 -1.000 1.527e-02 7.855 9.384 11.367 8.053
0.0152 0.01508 6.50000 0.1913485229 1.6636752492    0.191 -1.211  3.4602  3.723    0  0.000  0.545     0.00     0.00     0.00     0.00     0.00 -1 -2.46e-14      0.00 7.092e-01 2.755e-01 2.746e-03 7.408e-04 6.719e-03 -1.000 1.527e-02 7.796 9.296 11.249 7.972
0.0152 0.01508 6.50000 0.2003562748 1.6950863433    0.200 -1.199  3.4617  3.738    0  0.000  0.545     0.00     0.00     0.00     0.00     0.00 -1 -2.43e-14      0.00 7.092e-01 2.755e-01 2.746e-03 7.408e-04 6.719e-03 -1.000 1.527e-02 7.768 9.252 11.191 7.932
0.0152 0.01508 6.50000 0.2151181847 1.7427850951    0.215 -1.153  3.4673  3.744    0  0.000  0.545     0.00     0.00     0.00     0.00     0.00 -1 -2.59e-14      0.00 7.092e-01 2.755e-01 2.746e-03 7.408e-04 6.719e-03 -1.000 1.527e-02 7.652 9.083 10.967 7.776
0.0152 0.01508 6.50000 0.2301566899 1.7871902859    0.230 -1.115  3.4718  3.754    0  0.000  0.545     0.00     0.00     0.00     0.00     0.00 -1  -2.7e-14      0.00 7.092e-01 2.755e-01 2.746e-03 7.408e-04 6.719e-03 -1.000 1.527e-02 7.557 8.946 10.787 7.651
0.0152 0.01508 6.50000 0.2454638034 1.8286739944    0.245 -1.084  3.4755  3.766    0  0.000  0.545     0.00     0.00     0.00     0.00     0.00 -1 -2.77e-14      0.00 7.092e-01 2.755e-01 2.746e-03 7.408e-04 6.719e-03 -1.000 1.527e-02 7.480 8.836 10.643 7.550
0.0152 0.01508 6.50000 0.2697557211 1.8880419536    0.270 -1.030  3.4827  3.781    0  0.000  0.545     0.00     0.00     0.00     0.00     0.00 -1 -2.94e-14      0.00 7.092e-01 2.755e-01 2.746e-03 7.408e-04 6.719e-03 -1.000 1.527e-02 7.344 8.636 10.375 7.369
0.0152 0.01508 6.50000 0.2922111452 1.9370471210    0.292 -0.983  3.4888  3.794    0  0.000  0.545     0.00     0.00     0.00     0.00     0.00 -1  -3.1e-14      0.00 7.092e-01 2.755e-01 2.746e-03 7.408e-04 6.719e-03 -1.000 1.527e-02 7.228 8.467 10.147 7.216
0.0152 0.01508 6.50000 0.3000000119 1.9529139769    0.300 -0.968  3.4907  3.798    0  0.000  0.545     0.00     0.00     0.00     0.00     0.00 -1 -3.15e-14      0.00 7.092e-01 2.755e-01 2.746e-03 7.408e-04 6.719e-03 -1.000 1.527e-02 7.191 8.415 10.078 7.169
0.0152 0.01508 6.50000 0.3254792988 2.0012942776    0.325 -0.918  3.4976  3.811    0  0.000  0.545     0.00     0.00     0.00     0.00     0.00 -1 -3.35e-14      0.00 7.092e-01 2.755e-01 2.746e-03 7.408e-04 6.719e-03 -1.000 1.527e-02 7.065 8.239 9.851 7.010
0.0152 0.01508 6.50000 0.3554910421 2.0523264475    0.356 -0.865  3.5048  3.825    0  0.000  0.545     0.00     0.00     0.00     0.00     0.00 -1 -3.55e-14      0.00 7.092e-01 2.755e-01 2.746e-03 7.408e-04 6.719e-03 -1.000 1.527e-02 6.933 8.057 9.615 6.844
0.0152 0.01508 6.50000 0.3987220228 2.1167379871    0.399 -0.792  3.5155  3.844    0  0.000  0.545     0.00     0.00     0.00     0.00     0.00 -1 -3.89e-14      0.00 7.092e-01 2.755e-01 2.746e-03 7.408e-04 6.719e-03 -1.000 1.527e-02 6.749 7.797 9.275 6.611
0.0152 0.01508 6.50000 0.4000000358 2.1185024810    0.400 -0.790  3.5157  3.845    0  0.000  0.545     0.00     0.00     0.00     0.00     0.00 -1  -3.9e-14      0.00 7.092e-01 2.755e-01 2.746e-03 7.408e-04 6.719e-03 -1.000 1.527e-02 6.744 7.790 9.266 6.605
0.0152 0.01508 6.50000 0.4040450752 2.1240393266    0.404 -0.783  3.5168  3.846    0  0.000  0.545     0.00     0.00     0.00     0.00     0.00 -1 -3.93e-14      0.00 7.092e-01 2.755e-01 2.746e-03 7.408e-04 6.719e-03 -1.000 1.527e-02 6.728 7.767 9.235 6.583
0.0152 0.01508 6.50000 0.4632351100 2.1976346613    0.463 -0.691  3.5311  3.871    0  0.000  0.545     0.00     0.00     0.00     0.00     0.00 -1 -4.42e-14      0.00 7.092e-01 2.755e-01 2.746e-03 7.408e-04 6.719e-03 -1.000 1.527e-02 6.497 7.434 8.792 6.290
0.0152 0.01508 6.50000 0.4991627336 2.2365900898    0.499 -0.640  3.5394  3.885    0  0.000  0.545     0.00     0.00     0.00     0.00     0.00 -1 -4.71e-14      0.00 7.092e-01 2.755e-01 2.746e-03 7.408e-04 6.719e-03 -1.000 1.527e-02 6.369 7.250 8.546 6.129
0.0152 0.01508 6.50000 0.5000000000 2.2374541529    0.500 -0.638  3.5396  3.886    0  0.000  0.545     0.00     0.00     0.00     0.00     0.00 -1 -4.71e-14      0.00 7.092e-01 2.755e-01 2.746e-03 7.408e-04 6.719e-03 -1.000 1.527e-02 6.366 7.245 8.540 6.125
0.0152 0.01508 6.50000 0.5004408956 2.2379081931    0.501 -0.638  3.5397  3.886    0  0.000  0.545     0.00     0.00     0.00     0.00     0.00 -1 -4.72e-14      0.00 7.092e-01 2.755e-01 2.746e-03 7.408e-04 6.719e-03 -1.000 1.527e-02 6.364 7.243 8.537 6.123
0.0152 0.01508 6.50000 0.5204921365 2.2576259826    0.520 -0.607  3.5451  3.893    0  0.000  0.545     0.00     0.00     0.00     0.00     0.00 -1 -4.92e-14      0.00 7.092e-01 2.755e-01 2.746e-03 7.408e-04 6.719e-03 -1.000 1.527e-02 6.287 7.128 8.381 6.025
0.0152 0.01508 6.50000 0.5419936776 2.2769167769    0.542 -0.578  3.5500  3.902    0  0.000  0.545     0.00     0.00     0.00     0.00     0.00 -1 -5.11e-14      0.00 7.092e-01 2.755e-01 2.746e-03 7.408e-04 6.719e-03 -1.000 1.527e-02 6.214 7.022 8.238 5.933
0.0152 0.01508 6.50000 0.5500000119 2.2836582633    0.550 -0.568  3.5516  3.905    0  0.000  0.545     0.00     0.00     0.00     0.00     0.00 -1 -5.16e-14      0.00 7.092e-01 2.755e-01 2.746e-03 7.408e-04 6.719e-03 -1.000 1.527e-02 6.191 6.987 8.192 5.904
0.0152 0.01508 6.50000 0.5712236762 2.3004820498    0.571 -0.538  3.5570  3.912    0  0.000  0.545     0.00     0.00     0.00     0.00     0.00 -1 -5.39e-14      0.00 7.092e-01 2.755e-01 2.746e-03 7.408e-04 6.719e-03 -1.000 1.527e-02 6.114 6.872 8.036 5.806
0.0152 0.01508 6.50000 0.5969515443 2.3190430201    0.597 -0.503  3.5631  3.922    0  0.000  0.545     0.00     0.00     0.00     0.00     0.00 -1 -5.64e-14      0.00 7.092e-01 2.755e-01 2.746e-03 7.408e-04 6.719e-03 -1.000 1.527e-02 6.029 6.743 7.863 5.698
0.0152 0.01508 6.50000 0.6000000238 2.3211213258    0.600 -0.500  3.5638  3.923    0  0.000  0.545     0.00     0.00     0.00     0.00     0.00 -1 -5.67e-14      0.00 7.092e-01 2.755e-01 2.746e-03 7.408e-04 6.719e-03 -1.000 1.527e-02 6.019 6.729 7.844 5.686
0.0152 0.01508 6.50000 0.6128935218 2.3296491722    0.613 -0.483  3.5669  3.928    0  0.000  0.545     0.00     0.00     0.00     0.00     0.00 -1  -5.8e-14      0.00 7.092e-01 2.755e-01 2.746e-03 7.408e-04 6.719e-03 -1.000 1.527e-02 5.978 6.666 7.758 5.633
0.0152 0.01508 6.50000 0.6386823654 2.3455241215    0.639 -0.450  3.5729  3.937    0  0.000  0.545     0.00     0.00     0.00     0.00     0.00 -1 -6.06e-14      0.00 7.092e-01 2.755e-01 2.746e-03 7.408e-04 6.719e-03 -1.000 1.527e-02 5.895 6.539 7.588 5.528
0.0152 0.01508 6.50000 0.6499999762 2.3520353107    0.650 -0.436  3.5755  3.941    0  0.000  0.545     0.00     0.00     0.00     0.00     0.00 -1 -6.18e-14      0.00 7.092e-01 2.755e-01 2.746e-03 7.408e-04 6.719e-03 -1.000 1.527e-02 5.860 6.485 7.515 5.482
0.0152 0.01508 6.50000 0.6636936069 2.3595730417    0.664 -0.418  3.5787  3.945    0  0.000  0.545     0.00     0.00     0.00     0.00     0.00 -1 -6.34e-14      0.00 7.092e-01 2.755e-01 2.746e-03 7.408e-04 6.719e-03 -1.000 1.527e-02 5.816 6.418 7.426 5.427
0.0152 0.01508 6.50000 0.6911625266 2.3736630693    0.691 -0.383  3.5850  3.953    0  0.000  0.545     0.00     0.00     0.00     0.00     0.00 -1 -6.68e-14      0.00 7.092e-01 2.755e-01 2.746e-03 7.408e-04 6.719e-03 -1.000 1.527e-02 5.728 6.287 7.255 5.317
0.0152 0.01508 6.50000 0.7000000477 2.3779267258    0.700 -0.373  3.5870  3.956    0  0.000  0.545     0.00     0.00     0.00     0.00     0.00 -1 -6.78e-14      0.00 7.092e-01 2.755e-01 2.746e-03 7.408e-04 6.719e-03 -1.000 1.527e-02 5.701 6.248 7.203 5.284
0.0152 0.01508 6.50000 0.7247616053 2.3892386251    0.725 -0.313  3.6054  3.984    0  0.000  0.541     0.00     0.00     0.00     0.00     0.00 -1  -7.4e-14      0.00 7.092e-01 2.755e-01 2.728e-03 7.404e-04 6.719e-03 -1.000 1.527e-02 5.552 5.971 6.816 5.071
0.0152 0.01508 6.50000 0.7500000000 2.3998889087    0.750 -0.249  3.6244  4.012    0  0.000  0.538     0.00     0.00     0.00     0.00     0.00 -1 -8.17e-14      0.00 7.092e-01 2.755e-01 2.710e-03 7.399e-04 6.720e-03 -1.000 1.527e-02 5.393 5.697 6.445 4.856
0.0152 0.01508 6.50000 0.7602249384 2.4039729378    0.760 -0.241  3.6256  4.014    0  0.000  0.538     0.00     0.00     0.00     0.00     0.00 -1 -8.26e-14      0.00 7.092e-01 2.755e-01 2.710e-03 7.399e-04 6.720e-03 -1.000 1.527e-02 5.372 5.669 6.411 4.831
0.0152 0.01508 6.50000 0.7998331785 2.4186660812    0.800 -0.206  3.6301  4.019    0  0.000  0.538     0.00     0.00     0.00     0.00     0.00 -1 -8.68e-14      0.00 7.092e-01 2.755e-01 2.710e-03 7.399e-04 6.720e-03 -1.000 1.527e-02 5.284 5.555 6.275 4.731
0.0152 0.01508 6.50000 0.8000000119 2.4187244405    0.800 -0.205  3.6301  4.019    0  0.000  0.538     0.00     0.00     0.00     0.00     0.00 -1 -8.68e-14      0.00 7.092e-01 2.755e-01 2.710e-03 7.399e-04 6.720e-03 -1.000 1.527e-02 5.284 5.555 6.275 4.731
0.0152 0.01508 6.50000 0.8044443727 2.4202688607    0.804 -0.202  3.6306  4.020    0  0.000  0.538     0.00     0.00     0.00     0.00     0.00 -1 -8.71e-14      0.00 7.092e-01 2.755e-01 2.710e-03 7.399e-04 6.720e-03 -1.000 1.527e-02 5.275 5.543 6.261 4.721
0.0152 0.01508 6.50000 0.8500000238 2.4350346840    0.850 -0.163  3.6356  4.025    0  0.000  0.538     0.00     0.00     0.00     0.00     0.00 -1 -9.22e-14      0.00 7.092e-01 2.755e-01 2.710e-03 7.399e-04 6.720e-03 -1.000 1.527e-02 5.178 5.419 6.115 4.611
0.0152 0.01508 6.50000 0.8525705934 2.4358139532    0.852 -0.161  3.6359  4.025    0  0.000  0.538     0.00     0.00     0.00     0.00     0.00 -1 -9.25e-14      0.00 7.092e-01 2.755e-01 2.710e-03 7.399e-04 6.720e-03 -1.000 1.527e-02 5.173 5.413 6.107 4.605
0.0152 0.01508 6.50000 0.9000000358 2.4492786175    0.899 -0.121  3.6409  4.029    0  0.000  0.538     0.00     0.00     0.00     0.00     0.00 -1 -9.83e-14      0.00 7.092e-01 2.755e-01 2.710e-03 7.399e-04 6.720e-03 -1.000 1.527e-02 5.072 5.285 5.958 4.492
0.0152 0.01508 6.50000 0.9500000477 2.4618122009    0.950 -0.081  3.6460  4.033    0  0.000  0.538     0.00     0.00     0.00     0.00     0.00 -1 -1.04e-13      0.00 7.092e-01 2.755e-01 2.710e-03 7.399e-04 6.720e-03 -1.000 1.527e-02 4.973 5.160 5.812 4.382
0.0152 0.01508 6.50000 0.9809563160 2.4688398792    0.981 -0.058  3.6491  4.036    0  0.000  0.538     0.00     0.00     0.00     0.00     0.00 -1 -1.08e-13      0.00 7.092e-01 2.755e-01 2.710e-03 7.399e-04 6.720e-03 -1.000 1.527e-02 4.915 5.086 5.725 4.317
0.0152 0.01508 6.50000 1.0000000000 2.4729154477    1.000 -0.042  3.6511  4.037    0  0.000  0.538     0.00     0.00     0.00     0.00     0.00 -1 -1.11e-13      0.00 7.092e-01 2.755e-01 2.710e-03 7.399e-04 6.720e-03 -1.000 1.527e-02 4.876 5.037 5.668 4.274
0.0152 0.01508 6.50000 1.0375308990 2.4804461321    1.037 -0.015  3.6547  4.039    0  0.000  0.538     0.00     0.00     0.00     0.00     0.00 -1 -1.09e-13      0.00 7.092e-01 2.755e-01 2.710e-03 7.399e-04 6.720e-03 -1.000 1.527e-02 4.807 4.952 5.569 4.198
0.0152 0.01508 6.50000 1.0499999523 2.4828114860    1.050 -0.005  3.6559  4.040    0  0.000  0.538     0.00     0.00     0.00     0.00     0.00 -1 -1.09e-13      0.00 7.092e-01 2.755e-01 2.710e-03 7.399e-04 6.720e-03 -1.000 1.527e-02 4.784 4.923 5.535 4.173
0.0152 0.01508 6.50000 1.1000000238 2.4916801480    1.099  0.033  3.6608  4.041    0  0.000  0.538     0.00     0.00     0.00     0.00     0.00 -1 -1.07e-13      0.00 7.092e-01 2.755e-01 2.710e-03 7.399e-04 6.720e-03 -1.000 1.527e-02 4.686 4.803 5.397 4.067
0.0152 0.01508 6.50000 1.1499999762 2.4996678137    1.149  0.070  3.6654  4.042    0  0.000  0.538     0.00     0.00     0.00     0.00     0.00 -1 -1.04e-13      0.00 7.092e-01 2.755e-01 2.710e-03 7.399e-04 6.720e-03 -1.000 1.527e-02 4.596 4.694 5.271 3.970
0.0152 0.01508 6.50000 1.2000000477 2.5068948796    1.200  0.105  3.6700  4.044    0  0.000  0.538     0.00     0.00     0.00     0.00     0.00 -1 -1.01e-13      0.00 7.092e-01 2.755e-01 2.710e-03 7.399e-04 6.720e-03 -1.000 1.527e-02 4.507 4.586 5.148 3.875
0.0152 0.01508 6.50000 1.2393201590 2.5121096832    1.239  0.131  3.6733  4.046    0  0.000  0.538     0.00     0.00     0.00     0.00     0.00 -1 -9.64e-14      0.00 7.092e-01 2.755e-01 2.710e-03 7.399e-04 6.720e-03 -1.000 1.527e-02 4.443 4.510 5.061 3.807
0.0152 0.01508 6.50000 1.2500000000 2.5134610955    1.250  0.139  3.6743  4.045    0  0.000  0.538     0.00     0.00     0.00     0.00     0.00 -1 -9.57e-14      0.00 7.092e-01 2.755e-01 2.710e-03 7.399e-04 6.720e-03 -1.000 1.527e-02 4.423 4.487 5.034 3.786
0.0152 0.01508 6.50000 1.2999999523 2.5194498592    1.300  0.175  3.6787  4.044    0  0.000  0.538     0.00     0.00     0.00     0.00     0.00 -1 -9.08e-14      0.00 7.092e-01 2.755e-01 2.710e-03 7.399e-04 6.720e-03 -1.000 1.527e-02 4.332 4.379 4.913 3.691
0.0152 0.01508 6.50000 1.3082516193 2.5203877281    1.308  0.180  3.6794  4.044    0  0.000  0.538     0.00     0.00     0.00     0.00     0.00 -1 -8.95e-14      0.00 7.092e-01 2.755e-01 2.710e-03 7.399e-04 6.720e-03 -1.000 1.527e-02 4.320 4.365 4.896 3.678
0.0152 0.01508 6.50000 1.3500001431 2.5249313723    1.350  0.210  3.6830  4.042    0  0.000  0.538     0.00     0.00     0.00     0.00     0.00 -1 -8.46e-14      0.00 7.092e-01 2.755e-01 2.710e-03 7.399e-04 6.720e-03 -1.000 1.527e-02 4.245 4.278 4.798 3.600
0.0152 0.01508 6.50000 1.4000000954 2.5299650415    1.400  0.246  3.6873  4.039    0  0.000  0.538     0.00     0.00     0.00     0.00     0.00 -1 -7.78e-14      0.00 7.092e-01 2.755e-01 2.710e-03 7.399e-04 6.720e-03 -1.000 1.527e-02 4.154 4.173 4.681 3.506
0.0152 0.01508 6.50000 1.4500000477 2.5346015836    1.450  0.280  3.6914  4.037    0  0.000  0.538     0.00     0.00     0.00     0.00     0.00 -1 -6.89e-14      0.00 7.092e-01 2.755e-01 2.710e-03 7.399e-04 6.720e-03 -1.000 1.527e-02 4.070 4.077 4.572 3.420
0.0152 0.01508 6.50000 1.4801586866 2.5372247088    1.480  0.298  3.6938  4.037    0  0.000  0.538     0.00     0.00     0.00     0.00     0.00 -1  -6.2e-14      0.00 7.092e-01 2.755e-01 2.710e-03 7.399e-04 6.720e-03 -1.000 1.527e-02 4.025 4.025 4.513 3.374
0.0152 0.01508 6.50000 1.5000000000 2.5388844597    1.500  0.313  3.6955  4.035    0  0.000  0.538     0.00     0.00     0.00     0.00     0.00 -1 -5.85e-14      0.00 7.092e-01 2.755e-01 2.710e-03 7.399e-04 6.720e-03 -1.000 1.527e-02 3.988 3.983 4.466 3.336
0.0152 0.01508 6.50000 1.5499999523 2.5428511323    1.550  0.348  3.6997  4.031    0  0.000  0.538     0.00     0.00     0.00     0.00     0.00 -1 -4.72e-14      0.00 7.092e-01 2.755e-01 2.710e-03 7.399e-04 6.720e-03 -1.000 1.527e-02 3.899 3.882 4.354 3.246
0.0152 0.01508 6.50000 1.5863255262 2.5455533251    1.586  0.377  3.7028  4.025    0  0.000  0.538     0.00     0.00     0.00     0.00     0.00 -1 -3.72e-14      0.00 7.092e-01 2.755e-01 2.710e-03 7.399e-04 6.720e-03 -1.000 1.527e-02 3.829 3.804 4.268 3.175
0.0152 0.01508 6.50000 1.6000000238 2.5465340628    1.600  0.388  3.7040  4.022    0  0.000  0.538     0.00     0.00     0.00     0.00     0.00 -1 -3.42e-14      0.00 7.092e-01 2.755e-01 2.710e-03 7.399e-04 6.720e-03 -1.000 1.527e-02 3.799 3.772 4.232 3.145
0.0152 0.01508 6.50000 1.6500000954 2.5499614852    1.649  0.420  3.7080  4.019    0  0.000  0.538     0.00     0.00     0.00     0.00     0.00 -1 -1.82e-14      0.00 7.092e-01 2.755e-01 2.710e-03 7.399e-04 6.720e-03 -1.000 1.527e-02 3.720 3.683 4.133 3.066
0.0152 0.01508 6.50000 1.7000000477 2.5531580802    1.699  0.455  3.7120  4.014    0  0.000  0.538     0.00     0.00     0.00     0.00     0.00 -1    -1e-30      0.00 7.092e-01 2.755e-01 2.710e-03 7.399e-04 6.720e-03 -1.000 1.527e-02 3.633 3.587 4.028 2.979
0.0152 0.01508 6.50000 1.7113951445 2.5538566008    1.711  0.462  3.7129  4.012    0  0.000  0.538     0.00     0.00     0.00     0.00     0.00 -1    -1e-30      0.00 7.092e-01 2.755e-01 2.710e-03 7.399e-04 6.720e-03 -1.000 1.527e-02 3.614 3.566 4.005 2.960
0.0152 0.01508 6.50000 1.7500000000 2.5561455243    1.749  0.491  3.7161  4.007    0  0.000  0.538     0.00     0.00     0.00     0.00     0.00 -1    -1e-30      0.00 7.092e-01 2.755e-01 2.710e-03 7.399e-04 6.720e-03 -1.000 1.527e-02 3.544 3.489 3.920 2.890
0.0152 0.01508 6.50000 1.7698543072 2.5572780920    1.769  0.505  3.7177  4.004    0  0.000  0.538     0.00     0.00     0.00     0.00     0.00 -1    -1e-30      0.00 7.092e-01 2.755e-01 2.710e-03 7.399e-04 6.720e-03 -1.000 1.527e-02 3.509 3.450 3.878 2.855
0.0152 0.01508 6.50000 1.7999999523 2.5589429085    1.799  0.529  3.7203  3.997    0  0.000  0.538     0.00     0.00     0.00     0.00     0.00 -1    -1e-30      0.00 7.092e-01 2.755e-01 2.710e-03 7.399e-04 6.720e-03 -1.000 1.527e-02 3.448 3.384 3.805 2.794
0.0152 0.01508 6.50000 1.8493900299 2.5615360872    1.848  0.573  3.7249  3.983    0  0.000  0.538     0.00     0.00     0.00     0.00     0.00 -1    -1e-30      0.00 7.092e-01 2.755e-01 2.710e-03 7.399e-04 6.720e-03 -1.000 1.527e-02 3.337 3.264 3.675 2.685
0.0152 0.01508 6.50000 1.8500000238 2.5615671203    1.849  0.574  3.7249  3.983    0  0.000  0.538     0.00     0.00     0.00     0.00     0.00 -1    -1e-30      0.00 7.092e-01 2.755e-01 2.710e-03 7.399e-04 6.720e-03 -1.000 1.527e-02 3.335 3.263 3.673 2.683
0.0152 0.01508 6.50000 1.9000000954 2.5640331317    1.899  0.617  3.7294  3.969    0  0.000  0.538     0.00     0.00     0.00     0.00     0.00 -1    -1e-30      0.00 7.092e-01 2.755e-01 2.710e-03 7.399e-04 6.720e-03 -1.000 1.527e-02 3.228 3.147 3.548 2.578
0.0152 0.01508 6.50000 1.9500001669 2.5663542767    1.950  0.661  3.7339  3.954    0  0.000  0.538     0.00     0.00     0.00     0.00     0.00 -1    -1e-30      0.00 7.092e-01 2.755e-01 2.710e-03 7.399e-04 6.720e-03 -1.000 1.527e-02 3.117 3.029 3.419 2.469
0.0152 0.01508 6.50000 1.9523705244 2.5664609258    1.952  0.663  3.7341  3.953    0  0.000  0.538     0.00     0.00     0.00     0.00     0.00 -1    -1e-30      0.00 7.092e-01 2.755e-01 2.710e-03 7.399e-04 6.720e-03 -1.000 1.527e-02 3.111 3.023 3.413 2.464
0.0152 0.01508 6.50000 2.0000000000 2.5685424513    2.000  0.713  3.7388  3.934    0  0.000  0.538     0.00     0.00     0.00     0.00     0.00 -1    -1e-30      0.00 7.092e-01 2.755e-01 2.710e-03 7.399e-04 6.720e-03 -1.000 1.527e-02 2.989 2.893 3.272 2.344
0.0152 0.01508 6.50000 2.0281419754 2.5697196212    2.028  0.741  3.7415  3.922    0  0.000  0.538     0.00     0.00     0.00     0.00     0.00 -1    -1e-30      0.00 7.092e-01 2.755e-01 2.710e-03 7.399e-04 6.720e-03 -1.000 1.527e-02 2.917 2.818 3.192 2.275
0.0152 0.01508 6.50000 2.0499999523 2.5706083333    2.050  0.767  3.7439  3.910    0  0.000  0.538     0.00     0.00     0.00     0.00     0.00 -1    -1e-30      0.00 7.092e-01 2.755e-01 2.710e-03 7.399e-04 6.720e-03 -1.000 1.527e-02 2.853 2.752 3.120 2.213
0.0152 0.01508 6.50000 2.0791835785 2.5717614621    2.078  0.802  3.7470  3.894    0  0.000  0.538     0.00     0.00     0.00     0.00     0.00 -1    -1e-30      0.00 7.092e-01 2.755e-01 2.710e-03 7.399e-04 6.720e-03 -1.000 1.527e-02 2.766 2.661 3.022 2.129
0.0152 0.01508 6.50000 2.0999999046 2.5725614918    2.099  0.830  3.7495  3.879    0  0.000  0.538     0.00     0.00     0.00     0.00     0.00 -1    -1e-30      0.00 7.092e-01 2.755e-01 2.710e-03 7.399e-04 6.720e-03 -1.000 1.527e-02 2.694 2.586 2.942 2.060
0.0152 0.01508 6.50000 2.1300628185 2.5736852164    2.129  0.873  3.7531  3.857    0  0.000  0.538     0.00     0.00     0.00     0.00     0.00 -1    -1e-30      0.00 7.092e-01 2.755e-01 2.710e-03 7.399e-04 6.720e-03 -1.000 1.527e-02 2.587 2.476 2.824 1.958
0.0152 0.01508 6.50000 2.1500000954 2.5744105556    2.149  0.906  3.7558  3.839    0  0.000  0.538     0.00     0.00     0.00     0.00     0.00 -1    -1e-30      0.00 7.092e-01 2.755e-01 2.710e-03 7.399e-04 6.720e-03 -1.000 1.527e-02 2.505 2.391 2.733 1.880
0.0152 0.01508 6.50000 2.1714894772 2.5751752348    2.170  0.942  3.7588  3.819    0  0.000  0.538     0.00     0.00     0.00     0.00     0.00 -1    -1e-30      0.00 7.092e-01 2.755e-01 2.710e-03 7.399e-04 6.720e-03 -1.000 1.527e-02 2.415 2.297 2.633 1.793
0.0152 0.01508 6.50000 2.2000000477 2.5761632879    2.199  0.996  3.7632  3.789    0  0.000  0.538     0.00     0.00     0.00     0.00     0.00 -1    -1e-30      0.00 7.092e-01 2.755e-01 2.710e-03 7.399e-04 6.720e-03 -1.000 1.527e-02 2.280 2.159 2.485 1.666
0.0152 0.01508 6.50000 2.2010855675 2.5762003260    2.200  0.998  3.7634  3.788    0  0.000  0.538     0.00     0.00     0.00     0.00     0.00 -1    -1e-30      0.00 7.092e-01 2.755e-01 2.710e-03 7.399e-04 6.720e-03 -1.000 1.527e-02 2.275 2.154 2.479 1.661
0.0152 0.01508 6.50000 2.2362527847 2.5773779032    2.235  1.068  3.7692  3.748    0  0.000  0.538     0.00     0.00     0.00     0.00     0.00 -1    -1e-30      0.00 7.092e-01 2.755e-01 2.710e-03 7.399e-04 6.720e-03 -1.000 1.527e-02 2.099 1.974 2.286 1.495
0.0152 0.01508 6.50000 2.2500000000 2.5778267375    2.249  1.096  3.7717  3.733    0  0.000  0.538     0.00     0.00     0.00     0.00     0.00 -1    -1e-30      0.00 7.092e-01 2.755e-01 2.710e-03 7.399e-04 6.720e-03 -1.000 1.527e-02 2.030 1.903 2.210 1.430
0.0152 0.01508 6.50000 2.2700939178 2.5784715524    2.269  1.136  3.7753  3.711    0  0.000  0.538     0.00     0.00     0.00     0.00     0.00 -1    -1e-30      0.00 7.092e-01 2.755e-01 2.710e-03 7.399e-04 6.720e-03 -1.000 1.527e-02 1.929 1.800 2.099 1.336
0.0152 0.01508 6.50000 2.2999999523 2.5794072884    2.299  1.195  3.7811  3.681    0  0.000  0.538     0.00     0.00     0.00     0.00     0.00 -1    -1e-30      0.00 7.092e-01 2.755e-01 2.710e-03 7.399e-04 6.720e-03 -1.000 1.527e-02 1.782 1.649 1.935 1.200
0.0152 0.01508 6.50000 2.3246276379 2.5801571158    2.323  1.243  3.7863  3.658    0  0.000  0.538     0.00     0.00     0.00     0.00     0.00 -1    -1e-30      0.00 7.092e-01 2.755e-01 2.710e-03 7.399e-04 6.720e-03 -1.000 1.527e-02 1.661 1.527 1.802 1.090
0.0152 0.01508 6.50000 2.3558907509 2.5810830484    2.355  1.305  3.7937  3.632    0  0.000  0.538     0.00     0.00     0.00     0.00     0.00 -1    -1e-30      0.00 7.092e-01 2.755e-01 2.710e-03 7.399e-04 6.720e-03 -1.000 1.527e-02 1.508 1.371 1.631 0.953
0.0152 0.01508 6.50000 2.3864634037 2.5819616026    2.385  1.365  3.8025  3.612    0  0.000  0.538     0.00     0.00     0.00     0.00     0.00 -1    -1e-30      0.00 7.092e-01 2.755e-01 2.710e-03 7.399e-04 6.720e-03 -1.000 1.527e-02 1.357 1.218 1.459 0.823
0.0152 0.01508 6.50000 2.4000000954 2.5823423892    2.399  1.393  3.8070  3.605    0  0.000  0.538     0.00     0.00     0.00     0.00     0.00 -1    -1e-30      0.00 7.092e-01 2.755e-01 2.710e-03 7.399e-04 6.720e-03 -1.000 1.527e-02 1.289 1.150 1.382 0.766
0.0152 0.01508 6.50000 2.4162969589 2.5827943165    2.415  1.427  3.8138  3.601    0  0.000  0.538     0.00     0.00     0.00     0.00     0.00 -1    -1e-30      0.00 7.092e-01 2.755e-01 2.710e-03 7.399e-04 6.720e-03 -1.000 1.527e-02 1.202 1.063 1.282 0.697
0.0152 0.01508 6.50000 2.4310822487 2.5831983037    2.430  1.459  3.8214  3.603    0  0.000  0.538     0.00     0.00     0.00     0.00     0.00 -1    -1e-30      0.00 7.092e-01 2.755e-01 2.710e-03 7.399e-04 6.720e-03 -1.000 1.527e-02 1.123 0.983 1.189 0.636
0.0152 0.01508 6.50000 2.4443070889 2.5835548959    2.444  1.487  3.8295  3.609    0  0.000  0.538     0.00     0.00     0.00     0.00     0.00 -1    -1e-30      0.00 7.092e-01 2.755e-01 2.710e-03 7.399e-04 6.720e-03 -1.000 1.527e-02 1.052 0.912 1.103 0.584
0.0152 0.01508 6.50000 2.4569015503 2.5838903898    2.456  1.515  3.8383  3.619    0  0.000  0.538     0.00     0.00     0.00     0.00     0.00 -1    -1e-30      0.00 7.092e-01 2.755e-01 2.710e-03 7.399e-04 6.720e-03 -1.000 1.527e-02 0.984 0.844 1.020 0.538
0.0152 0.01508 6.50000 2.4691202641 2.5842121157    2.468  1.541  3.8476  3.631    0  0.000  0.538     0.00     0.00     0.00     0.00     0.00 -1    -1e-30      0.00 7.092e-01 2.755e-01 2.710e-03 7.399e-04 6.720e-03 -1.000 1.527e-02 0.917 0.779 0.940 0.496
0.0152 0.01508 6.50000 2.4810261726 2.5845221023    2.480  1.567  3.8571  3.646    0  0.000  0.538     0.00     0.00     0.00     0.00     0.00 -1    -1e-30      0.00 7.092e-01 2.755e-01 2.710e-03 7.399e-04 6.720e-03 -1.000 1.527e-02 0.851 0.717 0.861 0.458
0.0152 0.01508 6.50000 2.4926600456 2.5848217188    2.492  1.593  3.8668  3.661    0  0.000  0.538     0.00     0.00     0.00     0.00     0.00 -1    -1e-30      0.00 7.092e-01 2.755e-01 2.710e-03 7.399e-04 6.720e-03 -1.000 1.527e-02 0.787 0.657 0.786 0.423
0.0152 0.01508 6.50000 2.5040500164 2.5851119544    2.504  1.618  3.8765  3.676    0  0.000  0.538     0.00     0.00     0.00     0.00     0.00 -1    -1e-30      0.00 7.092e-01 2.755e-01 2.710e-03 7.399e-04 6.720e-03 -1.000 1.527e-02 0.724 0.600 0.714 0.391
0.0152 0.01508 6.50000 2.5152211189 2.5853936785    2.515  1.643  3.8863  3.693    0  0.000  0.538     0.00     0.00     0.00     0.00     0.00 -1    -1e-30      0.00 7.092e-01 2.755e-01 2.710e-03 7.399e-04 6.720e-03 -1.000 1.527e-02 0.663 0.546 0.644 0.363
0.0152 0.01508 6.50000 2.5298058987 2.5857571892    2.529  1.675  3.8994  3.715    0  0.000  0.538     0.00     0.00     0.00     0.00     0.00 -1    -1e-30      0.00 7.092e-01 2.755e-01 2.710e-03 7.399e-04 6.720e-03 -1.000 1.527e-02 0.582 0.479 0.558 0.331
0.0152 0.01508 6.50000 2.5440804958 2.5861083316    2.544  1.706  3.9125  3.739    0  0.000  0.538     0.00     0.00     0.00     0.00     0.00 -1    -1e-30      0.00 7.092e-01 2.755e-01 2.710e-03 7.399e-04 6.720e-03 -1.000 1.527e-02 0.504 0.421 0.481 0.305
0.0152 0.01508 6.50000 2.5580937862 2.5864486659    2.558  1.737  3.9256  3.764    0  0.000  0.538     0.00     0.00     0.00     0.00     0.00 -1    -1e-30      0.00 7.092e-01 2.755e-01 2.710e-03 7.399e-04 6.720e-03 -1.000 1.527e-02 0.429 0.370 0.414 0.285
0.0152 0.01508 6.50000 2.5718946457 2.5867796760    2.572  1.766  3.9389  3.790    0  0.000  0.538     0.00     0.00     0.00     0.00     0.00 -1    -1e-30      0.00 7.092e-01 2.755e-01 2.710e-03 7.399e-04 6.720e-03 -1.000 1.527e-02 0.355 0.328 0.358 0.270
0.0152 0.01508 6.50000 2.5855460167 2.5871031058    2.585  1.794  3.9521  3.817    0  0.000  0.538     0.00     0.00     0.00     0.00     0.00 -1    -1e-30      0.00 7.092e-01 2.755e-01 2.710e-03 7.399e-04 6.720e-03 -1.000 1.527e-02 0.284 0.299 0.317 0.263
0.0152 0.01508 6.50000 2.5991289616 2.5874210398    2.599  1.822  3.9655  3.845    0  0.000  0.538     0.00     0.00     0.00     0.00     0.00 -1    -1e-30      0.00 7.092e-01 2.755e-01 2.710e-03 7.399e-04 6.720e-03 -1.000 1.527e-02 0.216 0.279 0.287 0.263
0.0152 0.01508 6.50000 2.5999999046 2.5874412955    2.600  1.823  3.9663  3.847    0  0.000  0.538     0.00     0.00     0.00     0.00     0.00 -1    -1e-30      0.00 7.092e-01 2.755e-01 2.710e-03 7.399e-04 6.720e-03 -1.000 1.527e-02 0.211 0.278 0.285 0.263
0.0152 0.01508 6.50000 2.6084759235 2.5876376124    2.608  1.840  3.9745  3.865    0  0.000  0.538     0.00     0.00     0.00     0.00     0.00 -1    -1e-30      0.00 7.092e-01 2.755e-01 2.710e-03 7.399e-04 6.720e-03 -1.000 1.527e-02 0.171 0.270 0.272 0.266
0.0152 0.01508 6.50000 2.6219820976 2.5879474209    2.622  1.864  3.9874  3.894    0  0.000  0.538     0.00     0.00     0.00     0.00     0.00 -1    -1e-30      0.00 7.092e-01 2.755e-01 2.710e-03 7.399e-04 6.720e-03 -1.000 1.527e-02 0.111 0.265 0.259 0.276
0.0152 0.01508 6.50000 2.6358447075 2.5882616115    2.636  1.886  4.0003  3.926    0  0.000  0.538     0.00     0.00     0.00     0.00     0.00 -1    -1e-30      0.00 7.092e-01 2.755e-01 2.710e-03 7.399e-04 6.720e-03 -1.000 1.527e-02 0.056 0.268 0.255 0.292
0.0152 0.01508 6.50000 2.6506385803 2.5885927435    2.651  1.904  4.0131  3.961    0  0.000  0.538     0.00     0.00     0.00     0.00     0.00 -1    -1e-30      0.00 7.092e-01 2.755e-01 2.710e-03 7.399e-04 6.720e-03 -1.000 1.527e-02 0.010 0.282 0.263 0.318
0.0152 0.01508 6.50000 2.6588516235 2.5887747482    2.659  1.913  4.0198  3.981    0  0.000  0.538     0.00     0.00     0.00     0.00     0.00 -1    -1e-30      0.00 7.092e-01 2.755e-01 2.710e-03 7.399e-04 6.720e-03 -1.000 1.527e-02 -0.012 0.293 0.271 0.334
0.0152 0.01508 6.50000 2.6678795815 2.5889733257    2.668  1.912  4.0248  4.003    0  0.000  0.538     0.00     0.00     0.00     0.00     0.00 -1    -1e-30      0.00 7.092e-01 2.755e-01 2.710e-03 7.399e-04 6.720e-03 -1.000 1.527e-02 -0.011 0.318 0.294 0.363
0.0152 0.01508 6.50000 2.6925253868 2.5895076426    2.693  1.893  4.0334  4.061    0  0.000  0.538     0.00     0.00     0.00     0.00     0.00 -1    -1e-30      0.00 7.092e-01 2.755e-01 2.710e-03 7.399e-04 6.720e-03 -1.000 1.527e-02 0.038 0.409 0.382 0.461
0.0152 0.01508 6.50000 2.7081387043 2.5898403558    2.708  1.868  4.0349  4.095    0  0.000  0.538     0.00     0.00     0.00     0.00     0.00 -1    -1e-30      0.00 7.092e-01 2.755e-01 2.710e-03 7.399e-04 6.720e-03 -1.000 1.527e-02 0.101 0.481 0.453 0.533
0.0152 0.01508 6.50000 2.7211441994 2.5901141480    2.721  1.840  4.0340  4.120    0  0.000  0.538     0.00     0.00     0.00     0.00     0.00 -1    -1e-30      0.00 7.092e-01 2.755e-01 2.710e-03 7.399e-04 6.720e-03 -1.000 1.527e-02 0.169 0.544 0.517 0.595
0.0152 0.01508 6.50000 2.7339181900 2.5903801525    2.734  1.813  4.0320  4.142    0  0.000  0.538     0.00     0.00     0.00     0.00     0.00 -1    -1e-30      0.00 7.092e-01 2.755e-01 2.710e-03 7.399e-04 6.720e-03 -1.000 1.527e-02 0.237 0.603 0.576 0.653
0.0152 0.01508 6.50000 2.7479572296 2.5906692223    2.748  1.787  4.0296  4.160    0  0.000  0.538     0.00     0.00     0.00     0.00     0.00 -1    -1e-30      0.00 7.092e-01 2.755e-01 2.710e-03 7.399e-04 6.720e-03 -1.000 1.527e-02 0.302 0.656 0.631 0.704
0.0152 0.01508 6.50000 2.7661118507 2.5910380349    2.766  1.770  4.0282  4.174    0  0.000  0.538     0.00     0.00     0.00     0.00     0.00 -1    -1e-30      0.00 7.092e-01 2.755e-01 2.710e-03 7.399e-04 6.720e-03 -1.000 1.527e-02 0.344 0.692 0.667 0.738
0.0152 0.01508 6.50000 2.8000001907 2.5917117867    2.800  1.759  4.0284  4.192    0  0.000  0.538     0.00     0.00     0.00     0.00     0.00 -1    -1e-30      0.00 7.092e-01 2.755e-01 2.710e-03 7.399e-04 6.720e-03 -1.000 1.527e-02 0.374 0.722 0.698 0.769
0.0152 0.01508 6.50000 2.8013398647 2.5917380365    2.802  1.758  4.0284  4.193    0  0.000  0.538     0.00     0.00     0.00     0.00     0.00 -1    -1e-30      0.00 7.092e-01 2.755e-01 2.710e-03 7.399e-04 6.720e-03 -1.000 1.527e-02 0.375 0.723 0.699 0.770
0.0152 0.01508 6.50000 2.8144340515 2.5919930940    2.815  1.770  4.0315  4.195    0  0.000  0.538     0.00     0.00     0.00     0.00     0.00 -1    -1e-30      0.00 7.092e-01 2.755e-01 2.710e-03 7.399e-04 6.720e-03 -1.000 1.527e-02 0.344 0.708 0.682 0.757
0.0152 0.01508 6.50000 2.8643155098 2.5929402010    2.865  1.837  4.0488  4.205    0  0.000  0.538     0.00     0.00     0.00     0.00     0.00 -1    -1e-30      0.00 7.092e-01 2.755e-01 2.710e-03 7.399e-04 6.720e-03 -1.000 1.527e-02 0.177 0.627 0.594 0.689
0.0152 0.01508 6.50000 2.8945219517 2.5934955210    2.895  1.890  4.0638  4.217    0  0.000  0.538     0.00     0.00     0.00     0.00     0.00 -1    -1e-30      0.00 7.092e-01 2.755e-01 2.710e-03 7.399e-04 6.720e-03 -1.000 1.527e-02 0.046 0.572 0.533 0.644
0.0152 0.01508 6.50000 2.9163098335 2.5938878708    2.917  1.931  4.0768  4.230    0  0.000  0.538     0.00     0.00     0.00     0.00     0.00 -1    -1e-30      0.00 7.092e-01 2.755e-01 2.710e-03 7.399e-04 6.720e-03 -1.000 1.527e-02 -0.059 0.535 0.492 0.615
0.0152 0.01508 6.50000 2.9336338043 2.5941950573    2.934  1.963  4.0875  4.245    0  0.000  0.538     0.00     0.00     0.00     0.00     0.00 -1    -1e-30      0.00 7.092e-01 2.755e-01 2.710e-03 7.399e-04 6.720e-03 -1.000 1.527e-02 -0.137 0.513 0.467 0.600
0.0152 0.01508 6.50000 2.9488878250 2.5944621061    2.949  1.986  4.0962  4.259    0  0.000  0.538     0.00     0.00     0.00     0.00     0.00 -1    -1e-30      0.00 7.092e-01 2.755e-01 2.710e-03 7.399e-04 6.720e-03 -1.000 1.527e-02 -0.194 0.503 0.454 0.594
0.0152 0.01508 6.50000 2.9702510834 2.5948308108    2.970  2.003  4.1051  4.280    0  0.000  0.538     0.00     0.00     0.00     0.00     0.00 -1    -1e-30      0.00 7.092e-01 2.755e-01 2.710e-03 7.399e-04 6.720e-03 -1.000 1.527e-02 -0.237 0.508 0.456 0.605
0.0152 0.01508 6.50000 3.0000000000 2.5953341962    3.000  2.003  4.1112  4.309    0  0.000  0.538     0.00     0.00     0.00     0.00     0.00 -1    -1e-30      0.00 7.092e-01 2.755e-01 2.710e-03 7.399e-04 6.720e-03 -1.000 1.527e-02 -0.236 0.542 0.489 0.643
0.0152 0.01508 6.50000 3.0181241035 2.5956352885    3.018  2.002  4.1148  4.327    0  0.000  0.538     0.00     0.00     0.00     0.00     0.00 -1    -1e-30      0.00 7.092e-01 2.755e-01 2.710e-03 7.399e-04 6.720e-03 -1.000 1.527e-02 -0.235 0.565 0.510 0.667
0.0152 0.01508 6.50000 3.0520601273 2.5961880179    3.052  1.989  4.1156  4.348    0  0.000  0.538     0.00     0.00     0.00     0.00     0.00 -1    -1e-30      0.00 7.092e-01 2.755e-01 2.710e-03 7.399e-04 6.720e-03 -1.000 1.527e-02 -0.202 0.602 0.547 0.705
0.0152 0.01508 6.50000 3.1133542061 2.5971513107    3.113  1.999  4.1181  4.357    0  0.000  0.538     0.00     0.00     0.00     0.00     0.00 -1    -1e-30      0.00 7.092e-01 2.755e-01 2.710e-03 7.399e-04 6.720e-03 -1.000 1.527e-02 -0.227 0.591 0.535 0.695
0.0152 0.01508 6.50000 3.1947317123 2.5983647836    3.194  2.023  4.1227  4.362    0  0.000  0.538     0.00     0.00     0.00     0.00     0.00 -1    -1e-30      0.00 7.092e-01 2.755e-01 2.710e-03 7.399e-04 6.720e-03 -1.000 1.527e-02 -0.289 0.555 0.498 0.662
0.0152 0.01508 6.50000 3.2000000477 2.5984409005    3.199  2.026  4.1232  4.362    0  0.000  0.538     0.00     0.00     0.00     0.00     0.00 -1    -1e-30      0.00 7.092e-01 2.755e-01 2.710e-03 7.399e-04 6.720e-03 -1.000 1.527e-02 -0.296 0.551 0.493 0.658
0.0152 0.01508 6.50000 3.4000000954 2.6011310876    3.398  2.125  4.1406  4.358    0  0.000  0.538     0.00     0.00     0.00     0.00     0.00 -1    -1e-30      0.00 7.092e-01 2.755e-01 2.710e-03 7.399e-04 6.720e-03 -1.000 1.527e-02 -0.544 0.400 0.337 0.517
0.0152 0.01508 6.50000 3.6000001431 2.6034804607    3.598  2.218  4.1568  4.355    0  0.000  0.538     0.00     0.00     0.00     0.00     0.00 -1    -1e-30      0.00 7.092e-01 2.755e-01 2.710e-03 7.399e-04 6.720e-03 -1.000 1.527e-02 -0.776 0.260 0.192 0.386
0.0152 0.01508 6.50000 3.8000001907 2.6055477311    3.798  2.306  4.1719  4.351    0  0.000  0.538     0.00     0.00     0.00     0.00     0.00 -1    -1e-30      0.00 7.092e-01 2.755e-01 2.710e-03 7.399e-04 6.720e-03 -1.000 1.527e-02 -0.996 0.127 0.055 0.262
0.0152 0.01508 6.50000 4.0000000000 2.6073790840    4.001  2.388  4.1860  4.348    0  0.000  0.538     0.00     0.00     0.00     0.00     0.00 -1    -1e-30      0.00 7.092e-01 2.755e-01 2.710e-03 7.399e-04 6.720e-03 -1.000 1.527e-02 -1.201 0.005 -0.072 0.147
0.0152 0.01508 6.50000 4.1999998093 2.6090113217    4.198  2.467  4.1994  4.344    0  0.000  0.538     0.00     0.00     0.00     0.00     0.00 -1    -1e-30      0.00 7.092e-01 2.755e-01 2.710e-03 7.399e-04 6.720e-03 -1.000 1.527e-02 -1.397 -0.113 -0.193 0.037
0.0152 0.01508 6.50000 4.4000000954 2.6104741055    4.397  2.541  4.2117  4.339    0  0.000  0.538     0.00     0.00     0.00     0.00     0.00 -1    -1e-30      0.00 7.092e-01 2.755e-01 2.710e-03 7.399e-04 6.720e-03 -1.000 1.527e-02 -1.581 -0.225 -0.309 -0.069
0.0152 0.01508 6.50000 4.5999999046 2.6117915791    4.597  2.611  4.2235  4.335    0  0.000  0.538     0.00     0.00     0.00     0.00     0.00 -1    -1e-30      0.00 7.092e-01 2.755e-01 2.710e-03 7.399e-04 6.720e-03 -1.000 1.527e-02 -1.757 -0.331 -0.419 -0.169
0.0152 0.01508 6.50000 4.8000001907 2.6129836005    4.798  2.679  4.2348  4.332    1  0.000  0.538     0.00     0.00     0.00     0.00     0.00 -1    -1e-30      0.00 7.092e-01 2.755e-01 2.710e-03 7.399e-04 6.720e-03 -1.000 1.527e-02 -1.926 -0.434 -0.524 -0.265
0.0152 0.01508 6.50000 5.0000000000 2.6140666223    4.999  2.742  4.2449  4.327    1  0.000  0.538     0.00     0.00     0.00     0.00     0.00 -1    -1e-30      0.00 7.092e-01 2.755e-01 2.710e-03 7.399e-04 6.720e-03 -1.000 1.527e-02 -2.084 -0.532 -0.626 -0.357
0.0152 0.01508 6.50000 5.1999998093 2.6150544000    5.200  2.803  4.2547  4.322    1  0.000  0.538     0.00     0.00     0.00     0.00     0.00 -1    -1e-30      0.00 7.092e-01 2.755e-01 2.710e-03 7.399e-04 6.720e-03 -1.000 1.527e-02 -2.237 -0.627 -0.724 -0.447
0.0152 0.01508 6.50000 5.3999996185 2.6159585084    5.401  2.861  4.2643  4.318    0  0.000  0.538     0.00     0.00     0.00     0.00     0.00 -1    -1e-30      0.00 7.092e-01 2.755e-01 2.710e-03 7.399e-04 6.720e-03 -1.000 1.527e-02 -2.384 -0.718 -0.817 -0.532
0.0152 0.01508 6.50000 5.5999994278 2.6167887546    5.601  2.918  4.2737  4.315    1  0.000  0.538     0.00     0.00     0.00     0.00     0.00 -1    -1e-30      0.00 7.092e-01 2.755e-01 2.710e-03 7.399e-04 6.720e-03 -1.000 1.527e-02 -2.525 -0.805 -0.906 -0.613
0.0152 0.01508 6.50000 5.8000001907 2.6175535027    5.801  2.972  4.2821  4.310    1  0.000  0.538     0.00     0.00     0.00     0.00     0.00 -1    -1e-30      0.00 7.092e-01 2.755e-01 2.710e-03 7.399e-04 6.720e-03 -1.000 1.527e-02 -2.659 -0.890 -0.994 -0.694
0.0152 0.01508 6.50000 6.0000000000 2.6182599138    6.000  3.024  4.2900  4.305    1  0.000  0.538     0.00     0.00     0.00     0.00     0.00 -1    -1e-30      0.00 7.092e-01 2.755e-01 2.710e-03 7.399e-04 6.720e-03 -1.000 1.527e-02 -2.789 -0.974 -1.081 -0.773
0.0152 0.01508 6.50000 6.1999998093 2.6189141709    6.200  3.074  4.2983  4.301    0  0.000  0.538     0.00     0.00     0.00     0.00     0.00 -1    -1e-30      0.00 7.092e-01 2.755e-01 2.710e-03 7.399e-04 6.720e-03 -1.000 1.527e-02 -2.915 -1.053 -1.161 -0.847
0.0152 0.01508 6.50000 6.4000000954 2.6195216279    6.399  3.122  4.3056  4.296    1  0.000  0.538     0.00     0.00     0.00     0.00     0.00 -1    -1e-30      0.00 7.092e-01 2.755e-01 2.710e-03 7.399e-04 6.720e-03 -1.000 1.527e-02 -3.035 -1.131 -1.242 -0.921
0.0152 0.01508 6.50000 7.0000000000 2.6211069280    6.996  3.257  4.3263  4.283    1  0.000  0.538     0.00     0.00     0.00     0.00     0.00 -1    -1e-30      0.00 7.092e-01 2.755e-01 2.710e-03 7.399e-04 6.720e-03 -1.000 1.527e-02 -3.373 -1.351 -1.467 -1.130
0.0152 0.01508 6.50000 7.3853735924 2.6219704163    7.383  3.337  4.3387  4.276    1  0.000  0.538     0.00     0.00     0.00     0.00     0.00 -1    -1e-30      0.00 7.092e-01 2.755e-01 2.710e-03 7.399e-04 6.720e-03 -1.000 1.527e-02 -3.573 -1.481 -1.601 -1.253
0.0152 0.01508 6.50000 8.0000000000 2.6231516585    8.001  3.457  4.3571  4.265    1  0.000  0.538     0.00     0.00     0.00     0.00     0.00 -1    -1e-30      0.00 7.092e-01 2.755e-01 2.710e-03 7.399e-04 6.720e-03 -1.000 1.527e-02 -3.872 -1.678 -1.803 -1.441
0.0152 0.01508 6.50000 8.1873865128 2.6234714774    8.187  3.491  4.3622  4.261    1  0.000  0.538     0.00     0.00     0.00     0.00     0.00 -1    -1e-30      0.00 7.092e-01 2.755e-01 2.710e-03 7.399e-04 6.720e-03 -1.000 1.527e-02 -3.957 -1.735 -1.861 -1.496
0.0152 0.01508 6.50000 9.0000000000 2.6246829947    8.995  3.630  4.3832  4.246    1  0.000  0.538     0.00     0.00     0.00     0.00     0.00 -1    -1e-30      0.00 7.092e-01 2.755e-01 2.710e-03 7.399e-04 6.720e-03 -1.000 1.527e-02 -4.306 -1.970 -2.101 -1.720
0.0152 0.01508 6.50000 10.0000000000 2.6258676431    9.998  3.784  4.4058  4.229    1  0.000  0.538     0.00     0.00     0.00     0.00     0.00 -1    -1e-30      0.00 7.092e-01 2.755e-01 2.710e-03 7.399e-04 6.720e-03 -1.000 1.527e-02 -4.690 -2.191 -2.329 -1.937
0.0152 0.01508 6.50000 10.3718042374 2.6262416919   10.371  3.836  4.4134  4.223    1  0.000  0.538     0.00     0.00     0.00     0.00     0.00 -1    -1e-30      0.00 7.092e-01 2.755e-01 2.710e-03 7.399e-04 6.720e-03 -1.000 1.527e-02 -4.820 -2.276 -2.417 -2.014
0.0152 0.01508 6.50000 11.0000000000 2.6268081058   11.001  3.921  4.4257  4.213    1  0.000  0.538     0.00     0.00     0.00     0.00     0.00 -1    -1e-30      0.00 7.092e-01 2.755e-01 2.710e-03 7.399e-04 6.720e-03 -1.000 1.527e-02 -5.032 -2.417 -2.562 -2.143
0.0152 0.01508 6.50000 12.0000000000 2.6275706487   12.001  4.045  4.4433  4.198    1  0.000  0.538     0.00     0.00     0.00     0.00     0.00 -1    -1e-30      0.00 7.092e-01 2.755e-01 2.710e-03 7.399e-04 6.720e-03 -1.000 1.527e-02 -5.341 -2.678 -2.823 -2.410
0.0152 0.01508 6.50000 13.1855974197 2.6283046632   13.175  4.175  4.4614  4.180    1  0.000  0.542     0.00     0.00     0.00     0.00     0.00 -1 -1.49e-17      0.00 7.092e-01 2.755e-01 2.732e-03 7.405e-04 6.719e-03 -1.000 1.527e-02 -5.668 -2.910 -3.060 -2.628
0.0152 0.01508 6.50000 14.0000000000 2.6287268957   13.982  4.259  4.4728  4.168    0  0.000  0.545     0.00     0.00     0.00     0.00     0.00 -1 -3.67e-09      0.00 7.092e-01 2.755e-01 2.746e-03 7.408e-04 6.719e-03 -1.000 1.527e-02 -5.877 -3.043 -3.199 -2.745
0.0152 0.01508 6.50000 15.3952264786 2.6293323006   15.373  4.388  4.4899  4.149    0  0.000  0.545     0.00     0.00     0.00     0.00     0.00 -1 -7.17e-09      0.00 7.092e-01 2.755e-01 2.746e-03 7.408e-04 6.719e-03 -1.000 1.527e-02 -6.200 -3.288 -3.447 -2.982
0.0152 0.01508 6.50000 16.0000000000 2.6295573144   15.976  4.441  4.4968  4.140    0  0.000  0.545     0.00     0.00     0.00     0.00     0.00 -1 -9.41e-09      0.00 7.092e-01 2.755e-01 2.746e-03 7.408e-04 6.719e-03 -1.000 1.527e-02 -6.332 -3.391 -3.552 -3.083
0.0152 0.01508 6.50000 16.2304821014 2.6296380101   16.202  4.459  4.4992  4.137    0  0.000  0.545     0.00     0.00     0.00     0.00     0.00 -1 -1.03e-08      0.00 7.092e-01 2.755e-01 2.746e-03 7.408e-04 6.719e-03 -1.000 1.527e-02 -6.379 -3.428 -3.590 -3.120
0.0152 0.01508 6.50000 17.7570877075 2.6301122509   17.696  4.579  4.5138  4.114    0  0.000  0.545     0.00     0.00     0.00     0.00     0.00 -1 -1.86e-08      0.00 7.092e-01 2.755e-01 2.746e-03 7.408e-04 6.719e-03 -1.000 1.527e-02 -6.677 -3.652 -3.813 -3.345
0.0152 0.01508 6.50000 18.0000000000 2.6301792302   17.936  4.597  4.5160  4.111    0  0.000  0.545     0.00     0.00     0.00     0.00     0.00 -1 -2.04e-08      0.00 7.092e-01 2.755e-01 2.746e-03 7.408e-04 6.719e-03 -1.000 1.527e-02 -6.723 -3.685 -3.847 -3.379
0.0152 0.01508 6.50000 19.2029533386 2.6304824058   19.116  4.681  4.5257  4.094    0  0.000  0.545     0.00     0.00     0.00     0.00     0.00 -1 -3.04e-08      0.00 7.092e-01 2.755e-01 2.746e-03 7.408e-04 6.719e-03 -1.000 1.527e-02 -6.932 -3.840 -4.001 -3.535
0.0152 0.01508 6.50000 20.0000000000 2.6306603470   19.897  4.734  4.5317  4.082    0  0.000  0.545     0.00     0.00     0.00     0.00     0.00 -1 -3.89e-08      0.00 7.092e-01 2.755e-01 2.746e-03 7.408e-04 6.719e-03 -1.000 1.527e-02 -7.064 -3.934 -4.096 -3.628
0.0152 0.01508 6.50000 20.7346820831 2.6308105086   20.608  4.778  4.5365  4.072    0  0.000  0.545     0.00     0.00     0.00     0.00     0.00 -1 -4.74e-08      0.00 7.092e-01 2.755e-01 2.746e-03 7.408e-04 6.719e-03 -1.000 1.527e-02 -7.175 -4.017 -4.180 -3.709
0.0152 0.01508 6.50000 22.3866214752 2.6311071341   22.199  4.873  4.5462  4.048    0  0.000  0.545     0.00     0.00     0.00     0.00     0.00 -1 -7.31e-08      0.00 7.092e-01 2.755e-01 2.746e-03 7.408e-04 6.719e-03 -1.000 1.527e-02 -7.412 -4.201 -4.365 -3.888
0.0152 0.01508 6.50000 24.0000000000 2.6313519822   23.739  4.960  4.5545  4.024    0  0.000  0.545     0.00     0.00     0.00     0.00     0.00 -1 -1.09e-07      0.00 7.092e-01 2.755e-01 2.746e-03 7.408e-04 6.719e-03 -1.000 1.527e-02 -7.629 -4.370 -4.539 -4.045
0.0152 0.01508 6.50000 24.9582729340 2.6314803034   24.633  5.005  4.5584  4.010    0  0.000  0.545     0.00     0.00     0.00     0.00     0.00 -1 -1.32e-07      0.00 7.092e-01 2.755e-01 2.746e-03 7.408e-04 6.719e-03 -1.000 1.527e-02 -7.743 -4.467 -4.636 -4.141
0.0152 0.01508 6.50000 26.7589740753 2.6316930906   26.297  5.087  4.5646  3.981    0  0.000  0.545     0.00     0.00     0.00     0.00     0.00 -1 -1.88e-07      0.00 7.092e-01 2.755e-01 2.746e-03 7.408e-04 6.719e-03 -1.000 1.527e-02 -7.948 -4.648 -4.816 -4.323
0.0152 0.01508 6.50000 28.0000000000 2.6318215644   27.433  5.141  4.5682  3.960    0  0.000  0.545     0.00     0.00     0.00     0.00     0.00 -1 -2.37e-07      0.00 7.092e-01 2.755e-01 2.746e-03 7.408e-04 6.719e-03 -1.000 1.527e-02 -8.081 -4.770 -4.937 -4.447
0.0152 0.01508 6.50000 29.8376941681 2.6319894223   29.079  5.212  4.5718  3.929    0  0.000  0.545     0.00     0.00     0.00     0.00     0.00 -1  -3.2e-07      0.00 7.092e-01 2.755e-01 2.746e-03 7.408e-04 6.719e-03 -1.000 1.527e-02 -8.260 -4.941 -5.107 -4.623
0.0152 0.01508 6.50000 30.0000000000 2.6320031152   29.227  5.218  4.5720  3.926    0  0.000  0.545     0.00     0.00     0.00     0.00     0.00 -1 -3.28e-07      0.00 7.092e-01 2.755e-01 2.746e-03 7.408e-04 6.719e-03 -1.000 1.527e-02 -8.276 -4.956 -5.122 -4.638
0.0152 0.01508 6.50000 31.3330097198 2.6321094302   30.399  5.265  4.5736  3.903    0  0.000  0.545     0.00     0.00     0.00     0.00     0.00 -1 -3.98e-07      0.00 7.092e-01 2.755e-01 2.746e-03 7.408e-04 6.719e-03 -1.000 1.527e-02 -8.392 -5.074 -5.239 -4.759
0.0152 0.01508 6.50000 33.3276977539 2.6322503993   32.125  5.331  4.5750  3.866    0  0.000  0.545     0.00     0.00     0.00     0.00     0.00 -1  -5.2e-07      0.00 7.092e-01 2.755e-01 2.746e-03 7.408e-04 6.719e-03 -1.000 1.527e-02 -8.558 -5.248 -5.410 -4.938
0.0152 0.01508 6.50000 35.0000000000 2.6323544560   33.546  5.384  4.5751  3.832    0  0.000  0.545     0.00     0.00     0.00     0.00     0.00 -1 -6.41e-07      0.00 7.092e-01 2.755e-01 2.746e-03 7.408e-04 6.719e-03 -1.000 1.527e-02 -8.690 -5.393 -5.554 -5.087
0.0152 0.01508 6.50000 36.6189651489 2.6324448527   34.882  5.430  4.5738  3.798    0  0.000  0.545     0.00     0.00     0.00     0.00     0.00 -1 -7.62e-07      0.00 7.092e-01 2.755e-01 2.746e-03 7.408e-04 6.719e-03 -1.000 1.527e-02 -8.804 -5.527 -5.687 -5.226
0.0152 0.01508 6.50000 38.8674812317 2.6325561498   36.694  5.490  4.5704  3.746    0  0.000  0.545     0.00     0.00     0.00     0.00     0.00 -1 -9.58e-07      0.00 7.092e-01 2.755e-01 2.746e-03 7.408e-04 6.719e-03 -1.000 1.527e-02 -8.955 -5.715 -5.873 -5.418
0.0152 0.01508 6.50000 40.0000000000 2.6326067896   37.592  5.519  4.5683  3.719    0  0.000  0.545     0.00     0.00     0.00     0.00     0.00 -1 -1.07e-06      0.00 7.092e-01 2.755e-01 2.746e-03 7.408e-04 6.719e-03 -1.000 1.527e-02 -9.028 -5.697 -5.861 -5.388
0.0152 0.01508 6.50000 40.3855895996 2.6326232874   37.894  5.528  4.5675  3.710    0  0.000  0.545     0.00     0.00     0.00     0.00     0.00 -1 -1.11e-06      0.00 7.092e-01 2.755e-01 2.746e-03 7.408e-04 6.719e-03 -1.000 1.527e-02 -9.051 -5.727 -5.891 -5.419
0.0152 0.01508 6.50000 43.7528152466 2.6327532639   40.468  5.605  4.5574  3.621    0  0.000  0.545     0.00     0.00     0.00     0.00     0.00 -1 -1.43e-06      0.00 7.092e-01 2.755e-01 2.746e-03 7.408e-04 6.719e-03 -1.000 1.527e-02 -9.244 -5.995 -6.156 -5.691
0.0152 0.01508 6.50000 45.0000000000 2.6327957669   41.396  5.633  4.5522  3.583    0  0.000  0.545     0.00     0.00     0.00     0.00     0.00 -1 -1.55e-06      0.00 7.092e-01 2.755e-01 2.746e-03 7.408e-04 6.719e-03 -1.000 1.527e-02 -9.312 -6.098 -6.258 -5.795
0.0152 0.01508 6.50000 46.9796371460 2.6328579322   42.831  5.673  4.5428  3.520    0  0.000  0.545     0.00     0.00     0.00     0.00     0.00 -1 -1.74e-06      0.00 7.092e-01 2.755e-01 2.746e-03 7.408e-04 6.719e-03 -1.000 1.527e-02 -9.412 -6.269 -6.425 -5.977
0.0152 0.01508 6.50000 49.0039215088 2.6329155640   44.269  5.712  4.5308  3.447    0  0.000  0.545     0.00     0.00     0.00     0.00     0.00 -1 -1.91e-06      0.00 7.092e-01 2.755e-01 2.746e-03 7.408e-04 6.719e-03 -1.000 1.527e-02 -9.510 -6.471 -6.622 -6.199
0.0152 0.01508 6.50000 50.0000000000 2.6329419605   44.966  5.731  4.5240  3.408    0  0.000  0.545     0.00     0.00     0.00     0.00     0.00 -1 -1.98e-06      0.00 7.092e-01 2.755e-01 2.746e-03 7.408e-04 6.719e-03 -1.000 1.527e-02 -9.557 -6.585 -6.730 -6.327
0.0152 0.01508 6.50000 51.1612739563 2.6329712474   45.770  5.752  4.5154  3.361    0  0.000  0.545     0.00     0.00     0.00     0.00     0.00 -1 -2.04e-06      0.00 7.092e-01 2.755e-01 2.746e-03 7.408e-04 6.719e-03 -1.000 1.527e-02 -9.609 -6.707 -6.850 -6.450
0.0152 0.01508 6.50000 52.9470901489 2.6330134151   46.997  5.782  4.5005  3.282    0  0.000  0.545     0.00     0.00     0.00     0.00     0.00 -1 -2.07e-06      0.00 7.092e-01 2.755e-01 2.746e-03 7.408e-04 6.719e-03 -1.000 1.527e-02 -9.686 -6.889 -7.034 -6.629
0.0152 0.01508 6.50000 54.7165412903 2.6330520899   48.205  5.812  4.4841  3.197    0  0.000  0.545     0.00     0.00     0.00     0.00     0.00 -1 -2.05e-06      0.00 7.092e-01 2.755e-01 2.746e-03 7.408e-04 6.719e-03 -1.000 1.527e-02 -9.760 -7.057 -7.197 -6.809
0.0152 0.01508 6.50000 55.0000000000 2.6330580200   48.397  5.817  4.4813  3.183    0  0.000  0.545     0.00     0.00     0.00     0.00     0.00 -1 -2.04e-06      0.00 7.092e-01 2.755e-01 2.746e-03 7.408e-04 6.719e-03 -1.000 1.527e-02 -9.772 -7.085 -7.224 -6.838
0.0152 0.01508 6.50000 56.1956214905 2.6330822780   49.210  5.836  4.4688  3.121    0  0.000  0.545     0.00     0.00     0.00     0.00     0.00 -1 -1.98e-06      0.00 7.092e-01 2.755e-01 2.746e-03 7.408e-04 6.719e-03 -1.000 1.527e-02 -9.820 -7.203 -7.340 -6.961
0.0152 0.01508 6.50000 57.7948112488 2.6331129265   50.303  5.861  4.4500  3.030    0  0.000  0.545     0.00     0.00     0.00     0.00     0.00 -1 -1.84e-06      0.00 7.092e-01 2.755e-01 2.745e-03 7.408e-04 6.719e-03 -1.000 1.527e-02 -9.883 -7.371 -7.509 -7.125
0.0152 0.01508 6.50000 59.1187400818 2.6331368621   51.199  5.882  4.4325  2.947    0  0.000  0.545     0.00     0.00     0.00     0.00     0.00 -1 -1.82e-06      0.00 7.092e-01 2.755e-01 2.745e-03 7.408e-04 6.719e-03 -1.000 1.527e-02 -9.934 -7.521 -7.659 -7.274
0.0152 0.01508 6.50000 60.0000000000 2.6331521230   51.742  5.895  4.4194  2.886    0  0.000  0.545     0.00     0.00     0.00     0.00     0.00 -1 -2.35e-06      0.00 7.092e-01 2.755e-01 2.745e-03 7.409e-04 6.719e-03 -1.000 1.527e-02 -9.967 -7.636 -7.771 -7.395
0.0152 0.01508 6.50000 61.0126571655 2.6331690347   52.111  5.908  4.4025  2.809    0  0.000  0.524     0.00     0.00     0.00     0.00     0.00 -1 -5.42e-06      0.00 7.078e-01 2.770e-01 2.624e-03 1.057e-03 6.519e-03 -1.000 1.527e-02 -10.001 -7.779 -7.909 -7.553
0.0152 0.01508 6.50000 62.2958335876 2.6331895587   52.351  5.924  4.3787  2.700    0  0.000  0.499     0.00     0.00     0.00     0.00     0.00 -1 -9.13e-06      0.00 7.041e-01 2.806e-01 2.448e-03 1.554e-03 6.187e-03 -1.000 1.525e-02 -10.040 -7.965 -8.086 -7.758
0.0152 0.01508 6.50000 63.2881278992 2.6332047755   52.366  5.936  4.3586  2.607    0  0.000  0.485     0.00     0.00     0.00     0.00     0.00 -1 -2.08e-05      0.00 6.999e-01 2.849e-01 2.322e-03 1.942e-03 5.912e-03 -1.000 1.524e-02 -10.070 -8.120 -8.235 -7.930
0.0152 0.01508 6.50000 64.1382293701 2.6332173821   52.302  5.946  4.3402  2.524    0  0.000  0.475     0.00     0.00     0.00     0.00     0.00 -1 -2.09e-05      0.00 6.953e-01 2.895e-01 2.215e-03 2.291e-03 5.654e-03 -1.000 1.522e-02 -10.094 -8.266 -8.378 -8.080
0.0152 0.01508 6.50000 64.8452911377 2.6332275785   52.245  5.954  4.3247  2.453    0  0.000  0.469     0.00     0.00     0.00     0.00     0.00 -1  -2.1e-05      0.00 6.909e-01 2.939e-01 2.127e-03 2.592e-03 5.426e-03 -1.000 1.521e-02 -10.114 -8.369 -8.477 -8.194
0.0152 0.01508 6.50000 65.0000000000 2.6332297755   52.235  5.955  4.3212  2.437    0  0.000  0.468     0.00     0.00     0.00     0.00     0.00 -1  -2.1e-05      0.00 6.898e-01 2.950e-01 2.108e-03 2.659e-03 5.374e-03 -1.000 1.521e-02 -10.119 -8.387 -8.494 -8.212
0.0152 0.01508 6.50000 65.4732208252 2.6332364216   52.189  5.961  4.3112  2.391    0  0.000  0.436     0.00     0.00     0.00     0.00     0.00 -1 -2.11e-05      0.00 6.854e-01 2.994e-01 1.908e-03 3.183e-03 5.045e-03 -1.000 1.520e-02 -10.133 -8.439 -8.545 -8.266
0.0152 0.01508 6.50000 66.0375976562 2.6332442050   52.129  5.968  4.3004  2.341    0  0.000  0.400     0.00     0.00     0.00     0.00     0.00 -1 -2.12e-05      0.00 6.792e-01 3.056e-01 1.672e-03 3.867e-03 4.582e-03 -1.000 1.518e-02 -10.149 -8.497 -8.602 -8.326
0.0152 0.01508 6.50000 66.5997619629 2.6332518072   52.066  5.974  4.2911  2.297    0  0.000  0.367     0.00     0.00     0.00     0.00     0.00 -1 -2.15e-05      0.00 6.719e-01 3.130e-01 1.439e-03 4.612e-03 4.044e-03 -1.000 1.514e-02 -10.165 -8.407 -8.516 -8.213
0.0152 0.01508 6.50000 67.1621246338 2.6332592659   51.765  5.980  4.2895  2.282    0  0.000  0.353     0.00     0.00     0.00     0.00     0.00 -1 -2.22e-05      0.00 6.579e-01 3.270e-01 1.211e-03 5.521e-03 3.313e-03 -1.000 1.512e-02 -10.180 -8.432 -8.540 -8.240
0.0152 0.01508 6.50000 67.4601974487 2.6332631613   51.585  5.983  4.2869  2.267    0  0.000  0.338     0.00     0.00     0.00     0.00     0.00 -1 -2.95e-05      0.00 6.516e-01 3.333e-01 1.038e-03 5.997e-03 3.000e-03 -1.000 1.511e-02 -10.187 -8.456 -8.563 -8.267
0.0152 0.01508 6.50000 67.5598373413 2.6332644546   51.491  5.984  4.2877  2.269    0  0.000  0.292     0.00     0.00     0.00     0.00     0.00 -1 -3.06e-05      0.00 6.480e-01 3.368e-01 7.498e-04 6.683e-03 2.612e-03 -1.000 1.512e-02 -10.189 -8.453 -8.561 -8.263
0.0152 0.01508 6.50000 67.6457748413 2.6332655666   51.377  5.984  4.2873  2.266    0  0.000  0.292     0.00     0.00     0.00     0.00     0.00 -1 -2.89e-05      0.00 6.454e-01 3.395e-01 7.252e-04 6.853e-03 2.450e-03 -1.000 1.509e-02 -10.191 -8.457 -8.565 -8.268
0.0152 0.01508 6.50000 67.8175811768 2.6332677800   51.191  5.986  4.2869  2.261    0  0.000  0.294     0.00     0.00     0.00     0.00     0.00 -1 -4.17e-05      0.00 6.407e-01 3.442e-01 6.758e-04 7.106e-03 2.225e-03 -1.000 1.507e-02 -10.195 -8.463 -8.571 -8.275
0.0152 0.01508 6.50000 68.5596466064 2.6332771935   50.361  5.993  4.3080  2.331    0  0.000  0.269     0.00     0.00     0.00     0.00     0.00 -1 -3.61e-05      0.00 6.050e-01 3.801e-01 8.757e-05 9.226e-03 6.090e-04 -1.000 1.497e-02 -10.212 -7.952 -8.085 -7.727
0.0152 0.01508 6.50000 69.7712020874 2.6332920689   50.219  6.007  4.3128  2.335    0  0.000  0.408     0.00     0.00     0.00     0.00     0.00 -1 -2.81e-05      0.00 5.736e-01 4.115e-01 9.012e-05 9.447e-03 3.538e-04 -1.000 1.494e-02 -10.247 -7.985 -8.119 -7.758
0.0152 0.01508 6.50000 70.0000000000 2.6332948117   50.212  6.009  4.3134  2.335    0  0.000  0.434     0.00     0.00     0.00     0.00     0.00 -1 -2.86e-05      0.00 5.680e-01 4.170e-01 9.045e-05 9.472e-03 3.261e-04 -1.000 1.494e-02 -10.254 -7.992 -8.126 -7.764
0.0152 0.01508 6.50000 71.5053787231 2.6333123557   49.866  6.024  4.3307  2.387    0  0.000  0.604     0.00     0.00     0.00     0.00     0.00 -1 -2.75e-05      0.00 5.261e-01 4.590e-01 9.223e-05 9.569e-03 2.141e-04 -1.000 1.495e-02 -10.290 -8.028 -8.162 -7.801
0.0152 0.01508 6.50000 71.6664047241 2.6333141822   49.384  6.024  4.3481  2.452    0  0.000  0.687     0.00     0.00     0.00     0.00     0.00 -1 -2.86e-05      0.00 5.095e-01 4.756e-01 9.265e-05 9.597e-03 1.834e-04 -1.000 1.495e-02 -10.290 -8.029 -8.163 -7.803
0.0152 0.01508 6.50000 76.1866378784 2.6333618543   48.844  6.069  4.4092  2.647    0  0.000  0.921     0.00     0.00     0.00     0.00     0.00 -1 -1.25e-05      0.00 3.984e-01 5.866e-01 9.609e-05 9.638e-03 1.394e-04 -1.000 1.494e-02 -10.401 -8.052 -8.189 -7.814
0.0152 0.01508 6.50000 78.7873535156 2.6333864495   49.265  6.095  4.4331  2.720    0  0.000  0.966     0.00     0.00     0.00     0.00     0.00 -1 -8.48e-06      0.00 3.566e-01 6.284e-01 9.777e-05 9.641e-03 1.352e-04 -1.000 1.493e-02 -10.469 -8.025 -8.167 -7.776
0.0152 0.01508 6.50000 79.8324813843 2.6333958159   49.552  6.106  4.4397  2.737    0  0.000  0.979     0.00     0.00     0.00     0.00     0.00 -1 -6.02e-06      0.00 3.440e-01 6.410e-01 9.839e-05 9.641e-03 1.342e-04 -1.000 1.493e-02 -10.496 -8.030 -8.173 -7.778
0.0152 0.01508 6.50000 80.0000000000 2.6333972910   49.601  6.108  4.4406  2.740    0  0.000  0.981     0.00     0.00     0.00     0.00     0.00 -1 -5.96e-06      0.00 3.424e-01 6.427e-01 9.849e-05 9.641e-03 1.341e-04 -1.000 1.493e-02 -10.501 -8.031 -8.175 -7.778
0.0152 0.01508 6.50000 80.8498382568 2.6334046664   49.932  6.118  4.4418  2.738    0  0.000  0.989     0.00     0.00     0.00     0.00     0.00 -1 -6.26e-06      0.00 3.361e-01 6.489e-01 9.887e-05 9.643e-03 1.335e-04 -1.000 1.496e-02 -10.524 -8.050 -8.194 -7.797
0.0152 0.01508 6.50000 81.6678009033 2.6334115986   50.250  6.126  4.4439  2.740    0  0.000  0.996     0.00     0.00     0.00     0.00     0.00 -1 -6.61e-06      0.00 3.304e-01 6.547e-01 9.923e-05 9.644e-03 1.331e-04 -1.000 1.495e-02 -10.546 -8.066 -8.210 -7.811
0.0152 0.01508 6.50000 82.6389007568 2.6334196242   50.652  6.137  4.4461  2.742    0  0.000  1.004     0.00     0.00     0.00     0.00     0.00 -1 -7.03e-06      0.00 3.241e-01 6.609e-01 9.964e-05 9.644e-03 1.325e-04  4.811 1.493e-02 -10.573 -8.086 -8.230 -7.830
0.0152 0.01508 6.50000 83.8696441650 2.6334294891   51.222  6.151  4.4510  2.752    0  0.000  1.013     0.00     0.00     0.00     0.00     0.00 -1 -7.78e-06      0.00 3.182e-01 6.669e-01 1.001e-04 9.646e-03 1.320e-04  5.471 1.493e-02 -10.608 -8.103 -8.249 -7.846
0.0152 0.01508 6.50000 85.1800765991 2.6334396332   51.904  6.167  4.4675  2.808    0  0.000  1.020     0.00     0.00     0.00     0.00     0.00 -1 -9.65e-06      0.00 3.150e-01 6.701e-01 1.005e-04 9.646e-03 1.316e-04  5.685 1.494e-02 -10.649 -8.047 -8.195 -7.784
0.0152 0.01508 6.50000 85.3798599243 2.6334411483   52.011  6.171  4.4805  2.857    0  0.000  1.021     0.00     0.00     0.00     0.00     0.00 -1 -1.09e-05      0.00 3.148e-01 6.703e-01 1.006e-04 9.646e-03 1.315e-04  5.705 1.495e-02 -10.657 -7.980 -8.130 -7.712
0.0152 0.01508 6.50000 85.4912643433 2.6334419896   52.069  6.173  4.4939  2.909    0  0.000  1.021     0.00     0.00     0.00     0.00     0.00 -1 -1.23e-05      0.00 3.147e-01 6.704e-01 1.006e-04 9.646e-03 1.315e-04  5.715 1.496e-02 -10.664 -7.908 -8.060 -7.636
0.0152 0.01508 6.50000 85.5583496094 2.6334424950   52.102  6.176  4.5069  2.959    0  0.000  1.022     0.00     0.00     0.00     0.00     0.00 -1 -1.36e-05      0.00 3.146e-01 6.705e-01 1.006e-04 9.646e-03 1.315e-04  5.722 1.495e-02 -10.669 -7.833 -7.986 -7.557
0.0152 0.01508 6.50000 85.6009750366 2.6334428157   52.123  6.178  4.5197  3.008    0  0.000  1.022     0.00     0.00     0.00     0.00     0.00 -1  -1.5e-05      0.00 3.145e-01 6.705e-01 1.006e-04 9.646e-03 1.315e-04  5.726 1.493e-02 -10.674 -7.754 -7.908 -7.475
0.0152 0.01508 6.50000 85.6315231323 2.6334430452   52.136  6.180  4.5336  3.062    0  0.000  1.022     0.00     0.00     0.00     0.00     0.00 -1 -1.64e-05      0.00 3.145e-01 6.705e-01 1.006e-04 9.646e-03 1.315e-04  5.729 1.493e-02 -10.679 -7.669 -7.823 -7.388
0.0152 0.01508 6.50000 85.6472930908 2.6334431637   52.143  6.181  4.5443  3.103    0  0.000  1.022     0.00     0.00     0.00     0.00     0.00 -1 -1.74e-05      0.00 3.145e-01 6.706e-01 1.006e-04 9.646e-03 1.315e-04  5.731 1.493e-02 -10.683 -7.603 -7.759 -7.321
0.0152 0.01508 6.50000 85.6619567871 2.6334432738   52.149  6.184  4.5588  3.159    0  0.000  1.022     0.00     0.00     0.00     0.00     0.00 -1 -1.89e-05      0.00 3.145e-01 6.706e-01 1.006e-04 9.646e-03 1.315e-04  5.732 1.493e-02 -10.689 -7.507 -7.663 -7.224
0.0152 0.01508 6.50000 85.6718750000 2.6334433482   52.152  6.186  4.5720  3.209    0  0.000  1.022     0.00     0.00     0.00     0.00     0.00 -1 -2.02e-05      0.00 3.145e-01 6.706e-01 1.006e-04 9.646e-03 1.315e-04  5.733 1.494e-02 -10.694 -7.416 -7.573 -7.133
0.0152 0.01508 6.50000 85.6793594360 2.6334434044   52.155  6.188  4.5843  3.257    0  0.000  1.022     0.00     0.00     0.00     0.00     0.00 -1 -2.12e-05      0.00 3.145e-01 6.706e-01 1.007e-04 9.646e-03 1.315e-04  5.734 1.494e-02 -10.699 -7.333 -7.489 -7.049
0.0152 0.01508 6.50000 85.6870117188 2.6334434618   52.158  6.190  4.5979  3.309    0  0.000  1.022     0.00     0.00     0.00     0.00     0.00 -1 -2.23e-05      0.00 3.144e-01 6.706e-01 1.007e-04 9.646e-03 1.315e-04  5.734 1.494e-02 -10.705 -7.243 -7.399 -6.959
0.0152 0.01508 6.50000 85.6907348633 2.6334434897   52.159  6.191  4.6045  3.334    0  0.000  1.022     0.00     0.00     0.00     0.00     0.00 -1 -2.29e-05      0.00 3.144e-01 6.706e-01 1.007e-04 9.646e-03 1.315e-04  5.735 1.494e-02 -10.709 -7.201 -7.357 -6.918
0.0152 0.01508 6.50000 85.6942749023 2.6334435162   52.160  6.193  4.6103  3.356    0  0.000  1.022     0.00     0.00     0.00     0.00     0.00 -1 -2.33e-05      0.00 3.144e-01 6.706e-01 1.007e-04 9.646e-03 1.315e-04  5.735 1.494e-02 -10.711 -7.165 -7.321 -6.883
0.0152 0.01508 6.50000 85.7015914917 2.6334435711   52.162  6.195  4.6216  3.399    1  0.000  1.022     0.00     0.00     0.00     0.00     0.00 -1  -2.4e-05      0.00 3.144e-01 6.706e-01 1.007e-04 9.646e-03 1.315e-04  5.736 1.494e-02 -10.718 -7.093 -7.249 -6.812
0.0152 0.01508 6.50000 85.7105178833 2.6334436380   52.165  6.198  4.6340  3.445    1  0.000  1.022     0.00     0.00     0.00     0.00     0.00 -1 -2.47e-05      0.00 3.144e-01 6.706e-01 1.007e-04 9.646e-03 1.315e-04  5.736 1.494e-02 -10.725 -7.015 -7.171 -6.735
0.0152 0.01508 6.50000 85.7212829590 2.6334437187   52.168  6.201  4.6474  3.495    1  0.000  1.022     0.00     0.00     0.00     0.00     0.00 -1 -2.52e-05      0.00 3.144e-01 6.706e-01 1.007e-04 9.646e-03 1.315e-04  5.737 1.494e-02 -10.734 -6.932 -7.088 -6.654
0.0152 0.01508 6.50000 85.7328948975 2.6334438057   52.171  6.205  4.6599  3.542    1  0.000  1.022     0.00     0.00     0.00     0.00     0.00 -1 -2.55e-05      0.00 3.144e-01 6.706e-01 1.007e-04 9.646e-03 1.315e-04  5.738 1.494e-02 -10.742 -6.856 -7.011 -6.579
0.0152 0.01508 6.50000 85.7476196289 2.6334439160   52.176  6.209  4.6726  3.589    1  0.000  1.023     0.00     0.00     0.00     0.00     0.00 -1 -2.55e-05      0.00 3.144e-01 6.707e-01 1.007e-04 9.646e-03 1.315e-04  5.740 1.495e-02 -10.751 -6.779 -6.934 -6.503
0.0152 0.01508 6.50000 85.7855224609 2.6334441997   52.187  6.213  4.6775  3.604    1  0.000  1.023     0.00     0.00     0.00     0.00     0.00 -1 -2.57e-05      0.00 3.143e-01 6.707e-01 1.007e-04 9.646e-03 1.315e-04  5.743 1.495e-02 -10.763 -6.757 -6.912 -6.482
0.0152 0.01508 6.50000 85.7983474731 2.6334442957   52.190  6.214  4.6742  3.590    1  0.000  1.023     0.00     0.00     0.00     0.00     0.00 -1  -2.6e-05      0.00 3.143e-01 6.707e-01 1.007e-04 9.646e-03 1.315e-04  5.744 1.495e-02 -10.766 -6.783 -6.938 -6.508
0.0152 0.01508 6.50000 85.8056106567 2.6334443500   52.192  6.215  4.6719  3.580    1  0.000  1.023     0.00     0.00     0.00     0.00     0.00 -1 -2.61e-05      0.00 3.143e-01 6.707e-01 1.007e-04 9.646e-03 1.314e-04  5.745 1.495e-02 -10.767 -6.801 -6.955 -6.526
0.0152 0.01508 6.50000 85.8122940063 2.6334443999   52.194  6.216  4.6683  3.565    1  0.000  1.023     0.00     0.00     0.00     0.00     0.00 -1 -2.61e-05      0.00 3.143e-01 6.707e-01 1.007e-04 9.646e-03 1.314e-04  5.746 1.496e-02 -10.769 -6.827 -6.981 -6.552
0.0152 0.01508 6.50000 85.8189620972 2.6334444498   52.195  6.216  4.6622  3.540    1  0.000  1.023     0.00     0.00     0.00     0.00     0.00 -1 -2.63e-05      0.00 3.143e-01 6.708e-01 1.007e-04 9.646e-03 1.314e-04  5.746 1.495e-02 -10.771 -6.870 -7.025 -6.595
0.0152 0.01508 6.50000 85.8256607056 2.6334444999   52.198  6.217  4.6538  3.506    1  0.000  1.023     0.00     0.00     0.00     0.00     0.00 -1 -2.63e-05      0.00 3.143e-01 6.708e-01 1.007e-04 9.646e-03 1.314e-04  5.747 1.493e-02 -10.773 -6.930 -7.085 -6.653
0.0152 0.01508 6.50000 85.8289794922 2.6334445247   52.198  6.218  4.6479  3.482    1  0.000  1.023     0.00     0.00     0.00     0.00     0.00 -1 -2.65e-05      0.00 3.143e-01 6.708e-01 1.007e-04 9.646e-03 1.314e-04  5.747 1.493e-02 -10.774 -6.972 -7.127 -6.695
0.0152 0.01508 6.50000 85.8322906494 2.6334445494   52.199  6.218  4.6414  3.455    1  0.000  1.023     0.00     0.00     0.00     0.00     0.00 -1 -2.65e-05      0.00 3.143e-01 6.708e-01 1.007e-04 9.646e-03 1.314e-04  5.747 1.493e-02 -10.775 -7.018 -7.173 -6.741
0.0152 0.01508 6.50000 85.8355941772 2.6334445741   52.200  6.219  4.6343  3.426    1  0.000  1.023     0.00     0.00     0.00     0.00     0.00 -1 -2.65e-05      0.00 3.143e-01 6.708e-01 1.007e-04 9.646e-03 1.314e-04  5.748 1.493e-02 -10.777 -7.068 -7.223 -6.791
0.0152 0.01508 6.50000 85.8388748169 2.6334445986   52.201  6.219  4.6269  3.396    1  0.000  1.023     0.00     0.00     0.00     0.00     0.00 -1 -2.65e-05      0.00 3.143e-01 6.708e-01 1.007e-04 9.646e-03 1.314e-04  5.748 1.493e-02 -10.778 -7.121 -7.276 -6.844
0.0152 0.01508 6.50000 85.8421859741 2.6334446233   52.202  6.220  4.6186  3.362    1  0.000  1.023     0.00     0.00     0.00     0.00     0.00 -1 -2.64e-05      0.00 3.142e-01 6.708e-01 1.007e-04 9.646e-03 1.314e-04  5.748 1.494e-02 -10.780 -7.181 -7.336 -6.903
0.0152 0.01508 6.50000 85.8454895020 2.6334446480   52.202  6.221  4.6096  3.325    1  0.000  1.023     0.00     0.00     0.00     0.00     0.00 -1 -2.61e-05      0.00 3.142e-01 6.708e-01 1.007e-04 9.646e-03 1.314e-04  5.749 1.494e-02 -10.782 -7.245 -7.400 -6.967
0.0152 0.01508 6.50000 85.8487854004 2.6334446726   52.203  6.222  4.5999  3.286    1  0.000  1.023     0.00     0.00     0.00     0.00     0.00 -1 -2.57e-05      0.00 3.142e-01 6.708e-01 1.007e-04 9.646e-03 1.314e-04  5.749 1.494e-02 -10.784 -7.314 -7.469 -7.035
0.0152 0.01508 6.50000 85.8520507812 2.6334446970   52.205  6.222  4.5893  3.243    1  0.000  1.023     0.00     0.00     0.00     0.00     0.00 -1 -2.51e-05      0.00 3.142e-01 6.708e-01 1.007e-04 9.646e-03 1.314e-04  5.749 1.494e-02 -10.786 -7.389 -7.544 -7.110
0.0152 0.01508 6.50000 85.8553619385 2.6334447217   52.205  6.223  4.5779  3.196    1  0.000  1.023     0.00     0.00     0.00     0.00     0.00 -1 -2.44e-05      0.00 3.142e-01 6.708e-01 1.007e-04 9.646e-03 1.314e-04  5.749 1.494e-02 -10.788 -7.471 -7.626 -7.192
0.0152 0.01508 6.50000 85.8586425781 2.6334447462   52.206  6.224  4.5657  3.146    1  0.000  1.023     0.00     0.00     0.00     0.00     0.00 -1 -3.06e-05      0.00 3.142e-01 6.708e-01 1.007e-04 9.646e-03 1.314e-04  5.750 1.493e-02 -10.790 -7.574 -7.725 -7.306
0.0152 0.01508 6.50000 85.8621368408 2.6334447723   52.207  6.225  4.5511  3.087    1  0.000  1.023     0.00     0.00     0.00     0.00     0.00 -1 -2.98e-05      0.00 3.142e-01 6.708e-01 1.007e-04 9.646e-03 1.314e-04  5.750 1.493e-02 -10.793 -7.679 -7.830 -7.412
0.0152 0.01508 6.50000 85.8656082153 2.6334447982   52.207  6.226  4.5348  3.021    1  0.000  1.023     0.00     0.00     0.00     0.00     0.00 -1 -2.85e-05      0.00 3.142e-01 6.708e-01 1.007e-04 9.646e-03 1.314e-04  5.750 1.494e-02 -10.796 -7.787 -7.938 -7.519
0.0152 0.01508 6.50000 85.8691101074 2.6334448244   52.199  6.228  4.5254  2.982    1  0.000  1.024     0.00     0.00     0.00     0.00     0.00 -1  -3.6e-05      0.00 3.127e-01 6.724e-01 1.008e-04 9.646e-03 1.313e-04  5.779 1.494e-02 -10.799 -7.865 -8.013 -7.607
0.0152 0.01508 6.50000 85.8727416992 2.6334448515   52.200  6.229  4.5071  2.908    1  0.000  1.024     0.00     0.00     0.00     0.00     0.00 -1 -2.54e-05      0.00 3.127e-01 6.724e-01 1.008e-04 9.646e-03 1.313e-04  5.779 1.494e-02 -10.802 -7.971 -8.122 -7.700
0.0152 0.01508 6.50000 85.8762130737 2.6334448774   52.192  6.230  4.4897  2.837    1  0.000  1.024     0.00     0.00     0.00     0.00     0.00 -1 -3.12e-05      0.00 3.124e-01 6.726e-01 1.008e-04 9.646e-03 1.313e-04  5.785 1.493e-02 -10.805 -8.087 -8.235 -7.827
0.0152 0.01508 6.50000 85.8800506592 2.6334449060   52.184  6.231  4.4686  2.751    1  0.000  1.025     0.00     0.00     0.00     0.00     0.00 -1 -2.98e-05      0.00 3.122e-01 6.729e-01 1.008e-04 9.646e-03 1.313e-04  5.790 1.494e-02 -10.808 -8.210 -8.356 -7.954
0.0152 0.01508 6.50000 85.8838500977 2.6334449344   52.175  6.232  4.4457  2.658    1  0.000  1.025     0.00     0.00     0.00     0.00     0.00 -1 -4.05e-05      0.00 3.119e-01 6.731e-01 1.008e-04 9.646e-03 1.313e-04  5.795 1.493e-02 -10.811 -8.344 -8.484 -8.102
0.0152 0.01508 6.50000 85.8876800537 2.6334449630   52.163  6.233  4.4206  2.556    1  0.000  1.025     0.00     0.00     0.00     0.00     0.00 -1 -6.73e-05      0.00 3.117e-01 6.734e-01 1.008e-04 9.646e-03 1.313e-04  5.798 1.495e-02 -10.814 -8.438 -8.572 -8.219
0.0152 0.01508 6.50000 85.8915252686 2.6334449916   52.136  6.235  4.3960  2.457    1  0.000  1.026     0.00     0.00     0.00     0.00     0.00 -1 -0.000128      0.00 3.110e-01 6.741e-01 1.008e-04 9.646e-03 1.312e-04  5.809 1.494e-02 -10.816 -8.554 -8.676 -8.369
0.0152 0.01508 6.50000 85.8954162598 2.6334450207   52.095  6.236  4.3761  2.375    1  0.000  1.027     0.00     0.00     0.00     0.00     0.00 -1 -0.000274      0.00 3.086e-01 6.765e-01 1.009e-04 9.646e-03 1.311e-04  5.847 1.493e-02 -10.820 -8.622 -8.734 -8.464
0.0152 0.01508 6.50000 85.8992385864 2.6334450492   52.054  6.237  4.3492  2.266    1  0.000  1.029     0.00     0.00     0.00     0.00     0.00 -1 -0.000377      0.00 3.067e-01 6.783e-01 1.010e-04 9.646e-03 1.310e-04  5.874 1.495e-02 -10.823 -8.634 -8.745 -8.479
0.0152 0.01508 6.50000 85.9024963379 2.6334450735   52.016  6.238  4.3142  2.125    1  0.000  1.029     0.00     0.00     0.00     0.00     0.00 -1 -0.000362      0.00 3.063e-01 6.788e-01 1.010e-04 9.646e-03 1.309e-04  5.882 1.496e-02 -10.825 -8.625 -8.737 -8.466
0.0152 0.01508 6.50000 85.9049301147 2.6334450916   51.968  6.239  4.2802  1.988    1  0.000  1.029     0.00     0.00     0.00     0.00     0.00 -1 -0.000628      0.00 3.058e-01 6.792e-01 1.010e-04 9.646e-03 1.309e-04  5.887 1.496e-02 -10.827 -9.138 -9.243 -8.957
0.0152 0.01508 6.50000 85.9064331055 2.6334451028   51.940  6.239  4.2610  1.910    1  0.000  1.030     0.00     0.00     0.00     0.00     0.00 -1 -0.000859      0.00 3.055e-01 6.795e-01 1.010e-04 9.646e-03 1.309e-04  5.891 1.496e-02 -10.827 -9.241 -9.341 -9.069
0.0152 0.01508 6.50000 85.9114456177 2.6334451402   51.852  6.240  4.1975  1.654    1  0.000  1.031     0.00     0.00     0.00     0.00     0.00 -1 -0.000976      0.00 3.044e-01 6.806e-01 1.011e-04 9.646e-03 1.308e-04  5.907 1.497e-02 -10.831 -9.587 -9.669 -9.448
0.0152 0.01508 6.50000 85.9212188721 2.6334452131   51.704  6.243  4.1063  1.285    1  0.000  1.033     0.00     0.00     0.00     0.00     0.00 -1 -0.000792      0.00 3.019e-01 6.832e-01 1.012e-04 9.646e-03 1.307e-04  5.943 1.494e-02 -10.838 -10.101 -10.153 -10.016
0.0152 0.01508 6.50000 85.9354400635 2.6334453191   51.545  6.247  3.9662  0.719    1  0.000  1.036     0.00     0.00     0.00     0.00     0.00 -1 -0.000541      0.00 2.988e-01 6.863e-01 1.013e-04 9.646e-03 1.305e-04  5.989 1.493e-02 -10.849 -10.778 -10.775 -10.798
0.0152 0.01508 6.50000 85.9600677490 2.6334455025   51.361  6.253  3.8417  0.214    1  0.000  1.039     0.00     0.00     0.00     0.00     0.00 -1 -0.000406      0.00 2.953e-01 6.898e-01 1.015e-04 9.646e-03 1.303e-04  6.034 1.495e-02 -10.864 -11.068 -10.949 -11.291
0.0152 0.01508 6.50000 86.0163726807 2.6334459215   51.016  6.264  3.8256  0.136    1  0.000  1.049     0.00     0.00     0.00     0.00     0.00 -1 -0.000407      0.00 2.837e-01 7.013e-01 1.020e-04 9.646e-03 1.296e-04  6.149 1.496e-02 -10.890 -11.095 -10.944 -11.367
0.0152 0.01508 6.50000 86.1740493774 2.6334470914   49.965  6.281  3.8284  0.121    1  0.000  1.069     0.00     0.00     0.00     0.00     0.00 -1 -0.000455      0.00 2.473e-01 7.377e-01 1.023e-04 9.650e-03 1.277e-04  6.345 1.496e-02 -10.932 -11.138 -10.994 -11.401
0.0152 0.01508 6.50000 86.2337951660 2.6334475334   49.543  6.284  3.8366  0.147    1  0.000  1.076     0.00     0.00     0.00     0.00     0.00 -1  -0.00047      0.00 2.343e-01 7.508e-01 1.023e-04 9.651e-03 1.269e-04  6.404 1.496e-02 -10.940 -11.145 -11.017 -11.383
0.0152 0.01508 6.50000 86.3637390137 2.6334484923   48.737  6.291  4.0070  0.815    1  0.000  1.119     0.00     0.00     0.00     0.00     0.00 -1 -0.000382      0.00 2.056e-01 7.795e-01 1.050e-04 9.652e-03 1.250e-04  6.657 1.497e-02 -10.957 -10.712 -10.725 -10.702
0.0152 0.01508 6.50000 86.3740234375 2.6334485680   48.676  6.293  4.0813  1.110    1  0.000  1.138     0.00     0.00     0.00     0.00     0.00 -1 -0.000378      0.00 1.973e-01 7.877e-01 1.065e-04 9.651e-03 1.244e-04  6.746 1.497e-02 -10.962 -10.360 -10.404 -10.289
0.0152 0.01508 6.50000 86.3768844604 2.6334485891   48.661  6.293  4.0866  1.131    1  0.000  1.139     0.00     0.00     0.00     0.00     0.00 -1 -0.000344      0.00 1.968e-01 7.882e-01 1.066e-04 9.650e-03 1.244e-04  6.750 1.497e-02 -10.962 -10.331 -10.377 -10.258
0.0152 0.01508 6.50000 86.3809280396 2.6334486189   48.639  6.293  4.0935  1.158    1  0.000  1.141     0.00     0.00     0.00     0.00     0.00 -1 -0.000327      0.00 1.960e-01 7.890e-01 1.067e-04 9.650e-03 1.243e-04  6.757 1.497e-02 -10.962 -10.294 -10.342 -10.217
0.0152 0.01508 6.50000 86.3865814209 2.6334486605   48.608  6.293  4.1021  1.192    1  0.000  1.143     0.00     0.00     0.00     0.00     0.00 -1 -0.000325      0.00 1.950e-01 7.901e-01 1.068e-04 9.650e-03 1.242e-04  6.766 1.497e-02 -10.962 -10.248 -10.299 -10.165
0.0152 0.01508 6.50000 86.3946456909 2.6334487198   48.564  6.293  4.1134  1.237    1  0.000  1.146     0.00     0.00     0.00     0.00     0.00 -1 -0.000322      0.00 1.935e-01 7.916e-01 1.070e-04 9.650e-03 1.241e-04  6.778 1.497e-02 -10.963 -10.186 -10.240 -10.098
0.0152 0.01508 6.50000 86.4060134888 2.6334488035   48.503  6.294  4.1285  1.296    1  0.000  1.150     0.00     0.00     0.00     0.00     0.00 -1 -0.000318      0.00 1.913e-01 7.937e-01 1.073e-04 9.650e-03 1.240e-04  6.795 1.497e-02 -10.964 -10.097 -10.154 -10.007
0.0152 0.01508 6.50000 86.4448852539 2.6334490894   48.295  6.295  4.1780  1.491    1  0.000  1.165     0.00     0.00     0.00     0.00     0.00 -1 -0.000305      0.00 1.840e-01 8.010e-01 1.083e-04 9.650e-03 1.235e-04  6.851 1.497e-02 -10.968 -9.832 -9.907 -9.705
0.0152 0.01508 6.50000 86.5581970215 2.6334499211   47.896  6.299  4.6592  3.409    1  0.000  1.282     0.00     0.00     0.00     0.00     0.00 -1 -0.000142      0.00 1.312e-01 8.538e-01 1.154e-04 9.646e-03 1.203e-04  7.205 1.497e-02 -10.976 -7.491 -7.606 -7.321
0.0152 0.01508 6.50000 86.6392669678 2.6334505146   47.762  6.297  4.6809  3.495    1  0.000  1.277     0.00     0.00     0.00     0.00     0.00 -1 -0.000141      0.00 1.312e-01 8.538e-01 1.150e-04 9.647e-03 1.202e-04  7.197 1.496e-02 -10.973 -7.389 -7.501 -7.224
0.0152 0.01508 6.50000 86.6797637939 2.6334508105   47.694  6.297  4.6905  3.534    1  0.000  1.275     0.00     0.00     0.00     0.00     0.00 -1  -0.00014      0.00 1.312e-01 8.539e-01 1.148e-04 9.647e-03 1.202e-04  7.195 1.495e-02 -10.971 -7.343 -7.454 -7.181
0.0152 0.01508 6.50000 86.7202606201 2.6334511062   47.627  6.296  4.7002  3.573    1  0.000  1.273     0.00     0.00     0.00     0.00     0.00 -1  -0.00014      0.00 1.312e-01 8.539e-01 1.146e-04 9.647e-03 1.202e-04  7.192 1.495e-02 -10.970 -7.298 -7.408 -7.137
0.0152 0.01508 6.50000 86.7607650757 2.6334514016   47.561  6.295  4.7098  3.611    1  0.000  1.271     0.00     0.00     0.00     0.00     0.00 -1 -0.000139      0.00 1.311e-01 8.539e-01 1.144e-04 9.647e-03 1.202e-04  7.188 1.496e-02 -10.968 -7.252 -7.361 -7.094
0.0152 0.01508 6.50000 86.8012390137 2.6334516965   47.495  6.295  4.7197  3.651    1  0.000  1.269     0.00     0.00     0.00     0.00     0.00 -1 -0.000139      0.00 1.311e-01 8.539e-01 1.142e-04 9.647e-03 1.202e-04  7.184 1.495e-02 -10.966 -7.206 -7.314 -7.053
0.0152 0.01508 6.50000 86.8417663574 2.6334519914   47.428  6.294  4.7295  3.690    1  0.000  1.266     0.00     0.00     0.00     0.00     0.00 -1 -0.000139      0.00 1.311e-01 8.540e-01 1.139e-04 9.647e-03 1.201e-04  7.179 1.496e-02 -10.965 -7.161 -7.268 -7.012
0.0152 0.01508 6.50000 86.8823623657 2.6334522865   47.362  6.293  4.7398  3.731    1  0.000  1.265     0.00     0.00     0.00     0.00     0.00 -1 -0.000139      0.00 1.310e-01 8.540e-01 1.136e-04 9.648e-03 1.201e-04  7.175 1.497e-02 -10.963 -7.118 -7.223 -6.973
0.0152 0.01508 6.50000 86.9229507446 2.6334525813   47.296  6.292  4.7500  3.773    1  0.000  1.264     0.00     0.00     0.00     0.00     0.00 -1 -0.000139      0.00 1.309e-01 8.541e-01 1.134e-04 9.648e-03 1.200e-04  7.172 1.499e-02 -10.960 -7.076 -7.180 -6.934
0.0152 0.01508 6.50000 86.9635925293 2.6334528761   47.230  6.291  4.7601  3.813    1  0.000  1.260     0.00     0.00     0.00     0.00     0.00 -1 -0.000139      0.00 1.307e-01 8.543e-01 1.129e-04 9.649e-03 1.200e-04  7.163 1.498e-02 -10.958 -7.031 -7.134 -6.894
0.0152 0.01508 6.50000 87.0042877197 2.6334531710   47.164  6.290  4.7701  3.854    1  0.000  1.255     0.00     0.00     0.00     0.00     0.00 -1 -0.000139      0.00 1.306e-01 8.545e-01 1.123e-04 9.651e-03 1.200e-04  7.153 1.496e-02 -10.956 -6.988 -7.088 -6.854
0.0152 0.01508 6.50000 87.0450592041 2.6334534661   47.098  6.289  4.7799  3.893    1  0.000  1.244     0.00     0.00     0.00     0.00     0.00 -1 -0.000138      0.00 1.305e-01 8.546e-01 1.111e-04 9.653e-03 1.200e-04  7.131 1.496e-02 -10.953 -6.945 -7.044 -6.815
0.0152 0.01508 6.50000 87.0859069824 2.6334537615   47.033  6.288  4.7895  3.932    1  0.000  1.230     0.00     0.00     0.00     0.00     0.00 -1 -0.000138      0.00 1.304e-01 8.546e-01 1.098e-04 9.655e-03 1.199e-04  7.102 1.496e-02 -10.951 -6.902 -7.000 -6.777
0.0152 0.01508 6.50000 87.1268005371 2.6334540569   46.968  6.287  4.7991  3.971    1  0.000  1.214     0.00     0.00     0.00     0.00     0.00 -1 -0.000137      0.00 1.303e-01 8.547e-01 1.082e-04 9.657e-03 1.199e-04  7.066 1.497e-02 -10.948 -6.861 -6.957 -6.741
0.0152 0.01508 6.50000 87.1677856445 2.6334543526   46.902  6.286  4.8085  4.009    1  0.000  1.196     0.00     0.00     0.00     0.00     0.00 -1 -0.000136      0.00 1.303e-01 8.547e-01 1.064e-04 9.658e-03 1.199e-04  7.022 1.497e-02 -10.945 -6.813 -6.908 -6.696
0.0152 0.01508 6.50000 87.2088851929 2.6334546488   46.837  6.285  4.8180  4.048    1  0.000  1.178     0.00     0.00     0.00     0.00     0.00 -1 -0.000136      0.00 1.303e-01 8.547e-01 1.046e-04 9.661e-03 1.199e-04  6.972 1.498e-02 -10.942 -6.766 -6.860 -6.651
0.0152 0.01508 6.50000 87.2500610352 2.6334549453   46.772  6.284  4.8275  4.086    1  0.000  1.160     0.00     0.00     0.00     0.00     0.00 -1 -0.000136      0.00 1.302e-01 8.548e-01 1.028e-04 9.665e-03 1.199e-04  6.916 1.500e-02 -10.939 -6.721 -6.813 -6.609
0.0152 0.01508 6.50000 87.2913589478 2.6334552423   46.707  6.282  4.8369  4.125    1  0.000  1.143     0.00     0.00     0.00     0.00     0.00 -1 -0.000135      0.00 1.302e-01 8.548e-01 1.011e-04 9.667e-03 1.199e-04  6.857 1.500e-02 -10.936 -6.676 -6.767 -6.568
0.0152 0.01508 6.50000 87.3327713013 2.6334555398   46.642  6.281  4.8463  4.163    1  0.000  1.128     0.00     0.00     0.00     0.00     0.00 -1 -0.000135      0.00 1.302e-01 8.548e-01 9.972e-05 9.668e-03 1.199e-04  6.799 1.496e-02 -10.932 -6.634 -6.723 -6.530
0.0152 0.01508 6.50000 87.3742904663 2.6334558377   46.578  6.279  4.8557  4.201    1  0.000  1.115     0.00     0.00     0.00     0.00     0.00 -1 -0.000134      0.00 1.302e-01 8.548e-01 9.850e-05 9.670e-03 1.199e-04  6.741 1.495e-02 -10.928 -6.588 -6.676 -6.486
0.0152 0.01508 6.50000 87.4159927368 2.6334561366   46.513  6.278  4.8650  4.240    1  0.000  1.106     0.00     0.00     0.00     0.00     0.00 -1 -0.000133      0.00 1.302e-01 8.549e-01 9.764e-05 9.671e-03 1.199e-04  6.695 1.497e-02 -10.924 -6.535 -6.623 -6.434
0.0152 0.01508 6.50000 87.4578094482 2.6334564361   46.449  6.276  4.8743  4.278    1  0.000  1.097     0.00     0.00     0.00     0.00     0.00 -1 -0.000132      0.00 1.301e-01 8.549e-01 9.683e-05 9.672e-03 1.199e-04  6.647 1.497e-02 -10.920 -6.483 -6.569 -6.383
0.0152 0.01508 6.50000 87.4998168945 2.6334567365   46.385  6.274  4.8835  4.316    1  0.000  1.091     0.00     0.00     0.00     0.00     0.00 -1 -0.000132      0.00 1.300e-01 8.551e-01 9.639e-05 9.673e-03 1.199e-04  6.617 1.496e-02 -10.916 -6.437 -6.523 -6.339
0.0152 0.01508 6.50000 87.5419998169 2.6334570379   46.320  6.273  4.8926  4.353    1  0.000  1.086     0.00     0.00     0.00     0.00     0.00 -1 -0.000131      0.00 1.299e-01 8.552e-01 9.597e-05 9.674e-03 1.199e-04  6.586 1.496e-02 -10.912 -6.394 -6.480 -6.298
0.0152 0.01508 6.50000 87.5843505859 2.6334573401   46.257  6.271  4.9014  4.390    1  0.000  1.077     0.00     0.00     0.00     0.00     0.00 -1 -0.000131      0.00 1.298e-01 8.552e-01 9.523e-05 9.675e-03 1.200e-04  6.528 1.496e-02 -10.907 -6.354 -6.439 -6.260
0.0152 0.01508 6.50000 87.6269073486 2.6334576435   46.194  6.269  4.9103  4.427    1  0.000  1.068     0.00     0.00     0.00     0.00     0.00 -1 -0.000131      0.00 1.297e-01 8.553e-01 9.451e-05 9.676e-03 1.200e-04  6.463 1.495e-02 -10.902 -6.313 -6.397 -6.218
0.0152 0.01508 6.50000 87.6697082520 2.6334579483   46.131  6.267  4.9188  4.463    1  0.000  1.056     0.00     0.00     0.00     0.00     0.00 -1  -0.00013      0.00 1.297e-01 8.554e-01 9.356e-05 9.677e-03 1.200e-04  6.356 1.498e-02 -10.897 -6.267 -6.352 -6.172
0.0152 0.01508 6.50000 87.7126998901 2.6334582540   46.068  6.265  4.9273  4.498    1  0.000  1.044     0.00     0.00     0.00     0.00     0.00 -1 -0.000129      0.00 1.296e-01 8.554e-01 9.266e-05 9.678e-03 1.201e-04  6.224 1.499e-02 -10.892 -6.221 -6.306 -6.126
0.0152 0.01508 6.50000 87.7559967041 2.6334585617   46.005  6.262  4.9357  4.533    1  0.000  1.035     0.00     0.00     0.00     0.00     0.00 -1 -0.000128      0.00 1.294e-01 8.556e-01 9.200e-05 9.679e-03 1.201e-04  6.089 1.499e-02 -10.886 -6.177 -6.261 -6.082
0.0152 0.01508 6.50000 87.7992858887 2.6334588689   45.942  6.260  4.9440  4.568    1  0.000  1.026     0.00     0.00     0.00     0.00     0.00 -1 -0.000127      0.00 1.291e-01 8.559e-01 9.139e-05 9.680e-03 1.202e-04  5.904 1.497e-02 -10.881 -6.133 -6.217 -6.039
0.0152 0.01508 6.50000 87.8866424561 2.6334594877   45.817  6.256  4.9599  4.635    1  0.000  1.003     0.00     0.00     0.00     0.00     0.00 -1 -0.000125      0.00 1.285e-01 8.566e-01 8.979e-05 9.683e-03 1.204e-04 -1.000 1.496e-02 -10.869 -6.049 -6.133 -5.954
0.0152 0.01508 6.50000 87.9757308960 2.6334601174   45.692  6.251  4.9749  4.698    1  0.000  0.964     0.00     0.00     0.00     0.00     0.00 -1 -0.000124      0.00 1.276e-01 8.574e-01 8.681e-05 9.687e-03 1.205e-04 -1.000 1.500e-02 -10.858 -5.981 -6.065 -5.884
0.0152 0.01508 6.50000 88.0662918091 2.6334607560   45.568  6.247  4.9891  4.759    1  0.000  0.922     0.00     0.00     0.00     0.00     0.00 -1 -0.000123      0.00 1.260e-01 8.590e-01 8.353e-05 9.691e-03 1.205e-04 -1.000 1.499e-02 -10.847 -5.910 -5.995 -5.811
0.0152 0.01508 6.50000 88.1583404541 2.6334614035   45.438  6.243  5.0020  4.813    1  0.000  0.900     0.00     0.00     0.00     0.00     0.00 -1 -0.000123      0.00 1.234e-01 8.616e-01 8.158e-05 9.695e-03 1.200e-04 -1.000 1.501e-02 -10.837 -5.814 -5.905 -5.688
0.0152 0.01508 6.50000 88.2520980835 2.6334620615   45.304  6.239  5.0143  4.864    1  0.000  0.921     0.00     0.00     0.00     0.00     0.00 -1 -0.000122      0.00 1.195e-01 8.655e-01 8.303e-05 9.694e-03 1.196e-04 -1.000 1.499e-02 -10.827 -5.767 -5.858 -5.642
0.0152 0.01508 6.50000 88.3474807739 2.6334627292   45.168  6.235  5.0253  4.911    1  0.000  0.943     0.00     0.00     0.00     0.00     0.00 -1 -0.000121      0.00 1.155e-01 8.695e-01 8.442e-05 9.693e-03 1.189e-04 -1.000 1.499e-02 -10.818 -5.721 -5.811 -5.597
0.0152 0.01508 6.50000 88.4442977905 2.6334634053   45.032  6.232  5.0356  4.954    1  0.000  0.965     0.00     0.00     0.00     0.00     0.00 -1 -0.000121      0.00 1.114e-01 8.736e-01 8.569e-05 9.692e-03 1.182e-04 -1.000 1.500e-02 -10.810 -5.677 -5.768 -5.553
0.0152 0.01508 6.50000 88.5915222168 2.6334644301   44.827  6.227  5.0491  5.011    1  0.000  1.011     0.00     0.00     0.00     0.00     0.00 -1  -0.00012      0.00 1.049e-01 8.801e-01 8.866e-05 9.689e-03 1.170e-04  5.869 1.499e-02 -10.797 -5.625 -5.715 -5.501
0.0152 0.01508 6.50000 88.6900177002 2.6334651135   44.690  6.224  5.0576  5.046    1  0.000  1.041     0.00     0.00     0.00     0.00     0.00 -1  -0.00012      0.00 1.005e-01 8.845e-01 9.066e-05 9.687e-03 1.162e-04  6.464 1.498e-02 -10.790 -5.574 -5.665 -5.447
0.0152 0.01508 6.50000 88.7876968384 2.6334657895   44.557  6.222  5.0646  5.076    1  0.000  1.070     0.00     0.00     0.00     0.00     0.00 -1  -0.00012      0.00 9.608e-02 8.890e-01 9.255e-05 9.685e-03 1.155e-04  6.713 1.497e-02 -10.784 -5.544 -5.635 -5.418
0.0152 0.01508 6.50000 88.8833847046 2.6334664501   44.426  6.219  5.0715  5.104    1  0.000  1.099     0.00     0.00     0.00     0.00     0.00 -1  -0.00012      0.00 9.149e-02 8.936e-01 9.443e-05 9.684e-03 1.147e-04  6.884 1.496e-02 -10.779 -5.518 -5.609 -5.394
0.0152 0.01508 6.50000 88.9761047363 2.6334670887   44.299  6.218  5.0777  5.130    1  0.000  1.129     0.00     0.00     0.00     0.00     0.00 -1  -0.00012      0.00 8.654e-02 8.985e-01 9.637e-05 9.682e-03 1.140e-04  7.021 1.496e-02 -10.775 -5.500 -5.589 -5.377
0.0152 0.01508 6.50000 89.0651626587 2.6334677006   44.177  6.216  5.0836  5.153    1  0.000  1.159     0.00     0.00     0.00     0.00     0.00 -1 -0.000121      0.00 8.156e-02 9.035e-01 9.836e-05 9.680e-03 1.133e-04  7.137 1.496e-02 -10.771 -5.486 -5.575 -5.364
0.0152 0.01508 6.50000 89.2754135132 2.6334691396   43.898  6.214  5.0965  5.204    1  0.000  1.360     0.00     0.00     0.00     0.00     0.00 -1 -0.000122      0.00 6.916e-02 9.140e-01 1.838e-03 9.592e-03 2.214e-04  9.304 1.685e-02 -10.765 -5.455 -5.544 -5.332
0.0152 0.01508 6.50000 90.0000000000 2.6334740396   42.937  6.206  5.1248  5.316    1  0.000  3.583     0.00     0.00     0.00     0.00     0.00 -1 -0.000121      0.00 2.992e-02 9.238e-01 2.864e-02 8.429e-03 2.173e-03 10.876 4.628e-02 -10.746 -5.313 -5.397 -5.202
0.0152 0.01508 6.50000 91.3536605835 2.6334829548   41.052  6.186  5.1418  5.385    1  0.000  9.088     0.00     0.00     0.00     0.00     0.00 -1 -0.000107      0.00 3.444e-05 8.873e-01 8.907e-02 5.706e-03 6.583e-03 14.309 1.127e-01 -10.695 -6.132 -6.283 -5.515
0.0152 0.01508 6.50000 95.0000000000 2.6335055226   38.245  6.161  5.1425  5.382    1  0.000 11.951     0.00     0.00     0.00     0.00     0.00 -1 -6.05e-05      0.00 1.000e-33 6.666e-01 2.831e-01 6.711e-04 3.022e-02 43.337 3.334e-01 -10.632 -5.406 -5.539 -4.928
0.0152 0.01508 6.50000 95.9614639282 2.6335111456   37.834  6.159  5.1426  5.380    1  0.000 11.614     0.00     0.00     0.00     0.00     0.00 -1 -5.38e-05      0.00 1.000e-33 6.212e-01 3.213e-01 1.000e-33 3.702e-02 43.388 3.788e-01 -10.626 -5.241 -5.371 -4.816
0.0152 0.01508 6.50000 98.7029647827 2.6335264895   37.282  6.162  5.1449  5.380    2  0.000  8.549     0.00     0.00     0.00     0.00     0.00 -1  -4.2e-05      0.00 1.000e-33 5.379e-01 3.774e-01 1.207e-29 6.420e-02 43.438 4.621e-01 -10.634 -4.870 -4.992 -4.575
0.0152 0.01508 6.50000 100.0000000000 2.6335334127   37.065  6.163  5.1461  5.380    2  0.000  7.328     0.00     0.00     0.00     0.00     0.00 -1 -3.76e-05      0.00 1.000e-33 5.025e-01 4.003e-01 1.685e-29 7.659e-02 43.456 4.975e-01 -10.639 -4.744 -4.868 -4.472
0.0152 0.01508 6.50000 101.1030426025 2.6335391399   36.865  6.164  5.1470  5.380    2  0.000  6.475     0.00     0.00     0.00     0.00     0.00 -1 -3.45e-05      0.00 1.000e-33 4.766e-01 4.167e-01 4.413e-27 8.614e-02 43.467 5.234e-01 -10.641 -4.651 -4.775 -4.392
0.0152 0.01508 6.50000 104.7572174072 2.6335571263   36.585  6.173  5.1541  5.397    3  0.000  4.959     0.00     0.01     0.01     0.01     0.01  2  -3.2e-05      0.00 1.000e-33 4.124e-01 4.460e-01 5.786e-26 1.209e-01 43.471 5.876e-01 -10.661 -4.538 -4.664 -4.302
0.0152 0.01508 6.50000 104.8108901978 2.6335573798   36.582  6.173  5.1542  5.397    3  0.000  4.939     0.00     0.01     0.01     0.01     0.01  2 -3.19e-05      0.00 1.000e-33 4.115e-01 4.464e-01 6.284e-26 1.214e-01 43.471 5.885e-01 -10.662 -4.536 -4.663 -4.300
0.0152 0.01508 6.50000 106.6165924072 2.6335657361   36.326  6.175  5.1622  5.424    3  0.000  3.593     0.00     0.01     0.01     0.01     0.01  2 -3.99e-05      0.00 1.000e-33 3.266e-01 4.667e-01 1.551e-25 1.857e-01 43.436 6.734e-01 -10.669 -4.717 -4.839 -4.472
0.0152 0.01508 6.50000 108.3717041016 2.6335735521   35.936  6.177  5.1747  5.467    3  0.000  2.556     0.00     0.01     0.01     0.01     0.01  2 -4.88e-05      0.00 1.000e-33 2.511e-01 4.655e-01 1.377e-24 2.622e-01 43.350 7.489e-01 -10.673 -4.932 -5.054 -4.623
0.0152 0.01508 6.50000 109.2585144043 2.6335773917   35.667  6.178  5.1857  5.507    3  0.000  2.189     0.00     0.01     0.01     0.01     0.01  2 -5.43e-05      0.00 1.000e-33 2.203e-01 4.551e-01 1.995e-24 3.032e-01 43.278 7.797e-01 -10.675 -5.029 -5.151 -4.700
0.0152 0.01508 6.50000 109.3818206787 2.6335779199   35.625  6.178  5.1876  5.514    3  0.000  2.155     0.00     0.01     0.01     0.01     0.01  2 -5.49e-05      0.00 1.000e-33 2.176e-01 4.545e-01 2.031e-24 3.065e-01 43.272 7.824e-01 -10.676 -5.038 -5.160 -4.708
0.0152 0.01508 6.50000 109.5848999023 2.6335787869   35.550  6.180  5.1938  5.536    3  0.000  2.067     0.00     0.01     0.01     0.01     0.00  2 -5.67e-05      0.00 1.000e-33 2.094e-01 4.489e-01 1.882e-24 3.203e-01 43.240 7.906e-01 -10.680 -5.059 -5.180 -4.726
0.0152 0.01508 6.50000 109.8753128052 2.6335800202   35.439  6.184  5.2071  5.584    3  0.000  1.960     0.00     0.01     0.01     0.01     0.00  2 -6.03e-05      0.00 1.000e-33 1.994e-01 4.421e-01 1.694e-24 3.370e-01 43.198 8.006e-01 -10.690 -5.099 -5.218 -4.760
0.0152 0.01508 6.50000 109.9639892578 2.6335803954   35.403  6.189  5.2176  5.621    3  0.000  1.943     0.00     0.01     0.01     0.01     0.00  2 -6.31e-05      0.00 1.000e-33 1.979e-01 4.410e-01 1.664e-24 3.395e-01 43.191 8.021e-01 -10.701 -5.117 -5.236 -4.773
0.0152 0.01508 6.50000 110.0021972656 2.6335805568   35.386  6.193  5.2264  5.652    3  0.000  1.938     0.00     0.01     0.01     0.00     0.00  2 -6.55e-05      0.00 1.000e-33 1.974e-01 4.408e-01 1.655e-24 3.403e-01 43.189 8.026e-01 -10.711 -5.128 -5.246 -4.783
0.0152 0.01508 6.50000 110.0506210327 2.6335807612   35.362  6.200  5.2409  5.702    3  0.000  1.930     0.00     0.01     0.01     0.00     0.00  2 -7.01e-05      0.00 1.000e-33 1.968e-01 4.404e-01 1.651e-24 3.413e-01 43.186 8.032e-01 -10.730 -5.117 -5.228 -4.822
0.0152 0.01508 6.50000 110.1007003784 2.6335809723   35.336  6.208  5.2546  5.749    3  0.000  1.920     0.00     0.01     0.01     0.00     0.00  2 -7.49e-05      0.00 1.000e-33 1.959e-01 4.398e-01 1.648e-24 3.427e-01 43.183 8.041e-01 -10.749 -5.106 -5.208 -4.873
0.0152 0.01508 6.50000 110.1576843262 2.6335812123   35.302  6.216  5.2681  5.794    3  0.000  1.908     0.00     0.01     0.01     0.00     0.00  2 -8.06e-05      0.00 1.000e-33 1.949e-01 4.392e-01 1.642e-24 3.443e-01 43.178 8.051e-01 -10.770 -5.197 -5.302 -4.934
0.0152 0.01508 6.50000 110.2156829834 2.6335814563   35.264  6.224  5.2802  5.834    3  0.000  1.893     0.00     0.01     0.01     0.00     0.00  2 -8.75e-05      0.00 1.000e-33 1.936e-01 4.383e-01 1.628e-24 3.464e-01 43.172 8.064e-01 -10.791 -5.265 -5.367 -5.003
0.0152 0.01508 6.50000 110.2734222412 2.6335816989   35.222  6.234  5.2915  5.869    3  0.000  1.875     0.00     0.01     0.01     0.00     0.00  2  -9.5e-05      0.00 1.000e-33 1.921e-01 4.373e-01 1.660e-24 3.489e-01 43.166 8.079e-01 -10.814 -5.313 -5.413 -5.068
0.0152 0.01508 6.50000 110.3271789551 2.6335819245   35.178  6.247  5.3055  5.911    3  0.000  1.857     0.00     0.00     0.01     0.00     0.00  0 -0.000108      0.00 1.000e-33 1.906e-01 4.364e-01 1.698e-24 3.514e-01 43.159 8.094e-01 -10.849 -5.540 -5.644 -5.239
0.0152 0.01508 6.50000 110.3392181396 2.6335819750   35.169  6.261  5.3189  5.951    3  0.000  1.854     0.00     0.00     0.00     0.00     0.00  0 -0.000121      0.00 1.000e-33 1.903e-01 4.362e-01 1.701e-24 3.518e-01 43.157 8.097e-01 -10.881 -5.868 -5.982 -5.471
0.0152 0.01508 6.50000 110.3399505615 2.6335819780   35.171  6.263  5.3215  5.959    3  0.000  1.854     0.00     0.00     0.00     0.00     0.00  0 -0.000123      0.00 1.000e-33 1.903e-01 4.362e-01 1.701e-24 3.518e-01 43.157 8.097e-01 -10.888 -5.925 -6.042 -5.510
# Zini     MH   logAge Mini        int_IMF         Mass   logL    logTe  logg  label   McoreTP C_O  period0  period1  period2  period3  period4  pmode  Mloss  tau1m   X   Y   Xc  Xn  Xo  Cexcess  Z 	 mbolmag  Gmag    G_BPmag  G_RPmag
0.0152 0.01508 6.55000 0.0900000036 1.0816895926    0.090 -1.595  3.4205  3.621    0  0.000  0.545     0.00     0.00     0.00     0.00     0.00 -1 -1.66e-14      0.00 7.092e-01 2.755e-01 2.746e-03 7.408e-04 6.719e-03 -1.000 1.527e-02 8.757 10.746 13.194 9.311
0.0152 0.01508 6.55000 0.0968041271 1.1438416921    0.097 -1.578  3.4220  3.642    0  0.000  0.545     0.00     0.00     0.00     0.00     0.00 -1 -1.63e-14      0.00 7.092e-01 2.755e-01 2.746e-03 7.408e-04 6.719e-03 -1.000 1.527e-02 8.716 10.682 13.109 9.251
0.0152 0.01508 6.55000 0.1042676196 1.2057976158    0.104 -1.551  3.4247  3.658    0  0.000  0.545     0.00     0.00     0.00     0.00     0.00 -1 -1.64e-14      0.00 7.092e-01 2.755e-01 2.746e-03 7.408e-04 6.719e-03 -1.000 1.527e-02 8.648 10.575 12.964 9.153
0.0152 0.01508 6.55000 0.1118409634 1.2630348605    0.112 -1.523  3.4276  3.672    0  0.000  0.545     0.00     0.00     0.00     0.00     0.00 -1 -1.66e-14      0.00 7.092e-01 2.755e-01 2.746e-03 7.408e-04 6.719e-03 -1.000 1.527e-02 8.577 10.463 12.810 9.049
0.0152 0.01508 6.55000 0.1194014251 1.3153576429    0.119 -1.510  3.4289  3.692    0  0.000  0.545     0.00     0.00     0.00     0.00     0.00 -1 -1.62e-14      0.00 7.092e-01 2.755e-01 2.746e-03 7.408e-04 6.719e-03 -1.000 1.527e-02 8.545 10.411 12.741 9.001
0.0152 0.01508 6.55000 0.1210507080 1.3262010767    0.121 -1.505  3.4295  3.695    0  0.000  0.545     0.00     0.00     0.00     0.00     0.00 -1 -1.62e-14      0.00 7.092e-01 2.755e-01 2.746e-03 7.408e-04 6.719e-03 -1.000 1.527e-02 8.531 10.389 12.711 8.981
0.0152 0.01508 6.55000 0.1284966618 1.3728684040    0.128 -1.469  3.4334  3.701    0  0.000  0.545     0.00     0.00     0.00     0.00     0.00 -1  -1.7e-14      0.00 7.092e-01 2.755e-01 2.746e-03 7.408e-04 6.719e-03 -1.000 1.527e-02 8.442 10.250 12.522 8.853
0.0152 0.01508 6.55000 0.1358637661 1.4157043439    0.136 -1.444  3.4361  3.712    0  0.000  0.545     0.00     0.00     0.00     0.00     0.00 -1 -1.73e-14      0.00 7.092e-01 2.755e-01 2.746e-03 7.408e-04 6.719e-03 -1.000 1.527e-02 8.381 10.157 12.397 8.767
0.0152 0.01508 6.55000 0.1432640404 1.4557960633    0.143 -1.422  3.4388  3.722    0  0.000  0.545     0.00     0.00     0.00     0.00     0.00 -1 -1.75e-14      0.00 7.092e-01 2.755e-01 2.746e-03 7.408e-04 6.719e-03 -1.000 1.527e-02 8.324 10.066 12.274 8.684
0.0152 0.01508 6.55000 0.1508599818 1.4942406396    0.151 -1.390  3.4424  3.728    0  0.000  0.545     0.00     0.00     0.00     0.00     0.00 -1 -1.82e-14      0.00 7.092e-01 2.755e-01 2.746e-03 7.408e-04 6.719e-03 -1.000 1.527e-02 8.245 9.945 12.108 8.572
0.0152 0.01508 6.55000 0.1583226025 1.5296352132    0.158 -1.369  3.4447  3.738    0  0.000  0.545     0.00     0.00     0.00     0.00     0.00 -1 -1.85e-14      0.00 7.092e-01 2.755e-01 2.746e-03 7.408e-04 6.719e-03 -1.000 1.527e-02 8.193 9.866 12.002 8.499
0.0152 0.01508 6.55000 0.1694617271 1.5786170667    0.169 -1.326  3.4499  3.745    0  0.000  0.545     0.00     0.00     0.00     0.00     0.00 -1 -1.95e-14      0.00 7.092e-01 2.755e-01 2.746e-03 7.408e-04 6.719e-03 -1.000 1.527e-02 8.085 9.696 11.770 8.344
0.0152 0.01508 6.55000 0.1799534410 1.6210688648    0.180 -1.289  3.4541  3.750    0  0.000  0.545     0.00     0.00     0.00     0.00     0.00 -1 -2.05e-14      0.00 7.092e-01 2.755e-01 2.746e-03 7.408e-04 6.719e-03 -1.000 1.527e-02 7.991 9.555 11.579 8.214
0.0152 0.01508 6.55000 0.1904897243 1.6605803401    0.190 -1.260  3.4572  3.759    0  0.000  0.545     0.00     0.00     0.00     0.00     0.00 -1 -2.11e-14      0.00 7.092e-01 2.755e-01 2.746e-03 7.408e-04 6.719e-03 -1.000 1.527e-02 7.921 9.450 11.438 8.118
0.0152 0.01508 6.55000 0.2116858810 1.7320821989    0.212 -1.208  3.4636  3.778    0  0.000  0.545     0.00     0.00     0.00     0.00     0.00 -1 -2.21e-14      0.00 7.092e-01 2.755e-01 2.746e-03 7.408e-04 6.719e-03 -1.000 1.527e-02 7.789 9.251 11.171 7.936
0.0152 0.01508 6.55000 0.2272825241 1.7790002526    0.227 -1.165  3.4686  3.786    0  0.000  0.545     0.00     0.00     0.00     0.00     0.00 -1 -2.33e-14      0.00 7.092e-01 2.755e-01 2.746e-03 7.408e-04 6.719e-03 -1.000 1.527e-02 7.683 9.097 10.967 7.794
0.0152 0.01508 6.55000 0.2431714237 1.8226787093    0.243 -1.131  3.4726  3.797    0  0.000  0.545     0.00     0.00     0.00     0.00     0.00 -1 -2.41e-14      0.00 7.092e-01 2.755e-01 2.746e-03 7.408e-04 6.719e-03 -1.000 1.527e-02 7.598 8.975 10.807 7.682
0.0152 0.01508 6.55000 0.2650492489 1.8770959165    0.265 -1.081  3.4790  3.810    0  0.000  0.545     0.00     0.00     0.00     0.00     0.00 -1 -2.55e-14      0.00 7.092e-01 2.755e-01 2.746e-03 7.408e-04 6.719e-03 -1.000 1.527e-02 7.473 8.792 10.563 7.516
0.0152 0.01508 6.55000 0.2883782983 1.9290358809    0.288 -1.031  3.4855  3.823    0  0.000  0.545     0.00     0.00     0.00     0.00     0.00 -1  -2.7e-14      0.00 7.092e-01 2.755e-01 2.746e-03 7.408e-04 6.719e-03 -1.000 1.527e-02 7.347 8.609 10.318 7.351
0.0152 0.01508 6.55000 0.3000000119 1.9529139769    0.300 -1.008  3.4885  3.829    0  0.000  0.545     0.00     0.00     0.00     0.00     0.00 -1 -2.77e-14      0.00 7.092e-01 2.755e-01 2.746e-03 7.408e-04 6.719e-03 -1.000 1.527e-02 7.289 8.525 10.205 7.275
0.0152 0.01508 6.55000 0.3183357120 1.9882400172    0.318 -0.971  3.4935  3.838    0  0.000  0.545     0.00     0.00     0.00     0.00     0.00 -1  -2.9e-14      0.00 7.092e-01 2.755e-01 2.746e-03 7.408e-04 6.719e-03 -1.000 1.527e-02 7.197 8.394 10.033 7.157
0.0152 0.01508 6.55000 0.3500000238 2.0434175133    0.350 -0.913  3.5012  3.852    0  0.000  0.545     0.00     0.00     0.00     0.00     0.00 -1 -3.11e-14      0.00 7.092e-01 2.755e-01 2.746e-03 7.408e-04 6.719e-03 -1.000 1.527e-02 7.054 8.195 9.776 6.975
0.0152 0.01508 6.55000 0.3904673755 2.1051612731    0.390 -0.843  3.5112  3.870    0  0.000  0.545     0.00     0.00     0.00     0.00     0.00 -1 -3.39e-14      0.00 7.092e-01 2.755e-01 2.746e-03 7.408e-04 6.719e-03 -1.000 1.527e-02 6.878 7.950 9.455 6.754
0.0152 0.01508 6.55000 0.4000000358 2.1185024810    0.400 -0.828  3.5134  3.873    0  0.000  0.545     0.00     0.00     0.00     0.00     0.00 -1 -3.46e-14      0.00 7.092e-01 2.755e-01 2.746e-03 7.408e-04 6.719e-03 -1.000 1.527e-02 6.839 7.895 9.384 6.705
0.0152 0.01508 6.55000 0.4554117024 2.1886289663    0.455 -0.740  3.5269  3.896    0  0.000  0.545     0.00     0.00     0.00     0.00     0.00 -1 -3.86e-14      0.00 7.092e-01 2.755e-01 2.746e-03 7.408e-04 6.719e-03 -1.000 1.527e-02 6.620 7.581 8.966 6.427
0.0152 0.01508 6.55000 0.4918481708 2.2289605750    0.492 -0.687  3.5353  3.910    0  0.000  0.545     0.00     0.00     0.00     0.00     0.00 -1 -4.13e-14      0.00 7.092e-01 2.755e-01 2.746e-03 7.408e-04 6.719e-03 -1.000 1.527e-02 6.488 7.390 8.712 6.260
0.0152 0.01508 6.55000 0.5000000000 2.2374541529    0.500 -0.676  3.5372  3.913    0  0.000  0.545     0.00     0.00     0.00     0.00     0.00 -1 -4.19e-14      0.00 7.092e-01 2.755e-01 2.746e-03 7.408e-04 6.719e-03 -1.000 1.527e-02 6.459 7.348 8.656 6.223
0.0152 0.01508 6.55000 0.5043413639 2.2418852173    0.504 -0.669  3.5383  3.915    0  0.000  0.545     0.00     0.00     0.00     0.00     0.00 -1 -4.22e-14      0.00 7.092e-01 2.755e-01 2.746e-03 7.408e-04 6.719e-03 -1.000 1.527e-02 6.443 7.324 8.624 6.203
0.0152 0.01508 6.55000 0.5251756907 2.2619829033    0.525 -0.639  3.5437  3.923    0  0.000  0.545     0.00     0.00     0.00     0.00     0.00 -1  -4.4e-14      0.00 7.092e-01 2.755e-01 2.746e-03 7.408e-04 6.719e-03 -1.000 1.527e-02 6.366 7.211 8.471 6.105
0.0152 0.01508 6.55000 0.5475713611 2.2816372410    0.547 -0.610  3.5483  3.932    0  0.000  0.545     0.00     0.00     0.00     0.00     0.00 -1 -4.56e-14      0.00 7.092e-01 2.755e-01 2.746e-03 7.408e-04 6.719e-03 -1.000 1.527e-02 6.295 7.108 8.333 6.016
0.0152 0.01508 6.55000 0.5500000119 2.2836582633    0.550 -0.608  3.5487  3.933    0  0.000  0.545     0.00     0.00     0.00     0.00     0.00 -1 -4.57e-14      0.00 7.092e-01 2.755e-01 2.746e-03 7.408e-04 6.719e-03 -1.000 1.527e-02 6.289 7.099 8.321 6.008
0.0152 0.01508 6.55000 0.5513802767 2.2847977419    0.551 -0.606  3.5491  3.933    0  0.000  0.545     0.00     0.00     0.00     0.00     0.00 -1 -4.58e-14      0.00 7.092e-01 2.755e-01 2.746e-03 7.408e-04 6.719e-03 -1.000 1.527e-02 6.285 7.092 8.311 6.002
0.0152 0.01508 6.55000 0.5762143731 2.3042317196    0.576 -0.570  3.5555  3.942    0  0.000  0.545     0.00     0.00     0.00     0.00     0.00 -1 -4.81e-14      0.00 7.092e-01 2.755e-01 2.746e-03 7.408e-04 6.719e-03 -1.000 1.527e-02 6.195 6.958 8.131 5.889
0.0152 0.01508 6.55000 0.6000000238 2.3211213258    0.600 -0.540  3.5608  3.951    0  0.000  0.545     0.00     0.00     0.00     0.00     0.00 -1 -5.01e-14      0.00 7.092e-01 2.755e-01 2.746e-03 7.408e-04 6.719e-03 -1.000 1.527e-02 6.119 6.845 7.979 5.792
0.0152 0.01508 6.55000 0.6172192097 2.3324185830    0.617 -0.517  3.5650  3.958    0  0.000  0.545     0.00     0.00     0.00     0.00     0.00 -1 -5.16e-14      0.00 7.092e-01 2.755e-01 2.746e-03 7.408e-04 6.719e-03 -1.000 1.527e-02 6.063 6.760 7.864 5.721
0.0152 0.01508 6.55000 0.6440509558 2.3486455611    0.644 -0.484  3.5712  3.967    0  0.000  0.545     0.00     0.00     0.00     0.00     0.00 -1  -5.4e-14      0.00 7.092e-01 2.755e-01 2.746e-03 7.408e-04 6.719e-03 -1.000 1.527e-02 5.979 6.632 7.692 5.614
0.0152 0.01508 6.55000 0.6499999762 2.3520353107    0.650 -0.476  3.5725  3.969    0  0.000  0.545     0.00     0.00     0.00     0.00     0.00 -1 -5.45e-14      0.00 7.092e-01 2.755e-01 2.746e-03 7.408e-04 6.719e-03 -1.000 1.527e-02 5.960 6.604 7.654 5.591
0.0152 0.01508 6.55000 0.6680047512 2.3618727013    0.668 -0.453  3.5768  3.975    0  0.000  0.545     0.00     0.00     0.00     0.00     0.00 -1 -5.64e-14      0.00 7.092e-01 2.755e-01 2.746e-03 7.408e-04 6.719e-03 -1.000 1.527e-02 5.902 6.515 7.536 5.517
0.0152 0.01508 6.55000 0.6962409019 2.3761283394    0.696 -0.418  3.5832  3.983    0  0.000  0.545     0.00     0.00     0.00     0.00     0.00 -1 -5.93e-14      0.00 7.092e-01 2.755e-01 2.746e-03 7.408e-04 6.719e-03 -1.000 1.527e-02 5.814 6.383 7.362 5.407
0.0152 0.01508 6.55000 0.7000000477 2.3779267258    0.700 -0.413  3.5840  3.984    0  0.000  0.545     0.00     0.00     0.00     0.00     0.00 -1 -5.97e-14      0.00 7.092e-01 2.755e-01 2.746e-03 7.408e-04 6.719e-03 -1.000 1.527e-02 5.802 6.366 7.340 5.393
0.0152 0.01508 6.55000 0.7414137721 2.3963591616    0.741 -0.309  3.6164  4.035    0  0.000  0.539     0.00     0.00     0.00     0.00     0.00 -1 -6.96e-14      0.00 7.092e-01 2.755e-01 2.716e-03 7.400e-04 6.720e-03 -1.000 1.527e-02 5.543 5.893 6.680 5.027
0.0152 0.01508 6.55000 0.7500000000 2.3998889087    0.750 -0.286  3.6233  4.044    0  0.000  0.538     0.00     0.00     0.00     0.00     0.00 -1 -7.23e-14      0.00 7.092e-01 2.755e-01 2.710e-03 7.399e-04 6.720e-03 -1.000 1.527e-02 5.485 5.795 6.549 4.950
0.0152 0.01508 6.55000 0.7688899636 2.4073363021    0.769 -0.270  3.6255  4.047    0  0.000  0.538     0.00     0.00     0.00     0.00     0.00 -1 -7.39e-14      0.00 7.092e-01 2.755e-01 2.710e-03 7.399e-04 6.720e-03 -1.000 1.527e-02 5.444 5.742 6.486 4.903
0.0152 0.01508 6.55000 0.8000000119 2.4187244405    0.800 -0.241  3.6291  4.050    0  0.000  0.538     0.00     0.00     0.00     0.00     0.00 -1 -7.72e-14      0.00 7.092e-01 2.755e-01 2.710e-03 7.399e-04 6.720e-03 -1.000 1.527e-02 5.372 5.649 6.376 4.821
0.0152 0.01508 6.55000 0.8207008839 2.4257545223    0.820 -0.224  3.6314  4.054    0  0.000  0.538     0.00     0.00     0.00     0.00     0.00 -1 -7.89e-14      0.00 7.092e-01 2.755e-01 2.710e-03 7.399e-04 6.720e-03 -1.000 1.527e-02 5.330 5.595 6.311 4.773
0.0152 0.01508 6.55000 0.8500000238 2.4350346840    0.850 -0.198  3.6346  4.056    0  0.000  0.538     0.00     0.00     0.00     0.00     0.00 -1 -8.21e-14      0.00 7.092e-01 2.755e-01 2.710e-03 7.399e-04 6.720e-03 -1.000 1.527e-02 5.266 5.513 6.215 4.701
0.0152 0.01508 6.55000 0.8722918630 2.4416171878    0.872 -0.180  3.6370  4.058    0  0.000  0.538     0.00     0.00     0.00     0.00     0.00 -1 -8.42e-14      0.00 7.092e-01 2.755e-01 2.710e-03 7.399e-04 6.720e-03 -1.000 1.527e-02 5.220 5.455 6.146 4.650
0.0152 0.01508 6.55000 0.9000000358 2.4492786175    0.899 -0.157  3.6399  4.060    0  0.000  0.538     0.00     0.00     0.00     0.00     0.00 -1 -8.72e-14      0.00 7.092e-01 2.755e-01 2.710e-03 7.399e-04 6.720e-03 -1.000 1.527e-02 5.162 5.380 6.059 4.584
0.0152 0.01508 6.55000 0.9047615528 2.4505409747    0.904 -0.153  3.6404  4.061    0  0.000  0.538     0.00     0.00     0.00     0.00     0.00 -1 -8.77e-14      0.00 7.092e-01 2.755e-01 2.710e-03 7.399e-04 6.720e-03 -1.000 1.527e-02 5.153 5.369 6.045 4.574
0.0152 0.01508 6.55000 0.9500000477 2.4618122009    0.950 -0.118  3.6450  4.066    0  0.000  0.538     0.00     0.00     0.00     0.00     0.00 -1 -9.24e-14      0.00 7.092e-01 2.755e-01 2.710e-03 7.399e-04 6.720e-03 -1.000 1.527e-02 5.065 5.257 5.914 4.475
0.0152 0.01508 6.55000 1.0000000000 2.4729154477    1.000 -0.077  3.6502  4.068    0  0.000  0.538     0.00     0.00     0.00     0.00     0.00 -1 -9.86e-14      0.00 7.092e-01 2.755e-01 2.710e-03 7.399e-04 6.720e-03 -1.000 1.527e-02 4.963 5.128 5.764 4.362
0.0152 0.01508 6.55000 1.0499999523 2.4828114860    1.050 -0.039  3.6552  4.071    0  0.000  0.538     0.00     0.00     0.00     0.00     0.00 -1 -9.72e-14      0.00 7.092e-01 2.755e-01 2.710e-03 7.399e-04 6.720e-03 -1.000 1.527e-02 4.867 5.009 5.625 4.257
0.0152 0.01508 6.55000 1.0629622936 2.4852028839    1.062 -0.029  3.6565  4.071    0  0.000  0.538     0.00     0.00     0.00     0.00     0.00 -1 -9.67e-14      0.00 7.092e-01 2.755e-01 2.710e-03 7.399e-04 6.720e-03 -1.000 1.527e-02 4.842 4.979 5.589 4.230
0.0152 0.01508 6.55000 1.1000000238 2.4916801480    1.099  0.000  3.6603  4.072    0  0.000  0.538     0.00     0.00     0.00     0.00     0.00 -1 -9.58e-14      0.00 7.092e-01 2.755e-01 2.710e-03 7.399e-04 6.720e-03 -1.000 1.527e-02 4.769 4.888 5.484 4.150
0.0152 0.01508 6.55000 1.1067382097 2.4928050636    1.106  0.005  3.6609  4.072    0  0.000  0.538     0.00     0.00     0.00     0.00     0.00 -1 -9.54e-14      0.00 7.092e-01 2.755e-01 2.710e-03 7.399e-04 6.720e-03 -1.000 1.527e-02 4.757 4.873 5.467 4.137
0.0152 0.01508 6.55000 1.1499999762 2.4996678137    1.149  0.038  3.6652  4.073    0  0.000  0.538     0.00     0.00     0.00     0.00     0.00 -1 -9.37e-14      0.00 7.092e-01 2.755e-01 2.710e-03 7.399e-04 6.720e-03 -1.000 1.527e-02 4.674 4.773 5.352 4.048
0.0152 0.01508 6.55000 1.1581753492 2.5008986349    1.158  0.044  3.6660  4.073    0  0.000  0.538     0.00     0.00     0.00     0.00     0.00 -1  -9.3e-14      0.00 7.092e-01 2.755e-01 2.710e-03 7.399e-04 6.720e-03 -1.000 1.527e-02 4.660 4.756 5.332 4.033
0.0152 0.01508 6.55000 1.2000000477 2.5068948796    1.200  0.075  3.6700  4.074    0  0.000  0.538     0.00     0.00     0.00     0.00     0.00 -1 -9.06e-14      0.00 7.092e-01 2.755e-01 2.710e-03 7.399e-04 6.720e-03 -1.000 1.527e-02 4.582 4.661 5.223 3.949
0.0152 0.01508 6.55000 1.2500000000 2.5134610955    1.250  0.112  3.6748  4.074    0  0.000  0.538     0.00     0.00     0.00     0.00     0.00 -1  -8.7e-14      0.00 7.092e-01 2.755e-01 2.710e-03 7.399e-04 6.720e-03 -1.000 1.527e-02 4.490 4.552 5.099 3.852
0.0152 0.01508 6.55000 1.2845321894 2.5176544334    1.284  0.138  3.6781  4.072    0  0.000  0.538     0.00     0.00     0.00     0.00     0.00 -1 -8.42e-14      0.00 7.092e-01 2.755e-01 2.710e-03 7.399e-04 6.720e-03 -1.000 1.527e-02 4.424 4.474 5.010 3.783
0.0152 0.01508 6.55000 1.2999999523 2.5194498592    1.300  0.151  3.6796  4.071    0  0.000  0.538     0.00     0.00     0.00     0.00     0.00 -1 -8.33e-14      0.00 7.092e-01 2.755e-01 2.710e-03 7.399e-04 6.720e-03 -1.000 1.527e-02 4.391 4.436 4.967 3.749
0.0152 0.01508 6.55000 1.3500001431 2.5249313723    1.350  0.185  3.6841  4.072    0  0.000  0.538     0.00     0.00     0.00     0.00     0.00 -1 -7.73e-14      0.00 7.092e-01 2.755e-01 2.710e-03 7.399e-04 6.720e-03 -1.000 1.527e-02 4.307 4.337 4.855 3.661
0.0152 0.01508 6.55000 1.3673585653 2.5267269051    1.368  0.198  3.6857  4.071    0  0.000  0.538     0.00     0.00     0.00     0.00     0.00 -1  -7.5e-14      0.00 7.092e-01 2.755e-01 2.710e-03 7.399e-04 6.720e-03 -1.000 1.527e-02 4.275 4.300 4.812 3.628
0.0152 0.01508 6.55000 1.4000000954 2.5299650415    1.400  0.223  3.6887  4.068    0  0.000  0.538     0.00     0.00     0.00     0.00     0.00 -1 -7.11e-14      0.00 7.092e-01 2.755e-01 2.710e-03 7.399e-04 6.720e-03 -1.000 1.527e-02 4.213 4.228 4.732 3.564
0.0152 0.01508 6.55000 1.4056880474 2.5305116373    1.406  0.226  3.6892  4.068    0  0.000  0.538     0.00     0.00     0.00     0.00     0.00 -1 -7.01e-14      0.00 7.092e-01 2.755e-01 2.710e-03 7.399e-04 6.720e-03 -1.000 1.527e-02 4.204 4.217 4.720 3.554
0.0152 0.01508 6.55000 1.4500000477 2.5346015836    1.450  0.263  3.6935  4.063    0  0.000  0.538     0.00     0.00     0.00     0.00     0.00 -1 -6.42e-14      0.00 7.092e-01 2.755e-01 2.710e-03 7.399e-04 6.720e-03 -1.000 1.527e-02 4.113 4.114 4.604 3.462
0.0152 0.01508 6.55000 1.5000000000 2.5388844597    1.500  0.300  3.6981  4.059    0  0.000  0.538     0.00     0.00     0.00     0.00     0.00 -1 -5.53e-14      0.00 7.092e-01 2.755e-01 2.710e-03 7.399e-04 6.720e-03 -1.000 1.527e-02 4.020 4.008 4.485 3.367
0.0152 0.01508 6.55000 1.5499999523 2.5428511323    1.550  0.334  3.7024  4.056    0  0.000  0.538     0.00     0.00     0.00     0.00     0.00 -1 -4.43e-14      0.00 7.092e-01 2.755e-01 2.710e-03 7.399e-04 6.720e-03 -1.000 1.527e-02 3.934 3.911 4.376 3.280
0.0152 0.01508 6.55000 1.6000000238 2.5465340628    1.600  0.374  3.7071  4.048    0  0.000  0.538     0.00     0.00     0.00     0.00     0.00 -1 -3.21e-14      0.00 7.092e-01 2.755e-01 2.710e-03 7.399e-04 6.720e-03 -1.000 1.527e-02 3.834 3.799 4.253 3.180
0.0152 0.01508 6.55000 1.6238180399 2.5481970239    1.623  0.390  3.7091  4.047    0  0.000  0.538     0.00     0.00     0.00     0.00     0.00 -1 -2.37e-14      0.00 7.092e-01 2.755e-01 2.710e-03 7.399e-04 6.720e-03 -1.000 1.527e-02 3.795 3.756 4.204 3.141
0.0152 0.01508 6.55000 1.6500000954 2.5499614852    1.649  0.409  3.7115  4.044    0  0.000  0.538     0.00     0.00     0.00     0.00     0.00 -1 -1.72e-14      0.00 7.092e-01 2.755e-01 2.710e-03 7.399e-04 6.720e-03 -1.000 1.527e-02 3.747 3.702 4.144 3.092
0.0152 0.01508 6.55000 1.6822975874 2.5520513030    1.682  0.435  3.7145  4.039    0  0.000  0.538     0.00     0.00     0.00     0.00     0.00 -1  -4.9e-25      0.00 7.092e-01 2.755e-01 2.710e-03 7.399e-04 6.720e-03 -1.000 1.527e-02 3.682 3.631 4.066 3.028
0.0152 0.01508 6.55000 1.7000000477 2.5531580802    1.699  0.451  3.7163  4.034    0  0.000  0.538     0.00     0.00     0.00     0.00     0.00 -1    -1e-30      0.00 7.092e-01 2.755e-01 2.710e-03 7.399e-04 6.720e-03 -1.000 1.527e-02 3.642 3.586 4.018 2.987
0.0152 0.01508 6.55000 1.7500000000 2.5561455243    1.749  0.494  3.7210  4.023    0  0.000  0.538     0.00     0.00     0.00     0.00     0.00 -1    -1e-30      0.00 7.092e-01 2.755e-01 2.710e-03 7.399e-04 6.720e-03 -1.000 1.527e-02 3.536 3.471 3.891 2.882
0.0152 0.01508 6.55000 1.7583909035 2.5566277633    1.757  0.500  3.7218  4.022    0  0.000  0.538     0.00     0.00     0.00     0.00     0.00 -1    -1e-30      0.00 7.092e-01 2.755e-01 2.710e-03 7.399e-04 6.720e-03 -1.000 1.527e-02 3.519 3.452 3.870 2.865
0.0152 0.01508 6.55000 1.7999999523 2.5589429085    1.799  0.539  3.7260  4.010    0  0.000  0.538     0.00     0.00     0.00     0.00     0.00 -1    -1e-30      0.00 7.092e-01 2.755e-01 2.710e-03 7.399e-04 6.720e-03 -1.000 1.527e-02 3.422 3.348 3.756 2.770
0.0152 0.01508 6.55000 1.8500000238 2.5615671203    1.849  0.588  3.7311  3.993    0  0.000  0.538     0.00     0.00     0.00     0.00     0.00 -1    -1e-30      0.00 7.092e-01 2.755e-01 2.710e-03 7.399e-04 6.720e-03 -1.000 1.527e-02 3.300 3.217 3.613 2.651
0.0152 0.01508 6.55000 1.9000000954 2.5640331317    1.899  0.639  3.7363  3.975    0  0.000  0.538     0.00     0.00     0.00     0.00     0.00 -1    -1e-30      0.00 7.092e-01 2.755e-01 2.710e-03 7.399e-04 6.720e-03 -1.000 1.527e-02 3.173 3.081 3.466 2.526
0.0152 0.01508 6.55000 1.9061088562 2.5643242346    1.905  0.645  3.7369  3.973    0  0.000  0.538     0.00     0.00     0.00     0.00     0.00 -1    -1e-30      0.00 7.092e-01 2.755e-01 2.710e-03 7.399e-04 6.720e-03 -1.000 1.527e-02 3.157 3.064 3.448 2.511
0.0152 0.01508 6.55000 1.9500001669 2.5663542767    1.950  0.695  3.7418  3.952    0  0.000  0.538     0.00     0.00     0.00     0.00     0.00 -1    -1e-30      0.00 7.092e-01 2.755e-01 2.710e-03 7.399e-04 6.720e-03 -1.000 1.527e-02 3.032 2.933 3.306 2.390
0.0152 0.01508 6.55000 1.9504550695 2.5663747672    1.950  0.696  3.7419  3.952    0  0.000  0.538     0.00     0.00     0.00     0.00     0.00 -1    -1e-30      0.00 7.092e-01 2.755e-01 2.710e-03 7.399e-04 6.720e-03 -1.000 1.527e-02 3.031 2.931 3.304 2.389
0.0152 0.01508 6.55000 2.0000000000 2.5685424513    2.000  0.761  3.7478  3.922    0  0.000  0.538     0.00     0.00     0.00     0.00     0.00 -1    -1e-30      0.00 7.092e-01 2.755e-01 2.710e-03 7.399e-04 6.720e-03 -1.000 1.527e-02 2.868 2.762 3.122 2.232
0.0152 0.01508 6.55000 2.0411899090 2.5702527633    2.041  0.823  3.7533  3.890    0  0.000  0.538     0.00     0.00     0.00     0.00     0.00 -1    -1e-30      0.00 7.092e-01 2.755e-01 2.710e-03 7.399e-04 6.720e-03 -1.000 1.527e-02 2.713 2.601 2.949 2.083
0.0152 0.01508 6.55000 2.0499999523 2.5706083333    2.050  0.838  3.7545  3.882    0  0.000  0.538     0.00     0.00     0.00     0.00     0.00 -1    -1e-30      0.00 7.092e-01 2.755e-01 2.710e-03 7.399e-04 6.720e-03 -1.000 1.527e-02 2.676 2.563 2.908 2.048
0.0152 0.01508 6.55000 2.0742959976 2.5715709398    2.074  0.879  3.7581  3.860    0  0.000  0.538     0.00     0.00     0.00     0.00     0.00 -1    -1e-30      0.00 7.092e-01 2.755e-01 2.710e-03 7.399e-04 6.720e-03 -1.000 1.527e-02 2.571 2.455 2.792 1.949
0.0152 0.01508 6.55000 2.0999999046 2.5725614918    2.099  0.929  3.7622  3.832    0  0.000  0.538     0.00     0.00     0.00     0.00     0.00 -1    -1e-30      0.00 7.092e-01 2.755e-01 2.710e-03 7.399e-04 6.720e-03 -1.000 1.527e-02 2.448 2.328 2.656 1.832
0.0152 0.01508 6.55000 2.1037669182 2.5727043245    2.103  0.936  3.7628  3.828    0  0.000  0.538     0.00     0.00     0.00     0.00     0.00 -1    -1e-30      0.00 7.092e-01 2.755e-01 2.710e-03 7.399e-04 6.720e-03 -1.000 1.527e-02 2.430 2.309 2.636 1.815
0.0152 0.01508 6.55000 2.1321291924 2.5737611182    2.131  0.995  3.7678  3.795    0  0.000  0.538     0.00     0.00     0.00     0.00     0.00 -1    -1e-30      0.00 7.092e-01 2.755e-01 2.710e-03 7.399e-04 6.720e-03 -1.000 1.527e-02 2.282 2.158 2.474 1.675
0.0152 0.01508 6.55000 2.1500000954 2.5744105556    2.149  1.033  3.7711  3.774    0  0.000  0.538     0.00     0.00     0.00     0.00     0.00 -1    -1e-30      0.00 7.092e-01 2.755e-01 2.710e-03 7.399e-04 6.720e-03 -1.000 1.527e-02 2.187 2.061 2.369 1.586
0.0152 0.01508 6.55000 2.1622722149 2.5748493879    2.161  1.059  3.7735  3.759    0  0.000  0.538     0.00     0.00     0.00     0.00     0.00 -1    -1e-30      0.00 7.092e-01 2.755e-01 2.710e-03 7.399e-04 6.720e-03 -1.000 1.527e-02 2.122 1.994 2.297 1.525
0.0152 0.01508 6.55000 2.1905677319 2.5758396778    2.189  1.119  3.7792  3.728    0  0.000  0.538     0.00     0.00     0.00     0.00     0.00 -1    -1e-30      0.00 7.092e-01 2.755e-01 2.710e-03 7.399e-04 6.720e-03 -1.000 1.527e-02 1.973 1.842 2.132 1.387
0.0152 0.01508 6.55000 2.2000000477 2.5761632879    2.199  1.138  3.7812  3.719    0  0.000  0.538     0.00     0.00     0.00     0.00     0.00 -1    -1e-30      0.00 7.092e-01 2.755e-01 2.710e-03 7.399e-04 6.720e-03 -1.000 1.527e-02 1.924 1.792 2.078 1.342
0.0152 0.01508 6.55000 2.2153313160 2.5766825276    2.214  1.170  3.7845  3.703    0  0.000  0.538     0.00     0.00     0.00     0.00     0.00 -1    -1e-30      0.00 7.092e-01 2.755e-01 2.710e-03 7.399e-04 6.720e-03 -1.000 1.527e-02 1.845 1.711 1.990 1.270
0.0152 0.01508 6.55000 2.2468450069 2.5777242882    2.245  1.235  3.7920  3.674    0  0.000  0.538     0.00     0.00     0.00     0.00     0.00 -1    -1e-30      0.00 7.092e-01 2.755e-01 2.710e-03 7.399e-04 6.720e-03 -1.000 1.527e-02 1.682 1.546 1.810 1.123
0.0152 0.01508 6.55000 2.2500000000 2.5778267375    2.249  1.242  3.7928  3.671    0  0.000  0.538     0.00     0.00     0.00     0.00     0.00 -1    -1e-30      0.00 7.092e-01 2.755e-01 2.710e-03 7.399e-04 6.720e-03 -1.000 1.527e-02 1.666 1.530 1.791 1.109
0.0152 0.01508 6.55000 2.2500782013 2.5778292727    2.249  1.242  3.7928  3.671    0  0.000  0.538     0.00     0.00     0.00     0.00     0.00 -1    -1e-30      0.00 7.092e-01 2.755e-01 2.710e-03 7.399e-04 6.720e-03 -1.000 1.527e-02 1.665 1.529 1.791 1.109
0.0152 0.01508 6.55000 2.2779476643 2.5787200265    2.276  1.300  3.8008  3.651    0  0.000  0.538     0.00     0.00     0.00     0.00     0.00 -1    -1e-30      0.00 7.092e-01 2.755e-01 2.710e-03 7.399e-04 6.720e-03 -1.000 1.527e-02 1.520 1.383 1.628 0.982
0.0152 0.01508 6.55000 2.2999999523 2.5794072884    2.299  1.346  3.8082  3.638    0  0.000  0.538     0.00     0.00     0.00     0.00     0.00 -1    -1e-30      0.00 7.092e-01 2.755e-01 2.710e-03 7.399e-04 6.720e-03 -1.000 1.527e-02 1.405 1.266 1.496 0.885
0.0152 0.01508 6.55000 2.3184740543 2.5799714770    2.317  1.386  3.8161  3.634    0  0.000  0.538     0.00     0.00     0.00     0.00     0.00 -1    -1e-30      0.00 7.092e-01 2.755e-01 2.710e-03 7.399e-04 6.720e-03 -1.000 1.527e-02 1.306 1.167 1.382 0.806
0.0152 0.01508 6.55000 2.3380844593 2.5805591630    2.337  1.428  3.8268  3.638    0  0.000  0.538     0.00     0.00     0.00     0.00     0.00 -1    -1e-30      0.00 7.092e-01 2.755e-01 2.710e-03 7.399e-04 6.720e-03 -1.000 1.527e-02 1.200 1.060 1.256 0.725
0.0152 0.01508 6.55000 2.3545165062 2.5810429407    2.353  1.464  3.8380  3.650    0  0.000  0.538     0.00     0.00     0.00     0.00     0.00 -1    -1e-30      0.00 7.092e-01 2.755e-01 2.710e-03 7.399e-04 6.720e-03 -1.000 1.527e-02 1.110 0.972 1.148 0.664
0.0152 0.01508 6.55000 2.3686473370 2.5814528006    2.367  1.495  3.8489  3.665    0  0.000  0.538     0.00     0.00     0.00     0.00     0.00 -1    -1e-30      0.00 7.092e-01 2.755e-01 2.710e-03 7.399e-04 6.720e-03 -1.000 1.527e-02 1.032 0.896 1.055 0.616
0.0152 0.01508 6.55000 2.3815593719 2.5818224233    2.380  1.524  3.8594  3.681    0  0.000  0.538     0.00     0.00     0.00     0.00     0.00 -1    -1e-30      0.00 7.092e-01 2.755e-01 2.710e-03 7.399e-04 6.720e-03 -1.000 1.527e-02 0.961 0.828 0.970 0.574
0.0152 0.01508 6.55000 2.3939185143 2.5821719272    2.393  1.551  3.8698  3.697    0  0.000  0.538     0.00     0.00     0.00     0.00     0.00 -1    -1e-30      0.00 7.092e-01 2.755e-01 2.709e-03 7.399e-04 6.720e-03 -1.000 1.527e-02 0.893 0.765 0.890 0.538
0.0152 0.01508 6.55000 2.4000000954 2.5823423892    2.399  1.564  3.8750  3.706    0  0.000  0.538     0.00     0.00     0.00     0.00     0.00 -1    -1e-30      0.00 7.092e-01 2.755e-01 2.709e-03 7.399e-04 6.720e-03 -1.000 1.527e-02 0.859 0.735 0.852 0.521
0.0152 0.01508 6.55000 2.4011774063 2.5823752736    2.400  1.567  3.8761  3.708    0  0.000  0.538     0.00     0.00     0.00     0.00     0.00 -1    -1e-30      0.00 7.092e-01 2.755e-01 2.709e-03 7.399e-04 6.720e-03 -1.000 1.527e-02 0.852 0.729 0.844 0.518
0.0152 0.01508 6.55000 2.4149184227 2.5827563599    2.414  1.599  3.8888  3.730    0  0.000  0.538     0.00     0.00     0.00     0.00     0.00 -1    -1e-30      0.00 7.092e-01 2.755e-01 2.709e-03 7.399e-04 6.720e-03 -1.000 1.527e-02 0.774 0.660 0.755 0.483
0.0152 0.01508 6.55000 2.4283688068 2.5831245865    2.428  1.629  3.9016  3.753    0  0.000  0.538     0.00     0.00     0.00     0.00     0.00 -1    -1e-30      0.00 7.092e-01 2.755e-01 2.709e-03 7.399e-04 6.720e-03 -1.000 1.527e-02 0.697 0.598 0.674 0.454
0.0152 0.01508 6.55000 2.4415740967 2.5834815681    2.441  1.659  3.9144  3.776    0  0.000  0.538     0.00     0.00     0.00     0.00     0.00 -1    -1e-30      0.00 7.092e-01 2.755e-01 2.709e-03 7.399e-04 6.720e-03 -1.000 1.527e-02 0.623 0.543 0.602 0.432
0.0152 0.01508 6.55000 2.4545807838 2.5838288662    2.454  1.688  3.9273  3.801    0  0.000  0.538     0.00     0.00     0.00     0.00     0.00 -1    -1e-30      0.00 7.092e-01 2.755e-01 2.709e-03 7.399e-04 6.720e-03 -1.000 1.527e-02 0.551 0.497 0.539 0.414
0.0152 0.01508 6.55000 2.4674477577 2.5841682940    2.467  1.715  3.9401  3.827    0  0.000  0.538     0.00     0.00     0.00     0.00     0.00 -1    -1e-30      0.00 7.092e-01 2.755e-01 2.709e-03 7.399e-04 6.720e-03 -1.000 1.527e-02 0.482 0.459 0.489 0.403
0.0152 0.01508 6.55000 2.4802513123 2.5845020319    2.480  1.742  3.9531  3.855    0  0.000  0.538     0.00     0.00     0.00     0.00     0.00 -1    -1e-30      0.00 7.092e-01 2.755e-01 2.710e-03 7.399e-04 6.720e-03 -1.000 1.527e-02 0.416 0.434 0.452 0.399
0.0152 0.01508 6.55000 2.4930946827 2.5848328501    2.493  1.767  3.9660  3.884    0  0.000  0.538     0.00     0.00     0.00     0.00     0.00 -1    -1e-30      0.00 7.092e-01 2.755e-01 2.710e-03 7.399e-04 6.720e-03 -1.000 1.527e-02 0.353 0.419 0.427 0.403
0.0152 0.01508 6.55000 2.5061507225 2.5851651527    2.506  1.790  3.9789  3.915    0  0.000  0.538     0.00     0.00     0.00     0.00     0.00 -1    -1e-30      0.00 7.092e-01 2.755e-01 2.710e-03 7.399e-04 6.720e-03 -1.000 1.527e-02 0.295 0.413 0.413 0.414
0.0152 0.01508 6.55000 2.5197780132 2.5855077743    2.519  1.810  3.9917  3.948    0  0.000  0.538     0.00     0.00     0.00     0.00     0.00 -1    -1e-30      0.00 7.092e-01 2.755e-01 2.710e-03 7.399e-04 6.720e-03 -1.000 1.527e-02 0.245 0.419 0.410 0.434
0.0152 0.01508 6.55000 2.5350222588 2.5858860343    2.535  1.828  4.0050  3.986    0  0.000  0.538     0.00     0.00     0.00     0.00     0.00 -1    -1e-30      0.00 7.092e-01 2.755e-01 2.710e-03 7.399e-04 6.720e-03 -1.000 1.527e-02 0.201 0.436 0.421 0.464
0.0152 0.01508 6.55000 2.5435066223 2.5860943022    2.543  1.828  4.0101  4.008    0  0.000  0.538     0.00     0.00     0.00     0.00     0.00 -1    -1e-30      0.00 7.092e-01 2.755e-01 2.710e-03 7.399e-04 6.720e-03 -1.000 1.527e-02 0.200 0.459 0.442 0.492
0.0152 0.01508 6.55000 2.5665996075 2.5866531599    2.566  1.809  4.0187  4.065    0  0.000  0.538     0.00     0.00     0.00     0.00     0.00 -1    -1e-30      0.00 7.092e-01 2.755e-01 2.710e-03 7.399e-04 6.720e-03 -1.000 1.527e-02 0.248 0.548 0.527 0.587
0.0152 0.01508 6.55000 2.5811784267 2.5870000564    2.581  1.783  4.0199  4.099    0  0.000  0.538     0.00     0.00     0.00     0.00     0.00 -1    -1e-30      0.00 7.092e-01 2.755e-01 2.710e-03 7.399e-04 6.720e-03 -1.000 1.527e-02 0.313 0.620 0.598 0.660
0.0152 0.01508 6.55000 2.5932927132 2.5872849009    2.593  1.756  4.0189  4.124    0  0.000  0.538     0.00     0.00     0.00     0.00     0.00 -1    -1e-30      0.00 7.092e-01 2.755e-01 2.710e-03 7.399e-04 6.720e-03 -1.000 1.527e-02 0.381 0.683 0.662 0.722
0.0152 0.01508 6.55000 2.5999999046 2.5874412955    2.600  1.740  4.0178  4.136    0  0.000  0.538     0.00     0.00     0.00     0.00     0.00 -1    -1e-30      0.00 7.092e-01 2.755e-01 2.710e-03 7.399e-04 6.720e-03 -1.000 1.527e-02 0.419 0.716 0.696 0.754
0.0152 0.01508 6.55000 2.6053431034 2.5875652229    2.605  1.728  4.0169  4.145    0  0.000  0.538     0.00     0.00     0.00     0.00     0.00 -1    -1e-30      0.00 7.092e-01 2.755e-01 2.710e-03 7.399e-04 6.720e-03 -1.000 1.527e-02 0.449 0.741 0.722 0.779
0.0152 0.01508 6.55000 2.6188302040 2.5878754506    2.619  1.702  4.0145  4.164    0  0.000  0.538     0.00     0.00     0.00     0.00     0.00 -1    -1e-30      0.00 7.092e-01 2.755e-01 2.710e-03 7.399e-04 6.720e-03 -1.000 1.527e-02 0.515 0.796 0.778 0.831
0.0152 0.01508 6.55000 2.6362700462 2.5882711916    2.636  1.681  4.0125  4.180    0  0.000  0.538     0.00     0.00     0.00     0.00     0.00 -1    -1e-30      0.00 7.092e-01 2.755e-01 2.710e-03 7.399e-04 6.720e-03 -1.000 1.527e-02 0.566 0.838 0.821 0.871
0.0152 0.01508 6.55000 2.6701176167 2.5890223144    2.670  1.674  4.0132  4.196    0  0.000  0.538     0.00     0.00     0.00     0.00     0.00 -1    -1e-30      0.00 7.092e-01 2.755e-01 2.710e-03 7.399e-04 6.720e-03 -1.000 1.527e-02 0.586 0.862 0.844 0.895
0.0152 0.01508 6.55000 2.7176702023 2.5900413082    2.718  1.734  4.0284  4.204    0  0.000  0.538     0.00     0.00     0.00     0.00     0.00 -1    -1e-30      0.00 7.092e-01 2.755e-01 2.710e-03 7.399e-04 6.720e-03 -1.000 1.527e-02 0.435 0.784 0.759 0.830
0.0152 0.01508 6.55000 2.7492876053 2.5906964392    2.750  1.784  4.0420  4.213    0  0.000  0.538     0.00     0.00     0.00     0.00     0.00 -1    -1e-30      0.00 7.092e-01 2.755e-01 2.710e-03 7.399e-04 6.720e-03 -1.000 1.527e-02 0.309 0.725 0.695 0.782
0.0152 0.01508 6.55000 2.7718627453 2.5911537067    2.772  1.827  4.0545  4.224    0  0.000  0.538     0.00     0.00     0.00     0.00     0.00 -1    -1e-30      0.00 7.092e-01 2.755e-01 2.710e-03 7.399e-04 6.720e-03 -1.000 1.527e-02 0.203 0.681 0.647 0.747
0.0152 0.01508 6.55000 2.7895147800 2.5915053316    2.790  1.862  4.0656  4.236    0  0.000  0.538     0.00     0.00     0.00     0.00     0.00 -1    -1e-30      0.00 7.092e-01 2.755e-01 2.710e-03 7.399e-04 6.720e-03 -1.000 1.527e-02 0.114 0.650 0.611 0.723
0.0152 0.01508 6.55000 2.8000001907 2.5917117867    2.800  1.883  4.0725  4.245    0  0.000  0.538     0.00     0.00     0.00     0.00     0.00 -1    -1e-30      0.00 7.092e-01 2.755e-01 2.710e-03 7.399e-04 6.720e-03 -1.000 1.527e-02 0.063 0.635 0.593 0.712
0.0152 0.01508 6.55000 2.8034183979 2.5917787066    2.804  1.889  4.0748  4.247    0  0.000  0.538     0.00     0.00     0.00     0.00     0.00 -1    -1e-30      0.00 7.092e-01 2.755e-01 2.710e-03 7.399e-04 6.720e-03 -1.000 1.527e-02 0.047 0.630 0.588 0.709
0.0152 0.01508 6.55000 2.8186497688 2.5920746309    2.819  1.913  4.0839  4.263    0  0.000  0.538     0.00     0.00     0.00     0.00     0.00 -1    -1e-30      0.00 7.092e-01 2.755e-01 2.710e-03 7.399e-04 6.720e-03 -1.000 1.527e-02 -0.013 0.619 0.573 0.703
0.0152 0.01508 6.55000 2.8399724960 2.5924827761    2.840  1.928  4.0927  4.286    0  0.000  0.538     0.00     0.00     0.00     0.00     0.00 -1    -1e-30      0.00 7.092e-01 2.755e-01 2.710e-03 7.399e-04 6.720e-03 -1.000 1.527e-02 -0.051 0.627 0.579 0.717
0.0152 0.01508 6.55000 2.8869607449 2.5933577682    2.887  1.924  4.1013  4.332    0  0.000  0.538     0.00     0.00     0.00     0.00     0.00 -1    -1e-30      0.00 7.092e-01 2.755e-01 2.710e-03 7.399e-04 6.720e-03 -1.000 1.527e-02 -0.039 0.686 0.636 0.781
0.0152 0.01508 6.55000 2.9188351631 2.5939329107    2.919  1.912  4.1020  4.351    0  0.000  0.538     0.00     0.00     0.00     0.00     0.00 -1    -1e-30      0.00 7.092e-01 2.755e-01 2.710e-03 7.399e-04 6.720e-03 -1.000 1.527e-02 -0.010 0.719 0.668 0.814
0.0152 0.01508 6.55000 2.9747521877 2.5949077183    2.975  1.920  4.1041  4.360    0  0.000  0.538     0.00     0.00     0.00     0.00     0.00 -1    -1e-30      0.00 7.092e-01 2.755e-01 2.710e-03 7.399e-04 6.720e-03 -1.000 1.527e-02 -0.031 0.710 0.659 0.807
0.0152 0.01508 6.55000 3.0000000000 2.5953341962    3.000  1.929  4.1058  4.361    0  0.000  0.538     0.00     0.00     0.00     0.00     0.00 -1    -1e-30      0.00 7.092e-01 2.755e-01 2.710e-03 7.399e-04 6.720e-03 -1.000 1.527e-02 -0.053 0.697 0.645 0.794
0.0152 0.01508 6.55000 3.0505082607 2.5961630504    3.050  1.947  4.1091  4.363    0  0.000  0.538     0.00     0.00     0.00     0.00     0.00 -1    -1e-30      0.00 7.092e-01 2.755e-01 2.710e-03 7.399e-04 6.720e-03 -1.000 1.527e-02 -0.099 0.670 0.617 0.769
0.0152 0.01508 6.55000 3.2000000477 2.5984409005    3.199  2.026  4.1231  4.361    0  0.000  0.538     0.00     0.00     0.00     0.00     0.00 -1    -1e-30      0.00 7.092e-01 2.755e-01 2.710e-03 7.399e-04 6.720e-03 -1.000 1.527e-02 -0.296 0.550 0.492 0.657
0.0152 0.01508 6.55000 3.4000000954 2.6011310876    3.398  2.126  4.1405  4.358    0  0.000  0.538     0.00     0.00     0.00     0.00     0.00 -1    -1e-30      0.00 7.092e-01 2.755e-01 2.710e-03 7.399e-04 6.720e-03 -1.000 1.527e-02 -0.544 0.399 0.336 0.515
0.0152 0.01508 6.55000 3.6000001431 2.6034804607    3.598  2.219  4.1566  4.354    0  0.000  0.538     0.00     0.00     0.00     0.00     0.00 -1    -1e-30      0.00 7.092e-01 2.755e-01 2.710e-03 7.399e-04 6.720e-03 -1.000 1.527e-02 -0.777 0.258 0.191 0.384
0.0152 0.01508 6.55000 3.8000001907 2.6055477311    3.798  2.307  4.1717  4.350    0  0.000  0.538     0.00     0.00     0.00     0.00     0.00 -1    -1e-30      0.00 7.092e-01 2.755e-01 2.710e-03 7.399e-04 6.720e-03 -1.000 1.527e-02 -0.997 0.125 0.053 0.259
0.0152 0.01508 6.55000 4.0000000000 2.6073790840    4.001  2.389  4.1857  4.346    0  0.000  0.538     0.00     0.00     0.00     0.00     0.00 -1    -1e-30      0.00 7.092e-01 2.755e-01 2.710e-03 7.399e-04 6.720e-03 -1.000 1.527e-02 -1.202 0.002 -0.074 0.144
0.0152 0.01508 6.55000 4.1999998093 2.6090113217    4.198  2.467  4.1991  4.342    0  0.000  0.538     0.00     0.00     0.00     0.00     0.00 -1    -1e-30      0.00 7.092e-01 2.755e-01 2.710e-03 7.399e-04 6.720e-03 -1.000 1.527e-02 -1.398 -0.116 -0.196 0.034
0.0152 0.01508 6.55000 4.4000000954 2.6104741055    4.397  2.541  4.2113  4.338    0  0.000  0.538     0.00     0.00     0.00     0.00     0.00 -1    -1e-30      0.00 7.092e-01 2.755e-01 2.710e-03 7.399e-04 6.720e-03 -1.000 1.527e-02 -1.582 -0.228 -0.312 -0.072
0.0152 0.01508 6.55000 4.5999999046 2.6117915791    4.597  2.611  4.2230  4.333    1  0.000  0.538     0.00     0.00     0.00     0.00     0.00 -1    -1e-30      0.00 7.092e-01 2.755e-01 2.710e-03 7.399e-04 6.720e-03 -1.000 1.527e-02 -1.758 -0.335 -0.422 -0.173
0.0152 0.01508 6.55000 4.8000001907 2.6129836005    4.798  2.679  4.2343  4.329    1  0.000  0.538     0.00     0.00     0.00     0.00     0.00 -1    -1e-30      0.00 7.092e-01 2.755e-01 2.710e-03 7.399e-04 6.720e-03 -1.000 1.527e-02 -1.928 -0.438 -0.528 -0.269
0.0152 0.01508 6.55000 5.0000000000 2.6140666223    4.999  2.742  4.2445  4.325    1  0.000  0.538     0.00     0.00     0.00     0.00     0.00 -1    -1e-30      0.00 7.092e-01 2.755e-01 2.710e-03 7.399e-04 6.720e-03 -1.000 1.527e-02 -2.086 -0.536 -0.630 -0.361
0.0152 0.01508 6.55000 5.1999998093 2.6150544000    5.200  2.803  4.2542  4.319    1  0.000  0.538     0.00     0.00     0.00     0.00     0.00 -1    -1e-30      0.00 7.092e-01 2.755e-01 2.710e-03 7.399e-04 6.720e-03 -1.000 1.527e-02 -2.239 -0.632 -0.728 -0.452
0.0152 0.01508 6.55000 5.3999996185 2.6159585084    5.401  2.862  4.2638  4.315    1  0.000  0.538     0.00     0.00     0.00     0.00     0.00 -1    -1e-30      0.00 7.092e-01 2.755e-01 2.710e-03 7.399e-04 6.720e-03 -1.000 1.527e-02 -2.386 -0.723 -0.822 -0.537
0.0152 0.01508 6.55000 5.5999994278 2.6167887546    5.601  2.919  4.2731  4.312    1  0.000  0.538     0.00     0.00     0.00     0.00     0.00 -1    -1e-30      0.00 7.092e-01 2.755e-01 2.710e-03 7.399e-04 6.720e-03 -1.000 1.527e-02 -2.527 -0.810 -0.912 -0.619
0.0152 0.01508 6.55000 5.8000001907 2.6175535027    5.801  2.973  4.2814  4.306    1  0.000  0.538     0.00     0.00     0.00     0.00     0.00 -1    -1e-30      0.00 7.092e-01 2.755e-01 2.710e-03 7.399e-04 6.720e-03 -1.000 1.527e-02 -2.662 -0.896 -1.001 -0.700
0.0152 0.01508 6.55000 6.0000000000 2.6182599138    6.000  3.025  4.2894  4.301    1  0.000  0.538     0.00     0.00     0.00     0.00     0.00 -1    -1e-30      0.00 7.092e-01 2.755e-01 2.710e-03 7.399e-04 6.720e-03 -1.000 1.527e-02 -2.792 -0.981 -1.087 -0.780
0.0152 0.01508 6.55000 6.1999998093 2.6189141709    6.200  3.075  4.2977  4.298    0  0.000  0.538     0.00     0.00     0.00     0.00     0.00 -1    -1e-30      0.00 7.092e-01 2.755e-01 2.710e-03 7.399e-04 6.720e-03 -1.000 1.527e-02 -2.918 -1.059 -1.168 -0.854
0.0152 0.01508 6.55000 6.4000000954 2.6195216279    6.399  3.123  4.3049  4.292    1  0.000  0.538     0.00     0.00     0.00     0.00     0.00 -1    -1e-30      0.00 7.092e-01 2.755e-01 2.710e-03 7.399e-04 6.720e-03 -1.000 1.527e-02 -3.038 -1.138 -1.249 -0.929
0.0152 0.01508 6.55000 6.9886674881 2.6210798734    6.984  3.256  4.3253  4.279    1  0.000  0.538     0.00     0.00     0.00     0.00     0.00 -1    -1e-30      0.00 7.092e-01 2.755e-01 2.710e-03 7.399e-04 6.720e-03 -1.000 1.527e-02 -3.371 -1.355 -1.471 -1.135
0.0152 0.01508 6.55000 7.0000000000 2.6211069280    6.996  3.259  4.3256  4.279    1  0.000  0.538     0.00     0.00     0.00     0.00     0.00 -1    -1e-30      0.00 7.092e-01 2.755e-01 2.710e-03 7.399e-04 6.720e-03 -1.000 1.527e-02 -3.377 -1.359 -1.476 -1.138
0.0152 0.01508 6.55000 8.0000000000 2.6231516585    8.001  3.459  4.3565  4.260    1  0.000  0.538     0.00     0.00     0.00     0.00     0.00 -1    -1e-30      0.00 7.092e-01 2.755e-01 2.710e-03 7.399e-04 6.720e-03 -1.000 1.527e-02 -3.879 -1.689 -1.813 -1.452
0.0152 0.01508 6.55000 9.0000000000 2.6246829947    8.995  3.634  4.3826  4.240    1  0.000  0.538     0.00     0.00     0.00     0.00     0.00 -1    -1e-30      0.00 7.092e-01 2.755e-01 2.710e-03 7.399e-04 6.720e-03 -1.000 1.527e-02 -4.315 -1.982 -2.113 -1.733
0.0152 0.01508 6.55000 9.5392055511 2.6253572253    9.536  3.719  4.3950  4.231    1  0.000  0.538     0.00     0.00     0.00     0.00     0.00 -1    -1e-30      0.00 7.092e-01 2.755e-01 2.710e-03 7.399e-04 6.720e-03 -1.000 1.527e-02 -4.527 -2.127 -2.261 -1.872
0.0152 0.01508 6.55000 10.0000000000 2.6258676431    9.998  3.788  4.4052  4.222    1  0.000  0.538     0.00     0.00     0.00     0.00     0.00 -1    -1e-30      0.00 7.092e-01 2.755e-01 2.710e-03 7.399e-04 6.720e-03 -1.000 1.527e-02 -4.701 -2.207 -2.345 -1.954
0.0152 0.01508 6.55000 11.0000000000 2.6268081058   11.001  3.926  4.4250  4.205    1  0.000  0.538     0.00     0.00     0.00     0.00     0.00 -1    -1e-30      0.00 7.092e-01 2.755e-01 2.710e-03 7.399e-04 6.720e-03 -1.000 1.527e-02 -5.045 -2.434 -2.580 -2.160
0.0152 0.01508 6.55000 11.2402667999 2.6270055911   11.241  3.957  4.4294  4.201    1  0.000  0.538     0.00     0.00     0.00     0.00     0.00 -1    -1e-30      0.00 7.092e-01 2.755e-01 2.710e-03 7.399e-04 6.720e-03 -1.000 1.527e-02 -5.122 -2.500 -2.646 -2.227
0.0152 0.01508 6.55000 12.0000000000 2.6275706487   12.001  4.051  4.4426  4.189    1  0.000  0.538     0.00     0.00     0.00     0.00     0.00 -1    -1e-30      0.00 7.092e-01 2.755e-01 2.710e-03 7.399e-04 6.720e-03 -1.000 1.527e-02 -5.357 -2.698 -2.843 -2.430
0.0152 0.01508 6.55000 12.2282810211 2.6277247390   12.227  4.077  4.4462  4.185    1  0.000  0.539     0.00     0.00     0.00     0.00     0.00 -1 -4.31e-28      0.00 7.092e-01 2.755e-01 2.714e-03 7.401e-04 6.720e-03 -1.000 1.527e-02 -5.423 -2.753 -2.898 -2.486
0.0152 0.01508 6.55000 13.7150516510 2.6285857145   13.697  4.238  4.4681  4.161    1  0.000  0.544     0.00     0.00     0.00     0.00     0.00 -1 -4.97e-12      0.00 7.092e-01 2.755e-01 2.741e-03 7.407e-04 6.719e-03 -1.000 1.527e-02 -5.825 -3.024 -3.177 -2.733
0.0152 0.01508 6.55000 14.0000000000 2.6287268957   13.980  4.267  4.4720  4.156    0  0.000  0.545     0.00     0.00     0.00     0.00     0.00 -1 -3.81e-09      0.00 7.092e-01 2.755e-01 2.746e-03 7.408e-04 6.719e-03 -1.000 1.527e-02 -5.898 -3.071 -3.227 -2.774
0.0152 0.01508 6.55000 14.1725940704 2.6288092419   14.152  4.284  4.4742  4.153    0  0.000  0.545     0.00     0.00     0.00     0.00     0.00 -1 -4.15e-09      0.00 7.092e-01 2.755e-01 2.746e-03 7.408e-04 6.719e-03 -1.000 1.527e-02 -5.940 -3.099 -3.255 -2.798
0.0152 0.01508 6.55000 15.5349960327 2.6293860956   15.509  4.410  4.4904  4.132    0  0.000  0.545     0.00     0.00     0.00     0.00     0.00 -1 -7.97e-09      0.00 7.092e-01 2.755e-01 2.746e-03 7.408e-04 6.719e-03 -1.000 1.527e-02 -6.256 -3.345 -3.505 -3.038
0.0152 0.01508 6.55000 16.0000000000 2.6295573144   15.972  4.451  4.4956  4.124    0  0.000  0.545     0.00     0.00     0.00     0.00     0.00 -1 -9.84e-09      0.00 7.092e-01 2.755e-01 2.746e-03 7.408e-04 6.719e-03 -1.000 1.527e-02 -6.358 -3.427 -3.587 -3.118
0.0152 0.01508 6.55000 16.2235908508 2.6296356356   16.191  4.470  4.4979  4.121    0  0.000  0.545     0.00     0.00     0.00     0.00     0.00 -1 -1.08e-08      0.00 7.092e-01 2.755e-01 2.746e-03 7.408e-04 6.719e-03 -1.000 1.527e-02 -6.405 -3.464 -3.625 -3.155
0.0152 0.01508 6.55000 17.5433006287 2.6300515343   17.480  4.575  4.5103  4.099    0  0.000  0.545     0.00     0.00     0.00     0.00     0.00 -1 -1.82e-08      0.00 7.092e-01 2.755e-01 2.746e-03 7.408e-04 6.719e-03 -1.000 1.527e-02 -6.668 -3.664 -3.826 -3.356
0.0152 0.01508 6.55000 18.0000000000 2.6301792302   17.927  4.610  4.5143  4.091    0  0.000  0.545     0.00     0.00     0.00     0.00     0.00 -1 -2.16e-08      0.00 7.092e-01 2.755e-01 2.746e-03 7.408e-04 6.719e-03 -1.000 1.527e-02 -6.755 -3.729 -3.891 -3.422
0.0152 0.01508 6.55000 18.8549690247 2.6303992714   18.764  4.670  4.5211  4.077    0  0.000  0.545     0.00     0.00     0.00     0.00     0.00 -1 -2.87e-08      0.00 7.092e-01 2.755e-01 2.746e-03 7.408e-04 6.719e-03 -1.000 1.527e-02 -6.906 -3.843 -4.004 -3.537
0.0152 0.01508 6.55000 20.0000000000 2.6306603470   19.881  4.748  4.5295  4.058    0  0.000  0.545     0.00     0.00     0.00     0.00     0.00 -1 -4.12e-08      0.00 7.092e-01 2.755e-01 2.746e-03 7.408e-04 6.719e-03 -1.000 1.527e-02 -7.100 -3.987 -4.149 -3.681
0.0152 0.01508 6.55000 20.0866699219 2.6306787195   19.964  4.753  4.5300  4.057    0  0.000  0.545     0.00     0.00     0.00     0.00     0.00 -1 -4.22e-08      0.00 7.092e-01 2.755e-01 2.746e-03 7.408e-04 6.719e-03 -1.000 1.527e-02 -7.113 -3.997 -4.160 -3.691
0.0152 0.01508 6.55000 21.5968761444 2.6309718344   21.415  4.844  4.5389  4.032    0  0.000  0.545     0.00     0.00     0.00     0.00     0.00 -1 -6.38e-08      0.00 7.092e-01 2.755e-01 2.746e-03 7.408e-04 6.719e-03 -1.000 1.527e-02 -7.340 -4.176 -4.339 -3.865
0.0152 0.01508 6.55000 23.0508785248 2.6312127183   22.799  4.926  4.5462  4.006    0  0.000  0.545     0.00     0.00     0.00     0.00     0.00 -1  -9.3e-08      0.00 7.092e-01 2.755e-01 2.746e-03 7.408e-04 6.719e-03 -1.000 1.527e-02 -7.545 -4.348 -4.514 -4.032
0.0152 0.01508 6.55000 24.0000000000 2.6313519822   23.695  4.978  4.5503  3.988    0  0.000  0.545     0.00     0.00     0.00     0.00     0.00 -1 -1.18e-07      0.00 7.092e-01 2.755e-01 2.746e-03 7.408e-04 6.719e-03 -1.000 1.527e-02 -7.674 -4.444 -4.612 -4.121
0.0152 0.01508 6.55000 25.2295665741 2.6315146021   24.828  5.037  4.5543  3.965    0  0.000  0.545     0.00     0.00     0.00     0.00     0.00 -1 -1.51e-07      0.00 7.092e-01 2.755e-01 2.746e-03 7.408e-04 6.719e-03 -1.000 1.527e-02 -7.823 -4.576 -4.744 -4.255
0.0152 0.01508 6.55000 26.7266368866 2.6316895591   26.190  5.106  4.5583  3.936    0  0.000  0.545     0.00     0.00     0.00     0.00     0.00 -1 -2.03e-07      0.00 7.092e-01 2.755e-01 2.746e-03 7.408e-04 6.719e-03 -1.000 1.527e-02 -7.994 -4.735 -4.902 -4.416
0.0152 0.01508 6.55000 28.0000000000 2.6318215644   27.337  5.161  4.5608  3.909    0  0.000  0.545     0.00     0.00     0.00     0.00     0.00 -1 -2.57e-07      0.00 7.092e-01 2.755e-01 2.746e-03 7.408e-04 6.719e-03 -1.000 1.527e-02 -8.133 -4.870 -5.035 -4.553
0.0152 0.01508 6.55000 30.0000000000 2.6320031152   29.094  5.240  4.5627  3.865    0  0.000  0.545     0.00     0.00     0.00     0.00     0.00 -1 -3.56e-07      0.00 7.092e-01 2.755e-01 2.746e-03 7.408e-04 6.719e-03 -1.000 1.527e-02 -8.330 -5.072 -5.236 -4.759
0.0152 0.01508 6.55000 31.1847553253 2.6320981218   30.112  5.282  4.5628  3.838    0  0.000  0.545     0.00     0.00     0.00     0.00     0.00 -1 -4.21e-07      0.00 7.092e-01 2.755e-01 2.746e-03 7.408e-04 6.719e-03 -1.000 1.527e-02 -8.435 -5.186 -5.349 -4.877
0.0152 0.01508 6.55000 33.4223251343 2.6322566077   31.994  5.358  4.5609  3.780    0  0.000  0.545     0.00     0.00     0.00     0.00     0.00 -1 -5.67e-07      0.00 7.092e-01 2.755e-01 2.746e-03 7.408e-04 6.719e-03 -1.000 1.527e-02 -8.626 -5.406 -5.567 -5.102
0.0152 0.01508 6.55000 35.0000000000 2.6323544560   33.291  5.409  4.5581  3.736    0  0.000  0.545     0.00     0.00     0.00     0.00     0.00 -1 -6.88e-07      0.00 7.092e-01 2.755e-01 2.746e-03 7.408e-04 6.719e-03 -1.000 1.527e-02 -8.752 -5.562 -5.721 -5.261
0.0152 0.01508 6.55000 35.8467407227 2.6324029058   33.967  5.433  4.5561  3.712    0  0.000  0.545     0.00     0.00     0.00     0.00     0.00 -1 -7.52e-07      0.00 7.092e-01 2.755e-01 2.746e-03 7.408e-04 6.719e-03 -1.000 1.527e-02 -8.813 -5.641 -5.800 -5.342
0.0152 0.01508 6.55000 38.3999099731 2.6325342381   35.957  5.504  4.5473  3.631    0  0.000  0.545     0.00     0.00     0.00     0.00     0.00 -1 -9.56e-07      0.00 7.092e-01 2.755e-01 2.746e-03 7.408e-04 6.719e-03 -1.000 1.527e-02 -8.990 -5.889 -6.046 -5.593
0.0152 0.01508 6.55000 40.0000000000 2.6326067896   37.172  5.546  4.5398  3.573    0  0.000  0.545     0.00     0.00     0.00     0.00     0.00 -1 -1.09e-06      0.00 7.092e-01 2.755e-01 2.746e-03 7.408e-04 6.719e-03 -1.000 1.527e-02 -9.096 -5.963 -6.120 -5.669
0.0152 0.01508 6.55000 40.8075942993 2.6326409330   37.774  5.566  4.5353  3.542    0  0.000  0.545     0.00     0.00     0.00     0.00     0.00 -1 -1.15e-06      0.00 7.092e-01 2.755e-01 2.746e-03 7.408e-04 6.719e-03 -1.000 1.527e-02 -9.146 -6.048 -6.203 -5.761
0.0152 0.01508 6.55000 42.2445678711 2.6326979895   38.831  5.601  4.5261  3.483    0  0.000  0.545     0.00     0.00     0.00     0.00     0.00 -1 -1.25e-06      0.00 7.092e-01 2.755e-01 2.746e-03 7.408e-04 6.719e-03 -1.000 1.527e-02 -9.231 -6.213 -6.363 -5.942
0.0152 0.01508 6.55000 43.7578392029 2.6327534407   39.924  5.635  4.5149  3.415    0  0.000  0.545     0.00     0.00     0.00     0.00     0.00 -1 -1.34e-06      0.00 7.092e-01 2.755e-01 2.746e-03 7.408e-04 6.719e-03 -1.000 1.527e-02 -9.319 -6.403 -6.549 -6.142
0.0152 0.01508 6.55000 45.0000000000 2.6327957669   40.811  5.663  4.5044  3.355    0  0.000  0.545     0.00     0.00     0.00     0.00     0.00 -1  -1.4e-06      0.00 7.092e-01 2.755e-01 2.746e-03 7.408e-04 6.719e-03 -1.000 1.527e-02 -9.388 -6.552 -6.698 -6.288
0.0152 0.01508 6.55000 45.0692291260 2.6327980470   40.860  5.665  4.5038  3.352    0  0.000  0.545     0.00     0.00     0.00     0.00     0.00 -1  -1.4e-06      0.00 7.092e-01 2.755e-01 2.746e-03 7.408e-04 6.719e-03 -1.000 1.527e-02 -9.392 -6.560 -6.707 -6.296
0.0152 0.01508 6.55000 46.5695152283 2.6328455519   41.916  5.696  4.4889  3.272    0  0.000  0.545     0.00     0.00     0.00     0.00     0.00 -1 -1.42e-06      0.00 7.092e-01 2.755e-01 2.746e-03 7.408e-04 6.719e-03 -1.000 1.527e-02 -9.470 -6.726 -6.870 -6.468
0.0152 0.01508 6.55000 47.7558860779 2.6328806966   42.747  5.720  4.4749  3.200    0  0.000  0.545     0.00     0.00     0.00     0.00     0.00 -1  -1.4e-06      0.00 7.092e-01 2.755e-01 2.746e-03 7.408e-04 6.719e-03 -1.000 1.527e-02 -9.531 -6.865 -7.005 -6.616
0.0152 0.01508 6.55000 48.9299240112 2.6329135536   43.568  5.744  4.4593  3.122    0  0.000  0.545     0.00     0.00     0.00     0.00     0.00 -1 -1.34e-06      0.00 7.092e-01 2.755e-01 2.746e-03 7.408e-04 6.719e-03 -1.000 1.527e-02 -9.591 -7.010 -7.149 -6.763
0.0152 0.01508 6.55000 50.0000000000 2.6329419605   44.316  5.766  4.4438  3.046    0  0.000  0.545     0.00     0.00     0.00     0.00     0.00 -1 -1.26e-06      0.00 7.092e-01 2.755e-01 2.746e-03 7.408e-04 6.719e-03 -1.000 1.527e-02 -9.644 -7.152 -7.291 -6.904
0.0152 0.01508 6.55000 50.8900070190 2.6329645437   44.924  5.782  4.4296  2.978    0  0.000  0.545     0.00     0.00     0.00     0.00     0.00 -1 -1.34e-06      0.00 7.092e-01 2.755e-01 2.746e-03 7.408e-04 6.719e-03 -1.000 1.527e-02 -9.686 -7.280 -7.419 -7.032
0.0152 0.01508 6.55000 51.8684120178 2.6329883442   45.514  5.800  4.4114  2.894    0  0.000  0.545     0.00     0.00     0.00     0.00     0.00 -1 -1.66e-06      0.00 7.092e-01 2.755e-01 2.745e-03 7.409e-04 6.719e-03 -1.000 1.527e-02 -9.730 -7.445 -7.576 -7.215
0.0152 0.01508 6.55000 52.8388290405 2.6330109520   45.922  5.817  4.3895  2.793    0  0.000  0.545     0.00     0.00     0.00     0.00     0.00 -1  -6.7e-06      0.00 7.092e-01 2.755e-01 2.744e-03 7.409e-04 6.719e-03 -1.000 1.527e-02 -9.771 -7.621 -7.748 -7.400
0.0152 0.01508 6.55000 53.7974243164 2.6330323660   46.072  5.832  4.3614  2.667    0  0.000  0.544     0.00     0.00     0.00     0.00     0.00 -1 -1.02e-05      0.00 7.092e-01 2.755e-01 2.743e-03 7.410e-04 6.719e-03 -1.000 1.527e-02 -9.809 -7.829 -7.946 -7.635
0.0152 0.01508 6.55000 54.6536102295 2.6330507637   46.100  5.845  4.3315  2.535    0  0.000  0.544     0.00     0.00     0.00     0.00     0.00 -1 -1.45e-05      0.00 7.092e-01 2.755e-01 2.741e-03 7.412e-04 6.719e-03 -1.000 1.527e-02 -9.842 -8.054 -8.165 -7.872
0.0152 0.01508 6.55000 55.0000000000 2.6330580200   46.094  5.850  4.3179  2.476    0  0.000  0.544     0.00     0.00     0.00     0.00     0.00 -1 -1.44e-05      0.00 7.092e-01 2.755e-01 2.739e-03 7.413e-04 6.719e-03 -1.000 1.527e-02 -9.855 -8.135 -8.242 -7.961
0.0152 0.01508 6.55000 55.1154670715 2.6330604156   46.063  5.851  4.3140  2.458    0  0.000  0.539     0.00     0.00     0.00     0.00     0.00 -1 -1.43e-05      0.00 7.085e-01 2.762e-01 2.708e-03 8.324e-04 6.655e-03 -1.000 1.527e-02 -9.859 -8.155 -8.261 -7.981
0.0152 0.01508 6.55000 55.6236343384 2.6330708226   45.928  5.858  4.2958  2.377    0  0.000  0.519     0.00     0.00     0.00     0.00     0.00 -1 -1.43e-05      0.00 7.051e-01 2.796e-01 2.574e-03 1.239e-03 6.369e-03 -1.000 1.526e-02 -9.876 -8.087 -8.198 -7.888
0.0152 0.01508 6.55000 56.1307945251 2.6330809931   45.690  5.865  4.2772  2.294    0  0.000  0.504     0.00     0.00     0.00     0.00     0.00 -1 -1.99e-05      0.00 7.004e-01 2.843e-01 2.440e-03 1.658e-03 6.068e-03 -1.000 1.524e-02 -9.893 -8.220 -8.324 -8.041
0.0152 0.01508 6.55000 56.5348930359 2.6330889469   44.724  5.868  4.2493  2.170    0  0.000  0.433     0.00     0.00     0.00     0.00     0.00 -1  -4.7e-05      0.00 6.948e-01 2.900e-01 2.038e-03 2.467e-03 5.661e-03 -1.000 1.526e-02 -9.899 -8.375 -8.471 -8.207
0.0152 0.01508 6.55000 56.9311790466 2.6330966209   43.395  5.870  4.2757  2.260    0  0.000  0.281     0.00     0.00     0.00     0.00     0.00 -1 -5.39e-05      0.00 6.586e-01 3.263e-01 9.288e-04 6.317e-03 2.793e-03 -1.000 1.510e-02 -9.905 -8.241 -8.345 -8.062
0.0152 0.01508 6.55000 57.3125801086 2.6331038915   42.908  5.875  4.2778  2.259    0  0.000  0.307     0.00     0.00     0.00     0.00     0.00 -1 -2.94e-05      0.00 6.412e-01 3.437e-01 8.224e-04 6.854e-03 2.324e-03 -1.000 1.506e-02 -9.917 -8.242 -8.346 -8.062
0.0152 0.01508 6.55000 57.6778793335 2.6331107517   42.597  5.880  4.2778  2.251    0  0.000  0.328     0.00     0.00     0.00     0.00     0.00 -1 -2.53e-05      0.00 6.275e-01 3.575e-01 7.207e-04 7.268e-03 1.988e-03 -1.000 1.504e-02 -9.929 -8.254 -8.358 -8.074
0.0152 0.01508 6.55000 57.9408340454 2.6331156283   42.440  5.883  4.2753  2.236    0  0.000  0.340     0.00     0.00     0.00     0.00     0.00 -1 -2.15e-05      0.00 6.193e-01 3.656e-01 6.475e-04 7.535e-03 1.783e-03 -1.000 1.503e-02 -9.939 -8.276 -8.380 -8.098
0.0152 0.01508 6.55000 58.1953468323 2.6331203001   42.286  5.887  4.2734  2.223    0  0.000  0.354     0.00     0.00     0.00     0.00     0.00 -1 -1.78e-05      0.00 6.111e-01 3.739e-01 5.770e-04 7.792e-03 1.584e-03 -1.000 1.502e-02 -9.948 -8.296 -8.399 -8.118
0.0152 0.01508 6.55000 58.3284645081 2.6331227249   41.852  5.887  4.2824  2.254    0  0.000  0.401     0.00     0.00     0.00     0.00     0.00 -1 -7.72e-05      0.00 5.993e-01 3.857e-01 5.392e-04 7.955e-03 1.447e-03 -1.000 1.501e-02 -9.948 -8.245 -8.351 -8.062
0.0152 0.01508 6.55000 58.4141082764 2.6331242783   41.729  5.888  4.2803  2.244    0  0.000  0.408     0.00     0.00     0.00     0.00     0.00 -1 -7.22e-05      0.00 5.961e-01 3.889e-01 5.147e-04 8.040e-03 1.383e-03 -1.000 1.501e-02 -9.950 -8.261 -8.366 -8.080
0.0152 0.01508 6.55000 58.4839782715 2.6331255416   41.634  5.889  4.2788  2.236    0  0.000  0.413     0.00     0.00     0.00     0.00     0.00 -1 -6.85e-05      0.00 5.935e-01 3.915e-01 4.944e-04 8.109e-03 1.330e-03 -1.000 1.500e-02 -9.952 -8.272 -8.376 -8.091
0.0152 0.01508 6.55000 58.5551719666 2.6331268254   41.544  5.890  4.2774  2.228    0  0.000  0.419     0.00     0.00     0.00     0.00     0.00 -1 -6.47e-05      0.00 5.908e-01 3.942e-01 4.736e-04 8.179e-03 1.277e-03 -1.000 1.500e-02 -9.954 -8.281 -8.385 -8.102
0.0152 0.01508 6.55000 58.6277732849 2.6331281308   41.458  5.891  4.2762  2.222    0  0.000  0.425     0.00     0.00     0.00     0.00     0.00 -1  -6.1e-05      0.00 5.881e-01 3.969e-01 4.523e-04 8.250e-03 1.223e-03 -1.000 1.500e-02 -9.957 -8.290 -8.394 -8.111
0.0152 0.01508 6.55000 58.6832084656 2.6331291251   41.396  5.891  4.2755  2.218    0  0.000  0.430     0.00     0.00     0.00     0.00     0.00 -1 -5.81e-05      0.00 5.860e-01 3.990e-01 4.359e-04 8.305e-03 1.181e-03 -1.000 1.499e-02 -9.959 -8.296 -8.399 -8.117
0.0152 0.01508 6.55000 58.7584686279 2.6331304715   41.316  5.892  4.2747  2.213    0  0.000  0.437     0.00     0.00     0.00     0.00     0.00 -1 -5.45e-05      0.00 5.830e-01 4.020e-01 4.135e-04 8.379e-03 1.125e-03 -1.000 1.499e-02 -9.961 -8.302 -8.406 -8.124
0.0152 0.01508 6.55000 58.8353080750 2.6331318420   41.241  5.893  4.2743  2.209    0  0.000  0.443     0.00     0.00     0.00     0.00     0.00 -1 -5.09e-05      0.00 5.800e-01 4.050e-01 3.906e-04 8.454e-03 1.067e-03 -1.000 1.499e-02 -9.964 -8.307 -8.411 -8.129
0.0152 0.01508 6.55000 58.9137878418 2.6331332376   41.170  5.895  4.2741  2.207    0  0.000  0.450     0.00     0.00     0.00     0.00     0.00 -1 -4.73e-05      0.00 5.769e-01 4.081e-01 3.671e-04 8.531e-03 1.009e-03 -1.000 1.498e-02 -9.966 -8.311 -8.414 -8.133
0.0152 0.01508 6.55000 59.0137672424 2.6331350093   41.088  5.896  4.2763  2.213    0  0.000  0.405     0.00     0.00     0.00     0.00     0.00 -1 -4.31e-05      0.00 5.720e-01 4.130e-01 8.300e-05 9.133e-03 7.212e-04 -1.000 1.500e-02 -9.970 -8.303 -8.407 -8.124
0.0152 0.01508 6.55000 59.0724563599 2.6331360461   41.043  5.897  4.2791  2.223    0  0.000  0.416     0.00     0.00     0.00     0.00     0.00 -1  -4.1e-05      0.00 5.689e-01 4.161e-01 8.404e-05 9.252e-03 5.837e-04 -1.000 1.498e-02 -9.972 -8.290 -8.394 -8.109
0.0152 0.01508 6.55000 59.1284790039 2.6331370336   41.001  5.898  4.2817  2.232    0  0.000  0.426     0.00     0.00     0.00     0.00     0.00 -1  -3.9e-05      0.00 5.660e-01 4.190e-01 8.474e-05 9.332e-03 4.917e-04 -1.000 1.497e-02 -9.974 -8.276 -8.381 -8.093
0.0152 0.01508 6.55000 59.1642837524 2.6331376636   40.975  5.898  4.2834  2.238    0  0.000  0.432     0.00     0.00     0.00     0.00     0.00 -1 -3.77e-05      0.00 5.641e-01 4.209e-01 8.510e-05 9.373e-03 4.438e-04 -1.000 1.496e-02 -9.975 -8.266 -8.372 -8.081
0.0152 0.01508 6.55000 59.2324562073 2.6331388607   40.927  5.899  4.2859  2.247    0  0.000  0.444     0.00     0.00     0.00     0.00     0.00 -1 -3.53e-05      0.00 5.608e-01 4.243e-01 8.555e-05 9.425e-03 3.842e-04 -1.000 1.496e-02 -9.977 -8.252 -8.359 -8.064
0.0152 0.01508 6.55000 59.2812309265 2.6331397152   40.894  5.900  4.2878  2.253    0  0.000  0.454     0.00     0.00     0.00     0.00     0.00 -1 -3.37e-05      0.00 5.583e-01 4.267e-01 8.583e-05 9.456e-03 3.482e-04 -1.000 1.495e-02 -9.979 -8.242 -8.350 -8.052
0.0152 0.01508 6.55000 59.3429870605 2.6331407949   40.855  5.901  4.2898  2.260    0  0.000  0.465     0.00     0.00     0.00     0.00     0.00 -1 -3.16e-05      0.00 5.553e-01 4.298e-01 8.609e-05 9.485e-03 3.151e-04 -1.000 1.495e-02 -9.981 -8.231 -8.339 -8.039
0.0152 0.01508 6.55000 59.3726348877 2.6331413123   40.837  5.901  4.2912  2.265    0  0.000  0.472     0.00     0.00     0.00     0.00     0.00 -1 -3.06e-05      0.00 5.537e-01 4.314e-01 8.623e-05 9.500e-03 2.986e-04 -1.000 1.494e-02 -9.982 -8.223 -8.333 -8.030
0.0152 0.01508 6.55000 59.4149894714 2.6331420504   40.812  5.902  4.2925  2.269    0  0.000  0.480     0.00     0.00     0.00     0.00     0.00 -1 -2.93e-05      0.00 5.516e-01 4.334e-01 8.637e-05 9.513e-03 2.827e-04 -1.000 1.495e-02 -9.984 -8.216 -8.326 -8.021
0.0152 0.01508 6.55000 59.4947242737 2.6331434367   40.771  5.903  4.2941  2.274    0  0.000  0.495     0.00     0.00     0.00     0.00     0.00 -1 -2.68e-05      0.00 5.482e-01 4.368e-01 8.651e-05 9.530e-03 2.641e-04 -1.000 1.494e-02 -9.987 -8.209 -8.319 -8.012
0.0152 0.01508 6.55000 59.5328903198 2.6331440987   40.753  5.903  4.2950  2.277    0  0.000  0.503     0.00     0.00     0.00     0.00     0.00 -1 -2.57e-05      0.00 5.465e-01 4.386e-01 8.659e-05 9.537e-03 2.557e-04 -1.000 1.494e-02 -9.988 -8.204 -8.315 -8.006
0.0152 0.01508 6.55000 59.5695686340 2.6331447340   40.736  5.904  4.2959  2.280    0  0.000  0.511     0.00     0.00     0.00     0.00     0.00 -1 -2.46e-05      0.00 5.448e-01 4.402e-01 8.666e-05 9.543e-03 2.488e-04 -1.000 1.494e-02 -9.989 -8.200 -8.311 -8.001
0.0152 0.01508 6.55000 59.6047401428 2.6331453424   40.724  5.904  4.2964  2.281    0  0.000  0.517     0.00     0.00     0.00     0.00     0.00 -1 -2.12e-05      0.00 5.434e-01 4.417e-01 8.672e-05 9.547e-03 2.442e-04 -1.000 1.494e-02 -9.991 -8.198 -8.309 -7.998
0.0152 0.01508 6.55000 59.7988433838 2.6331486851   40.681  5.907  4.2986  2.287    0  0.000  0.542     0.00     0.00     0.00     0.00     0.00 -1 -2.17e-05      0.00 5.365e-01 4.485e-01 8.693e-05 9.558e-03 2.327e-04 -1.000 1.494e-02 -9.998 -8.191 -8.303 -7.989
0.0152 0.01508 6.55000 59.8536415100 2.6331496242   40.666  5.908  4.2997  2.290    0  0.000  0.549     0.00     0.00     0.00     0.00     0.00 -1 -2.28e-05      0.00 5.344e-01 4.507e-01 8.700e-05 9.561e-03 2.291e-04 -1.000 1.494e-02 -10.000 -8.186 -8.299 -7.983
0.0152 0.01508 6.55000 60.0000000000 2.6331521230   40.652  5.910  4.3006  2.291    0  0.000  0.565     0.00     0.00     0.00     0.00     0.00 -1 -2.22e-05      0.00 5.298e-01 4.553e-01 8.714e-05 9.566e-03 2.236e-04 -1.000 1.494e-02 -10.006 -7.744 -7.878 -7.516
0.0152 0.01508 6.55000 62.7146492004 2.6331960488   40.190  5.947  4.3335  2.382    0  0.000  0.802     0.00     0.00     0.00     0.00     0.00 -1 -2.19e-05      0.00 4.425e-01 5.426e-01 8.973e-05 9.636e-03 1.497e-04 -1.000 1.494e-02 -10.097 -7.805 -7.941 -7.575
0.0152 0.01508 6.55000 62.7782745361 2.6331970260   40.090  5.947  4.3396  2.404    0  0.000  0.809     0.00     0.00     0.00     0.00     0.00 -1 -2.22e-05      0.00 4.373e-01 5.478e-01 8.977e-05 9.637e-03 1.484e-04 -1.000 1.491e-02 -10.098 -7.804 -7.939 -7.573
0.0152 0.01508 6.55000 63.1946296692 2.6332033652   40.010  5.953  4.3427  2.410    0  0.000  0.825     0.00     0.00     0.00     0.00     0.00 -1 -2.22e-05      0.00 4.260e-01 5.591e-01 9.014e-05 9.640e-03 1.460e-04 -1.000 1.494e-02 -10.112 -7.811 -7.947 -7.580
0.0152 0.01508 6.55000 63.4621772766 2.6332073882   39.899  5.956  4.3527  2.446    0  0.000  0.838     0.00     0.00     0.00     0.00     0.00 -1 -2.26e-05      0.00 4.142e-01 5.709e-01 9.041e-05 9.641e-03 1.440e-04 -1.000 1.494e-02 -10.120 -7.813 -7.949 -7.581
0.0152 0.01508 6.55000 64.0506057739 2.6332161005   39.748  5.964  4.3585  2.460    0  0.000  0.855     0.00     0.00     0.00     0.00     0.00 -1 -2.27e-05      0.00 3.991e-01 5.860e-01 9.098e-05 9.643e-03 1.421e-04 -1.000 1.494e-02 -10.139 -7.823 -7.959 -7.591
0.0152 0.01508 6.55000 65.0000000000 2.6332297755   39.449  5.976  4.3733  2.503    0  0.000  0.879     0.00     0.00     0.00     0.00     0.00 -1 -2.32e-05      0.00 3.736e-01 6.114e-01 9.196e-05 9.646e-03 1.397e-04 -1.000 1.494e-02 -10.169 -7.843 -7.980 -7.610
0.0152 0.01508 6.55000 65.2693252563 2.6332335716   39.359  5.979  4.3796  2.524    0  0.000  0.886     0.00     0.00     0.00     0.00     0.00 -1 -2.27e-05      0.00 3.660e-01 6.191e-01 9.225e-05 9.647e-03 1.390e-04 -1.000 1.494e-02 -10.178 -7.849 -7.985 -7.615
0.0152 0.01508 6.55000 65.7001342773 2.6332395695   39.249  5.985  4.3891  2.555    0  0.000  0.895     0.00     0.00     0.00     0.00     0.00 -1 -2.07e-05      0.00 3.569e-01 6.281e-01 9.269e-05 9.647e-03 1.383e-04 -1.000 1.494e-02 -10.193 -7.858 -7.996 -7.623
0.0152 0.01508 6.55000 65.9575042725 2.6332431098   39.189  5.989  4.3973  2.584    0  0.000  0.900     0.00     0.00     0.00     0.00     0.00 -1 -1.92e-05      0.00 3.515e-01 6.336e-01 9.296e-05 9.647e-03 1.378e-04 -1.000 1.495e-02 -10.202 -7.865 -8.002 -7.628
0.0152 0.01508 6.55000 66.1624832153 2.6332459067   39.143  5.992  4.4067  2.618    0  0.000  0.904     0.00     0.00     0.00     0.00     0.00 -1  -1.8e-05      0.00 3.470e-01 6.381e-01 9.316e-05 9.648e-03 1.375e-04 -1.000 1.495e-02 -10.209 -7.849 -7.987 -7.609
0.0152 0.01508 6.55000 66.3043441772 2.6332478307   39.120  5.994  4.4166  2.655    0  0.000  0.907     0.00     0.00     0.00     0.00     0.00 -1 -1.76e-05      0.00 3.440e-01 6.410e-01 9.329e-05 9.648e-03 1.373e-04 -1.000 1.496e-02 -10.215 -7.823 -7.962 -7.581
0.0152 0.01508 6.55000 66.4205322266 2.6332493995   39.108  5.996  4.4271  2.694    0  0.000  0.909     0.00     0.00     0.00     0.00     0.00 -1 -1.79e-05      0.00 3.418e-01 6.433e-01 9.340e-05 9.648e-03 1.371e-04 -1.000 1.493e-02 -10.221 -7.797 -7.937 -7.552
0.0152 0.01508 6.55000 66.5230560303 2.6332507786   39.102  5.999  4.4395  2.741    0  0.000  0.911     0.00     0.00     0.00     0.00     0.00 -1  -1.3e-05      0.00 3.400e-01 6.451e-01 9.350e-05 9.648e-03 1.369e-04 -1.000 1.495e-02 -10.227 -7.762 -7.905 -7.511
0.0152 0.01508 6.55000 66.6134567261 2.6332519906   39.110  6.002  4.4555  2.803    0  0.000  0.912     0.00     0.00     0.00     0.00     0.00 -1 -1.42e-05      0.00 3.388e-01 6.462e-01 9.357e-05 9.648e-03 1.369e-04 -1.000 1.496e-02 -10.234 -7.704 -7.849 -7.449
0.0152 0.01508 6.55000 66.6627883911 2.6332526503   39.118  6.004  4.4694  2.856    0  0.000  0.913     0.00     0.00     0.00     0.00     0.00 -1 -7.22e-06      0.00 3.382e-01 6.468e-01 9.361e-05 9.648e-03 1.368e-04 -1.000 1.494e-02 -10.240 -7.628 -7.776 -7.365
0.0152 0.01508 6.55000 66.6940612793 2.6332530680   39.131  6.006  4.4827  2.907    0  0.000  0.913     0.00     0.00     0.00     0.00     0.00 -1 -6.89e-06      0.00 3.380e-01 6.471e-01 9.363e-05 9.648e-03 1.368e-04 -1.000 1.496e-02 -10.246 -7.557 -7.706 -7.289
0.0152 0.01508 6.55000 66.7157516479 2.6332533574   39.142  6.009  4.4966  2.960    0  0.000  0.914     0.00     0.00     0.00     0.00     0.00 -1 -7.74e-06      0.00 3.379e-01 6.472e-01 9.365e-05 9.648e-03 1.368e-04 -1.000 1.496e-02 -10.252 -7.482 -7.634 -7.209
0.0152 0.01508 6.55000 66.7280883789 2.6332535220   39.148  6.011  4.5087  3.006    0  0.000  0.914     0.00     0.00     0.00     0.00     0.00 -1 -8.47e-06      0.00 3.378e-01 6.472e-01 9.365e-05 9.648e-03 1.368e-04 -1.000 1.496e-02 -10.258 -7.411 -7.563 -7.135
0.0152 0.01508 6.55000 66.7379226685 2.6332536531   39.152  6.014  4.5225  3.059    0  0.000  0.914     0.00     0.00     0.00     0.00     0.00 -1 -9.43e-06      0.00 3.378e-01 6.473e-01 9.366e-05 9.648e-03 1.368e-04 -1.000 1.497e-02 -10.265 -7.326 -7.480 -7.048
0.0152 0.01508 6.55000 66.7455596924 2.6332537548   39.155  6.017  4.5376  3.116    0  0.000  0.914     0.00     0.00     0.00     0.00     0.00 -1 -1.05e-05      0.00 3.377e-01 6.474e-01 9.366e-05 9.648e-03 1.368e-04 -1.000 1.493e-02 -10.273 -7.235 -7.390 -6.954
0.0152 0.01508 6.55000 66.7510986328 2.6332538286   39.157  6.020  4.5513  3.168    0  0.000  0.914     0.00     0.00     0.00     0.00     0.00 -1 -1.14e-05      0.00 3.377e-01 6.474e-01 9.367e-05 9.648e-03 1.368e-04 -1.000 1.493e-02 -10.280 -7.152 -7.308 -6.868
0.0152 0.01508 6.55000 66.7559432983 2.6332538932   39.159  6.023  4.5635  3.214    0  0.000  0.914     0.00     0.00     0.00     0.00     0.00 -1 -1.23e-05      0.00 3.377e-01 6.474e-01 9.367e-05 9.648e-03 1.368e-04 -1.000 1.493e-02 -10.287 -7.069 -7.226 -6.783
0.0152 0.01508 6.55000 66.7567291260 2.6332539036   39.159  6.023  4.5655  3.221    0  0.000  0.914     0.00     0.00     0.00     0.00     0.00 -1 -1.24e-05      0.00 3.377e-01 6.474e-01 9.367e-05 9.648e-03 1.368e-04 -1.000 1.493e-02 -10.289 -7.056 -7.213 -6.769
0.0152 0.01508 6.55000 66.7615585327 2.6332539679   39.161  6.027  4.5764  3.262    1  0.000  0.914     0.00     0.00     0.00     0.00     0.00 -1 -1.31e-05      0.00 3.376e-01 6.474e-01 9.367e-05 9.648e-03 1.368e-04 -1.000 1.493e-02 -10.296 -6.984 -7.141 -6.697
0.0152 0.01508 6.55000 66.7674484253 2.6332540464   39.162  6.030  4.5885  3.307    1  0.000  0.914     0.00     0.00     0.00     0.00     0.00 -1 -1.39e-05      0.00 3.376e-01 6.475e-01 9.368e-05 9.648e-03 1.368e-04 -1.000 1.494e-02 -10.305 -6.906 -7.063 -6.619
0.0152 0.01508 6.55000 66.7745285034 2.6332541406   39.165  6.034  4.6015  3.355    1  0.000  0.914     0.00     0.00     0.00     0.00     0.00 -1 -1.47e-05      0.00 3.376e-01 6.475e-01 9.368e-05 9.648e-03 1.368e-04 -1.000 1.494e-02 -10.316 -6.823 -6.980 -6.536
0.0152 0.01508 6.55000 66.7820968628 2.6332542414   39.166  6.038  4.6137  3.399    1  0.000  0.914     0.00     0.00     0.00     0.00     0.00 -1 -1.53e-05      0.00 3.375e-01 6.475e-01 9.369e-05 9.648e-03 1.368e-04 -1.000 1.493e-02 -10.326 -6.750 -6.907 -6.465
0.0152 0.01508 6.55000 66.7903213501 2.6332543508   39.168  6.042  4.6245  3.438    1  0.000  0.914     0.00     0.00     0.00     0.00     0.00 -1 -1.59e-05      0.00 3.374e-01 6.476e-01 9.369e-05 9.648e-03 1.368e-04 -1.000 1.496e-02 -10.336 -6.686 -6.843 -6.402
0.0152 0.01508 6.55000 66.8084259033 2.6332545916   39.172  6.047  4.6321  3.464    1  0.000  0.915     0.00     0.00     0.00     0.00     0.00 -1 -1.64e-05      0.00 3.373e-01 6.477e-01 9.371e-05 9.648e-03 1.367e-04 -1.000 1.497e-02 -10.349 -6.648 -6.804 -6.365
0.0152 0.01508 6.55000 66.8232803345 2.6332547890   39.176  6.051  4.6296  3.451    1  0.000  0.915     0.00     0.00     0.00     0.00     0.00 -1 -1.67e-05      0.00 3.372e-01 6.479e-01 9.372e-05 9.648e-03 1.367e-04 -1.000 1.495e-02 -10.356 -6.674 -6.830 -6.391
0.0152 0.01508 6.55000 66.8298034668 2.6332548757   39.178  6.052  4.6207  3.414    1  0.000  0.915     0.00     0.00     0.00     0.00     0.00 -1 -1.67e-05      0.00 3.372e-01 6.479e-01 9.372e-05 9.648e-03 1.367e-04 -1.000 1.493e-02 -10.359 -6.739 -6.895 -6.456
0.0152 0.01508 6.55000 66.8341293335 2.6332549332   39.179  6.052  4.6119  3.378    1  0.000  0.915     0.00     0.00     0.00     0.00     0.00 -1 -1.65e-05      0.00 3.371e-01 6.479e-01 9.374e-05 9.648e-03 1.367e-04 -1.000 1.493e-02 -10.361 -6.801 -6.958 -6.518
0.0152 0.01508 6.55000 66.8384933472 2.6332549912   39.179  6.054  4.5996  3.328    1  0.000  0.915     0.00     0.00     0.00     0.00     0.00 -1 -1.62e-05      0.00 3.371e-01 6.480e-01 9.374e-05 9.648e-03 1.367e-04 -1.000 1.497e-02 -10.364 -6.889 -7.045 -6.605
0.0152 0.01508 6.55000 66.8406982422 2.6332550204   39.180  6.054  4.5923  3.298    1  0.000  0.915     0.00     0.00     0.00     0.00     0.00 -1  -1.6e-05      0.00 3.371e-01 6.480e-01 9.374e-05 9.648e-03 1.367e-04 -1.000 1.497e-02 -10.366 -6.942 -7.098 -6.658
0.0152 0.01508 6.55000 66.8429031372 2.6332550497   39.181  6.055  4.5838  3.263    1  0.000  0.915     0.00     0.00     0.00     0.00     0.00 -1 -1.58e-05      0.00 3.370e-01 6.480e-01 9.374e-05 9.648e-03 1.367e-04 -1.000 1.497e-02 -10.368 -7.005 -7.161 -6.722
0.0152 0.01508 6.55000 66.8450698853 2.6332550785   39.182  6.056  4.5749  3.226    1  0.000  0.915     0.00     0.00     0.00     0.00     0.00 -1 -1.54e-05      0.00 3.370e-01 6.480e-01 9.374e-05 9.648e-03 1.367e-04 -1.000 1.496e-02 -10.370 -7.072 -7.228 -6.790
0.0152 0.01508 6.55000 66.8472747803 2.6332551078   39.182  6.057  4.5646  3.184    1  0.000  0.915     0.00     0.00     0.00     0.00     0.00 -1  -1.5e-05      0.00 3.370e-01 6.480e-01 9.374e-05 9.648e-03 1.367e-04 -1.000 1.496e-02 -10.372 -7.150 -7.305 -6.868
0.0152 0.01508 6.55000 66.8494415283 2.6332551366   39.183  6.058  4.5532  3.138    1  0.000  0.915     0.00     0.00     0.00     0.00     0.00 -1 -1.45e-05      0.00 3.370e-01 6.481e-01 9.375e-05 9.648e-03 1.367e-04 -1.000 1.496e-02 -10.375 -7.235 -7.390 -6.953
0.0152 0.01508 6.55000 66.8516159058 2.6332551654   39.183  6.059  4.5406  3.086    1  0.000  0.915     0.00     0.00     0.00     0.00     0.00 -1 -1.37e-05      0.00 3.370e-01 6.481e-01 9.375e-05 9.648e-03 1.367e-04 -1.000 1.496e-02 -10.378 -7.322 -7.477 -7.042
0.0152 0.01508 6.55000 66.8537979126 2.6332551944   39.184  6.060  4.5265  3.029    1  0.000  0.915     0.00     0.00     0.00     0.00     0.00 -1 -1.29e-05      0.00 3.370e-01 6.481e-01 9.375e-05 9.648e-03 1.367e-04 -1.000 1.496e-02 -10.381 -7.417 -7.571 -7.139
0.0152 0.01508 6.55000 66.8559570312 2.6332552230   39.185  6.061  4.5111  2.966    1  0.000  0.915     0.00     0.00     0.00     0.00     0.00 -1  -1.2e-05      0.00 3.369e-01 6.481e-01 9.375e-05 9.648e-03 1.367e-04 -1.000 1.494e-02 -10.384 -7.521 -7.674 -7.245
0.0152 0.01508 6.55000 66.8581161499 2.6332552517   39.185  6.063  4.4943  2.898    1  0.000  0.915     0.00     0.00     0.00     0.00     0.00 -1 -1.49e-05      0.00 3.369e-01 6.481e-01 9.375e-05 9.648e-03 1.367e-04 -1.000 1.493e-02 -10.387 -7.632 -7.783 -7.363
0.0152 0.01508 6.55000 66.8602905273 2.6332552806   39.185  6.064  4.4758  2.822    1  0.000  0.915     0.00     0.00     0.00     0.00     0.00 -1 -1.84e-05      0.00 3.369e-01 6.482e-01 9.375e-05 9.648e-03 1.367e-04 -1.000 1.493e-02 -10.390 -7.747 -7.894 -7.487
0.0152 0.01508 6.55000 66.8624725342 2.6332553095   39.184  6.065  4.4552  2.739    1  0.000  0.915     0.00     0.00     0.00     0.00     0.00 -1 -2.93e-05      0.00 3.368e-01 6.482e-01 9.375e-05 9.648e-03 1.367e-04 -1.000 1.493e-02 -10.393 -7.888 -8.029 -7.647
0.0152 0.01508 6.55000 66.8646240234 2.6332553381   39.177  6.068  4.4587  2.750    1  0.000  0.920     0.00     0.00     0.00     0.00     0.00 -1 -3.83e-05      0.00 3.304e-01 6.547e-01 9.395e-05 9.649e-03 1.362e-04 -1.000 1.494e-02 -10.400 -7.894 -8.031 -7.663
0.0152 0.01508 6.55000 66.8696975708 2.6332554054   39.160  6.074  4.4755  2.811    1  0.000  0.930     0.00     0.00     0.00     0.00     0.00 -1 -6.76e-05      0.00 3.136e-01 6.714e-01 9.430e-05 9.650e-03 1.353e-04 -1.000 1.497e-02 -10.414 -7.884 -8.012 -7.686
0.0152 0.01508 6.55000 66.8718643188 2.6332554341   39.159  6.074  4.4595  2.747    1  0.000  0.930     0.00     0.00     0.00     0.00     0.00 -1 -2.35e-05      0.00 3.136e-01 6.715e-01 9.430e-05 9.650e-03 1.353e-04 -1.000 1.494e-02 -10.416 -7.874 -8.018 -7.623
0.0152 0.01508 6.55000 66.8741836548 2.6332554649   39.159  6.075  4.4384  2.661    1  0.000  0.930     0.00     0.00     0.00     0.00     0.00 -1 -2.23e-05      0.00 3.135e-01 6.716e-01 9.431e-05 9.650e-03 1.353e-04 -1.000 1.494e-02 -10.419 -7.959 -8.101 -7.712
0.0152 0.01508 6.55000 66.8765106201 2.6332554958   39.142  6.078  4.4457  2.688    1  0.000  0.935     0.00     0.00     0.00     0.00     0.00 -1 -7.01e-05      0.00 3.070e-01 6.781e-01 9.454e-05 9.650e-03 1.349e-04 -1.000 1.494e-02 -10.425 -8.042 -8.169 -7.845
0.0152 0.01508 6.55000 66.8788681030 2.6332555271   39.140  6.079  4.4244  2.601    1  0.000  0.935     0.00     0.00     0.00     0.00     0.00 -1 -3.58e-05      0.00 3.070e-01 6.781e-01 9.454e-05 9.650e-03 1.349e-04 -1.000 1.494e-02 -10.427 -8.019 -8.157 -7.784
0.0152 0.01508 6.55000 66.8812179565 2.6332555582   39.139  6.080  4.3994  2.500    1  0.000  0.935     0.00     0.00     0.00     0.00     0.00 -1  -3.5e-05      0.00 3.069e-01 6.782e-01 9.454e-05 9.650e-03 1.349e-04 -1.000 1.494e-02 -10.430 -8.079 -8.216 -7.846
0.0152 0.01508 6.55000 66.8835830688 2.6332555896   39.118  6.083  4.4026  2.510    1  0.000  0.939     0.00     0.00     0.00     0.00     0.00 -1 -0.000145      0.00 3.003e-01 6.848e-01 9.470e-05 9.651e-03 1.346e-04 -1.000 1.495e-02 -10.436 -8.213 -8.328 -8.048
0.0152 0.01508 6.55000 66.8876647949 2.6332556437   39.070  6.084  4.3690  2.373    1  0.000  0.940     0.00     0.00     0.00     0.00     0.00 -1  -0.00021      0.00 2.984e-01 6.866e-01 9.477e-05 9.651e-03 1.344e-04 -1.000 1.497e-02 -10.441 -8.237 -8.350 -8.078
0.0152 0.01508 6.55000 66.8900985718 2.6332556760   39.030  6.086  4.3471  2.284    1  0.000  0.942     0.00     0.00     0.00     0.00     0.00 -1 -0.000397      0.00 2.968e-01 6.882e-01 9.483e-05 9.651e-03 1.343e-04 -1.000 1.499e-02 -10.444 -8.263 -8.373 -8.112
0.0152 0.01508 6.55000 66.8926086426 2.6332557093   38.983  6.087  4.3210  2.178    1  0.000  0.943     0.00     0.00     0.00     0.00     0.00 -1 -0.000555      0.00 2.951e-01 6.900e-01 9.489e-05 9.651e-03 1.342e-04 -1.000 1.495e-02 -10.447 -8.268 -8.377 -8.117
0.0152 0.01508 6.55000 66.8951568604 2.6332557430   38.931  6.088  4.2894  2.049    1  0.000  0.944     0.00     0.00     0.00     0.00     0.00 -1 -0.000702      0.00 2.932e-01 6.918e-01 9.494e-05 9.651e-03 1.341e-04 -1.000 1.493e-02 -10.451 -8.703 -8.812 -8.512
0.0152 0.01508 6.55000 66.8979797363 2.6332557805   38.875  6.090  4.2449  1.869    1  0.000  0.945     0.00     0.00     0.00     0.00     0.00 -1 -0.000754      0.00 2.912e-01 6.938e-01 9.501e-05 9.651e-03 1.340e-04 -1.000 1.496e-02 -10.455 -8.954 -9.049 -8.789
0.0152 0.01508 6.55000 66.9009017944 2.6332558192   38.822  6.092  4.1797  1.606    1  0.000  0.947     0.00     0.00     0.00     0.00     0.00 -1 -0.000679      0.00 2.894e-01 6.957e-01 9.508e-05 9.651e-03 1.339e-04 -1.000 1.496e-02 -10.459 -9.314 -9.390 -9.185
0.0152 0.01508 6.55000 66.9039077759 2.6332558590   38.775  6.093  4.0928  1.257    1  0.000  0.948     0.00     0.00     0.00     0.00     0.00 -1 -0.000562      0.00 2.878e-01 6.972e-01 9.514e-05 9.651e-03 1.338e-04 -1.000 1.496e-02 -10.463 -9.799 -9.847 -9.722
0.0152 0.01508 6.55000 66.9069519043 2.6332558994   38.739  6.095  3.9680  0.755    1  0.000  0.949     0.00     0.00     0.00     0.00     0.00 -1 -0.000423      0.00 2.873e-01 6.978e-01 9.516e-05 9.651e-03 1.338e-04 -1.000 1.496e-02 -10.467 -10.391 -10.389 -10.407
0.0152 0.01508 6.55000 66.9095382690 2.6332559336   38.717  6.096  3.9085  0.516    1  0.000  0.949     0.00     0.00     0.00     0.00     0.00 -1 -0.000329      0.00 2.871e-01 6.979e-01 9.517e-05 9.651e-03 1.338e-04 -1.000 1.495e-02 -10.470 -10.577 -10.529 -10.683
0.0152 0.01508 6.55000 66.9114913940 2.6332559595   38.701  6.097  3.8837  0.415    1  0.000  0.949     0.00     0.00     0.00     0.00     0.00 -1 -0.000307      0.00 2.869e-01 6.981e-01 9.517e-05 9.651e-03 1.338e-04 -1.000 1.494e-02 -10.472 -10.639 -10.574 -10.773
0.0152 0.01508 6.55000 66.9126815796 2.6332559753   38.691  6.098  3.8689  0.356    1  0.000  0.949     0.00     0.00     0.00     0.00     0.00 -1 -0.000294      0.00 2.868e-01 6.982e-01 9.517e-05 9.651e-03 1.338e-04 -1.000 1.494e-02 -10.474 -10.660 -10.576 -10.826
0.0152 0.01508 6.55000 66.9151916504 2.6332560085   38.673  6.099  3.8553  0.300    1  0.000  0.949     0.00     0.00     0.00     0.00     0.00 -1 -0.000284      0.00 2.863e-01 6.987e-01 9.518e-05 9.651e-03 1.338e-04 -1.000 1.496e-02 -10.477 -10.676 -10.579 -10.863
0.0152 0.01508 6.55000 66.9202041626 2.6332560749   38.639  6.101  3.8464  0.261    1  0.000  0.950     0.00     0.00     0.00     0.00     0.00 -1 -0.000277      0.00 2.848e-01 7.002e-01 9.524e-05 9.651e-03 1.337e-04 -1.000 1.499e-02 -10.483 -10.686 -10.575 -10.896
0.0152 0.01508 6.55000 66.9302368164 2.6332562078   38.570  6.106  3.8369  0.218    1  0.000  0.954     0.00     0.00     0.00     0.00     0.00 -1 -0.000275      0.00 2.808e-01 7.042e-01 9.541e-05 9.652e-03 1.334e-04 -1.000 1.497e-02 -10.495 -10.700 -10.573 -10.937
0.0152 0.01508 6.55000 66.9495468140 2.6332564634   38.437  6.114  3.8246  0.159    1  0.000  0.959     0.00     0.00     0.00     0.00     0.00 -1 -0.000278      0.00 2.742e-01 7.108e-01 9.573e-05 9.652e-03 1.331e-04 -1.000 1.493e-02 -10.515 -10.720 -10.567 -10.995
0.0152 0.01508 6.55000 66.9712829590 2.6332567509   38.284  6.121  3.8142  0.109    1  0.000  0.965     0.00     0.00     0.00     0.00     0.00 -1 -0.000282      0.00 2.680e-01 7.171e-01 9.604e-05 9.652e-03 1.327e-04 -1.000 1.494e-02 -10.533 -10.736 -10.559 -11.044
0.0152 0.01508 6.55000 67.0442733765 2.6332577147   37.738  6.133  3.8092  0.070    1  0.000  0.984     0.00     0.00     0.00     0.00     0.00 -1 -0.000302      0.00 2.464e-01 7.386e-01 9.704e-05 9.653e-03 1.314e-04 -1.000 1.498e-02 -10.564 -10.767 -10.577 -11.092
0.0152 0.01508 6.55000 67.1115722656 2.6332586013   37.210  6.140  3.8167  0.087    1  0.000  1.002     0.00     0.00     0.00     0.00     0.00 -1 -0.000323      0.00 2.254e-01 7.597e-01 9.781e-05 9.656e-03 1.302e-04  4.801 1.495e-02 -10.580 -10.784 -10.613 -11.084
0.0152 0.01508 6.55000 67.1738128662 2.6332594194   36.677  6.146  3.8342  0.146    1  0.000  0.995     0.00     0.00     0.00     0.00     0.00 -1 -0.000346      0.00 2.009e-01 7.841e-01 9.590e-05 9.661e-03 1.286e-04 -1.000 1.496e-02 -10.594 -10.800 -10.667 -11.044
0.0152 0.01508 6.55000 67.2311935425 2.6332601721   36.140  6.150  3.9047  0.417    1  0.000  0.972     0.00     0.00     0.00     0.00     0.00 -1 -0.000344      0.00 1.792e-01 8.058e-01 9.262e-05 9.669e-03 1.273e-04 -1.000 1.495e-02 -10.604 -10.724 -10.675 -10.830
0.0152 0.01508 6.55000 67.2391586304 2.6332602764   36.061  6.150  3.9599  0.637    1  0.000  0.978     0.00     0.00     0.00     0.00     0.00 -1 -0.000333      0.00 1.751e-01 8.100e-01 9.283e-05 9.670e-03 1.270e-04 -1.000 1.495e-02 -10.605 -10.554 -10.545 -10.586
0.0152 0.01508 6.55000 67.2446136475 2.6332603479   36.007  6.151  4.0298  0.915    1  0.000  0.992     0.00     0.00     0.00     0.00     0.00 -1 -0.000307      0.00 1.696e-01 8.155e-01 9.375e-05 9.669e-03 1.265e-04 -1.000 1.495e-02 -10.607 -10.254 -10.275 -10.231
0.0152 0.01508 6.55000 67.2476196289 2.6332603872   35.977  6.151  4.0684  1.069    1  0.000  1.000     0.00     0.00     0.00     0.00     0.00 -1 -0.000293      0.00 1.665e-01 8.185e-01 9.426e-05 9.668e-03 1.263e-04 -1.000 1.495e-02 -10.608 -10.059 -10.093 -10.013
0.0152 0.01508 6.55000 67.2498550415 2.6332604165   35.954  6.151  4.0972  1.183    1  0.000  1.006     0.00     0.00     0.00     0.00     0.00 -1 -0.000284      0.00 1.643e-01 8.208e-01 9.464e-05 9.668e-03 1.261e-04  4.346 1.496e-02 -10.609 -9.921 -9.970 -9.841
0.0152 0.01508 6.55000 67.2507324219 2.6332604280   35.946  6.152  4.1085  1.228    1  0.000  1.008     0.00     0.00     0.00     0.00     0.00 -1  -0.00028      0.00 1.634e-01 8.217e-01 9.479e-05 9.668e-03 1.261e-04  5.097 1.496e-02 -10.609 -9.860 -9.913 -9.773
0.0152 0.01508 6.55000 67.2519454956 2.6332604439   35.934  6.152  4.1241  1.290    1  0.000  1.012     0.00     0.00     0.00     0.00     0.00 -1 -0.000275      0.00 1.622e-01 8.229e-01 9.500e-05 9.668e-03 1.260e-04  5.429 1.496e-02 -10.609 -9.769 -9.825 -9.679
0.0152 0.01508 6.55000 67.2536544800 2.6332604663   35.917  6.152  4.1462  1.378    1  0.000  1.016     0.00     0.00     0.00     0.00     0.00 -1 -0.000268      0.00 1.604e-01 8.246e-01 9.529e-05 9.668e-03 1.258e-04  5.677 1.496e-02 -10.610 -9.639 -9.699 -9.546
0.0152 0.01508 6.55000 67.2560729980 2.6332604979   35.894  6.152  4.1856  1.535    1  0.000  1.024     0.00     0.00     0.00     0.00     0.00 -1 -0.000259      0.00 1.574e-01 8.276e-01 9.580e-05 9.667e-03 1.256e-04  5.929 1.496e-02 -10.611 -9.433 -9.511 -9.301
0.0152 0.01508 6.55000 67.2594985962 2.6332605428   35.863  6.153  4.2604  1.833    1  0.000  1.038     0.00     0.00     0.00     0.00     0.00 -1 -0.000248      0.00 1.516e-01 8.334e-01 9.675e-05 9.666e-03 1.251e-04  6.204 1.497e-02 -10.613 -9.030 -9.130 -8.858
0.0152 0.01508 6.55000 67.2643508911 2.6332606063   35.827  6.154  4.3393  2.147    1  0.000  1.052     0.00     0.00     0.00     0.00     0.00 -1 -0.000216      0.00 1.455e-01 8.395e-01 9.767e-05 9.665e-03 1.246e-04  6.382 1.498e-02 -10.616 -8.332 -8.451 -8.154
0.0152 0.01508 6.55000 67.2808990479 2.6332608229   35.759  6.152  4.3710  2.275    1  0.000  1.055     0.00     0.00     0.00     0.00     0.00 -1 -0.000179      0.00 1.437e-01 8.414e-01 9.795e-05 9.665e-03 1.245e-04  6.425 1.497e-02 -10.611 -8.323 -8.442 -8.144
0.0152 0.01508 6.55000 67.3083267212 2.6332611815   35.609  6.151  4.5697  3.069    1  0.000  1.053     0.00     0.00     0.00     0.00     0.00 -1 -0.000233      0.00 1.343e-01 8.507e-01 9.753e-05 9.667e-03 1.239e-04  6.459 1.496e-02 -10.608 -7.965 -8.056 -7.863
0.0152 0.01508 6.55000 67.3533325195 2.6332617693   35.456  6.148  4.6471  3.380    1  0.000  1.070     0.00     0.00     0.00     0.00     0.00 -1 -9.43e-05      0.00 1.324e-01 8.526e-01 9.917e-05 9.666e-03 1.237e-04  6.606 1.495e-02 -10.601 -7.141 -7.259 -6.961
0.0152 0.01508 6.55000 67.3824844360 2.6332621495   35.405  6.147  4.6725  3.481    1  0.000  1.075     0.00     0.00     0.00     0.00     0.00 -1 -9.04e-05      0.00 1.314e-01 8.536e-01 9.967e-05 9.666e-03 1.236e-04  6.647 1.495e-02 -10.598 -6.993 -7.110 -6.817
0.0152 0.01508 6.55000 67.4116363525 2.6332625294   35.353  6.147  4.7043  3.609    1  0.000  1.086     0.00     0.00     0.00     0.00     0.00 -1    -9e-05      0.00 1.269e-01 8.582e-01 1.005e-04 9.666e-03 1.232e-04  6.727 1.497e-02 -10.597 -6.843 -6.957 -6.676
0.0152 0.01508 6.55000 67.4408111572 2.6332629091   35.301  6.146  4.7226  3.683    1  0.000  1.086     0.00     0.00     0.00     0.00     0.00 -1 -9.08e-05      0.00 1.266e-01 8.585e-01 1.005e-04 9.666e-03 1.231e-04  6.728 1.497e-02 -10.594 -6.763 -6.874 -6.603
0.0152 0.01508 6.55000 67.4700241089 2.6332632890   35.249  6.144  4.7390  3.749    1  0.000  1.088     0.00     0.00     0.00     0.00     0.00 -1 -9.09e-05      0.00 1.263e-01 8.587e-01 1.006e-04 9.665e-03 1.230e-04  6.737 1.497e-02 -10.591 -6.688 -6.797 -6.535
0.0152 0.01508 6.55000 67.4992980957 2.6332636694   35.197  6.143  4.7559  3.817    1  0.000  1.092     0.00     0.00     0.00     0.00     0.00 -1  -9.1e-05      0.00 1.255e-01 8.595e-01 1.009e-04 9.665e-03 1.230e-04  6.761 1.497e-02 -10.588 -6.612 -6.718 -6.466
0.0152 0.01508 6.55000 67.5285491943 2.6332640490   35.145  6.144  4.8080  4.024    1  0.000  1.119     0.00     0.00     0.00     0.00     0.00 -1 -9.07e-05      0.00 1.117e-01 8.734e-01 1.024e-04 9.664e-03 1.220e-04  6.912 1.495e-02 -10.590 -6.389 -6.487 -6.262
0.0152 0.01508 6.55000 67.5578308105 2.6332644286   35.092  6.142  4.8238  4.088    1  0.000  1.120     0.00     0.00     0.00     0.00     0.00 -1 -9.37e-05      0.00 1.104e-01 8.746e-01 1.024e-04 9.663e-03 1.219e-04  6.918 1.495e-02 -10.585 -6.334 -6.428 -6.216
0.0152 0.01508 6.55000 67.5871124268 2.6332648079   35.037  6.140  4.8353  4.135    1  0.000  1.125     0.00     0.00     0.00     0.00     0.00 -1 -9.29e-05      0.00 1.102e-01 8.749e-01 1.026e-04 9.664e-03 1.218e-04  6.930 1.495e-02 -10.581 -6.275 -6.368 -6.161
0.0152 0.01508 6.55000 67.6164245605 2.6332651872   34.983  6.139  4.8466  4.182    1  0.000  1.123     0.00     0.00     0.00     0.00     0.00 -1 -9.25e-05      0.00 1.100e-01 8.750e-01 1.022e-04 9.665e-03 1.218e-04  6.916 1.495e-02 -10.576 -6.221 -6.313 -6.112
0.0152 0.01508 6.55000 67.6459426880 2.6332655688   34.931  6.137  4.8578  4.228    1  0.000  1.113     0.00     0.00     0.00     0.00     0.00 -1 -9.21e-05      0.00 1.100e-01 8.751e-01 1.010e-04 9.665e-03 1.217e-04  6.868 1.496e-02 -10.572 -6.164 -6.254 -6.056
0.0152 0.01508 6.55000 67.6755294800 2.6332659509   34.877  6.135  4.8689  4.274    1  0.000  1.095     0.00     0.00     0.00     0.00     0.00 -1 -9.19e-05      0.00 1.099e-01 8.751e-01 9.918e-05 9.668e-03 1.217e-04  6.777 1.498e-02 -10.566 -6.107 -6.197 -6.001
0.0152 0.01508 6.55000 67.7052154541 2.6332663338   34.825  6.132  4.8798  4.319    1  0.000  1.070     0.00     0.00     0.00     0.00     0.00 -1 -9.13e-05      0.00 1.099e-01 8.751e-01 9.665e-05 9.672e-03 1.217e-04  6.608 1.498e-02 -10.561 -6.047 -6.136 -5.943
0.0152 0.01508 6.55000 67.7349853516 2.6332667175   34.772  6.130  4.8906  4.364    1  0.000  1.039     0.00     0.00     0.00     0.00     0.00 -1 -9.02e-05      0.00 1.099e-01 8.751e-01 9.368e-05 9.676e-03 1.217e-04  6.257 1.500e-02 -10.555 -5.984 -6.072 -5.881
0.0152 0.01508 6.55000 67.7648468018 2.6332671020   34.719  6.127  4.9012  4.408    1  0.000  1.007     0.00     0.00     0.00     0.00     0.00 -1 -8.99e-05      0.00 1.099e-01 8.751e-01 9.067e-05 9.681e-03 1.217e-04 -1.000 1.498e-02 -10.548 -5.933 -6.019 -5.832
0.0152 0.01508 6.55000 67.7948303223 2.6332674876   34.668  6.125  4.9116  4.452    1  0.000  0.976     0.00     0.00     0.00     0.00     0.00 -1 -8.94e-05      0.00 1.099e-01 8.751e-01 8.788e-05 9.685e-03 1.217e-04 -1.000 1.497e-02 -10.542 -5.882 -5.969 -5.781
0.0152 0.01508 6.55000 67.8249282837 2.6332678743   34.615  6.122  4.9218  4.495    1  0.000  0.950     0.00     0.00     0.00     0.00     0.00 -1 -8.85e-05      0.00 1.099e-01 8.751e-01 8.562e-05 9.688e-03 1.217e-04 -1.000 1.496e-02 -10.535 -5.827 -5.914 -5.726
0.0152 0.01508 6.55000 67.8551483154 2.6332682622   34.565  6.119  4.9318  4.537    1  0.000  0.925     0.00     0.00     0.00     0.00     0.00 -1 -8.72e-05      0.00 1.099e-01 8.751e-01 8.363e-05 9.691e-03 1.217e-04 -1.000 1.497e-02 -10.527 -5.768 -5.856 -5.666
0.0152 0.01508 6.55000 67.8855056763 2.6332686515   34.515  6.116  4.9415  4.578    1  0.000  0.904     0.00     0.00     0.00     0.00     0.00 -1 -8.65e-05      0.00 1.099e-01 8.751e-01 8.193e-05 9.694e-03 1.218e-04 -1.000 1.497e-02 -10.519 -5.716 -5.803 -5.614
0.0152 0.01508 6.55000 67.9160232544 2.6332690424   34.464  6.112  4.9510  4.619    1  0.000  0.885     0.00     0.00     0.00     0.00     0.00 -1  -8.6e-05      0.00 1.099e-01 8.751e-01 8.048e-05 9.697e-03 1.218e-04 -1.000 1.497e-02 -10.511 -5.665 -5.752 -5.564
0.0152 0.01508 6.55000 67.9466857910 2.6332694347   34.414  6.109  4.9602  4.659    1  0.000  0.870     0.00     0.00     0.00     0.00     0.00 -1 -8.51e-05      0.00 1.099e-01 8.751e-01 7.934e-05 9.699e-03 1.218e-04 -1.000 1.498e-02 -10.503 -5.615 -5.702 -5.513
0.0152 0.01508 6.55000 68.0085678101 2.6332702253   34.315  6.102  4.9778  4.735    1  0.000  0.856     0.00     0.00     0.00     0.00     0.00 -1 -8.35e-05      0.00 1.098e-01 8.752e-01 7.842e-05 9.700e-03 1.220e-04 -1.000 1.497e-02 -10.485 -5.518 -5.606 -5.413
0.0152 0.01508 6.55000 68.0712432861 2.6332710244   34.218  6.094  4.9940  4.806    1  0.000  0.860     0.00     0.00     0.00     0.00     0.00 -1 -8.15e-05      0.00 1.095e-01 8.755e-01 7.906e-05 9.699e-03 1.221e-04 -1.000 1.498e-02 -10.466 -5.423 -5.512 -5.316
0.0152 0.01508 6.55000 68.1348571777 2.6332718336   34.123  6.087  5.0089  4.872    1  0.000  0.877     0.00     0.00     0.00     0.00     0.00 -1 -7.98e-05      0.00 1.090e-01 8.760e-01 8.080e-05 9.697e-03 1.224e-04 -1.000 1.498e-02 -10.447 -5.304 -5.400 -5.169
0.0152 0.01508 6.55000 68.1995086670 2.6332726543   34.029  6.079  5.0223  4.932    1  0.000  0.895     0.00     0.00     0.00     0.00     0.00 -1 -7.81e-05      0.00 1.080e-01 8.770e-01 8.266e-05 9.693e-03 1.227e-04 -1.000 1.494e-02 -10.428 -5.234 -5.330 -5.100
0.0152 0.01508 6.55000 68.2653427124 2.6332734882   33.935  6.072  5.0346  4.987    1  0.000  0.913     0.00     0.00     0.00     0.00     0.00 -1 -7.65e-05      0.00 1.063e-01 8.788e-01 8.442e-05 9.690e-03 1.229e-04 -1.000 1.496e-02 -10.410 -5.167 -5.263 -5.032
0.0152 0.01508 6.55000 68.3324050903 2.6332743358   33.842  6.065  5.0460  5.038    1  0.000  0.932     0.00     0.00     0.00     0.00     0.00 -1 -7.54e-05      0.00 1.030e-01 8.820e-01 8.606e-05 9.689e-03 1.228e-04 -1.000 1.500e-02 -10.394 -5.107 -5.203 -4.972
0.0152 0.01508 6.55000 68.4004592896 2.6332751939   33.749  6.060  5.0566  5.085    1  0.000  0.952     0.00     0.00     0.00     0.00     0.00 -1 -7.47e-05      0.00 9.859e-02 8.864e-01 8.764e-05 9.687e-03 1.223e-04 -1.000 1.497e-02 -10.379 -5.033 -5.130 -4.894
0.0152 0.01508 6.55000 68.4700698853 2.6332760696   33.655  6.055  5.0669  5.130    1  0.000  0.979     0.00     0.00     0.00     0.00     0.00 -1 -7.46e-05      0.00 9.145e-02 8.935e-01 8.919e-05 9.686e-03 1.210e-04 -1.000 1.501e-02 -10.367 -4.980 -5.076 -4.846
0.0152 0.01508 6.55000 68.5408706665 2.6332769582   33.558  6.051  5.0771  5.173    1  0.000  1.012     0.00     0.00     0.00     0.00     0.00 -1 -7.47e-05      0.00 8.203e-02 9.030e-01 9.072e-05 9.685e-03 1.191e-04  6.153 1.498e-02 -10.357 -4.937 -5.031 -4.806
0.0152 0.01508 6.55000 68.6848526001 2.6332787587   33.357  6.045  5.0953  5.249    1  0.000  1.111     0.00     0.00     0.00     0.00     0.00 -1 -7.63e-05      0.00 5.984e-02 9.252e-01 9.491e-05 9.687e-03 1.137e-04  7.127 1.500e-02 -10.343 -4.891 -4.984 -4.763
0.0152 0.01508 6.55000 68.7569961548 2.6332796576   33.254  6.043  5.1032  5.281    1  0.000  1.182     0.00     0.00     0.00     0.00     0.00 -1 -7.74e-05      0.00 4.865e-02 9.364e-01 9.795e-05 9.685e-03 1.104e-04  7.414 1.499e-02 -10.339 -4.873 -4.964 -4.747
0.0152 0.01508 6.55000 68.8283004761 2.6332805440   33.150  6.042  5.1104  5.310    1  0.000  1.242     0.00     0.00     0.00     0.00     0.00 -1 -7.87e-05      0.00 3.790e-02 9.471e-01 1.005e-04 9.684e-03 1.076e-04  7.638 1.499e-02 -10.335 -4.850 -4.940 -4.729
0.0152 0.01508 6.55000 68.8980178833 2.6332814086   33.047  6.041  5.1168  5.336    1  0.000  1.288     0.00     0.00     0.00     0.00     0.00 -1 -7.97e-05      0.00 2.765e-02 9.574e-01 1.026e-04 9.683e-03 1.057e-04  7.847 1.499e-02 -10.332 -4.829 -4.917 -4.711
0.0152 0.01508 6.55000 68.9983215332 2.6332826489   32.895  6.039  5.1245  5.366    1  0.000  1.361     0.00     0.00     0.00     0.00     0.00 -1 -8.12e-05      0.00 1.402e-02 9.710e-01 1.061e-04 9.681e-03 1.032e-04  8.232 1.497e-02 -10.328 -4.810 -4.897 -4.697
0.0152 0.01508 6.55000 69.1550827026 2.6332845791   32.652  6.036  5.1295  5.386    1  0.000  1.548     0.00     0.00     0.00     0.00     0.00 -1 -8.26e-05      0.00 3.653e-03 9.810e-01 4.529e-04 9.657e-03 1.176e-04  9.920 1.534e-02 -10.319 -4.807 -4.892 -4.696
0.0152 0.01508 6.55000 70.0000000000 2.6332948117   31.407  6.019  5.1313  5.394    1  0.000  3.993     0.00     0.00     0.00     0.00     0.00 -1 -7.57e-05      0.00 8.862e-04 9.633e-01 1.943e-02 8.645e-03 1.124e-03 12.242 3.585e-02 -10.276 -4.699 -4.785 -4.587
0.0152 0.01508 6.55000 70.3781967163 2.6332993005   30.942  6.012  5.1319  5.396    1  0.000  4.906     0.00     0.00     0.00     0.00     0.00 -1 -7.31e-05      0.00 5.155e-05 9.562e-01 2.674e-02 8.262e-03 1.531e-03 13.617 4.377e-02 -10.260 -4.657 -4.743 -4.544
0.0152 0.01508 6.55000 72.1213150024 2.6333192916   29.715  6.000  5.1352  5.404    1  0.000 18.931     0.00     0.00     0.00     0.00     0.00 -1 -4.47e-05      0.00 4.538e-13 7.341e-01 2.293e-01 6.472e-04 1.669e-02 22.600 2.659e-01 -10.230 -5.066 -5.203 -4.561
0.0152 0.01508 6.55000 73.6790161133 2.6333362390   28.997  5.997  5.1357  5.399    1  0.000 14.526     0.00     0.00     0.00     0.00     0.00 -1 -3.63e-05      0.00 1.000e-33 6.519e-01 3.000e-01 1.000e-33 2.775e-02 43.367 3.481e-01 -10.221 -4.792 -4.924 -4.366
0.0152 0.01508 6.55000 76.6705322266 2.6333665760   28.249  6.002  5.1411  5.403    2  0.000  9.513     0.00     0.00     0.00     0.00     0.00 -1 -2.72e-05      0.00 1.000e-33 5.502e-01 3.748e-01 1.444e-26 5.447e-02 43.444 4.498e-01 -10.236 -4.396 -4.522 -4.090
0.0152 0.01508 6.55000 76.9820327759 2.6333695794   28.177  6.003  5.1417  5.404    2  0.000  8.990     0.00     0.00     0.00     0.00     0.00 -1 -2.64e-05      0.00 1.000e-33 5.387e-01 3.831e-01 1.703e-26 5.765e-02 43.452 4.613e-01 -10.238 -4.355 -4.482 -4.059
0.0152 0.01508 6.55000 79.0845794678 2.6333891422   28.025  6.014  5.1501  5.424    3  0.000  6.474     0.00     0.01     0.01     0.01     0.01  2 -2.07e-05      0.00 1.000e-33 4.573e-01 4.323e-01 4.060e-26 8.985e-02 43.483 5.427e-01 -10.266 -4.054 -4.182 -3.819
0.0152 0.01508 6.55000 79.1462936401 2.6333896984   28.023  6.015  5.1504  5.424    3  0.000  6.412     0.00     0.01     0.01     0.01     0.01  2 -2.06e-05      0.00 1.000e-33 4.550e-01 4.336e-01 4.107e-26 9.083e-02 43.484 5.450e-01 -10.267 -4.047 -4.176 -3.812
0.0152 0.01508 6.55000 79.3254165649 2.6333913070   28.023  6.016  5.1520  5.429    3  0.000  5.818     0.00     0.01     0.01     0.01     0.01  2 -2.05e-05      0.00 1.000e-33 4.258e-01 4.488e-01 3.220e-26 1.047e-01 43.489 5.742e-01 -10.270 -4.037 -4.167 -3.802
0.0152 0.01508 6.55000 80.0000000000 2.6333972910   28.034  6.022  5.1582  5.449    3  0.000  5.296     0.00     0.01     0.01     0.01     0.01  2 -2.07e-05      0.00 1.000e-33 4.006e-01 4.596e-01 6.277e-26 1.191e-01 43.489 5.994e-01 -10.284 -4.019 -4.150 -3.784
0.0152 0.01508 6.55000 81.0167388916 2.6334060939   28.031  6.029  5.1673  5.478    3  0.000  4.571     0.00     0.01     0.01     0.01     0.01  2 -2.16e-05      0.00 1.000e-33 3.644e-01 4.732e-01 1.144e-25 1.416e-01 43.485 6.356e-01 -10.303 -4.024 -4.157 -3.787
0.0152 0.01508 6.55000 81.7270355225 2.6334120944   27.979  6.036  5.1807  5.524    3  0.000  4.160     0.00     0.01     0.01     0.01     0.00  2 -2.45e-05      0.00 1.000e-33 3.423e-01 4.792e-01 3.126e-25 1.577e-01 43.478 6.577e-01 -10.319 -4.075 -4.205 -3.841
0.0152 0.01508 6.55000 81.7996902466 2.6334127015   27.972  6.036  5.1828  5.531    3  0.000  4.131     0.00     0.01     0.01     0.01     0.00  2 -2.49e-05      0.00 1.000e-33 3.408e-01 4.795e-01 3.088e-25 1.589e-01 43.477 6.592e-01 -10.321 -4.079 -4.209 -3.847
0.0152 0.01508 6.55000 81.9618759155 2.6334140521   27.949  6.040  5.1907  5.560    3  0.000  3.952     0.00     0.01     0.01     0.01     0.00  2 -2.65e-05      0.00 1.000e-33 3.305e-01 4.819e-01 1.608e-26 1.668e-01 43.473 6.695e-01 -10.329 -4.092 -4.220 -3.867
0.0152 0.01508 6.55000 82.0993881226 2.6334151924   27.927  6.045  5.2034  5.605    3  0.000  3.900     0.00     0.01     0.01     0.01     0.00  0 -2.79e-05      0.00 1.000e-33 3.276e-01 4.821e-01 2.243e-26 1.694e-01 43.471 6.724e-01 -10.343 -4.095 -4.220 -3.885
0.0152 0.01508 6.55000 82.1435089111 2.6334155573   27.919  6.050  5.2144  5.643    3  0.000  3.886     0.00     0.01     0.01     0.00     0.00  0 -2.96e-05      0.00 1.000e-33 3.268e-01 4.822e-01 2.306e-26 1.701e-01 43.471 6.732e-01 -10.356 -4.128 -4.249 -3.926
0.0152 0.01508 6.55000 82.1646499634 2.6334157320   27.914  6.056  5.2248  5.679    3  0.000  3.881     0.00     0.01     0.01     0.00     0.00  0 -3.11e-05      0.00 1.000e-33 3.266e-01 4.823e-01 2.299e-26 1.703e-01 43.470 6.734e-01 -10.369 -4.129 -4.247 -3.934
0.0152 0.01508 6.55000 82.1823120117 2.6334158779   27.910  6.061  5.2346  5.713    3  0.000  3.876     0.00     0.01     0.01     0.00     0.00  0 -3.25e-05      0.00 1.000e-33 3.263e-01 4.823e-01 2.291e-26 1.706e-01 43.470 6.737e-01 -10.383 -4.147 -4.265 -3.948
0.0152 0.01508 6.55000 82.2024841309 2.6334160444   27.903  6.067  5.2452  5.749    3  0.000  3.868     0.00     0.01     0.01     0.00     0.00  0 -3.43e-05      0.00 1.000e-33 3.259e-01 4.823e-01 2.282e-26 1.710e-01 43.470 6.741e-01 -10.398 -4.162 -4.277 -3.972
0.0152 0.01508 6.55000 82.2232818604 2.6334162160   27.897  6.073  5.2554  5.784    3  0.000  3.860     0.00     0.01     0.01     0.00     0.00  0 -3.64e-05      0.00 1.000e-33 3.254e-01 4.824e-01 2.278e-26 1.714e-01 43.470 6.746e-01 -10.413 -4.188 -4.300 -4.013
0.0152 0.01508 6.55000 82.2446212769 2.6334163920   27.889  6.079  5.2651  5.816    3  0.000  3.850     0.00     0.01     0.01     0.00     0.00  0 -3.84e-05      0.00 1.000e-33 3.248e-01 4.824e-01 2.415e-26 1.719e-01 43.469 6.752e-01 -10.429 -4.195 -4.305 -4.024
0.0152 0.01508 6.55000 82.2798919678 2.6334166826   27.874  6.090  5.2799  5.865    3  0.000  3.830     0.00     0.00     0.01     0.00     0.00  0 -4.22e-05      0.00 1.000e-33 3.237e-01 4.826e-01 3.277e-26 1.729e-01 43.468 6.763e-01 -10.454 -4.275 -4.382 -4.099
0.0152 0.01508 6.55000 82.3133010864 2.6334169575   27.858  6.100  5.2931  5.908    3  0.000  3.811     0.00     0.00     0.00     0.00     0.00  0 -4.59e-05      0.00 1.000e-33 3.227e-01 4.826e-01 4.191e-26 1.739e-01 43.468 6.773e-01 -10.479 -4.326 -4.431 -4.161
0.0152 0.01508 6.55000 82.3417968750 2.6334171919   27.842  6.110  5.3063  5.949    3  0.000  3.793     0.00     0.00     0.00     0.00     0.00  0 -5.06e-05      0.00 1.000e-33 3.217e-01 4.827e-01 4.420e-26 1.748e-01 43.467 6.783e-01 -10.506 -4.459 -4.559 -4.300
0.0152 0.01508 6.55000 82.3553161621 2.6334173030   27.833  6.121  5.3200  5.994    3  0.000  3.786     0.00     0.00     0.00     0.00     0.00  0 -5.55e-05      0.00 1.000e-33 3.213e-01 4.827e-01 4.376e-26 1.752e-01 43.467 6.787e-01 -10.533 -4.673 -4.769 -4.505
0.0152 0.01508 6.55000 82.3576965332 2.6334173226   27.833  6.128  5.3295  6.024    3  0.000  3.786     0.00     0.00     0.00     0.00     0.00  0 -5.87e-05      0.00 1.000e-33 3.212e-01 4.827e-01 4.372e-26 1.752e-01 43.467 6.788e-01 -10.550 -4.807 -4.900 -4.634
0.0152 0.01508 6.55000 82.3582534790 2.6334173271   27.833  6.131  5.3342  6.040    3  0.000  3.786     0.00     0.00     0.00     0.00     0.00  0 -6.06e-05      0.00 1.000e-33 3.212e-01 4.827e-01 4.371e-26 1.752e-01 43.467 6.788e-01 -10.557 -4.893 -4.987 -4.704
# Zini     MH   logAge Mini        int_IMF         Mass   logL    logTe  logg  label   McoreTP C_O  period0  period1  period2  period3  period4  pmode  Mloss  tau1m   X   Y   Xc  Xn  Xo  Cexcess  Z 	 mbolmag  Gmag    G_BPmag  G_RPmag
0.0152 0.01508 6.60000 0.0900000036 1.0816895926    0.090 -1.674  3.4146  3.676    0  0.000  0.545     0.00     0.00     0.00     0.00     0.00 -1  -1.3e-14      0.00 7.092e-01 2.755e-01 2.746e-03 7.408e-04 6.719e-03 -1.000 1.527e-02 8.954 10.984 13.485 9.538
0.0152 0.01508 6.60000 0.0904463679 1.0859518227    0.090 -1.672  3.4147  3.677    0  0.000  0.545     0.00     0.00     0.00     0.00     0.00 -1  -1.3e-14      0.00 7.092e-01 2.755e-01 2.746e-03 7.408e-04 6.719e-03 -1.000 1.527e-02 8.950 10.979 13.481 9.534
0.0152 0.01508 6.60000 0.1045451388 1.2079894517    0.105 -1.617  3.4202  3.707    0  0.000  0.545     0.00     0.00     0.00     0.00     0.00 -1 -1.33e-14      0.00 7.092e-01 2.755e-01 2.746e-03 7.408e-04 6.719e-03 -1.000 1.527e-02 8.812 10.802 13.266 9.364
0.0152 0.01508 6.60000 0.1127003133 1.2692105709    0.113 -1.583  3.4236  3.719    0  0.000  0.545     0.00     0.00     0.00     0.00     0.00 -1 -1.37e-14      0.00 7.092e-01 2.755e-01 2.746e-03 7.408e-04 6.719e-03 -1.000 1.527e-02 8.727 10.668 13.083 9.241
0.0152 0.01508 6.60000 0.1202937290 1.3212482150    0.120 -1.566  3.4252  3.737    0  0.000  0.545     0.00     0.00     0.00     0.00     0.00 -1 -1.35e-14      0.00 7.092e-01 2.755e-01 2.746e-03 7.408e-04 6.719e-03 -1.000 1.527e-02 8.685 10.602 12.995 9.181
0.0152 0.01508 6.60000 0.1281979978 1.3710648050    0.128 -1.527  3.4295  3.742    0  0.000  0.545     0.00     0.00     0.00     0.00     0.00 -1 -1.42e-14      0.00 7.092e-01 2.755e-01 2.746e-03 7.408e-04 6.719e-03 -1.000 1.527e-02 8.587 10.443 12.771 9.035
0.0152 0.01508 6.60000 0.1360835880 1.4169358586    0.136 -1.498  3.4325  3.752    0  0.000  0.545     0.00     0.00     0.00     0.00     0.00 -1 -1.45e-14      0.00 7.092e-01 2.755e-01 2.746e-03 7.408e-04 6.719e-03 -1.000 1.527e-02 8.515 10.333 12.622 8.933
0.0152 0.01508 6.60000 0.1422813982 1.4506292961    0.142 -1.479  3.4347  3.761    0  0.000  0.545     0.00     0.00     0.00     0.00     0.00 -1 -1.47e-14      0.00 7.092e-01 2.755e-01 2.746e-03 7.408e-04 6.719e-03 -1.000 1.527e-02 8.467 10.257 12.519 8.863
0.0152 0.01508 6.60000 0.1504334211 1.4921489683    0.150 -1.443  3.4389  3.766    0  0.000  0.545     0.00     0.00     0.00     0.00     0.00 -1 -1.54e-14      0.00 7.092e-01 2.755e-01 2.746e-03 7.408e-04 6.719e-03 -1.000 1.527e-02 8.379 10.118 12.328 8.735
0.0152 0.01508 6.60000 0.1584095061 1.5300345475    0.158 -1.418  3.4417  3.774    0  0.000  0.545     0.00     0.00     0.00     0.00     0.00 -1 -1.58e-14      0.00 7.092e-01 2.755e-01 2.746e-03 7.408e-04 6.719e-03 -1.000 1.527e-02 8.314 10.018 12.194 8.644
0.0152 0.01508 6.60000 0.1647921652 1.5586084208    0.165 -1.394  3.4448  3.780    0  0.000  0.545     0.00     0.00     0.00     0.00     0.00 -1 -1.63e-14      0.00 7.092e-01 2.755e-01 2.746e-03 7.408e-04 6.719e-03 -1.000 1.527e-02 8.254 9.923 12.062 8.556
0.0152 0.01508 6.60000 0.1780445278 1.6135880942    0.178 -1.342  3.4508  3.786    0  0.000  0.545     0.00     0.00     0.00     0.00     0.00 -1 -1.75e-14      0.00 7.092e-01 2.755e-01 2.746e-03 7.408e-04 6.719e-03 -1.000 1.527e-02 8.126 9.724 11.789 8.374
0.0152 0.01508 6.60000 0.1890676171 1.6554153025    0.189 -1.310  3.4544  3.794    0  0.000  0.545     0.00     0.00     0.00     0.00     0.00 -1 -1.82e-14      0.00 7.092e-01 2.755e-01 2.746e-03 7.408e-04 6.719e-03 -1.000 1.527e-02 8.044 9.601 11.624 8.261
0.0152 0.01508 6.60000 0.2074763924 1.7186436291    0.207 -1.263  3.4598  3.810    0  0.000  0.545     0.00     0.00     0.00     0.00     0.00 -1 -1.89e-14      0.00 7.092e-01 2.755e-01 2.746e-03 7.408e-04 6.719e-03 -1.000 1.527e-02 7.928 9.423 11.381 8.099
0.0152 0.01508 6.60000 0.2236561328 1.7684725240    0.224 -1.216  3.4655  3.817    0  0.000  0.545     0.00     0.00     0.00     0.00     0.00 -1 -2.02e-14      0.00 7.092e-01 2.755e-01 2.746e-03 7.408e-04 6.719e-03 -1.000 1.527e-02 7.809 9.250 11.150 7.940
0.0152 0.01508 6.60000 0.2401347309 1.8146227160    0.240 -1.177  3.4699  3.828    0  0.000  0.545     0.00     0.00     0.00     0.00     0.00 -1  -2.1e-14      0.00 7.092e-01 2.755e-01 2.746e-03 7.408e-04 6.719e-03 -1.000 1.527e-02 7.713 9.110 10.966 7.811
0.0152 0.01508 6.60000 0.2591685355 1.8630583863    0.259 -1.135  3.4752  3.839    0  0.000  0.545     0.00     0.00     0.00     0.00     0.00 -1  -2.2e-14      0.00 7.092e-01 2.755e-01 2.746e-03 7.408e-04 6.719e-03 -1.000 1.527e-02 7.608 8.957 10.763 7.671
0.0152 0.01508 6.60000 0.2833468914 1.9183068277    0.283 -1.079  3.4824  3.851    0  0.000  0.545     0.00     0.00     0.00     0.00     0.00 -1 -2.36e-14      0.00 7.092e-01 2.755e-01 2.746e-03 7.408e-04 6.719e-03 -1.000 1.527e-02 7.467 8.752 10.489 7.485
0.0152 0.01508 6.60000 0.3095155060 1.9715864835    0.309 -1.027  3.4893  3.864    0  0.000  0.545     0.00     0.00     0.00     0.00     0.00 -1 -2.51e-14      0.00 7.092e-01 2.755e-01 2.746e-03 7.408e-04 6.719e-03 -1.000 1.527e-02 7.336 8.560 10.230 7.313
0.0152 0.01508 6.60000 0.3461130857 2.0370005532    0.346 -0.956  3.4986  3.880    0  0.000  0.545     0.00     0.00     0.00     0.00     0.00 -1 -2.74e-14      0.00 7.092e-01 2.755e-01 2.746e-03 7.408e-04 6.719e-03 -1.000 1.527e-02 7.160 8.315 9.911 7.090
0.0152 0.01508 6.60000 0.3500000238 2.0434175133    0.350 -0.949  3.4995  3.881    0  0.000  0.545     0.00     0.00     0.00     0.00     0.00 -1 -2.77e-14      0.00 7.092e-01 2.755e-01 2.746e-03 7.408e-04 6.719e-03 -1.000 1.527e-02 7.143 8.291 9.880 7.069
0.0152 0.01508 6.60000 0.3811277151 2.0916730349    0.381 -0.896  3.5069  3.895    0  0.000  0.545     0.00     0.00     0.00     0.00     0.00 -1 -2.95e-14      0.00 7.092e-01 2.755e-01 2.746e-03 7.408e-04 6.719e-03 -1.000 1.527e-02 7.010 8.105 9.638 6.900
0.0152 0.01508 6.60000 0.4000000358 2.1185024810    0.400 -0.864  3.5114  3.902    0  0.000  0.545     0.00     0.00     0.00     0.00     0.00 -1 -3.07e-14      0.00 7.092e-01 2.755e-01 2.746e-03 7.408e-04 6.719e-03 -1.000 1.527e-02 6.931 7.995 9.494 6.801
0.0152 0.01508 6.60000 0.4374755323 2.1672010380    0.437 -0.804  3.5205  3.917    0  0.000  0.545     0.00     0.00     0.00     0.00     0.00 -1 -3.32e-14      0.00 7.092e-01 2.755e-01 2.746e-03 7.408e-04 6.719e-03 -1.000 1.527e-02 6.780 7.779 9.208 6.609
0.0152 0.01508 6.60000 0.4500000477 2.1822809714    0.450 -0.785  3.5234  3.922    0  0.000  0.545     0.00     0.00     0.00     0.00     0.00 -1  -3.4e-14      0.00 7.092e-01 2.755e-01 2.746e-03 7.408e-04 6.719e-03 -1.000 1.527e-02 6.732 7.710 9.117 6.548
0.0152 0.01508 6.60000 0.4835415483 2.2201153829    0.484 -0.736  3.5313  3.935    0  0.000  0.545     0.00     0.00     0.00     0.00     0.00 -1 -3.62e-14      0.00 7.092e-01 2.755e-01 2.746e-03 7.408e-04 6.719e-03 -1.000 1.527e-02 6.609 7.532 8.879 6.392
0.0152 0.01508 6.60000 0.5000000000 2.2374541529    0.500 -0.712  3.5350  3.941    0  0.000  0.545     0.00     0.00     0.00     0.00     0.00 -1 -3.73e-14      0.00 7.092e-01 2.755e-01 2.746e-03 7.408e-04 6.719e-03 -1.000 1.527e-02 6.550 7.447 8.767 6.318
0.0152 0.01508 6.60000 0.5088795424 2.2464243383    0.509 -0.699  3.5373  3.945    0  0.000  0.545     0.00     0.00     0.00     0.00     0.00 -1 -3.79e-14      0.00 7.092e-01 2.755e-01 2.746e-03 7.408e-04 6.719e-03 -1.000 1.527e-02 6.518 7.400 8.702 6.277
0.0152 0.01508 6.60000 0.5305802822 2.2669008048    0.530 -0.669  3.5424  3.953    0  0.000  0.545     0.00     0.00     0.00     0.00     0.00 -1 -3.94e-14      0.00 7.092e-01 2.755e-01 2.746e-03 7.408e-04 6.719e-03 -1.000 1.527e-02 6.443 7.289 8.554 6.181
0.0152 0.01508 6.60000 0.5500000119 2.2836582633    0.550 -0.645  3.5462  3.960    0  0.000  0.545     0.00     0.00     0.00     0.00     0.00 -1 -4.06e-14      0.00 7.092e-01 2.755e-01 2.746e-03 7.408e-04 6.719e-03 -1.000 1.527e-02 6.383 7.203 8.440 6.106
0.0152 0.01508 6.60000 0.5561975837 2.2887237628    0.556 -0.637  3.5478  3.963    0  0.000  0.545     0.00     0.00     0.00     0.00     0.00 -1  -4.1e-14      0.00 7.092e-01 2.755e-01 2.746e-03 7.408e-04 6.719e-03 -1.000 1.527e-02 6.362 7.171 8.396 6.079
0.0152 0.01508 6.60000 0.5822685957 2.3086813700    0.582 -0.600  3.5543  3.972    0  0.000  0.545     0.00     0.00     0.00     0.00     0.00 -1 -4.31e-14      0.00 7.092e-01 2.755e-01 2.746e-03 7.408e-04 6.719e-03 -1.000 1.527e-02 6.271 7.036 8.215 5.964
0.0152 0.01508 6.60000 0.6000000238 2.3211213258    0.600 -0.579  3.5580  3.979    0  0.000  0.545     0.00     0.00     0.00     0.00     0.00 -1 -4.43e-14      0.00 7.092e-01 2.755e-01 2.746e-03 7.408e-04 6.719e-03 -1.000 1.527e-02 6.217 6.957 8.109 5.897
0.0152 0.01508 6.60000 0.6224073768 2.3356818549    0.622 -0.549  3.5635  3.987    0  0.000  0.545     0.00     0.00     0.00     0.00     0.00 -1 -4.61e-14      0.00 7.092e-01 2.755e-01 2.746e-03 7.408e-04 6.719e-03 -1.000 1.527e-02 6.143 6.845 7.958 5.803
0.0152 0.01508 6.60000 0.6499999762 2.3520353107    0.650 -0.516  3.5696  3.997    0  0.000  0.545     0.00     0.00     0.00     0.00     0.00 -1 -4.82e-14      0.00 7.092e-01 2.755e-01 2.746e-03 7.408e-04 6.719e-03 -1.000 1.527e-02 6.060 6.720 7.789 5.697
0.0152 0.01508 6.60000 0.6729130149 2.3644496692    0.673 -0.486  3.5751  4.004    0  0.000  0.545     0.00     0.00     0.00     0.00     0.00 -1 -5.03e-14      0.00 7.092e-01 2.755e-01 2.746e-03 7.408e-04 6.719e-03 -1.000 1.527e-02 5.985 6.607 7.639 5.604
0.0152 0.01508 6.60000 0.7000000477 2.3779267258    0.700 -0.453  3.5811  4.013    0  0.000  0.545     0.00     0.00     0.00     0.00     0.00 -1 -5.27e-14      0.00 7.092e-01 2.755e-01 2.746e-03 7.408e-04 6.719e-03 -1.000 1.527e-02 5.903 6.484 7.475 5.501
0.0152 0.01508 6.60000 0.7500000000 2.3998889087    0.750 -0.323  3.6222  4.077    0  0.000  0.538     0.00     0.00     0.00     0.00     0.00 -1  -6.4e-14      0.00 7.092e-01 2.755e-01 2.710e-03 7.399e-04 6.720e-03 -1.000 1.527e-02 5.577 5.893 6.654 5.044
0.0152 0.01508 6.60000 0.7780432105 2.4107957640    0.778 -0.297  3.6255  4.080    0  0.000  0.538     0.00     0.00     0.00     0.00     0.00 -1 -6.64e-14      0.00 7.092e-01 2.755e-01 2.710e-03 7.399e-04 6.720e-03 -1.000 1.527e-02 5.513 5.810 6.555 4.971
0.0152 0.01508 6.60000 0.8000000119 2.4187244405    0.800 -0.277  3.6280  4.082    0  0.000  0.538     0.00     0.00     0.00     0.00     0.00 -1 -6.84e-14      0.00 7.092e-01 2.755e-01 2.710e-03 7.399e-04 6.720e-03 -1.000 1.527e-02 5.463 5.746 6.479 4.914
0.0152 0.01508 6.60000 0.8380948305 2.4313538202    0.838 -0.246  3.6322  4.088    0  0.000  0.538     0.00     0.00     0.00     0.00     0.00 -1 -7.15e-14      0.00 7.092e-01 2.755e-01 2.710e-03 7.399e-04 6.720e-03 -1.000 1.527e-02 5.384 5.644 6.357 4.824
0.0152 0.01508 6.60000 0.8500000238 2.4350346840    0.850 -0.235  3.6335  4.088    0  0.000  0.538     0.00     0.00     0.00     0.00     0.00 -1 -7.27e-14      0.00 7.092e-01 2.755e-01 2.710e-03 7.399e-04 6.720e-03 -1.000 1.527e-02 5.357 5.610 6.318 4.794
0.0152 0.01508 6.60000 0.8838456273 2.4448790185    0.883 -0.205  3.6372  4.090    0  0.000  0.538     0.00     0.00     0.00     0.00     0.00 -1 -7.61e-14      0.00 7.092e-01 2.755e-01 2.710e-03 7.399e-04 6.720e-03 -1.000 1.527e-02 5.283 5.516 6.207 4.711
0.0152 0.01508 6.60000 0.9000000358 2.4492786175    0.899 -0.191  3.6390  4.091    0  0.000  0.538     0.00     0.00     0.00     0.00     0.00 -1 -7.79e-14      0.00 7.092e-01 2.755e-01 2.710e-03 7.399e-04 6.720e-03 -1.000 1.527e-02 5.247 5.470 6.154 4.671
0.0152 0.01508 6.60000 0.9324002266 2.4575765764    0.932 -0.166  3.6424  4.095    0  0.000  0.538     0.00     0.00     0.00     0.00     0.00 -1 -8.08e-14      0.00 7.092e-01 2.755e-01 2.710e-03 7.399e-04 6.720e-03 -1.000 1.527e-02 5.184 5.390 6.059 4.600
0.0152 0.01508 6.60000 0.9500000477 2.4618122009    0.950 -0.152  3.6442  4.096    0  0.000  0.538     0.00     0.00     0.00     0.00     0.00 -1 -8.25e-14      0.00 7.092e-01 2.755e-01 2.710e-03 7.399e-04 6.720e-03 -1.000 1.527e-02 5.149 5.346 6.007 4.561
0.0152 0.01508 6.60000 0.9671902657 2.4657785802    0.967 -0.138  3.6460  4.098    0  0.000  0.538     0.00     0.00     0.00     0.00     0.00 -1 -8.42e-14      0.00 7.092e-01 2.755e-01 2.710e-03 7.399e-04 6.720e-03 -1.000 1.527e-02 5.116 5.303 5.957 4.524
0.0152 0.01508 6.60000 1.0000000000 2.4729154477    1.000 -0.110  3.6495  4.098    0  0.000  0.538     0.00     0.00     0.00     0.00     0.00 -1 -8.83e-14      0.00 7.092e-01 2.755e-01 2.710e-03 7.399e-04 6.720e-03 -1.000 1.527e-02 5.045 5.215 5.854 4.446
0.0152 0.01508 6.60000 1.0179349184 2.4765938147    1.018 -0.097  3.6514  4.100    0  0.000  0.538     0.00     0.00     0.00     0.00     0.00 -1 -8.76e-14      0.00 7.092e-01 2.755e-01 2.710e-03 7.399e-04 6.720e-03 -1.000 1.527e-02 5.012 5.173 5.804 4.409
0.0152 0.01508 6.60000 1.0499999523 2.4828114860    1.050 -0.070  3.6548  4.100    0  0.000  0.538     0.00     0.00     0.00     0.00     0.00 -1 -8.75e-14      0.00 7.092e-01 2.755e-01 2.710e-03 7.399e-04 6.720e-03 -1.000 1.527e-02 4.945 5.090 5.708 4.335
0.0152 0.01508 6.60000 1.0999689102 2.4916749169    1.099 -0.029  3.6601  4.100    0  0.000  0.538     0.00     0.00     0.00     0.00     0.00 -1 -8.67e-14      0.00 7.092e-01 2.755e-01 2.710e-03 7.399e-04 6.720e-03 -1.000 1.527e-02 4.842 4.962 5.560 4.223
0.0152 0.01508 6.60000 1.1000000238 2.4916801480    1.099 -0.029  3.6601  4.100    0  0.000  0.538     0.00     0.00     0.00     0.00     0.00 -1 -8.67e-14      0.00 7.092e-01 2.755e-01 2.710e-03 7.399e-04 6.720e-03 -1.000 1.527e-02 4.842 4.962 5.560 4.223
0.0152 0.01508 6.60000 1.1499999762 2.4996678137    1.149  0.010  3.6653  4.102    0  0.000  0.538     0.00     0.00     0.00     0.00     0.00 -1  -8.5e-14      0.00 7.092e-01 2.755e-01 2.710e-03 7.399e-04 6.720e-03 -1.000 1.527e-02 4.745 4.843 5.423 4.118
0.0152 0.01508 6.60000 1.1937712431 2.5060324631    1.193  0.043  3.6698  4.103    0  0.000  0.538     0.00     0.00     0.00     0.00     0.00 -1 -8.25e-14      0.00 7.092e-01 2.755e-01 2.710e-03 7.399e-04 6.720e-03 -1.000 1.527e-02 4.663 4.743 5.307 4.030
0.0152 0.01508 6.60000 1.2000000477 2.5068948796    1.200  0.048  3.6704  4.103    0  0.000  0.538     0.00     0.00     0.00     0.00     0.00 -1 -8.22e-14      0.00 7.092e-01 2.755e-01 2.710e-03 7.399e-04 6.720e-03 -1.000 1.527e-02 4.651 4.729 5.291 4.017
0.0152 0.01508 6.60000 1.2180290222 2.5093340312    1.218  0.060  3.6722  4.104    0  0.000  0.538     0.00     0.00     0.00     0.00     0.00 -1 -8.08e-14      0.00 7.092e-01 2.755e-01 2.710e-03 7.399e-04 6.720e-03 -1.000 1.527e-02 4.619 4.691 5.247 3.983
0.0152 0.01508 6.60000 1.2500000000 2.5134610955    1.250  0.087  3.6756  4.102    0  0.000  0.538     0.00     0.00     0.00     0.00     0.00 -1 -7.96e-14      0.00 7.092e-01 2.755e-01 2.710e-03 7.399e-04 6.720e-03 -1.000 1.527e-02 4.552 4.611 5.156 3.913
0.0152 0.01508 6.60000 1.2999999523 2.5194498592    1.300  0.126  3.6807  4.100    0  0.000  0.538     0.00     0.00     0.00     0.00     0.00 -1  -7.6e-14      0.00 7.092e-01 2.755e-01 2.710e-03 7.399e-04 6.720e-03 -1.000 1.527e-02 4.454 4.494 5.023 3.810
0.0152 0.01508 6.60000 1.3500001431 2.5249313723    1.350  0.167  3.6859  4.097    0  0.000  0.538     0.00     0.00     0.00     0.00     0.00 -1  -7.2e-14      0.00 7.092e-01 2.755e-01 2.710e-03 7.399e-04 6.720e-03 -1.000 1.527e-02 4.352 4.376 4.889 3.704
0.0152 0.01508 6.60000 1.4000000954 2.5299650415    1.400  0.208  3.6910  4.092    0  0.000  0.538     0.00     0.00     0.00     0.00     0.00 -1 -6.69e-14      0.00 7.092e-01 2.755e-01 2.710e-03 7.399e-04 6.720e-03 -1.000 1.527e-02 4.249 4.257 4.755 3.598
0.0152 0.01508 6.60000 1.4500000477 2.5346015836    1.450  0.249  3.6961  4.087    0  0.000  0.538     0.00     0.00     0.00     0.00     0.00 -1 -6.04e-14      0.00 7.092e-01 2.755e-01 2.710e-03 7.399e-04 6.720e-03 -1.000 1.527e-02 4.147 4.141 4.624 3.494
0.0152 0.01508 6.60000 1.5000000000 2.5388844597    1.500  0.285  3.7009  4.085    0  0.000  0.538     0.00     0.00     0.00     0.00     0.00 -1 -5.18e-14      0.00 7.092e-01 2.755e-01 2.710e-03 7.399e-04 6.720e-03 -1.000 1.527e-02 4.057 4.037 4.507 3.403
0.0152 0.01508 6.60000 1.5177384615 2.5403261301    1.518  0.299  3.7027  4.083    0  0.000  0.538     0.00     0.00     0.00     0.00     0.00 -1  -4.8e-14      0.00 7.092e-01 2.755e-01 2.710e-03 7.399e-04 6.720e-03 -1.000 1.527e-02 4.023 3.999 4.464 3.369
0.0152 0.01508 6.60000 1.5499999523 2.5428511323    1.550  0.326  3.7060  4.078    0  0.000  0.538     0.00     0.00     0.00     0.00     0.00 -1 -4.22e-14      0.00 7.092e-01 2.755e-01 2.710e-03 7.399e-04 6.720e-03 -1.000 1.527e-02 3.954 3.922 4.379 3.299
0.0152 0.01508 6.60000 1.5872039795 2.5456169123    1.587  0.355  3.7096  4.075    0  0.000  0.538     0.00     0.00     0.00     0.00     0.00 -1  -3.3e-14      0.00 7.092e-01 2.755e-01 2.710e-03 7.399e-04 6.720e-03 -1.000 1.527e-02 3.884 3.842 4.290 3.228
0.0152 0.01508 6.60000 1.6000000238 2.5465340628    1.600  0.367  3.7111  4.071    0  0.000  0.538     0.00     0.00     0.00     0.00     0.00 -1 -3.06e-14      0.00 7.092e-01 2.755e-01 2.710e-03 7.399e-04 6.720e-03 -1.000 1.527e-02 3.852 3.807 4.251 3.196
0.0152 0.01508 6.60000 1.6500000954 2.5499614852    1.649  0.413  3.7165  4.060    0  0.000  0.538     0.00     0.00     0.00     0.00     0.00 -1 -1.69e-14      0.00 7.092e-01 2.755e-01 2.710e-03 7.399e-04 6.720e-03 -1.000 1.527e-02 3.737 3.681 4.112 3.082
0.0152 0.01508 6.60000 1.7000000477 2.5531580802    1.699  0.462  3.7221  4.046    0  0.000  0.538     0.00     0.00     0.00     0.00     0.00 -1    -1e-30      0.00 7.092e-01 2.755e-01 2.710e-03 7.399e-04 6.720e-03 -1.000 1.527e-02 3.615 3.548 3.966 2.961
0.0152 0.01508 6.60000 1.7500000000 2.5561455243    1.749  0.510  3.7274  4.033    0  0.000  0.538     0.00     0.00     0.00     0.00     0.00 -1    -1e-30      0.00 7.092e-01 2.755e-01 2.710e-03 7.399e-04 6.720e-03 -1.000 1.527e-02 3.495 3.418 3.823 2.843
0.0152 0.01508 6.60000 1.7956297398 2.5587055419    1.794  0.555  3.7324  4.019    0  0.000  0.538     0.00     0.00     0.00     0.00     0.00 -1    -1e-30      0.00 7.092e-01 2.755e-01 2.710e-03 7.399e-04 6.720e-03 -1.000 1.527e-02 3.383 3.297 3.691 2.734
0.0152 0.01508 6.60000 1.7999999523 2.5589429085    1.799  0.560  3.7330  4.017    0  0.000  0.538     0.00     0.00     0.00     0.00     0.00 -1    -1e-30      0.00 7.092e-01 2.755e-01 2.710e-03 7.399e-04 6.720e-03 -1.000 1.527e-02 3.370 3.284 3.676 2.721
0.0152 0.01508 6.60000 1.8500000238 2.5615671203    1.849  0.620  3.7390  3.994    0  0.000  0.538     0.00     0.00     0.00     0.00     0.00 -1    -1e-30      0.00 7.092e-01 2.755e-01 2.710e-03 7.399e-04 6.720e-03 -1.000 1.527e-02 3.221 3.125 3.504 2.576
0.0152 0.01508 6.60000 1.8969876766 2.5638887859    1.896  0.680  3.7450  3.968    0  0.000  0.538     0.00     0.00     0.00     0.00     0.00 -1    -1e-30      0.00 7.092e-01 2.755e-01 2.710e-03 7.399e-04 6.720e-03 -1.000 1.527e-02 3.071 2.968 3.334 2.431
0.0152 0.01508 6.60000 1.9000000954 2.5640331317    1.899  0.686  3.7455  3.964    0  0.000  0.538     0.00     0.00     0.00     0.00     0.00 -1    -1e-30      0.00 7.092e-01 2.755e-01 2.710e-03 7.399e-04 6.720e-03 -1.000 1.527e-02 3.054 2.950 3.316 2.415
0.0152 0.01508 6.60000 1.9361377954 2.5657245511    1.936  0.740  3.7505  3.939    0  0.000  0.538     0.00     0.00     0.00     0.00     0.00 -1    -1e-30      0.00 7.092e-01 2.755e-01 2.710e-03 7.399e-04 6.720e-03 -1.000 1.527e-02 2.921 2.811 3.166 2.287
0.0152 0.01508 6.60000 1.9500001669 2.5663542767    1.950  0.763  3.7525  3.927    0  0.000  0.538     0.00     0.00     0.00     0.00     0.00 -1    -1e-30      0.00 7.092e-01 2.755e-01 2.710e-03 7.399e-04 6.720e-03 -1.000 1.527e-02 2.864 2.752 3.103 2.233
0.0152 0.01508 6.60000 1.9636980295 2.5669664966    1.963  0.785  3.7545  3.916    0  0.000  0.538     0.00     0.00     0.00     0.00     0.00 -1    -1e-30      0.00 7.092e-01 2.755e-01 2.710e-03 7.399e-04 6.720e-03 -1.000 1.527e-02 2.806 2.693 3.039 2.179
0.0152 0.01508 6.60000 1.9992738962 2.5685115739    2.000  0.853  3.7604  3.880    0  0.000  0.538     0.00     0.00     0.00     0.00     0.00 -1    -1e-30      0.00 7.092e-01 2.755e-01 2.710e-03 7.399e-04 6.720e-03 -1.000 1.527e-02 2.638 2.520 2.852 2.019
0.0152 0.01508 6.60000 2.0000000000 2.5685424513    2.000  0.854  3.7605  3.879    0  0.000  0.538     0.00     0.00     0.00     0.00     0.00 -1    -1e-30      0.00 7.092e-01 2.755e-01 2.710e-03 7.399e-04 6.720e-03 -1.000 1.527e-02 2.635 2.516 2.848 2.016
0.0152 0.01508 6.60000 2.0216774940 2.5694525471    2.022  0.899  3.7643  3.854    0  0.000  0.538     0.00     0.00     0.00     0.00     0.00 -1    -1e-30      0.00 7.092e-01 2.755e-01 2.710e-03 7.399e-04 6.720e-03 -1.000 1.527e-02 2.523 2.401 2.725 1.910
0.0152 0.01508 6.60000 2.0499346256 2.5706057097    2.049  0.961  3.7697  3.820    0  0.000  0.538     0.00     0.00     0.00     0.00     0.00 -1    -1e-30      0.00 7.092e-01 2.755e-01 2.710e-03 7.399e-04 6.720e-03 -1.000 1.527e-02 2.368 2.243 2.554 1.764
0.0152 0.01508 6.60000 2.0499999523 2.5706083333    2.050  0.961  3.7697  3.820    0  0.000  0.538     0.00     0.00     0.00     0.00     0.00 -1    -1e-30      0.00 7.092e-01 2.755e-01 2.710e-03 7.399e-04 6.720e-03 -1.000 1.527e-02 2.368 2.242 2.554 1.764
0.0152 0.01508 6.60000 2.0653698444 2.5712203127    2.065  0.995  3.7728  3.801    0  0.000  0.538     0.00     0.00     0.00     0.00     0.00 -1    -1e-30      0.00 7.092e-01 2.755e-01 2.710e-03 7.399e-04 6.720e-03 -1.000 1.527e-02 2.282 2.154 2.459 1.684
0.0152 0.01508 6.60000 2.0961418152 2.5724145937    2.095  1.064  3.7793  3.765    0  0.000  0.538     0.00     0.00     0.00     0.00     0.00 -1    -1e-30      0.00 7.092e-01 2.755e-01 2.710e-03 7.399e-04 6.720e-03 -1.000 1.527e-02 2.111 1.979 2.270 1.525
0.0152 0.01508 6.60000 2.0999999046 2.5725614918    2.099  1.072  3.7802  3.761    0  0.000  0.538     0.00     0.00     0.00     0.00     0.00 -1    -1e-30      0.00 7.092e-01 2.755e-01 2.710e-03 7.399e-04 6.720e-03 -1.000 1.527e-02 2.089 1.958 2.246 1.505
0.0152 0.01508 6.60000 2.1139326096 2.5730868539    2.113  1.103  3.7833  3.745    0  0.000  0.538     0.00     0.00     0.00     0.00     0.00 -1    -1e-30      0.00 7.092e-01 2.755e-01 2.710e-03 7.399e-04 6.720e-03 -1.000 1.527e-02 2.013 1.880 2.162 1.435
0.0152 0.01508 6.60000 2.1405336857 2.5740680950    2.139  1.161  3.7897  3.718    0  0.000  0.538     0.00     0.00     0.00     0.00     0.00 -1    -1e-30      0.00 7.092e-01 2.755e-01 2.710e-03 7.399e-04 6.720e-03 -1.000 1.527e-02 1.868 1.733 2.001 1.304
0.0152 0.01508 6.60000 2.1500000954 2.5744105556    2.149  1.181  3.7923  3.710    0  0.000  0.538     0.00     0.00     0.00     0.00     0.00 -1    -1e-30      0.00 7.092e-01 2.755e-01 2.710e-03 7.399e-04 6.720e-03 -1.000 1.527e-02 1.816 1.681 1.944 1.258
0.0152 0.01508 6.60000 2.1673069000 2.5750277681    2.166  1.219  3.7972  3.695    0  0.000  0.538     0.00     0.00     0.00     0.00     0.00 -1    -1e-30      0.00 7.092e-01 2.755e-01 2.710e-03 7.399e-04 6.720e-03 -1.000 1.527e-02 1.722 1.585 1.838 1.175
0.0152 0.01508 6.60000 2.1949517727 2.5759904862    2.193  1.280  3.8064  3.676    0  0.000  0.538     0.00     0.00     0.00     0.00     0.00 -1    -1e-30      0.00 7.092e-01 2.755e-01 2.710e-03 7.399e-04 6.720e-03 -1.000 1.527e-02 1.570 1.432 1.666 1.046
0.0152 0.01508 6.60000 2.2000000477 2.5761632879    2.199  1.291  3.8083  3.674    0  0.000  0.538     0.00     0.00     0.00     0.00     0.00 -1    -1e-30      0.00 7.092e-01 2.755e-01 2.710e-03 7.399e-04 6.720e-03 -1.000 1.527e-02 1.542 1.404 1.634 1.023
0.0152 0.01508 6.60000 2.2111575603 2.5765419909    2.210  1.316  3.8128  3.670    0  0.000  0.538     0.00     0.00     0.00     0.00     0.00 -1    -1e-30      0.00 7.092e-01 2.755e-01 2.710e-03 7.399e-04 6.720e-03 -1.000 1.527e-02 1.479 1.342 1.563 0.972
0.0152 0.01508 6.60000 2.2318048477 2.5772313199    2.230  1.363  3.8233  3.669    0  0.000  0.538     0.00     0.00     0.00     0.00     0.00 -1    -1e-30      0.00 7.092e-01 2.755e-01 2.710e-03 7.399e-04 6.720e-03 -1.000 1.527e-02 1.364 1.225 1.428 0.881
0.0152 0.01508 6.60000 2.2500000000 2.5778267375    2.249  1.404  3.8352  3.679    0  0.000  0.538     0.00     0.00     0.00     0.00     0.00 -1    -1e-30      0.00 7.092e-01 2.755e-01 2.709e-03 7.399e-04 6.720e-03 -1.000 1.527e-02 1.260 1.123 1.305 0.807
0.0152 0.01508 6.60000 2.2511494160 2.5778639794    2.250  1.406  3.8360  3.680    0  0.000  0.538     0.00     0.00     0.00     0.00     0.00 -1    -1e-30      0.00 7.092e-01 2.755e-01 2.709e-03 7.399e-04 6.720e-03 -1.000 1.527e-02 1.254 1.116 1.297 0.803
0.0152 0.01508 6.60000 2.2642748356 2.5782861713    2.263  1.436  3.8464  3.694    0  0.000  0.538     0.00     0.00     0.00     0.00     0.00 -1    -1e-30      0.00 7.092e-01 2.755e-01 2.709e-03 7.399e-04 6.720e-03 -1.000 1.527e-02 1.179 1.043 1.207 0.756
0.0152 0.01508 6.60000 2.2759978771 2.5786585238    2.275  1.463  3.8563  3.709    0  0.000  0.538     0.00     0.00     0.00     0.00     0.00 -1    -1e-30      0.00 7.092e-01 2.755e-01 2.709e-03 7.399e-04 6.720e-03 -1.000 1.527e-02 1.112 0.979 1.126 0.717
0.0152 0.01508 6.60000 2.2870833874 2.5790065916    2.286  1.489  3.8660  3.725    0  0.000  0.538     0.00     0.00     0.00     0.00     0.00 -1    -1e-30      0.00 7.092e-01 2.755e-01 2.709e-03 7.399e-04 6.720e-03 -1.000 1.527e-02 1.048 0.920 1.052 0.682
0.0152 0.01508 6.60000 2.2977941036 2.5793392254    2.296  1.513  3.8757  3.741    0  0.000  0.538     0.00     0.00     0.00     0.00     0.00 -1    -1e-30      0.00 7.092e-01 2.755e-01 2.709e-03 7.399e-04 6.720e-03 -1.000 1.527e-02 0.987 0.865 0.981 0.652
0.0152 0.01508 6.60000 2.2999999523 2.5794072884    2.299  1.518  3.8777  3.744    0  0.000  0.538     0.00     0.00     0.00     0.00     0.00 -1    -1e-30      0.00 7.092e-01 2.755e-01 2.709e-03 7.399e-04 6.720e-03 -1.000 1.527e-02 0.975 0.854 0.967 0.646
0.0152 0.01508 6.60000 2.3095197678 2.5796993144    2.308  1.540  3.8866  3.760    0  0.000  0.538     0.00     0.00     0.00     0.00     0.00 -1    -1e-30      0.00 7.092e-01 2.755e-01 2.709e-03 7.399e-04 6.720e-03 -1.000 1.527e-02 0.921 0.806 0.906 0.622
0.0152 0.01508 6.60000 2.3201615810 2.5800224983    2.319  1.564  3.8966  3.778    0  0.000  0.538     0.00     0.00     0.00     0.00     0.00 -1    -1e-30      0.00 7.092e-01 2.755e-01 2.709e-03 7.399e-04 6.720e-03 -1.000 1.527e-02 0.860 0.756 0.841 0.598
0.0152 0.01508 6.60000 2.3340902328 2.5804403845    2.333  1.595  3.9100  3.803    0  0.000  0.538     0.00     0.00     0.00     0.00     0.00 -1    -1e-30      0.00 7.092e-01 2.755e-01 2.709e-03 7.399e-04 6.720e-03 -1.000 1.527e-02 0.783 0.697 0.762 0.573
0.0152 0.01508 6.60000 2.3477952480 2.5808460006    2.347  1.625  3.9234  3.830    0  0.000  0.538     0.00     0.00     0.00     0.00     0.00 -1    -1e-30      0.00 7.092e-01 2.755e-01 2.709e-03 7.399e-04 6.720e-03 -1.000 1.527e-02 0.709 0.647 0.695 0.555
0.0152 0.01508 6.60000 2.3613831997 2.5812428113    2.360  1.653  3.9368  3.857    0  0.000  0.538     0.00     0.00     0.00     0.00     0.00 -1    -1e-30      0.00 7.092e-01 2.755e-01 2.709e-03 7.399e-04 6.720e-03 -1.000 1.527e-02 0.638 0.607 0.641 0.543
0.0152 0.01508 6.60000 2.3749990463 2.5816352036    2.374  1.680  3.9502  3.887    0  0.000  0.538     0.00     0.00     0.00     0.00     0.00 -1    -1e-30      0.00 7.092e-01 2.755e-01 2.709e-03 7.399e-04 6.720e-03 -1.000 1.527e-02 0.571 0.580 0.601 0.540
0.0152 0.01508 6.60000 2.3888661861 2.5820295551    2.388  1.704  3.9636  3.918    0  0.000  0.538     0.00     0.00     0.00     0.00     0.00 -1    -1e-30      0.00 7.092e-01 2.755e-01 2.709e-03 7.398e-04 6.720e-03 -1.000 1.527e-02 0.510 0.567 0.577 0.546
0.0152 0.01508 6.60000 2.4000000954 2.5823423892    2.399  1.720  3.9737  3.944    0  0.000  0.538     0.00     0.00     0.00     0.00     0.00 -1    -1e-30      0.00 7.092e-01 2.755e-01 2.709e-03 7.398e-04 6.720e-03 -1.000 1.527e-02 0.469 0.566 0.569 0.559
0.0152 0.01508 6.60000 2.4040710926 2.5824559421    2.403  1.726  3.9776  3.955    0  0.000  0.538     0.00     0.00     0.00     0.00     0.00 -1    -1e-30      0.00 7.092e-01 2.755e-01 2.709e-03 7.398e-04 6.720e-03 -1.000 1.527e-02 0.454 0.567 0.568 0.565
0.0152 0.01508 6.60000 2.4184441566 2.5828533383    2.418  1.742  3.9900  3.992    0  0.000  0.538     0.00     0.00     0.00     0.00     0.00 -1    -1e-30      0.00 7.092e-01 2.755e-01 2.709e-03 7.399e-04 6.720e-03 -1.000 1.527e-02 0.416 0.583 0.576 0.595
0.0152 0.01508 6.60000 2.4266908169 2.5830789050    2.426  1.741  3.9947  4.013    0  0.000  0.538     0.00     0.00     0.00     0.00     0.00 -1    -1e-30      0.00 7.092e-01 2.755e-01 2.709e-03 7.399e-04 6.720e-03 -1.000 1.527e-02 0.419 0.607 0.597 0.624
0.0152 0.01508 6.60000 2.4491329193 2.5836839163    2.448  1.722  4.0034  4.070    0  0.000  0.538     0.00     0.00     0.00     0.00     0.00 -1    -1e-30      0.00 7.092e-01 2.755e-01 2.709e-03 7.399e-04 6.720e-03 -1.000 1.527e-02 0.464 0.692 0.679 0.718
0.0152 0.01508 6.60000 2.4632983208 2.5840592783    2.463  1.696  4.0045  4.103    0  0.000  0.538     0.00     0.00     0.00     0.00     0.00 -1    -1e-30      0.00 7.092e-01 2.755e-01 2.709e-03 7.399e-04 6.720e-03 -1.000 1.527e-02 0.530 0.764 0.750 0.790
0.0152 0.01508 6.60000 2.4750673771 2.5843673856    2.474  1.669  4.0035  4.128    0  0.000  0.538     0.00     0.00     0.00     0.00     0.00 -1    -1e-30      0.00 7.092e-01 2.755e-01 2.710e-03 7.399e-04 6.720e-03 -1.000 1.527e-02 0.597 0.826 0.813 0.851
0.0152 0.01508 6.60000 2.4866008759 2.5846660745    2.486  1.643  4.0016  4.149    0  0.000  0.538     0.00     0.00     0.00     0.00     0.00 -1    -1e-30      0.00 7.092e-01 2.755e-01 2.710e-03 7.399e-04 6.720e-03 -1.000 1.527e-02 0.663 0.883 0.872 0.906
0.0152 0.01508 6.60000 2.4992475510 2.5849899505    2.499  1.617  3.9993  4.167    0  0.000  0.538     0.00     0.00     0.00     0.00     0.00 -1    -1e-30      0.00 7.092e-01 2.755e-01 2.710e-03 7.399e-04 6.720e-03 -1.000 1.527e-02 0.726 0.936 0.926 0.956
0.0152 0.01508 6.60000 2.5155577660 2.5854021238    2.515  1.597  3.9974  4.183    0  0.000  0.538     0.00     0.00     0.00     0.00     0.00 -1    -1e-30      0.00 7.092e-01 2.755e-01 2.710e-03 7.399e-04 6.720e-03 -1.000 1.527e-02 0.776 0.978 0.969 0.996
0.0152 0.01508 6.60000 2.5470776558 2.5861814843    2.547  1.590  3.9982  4.199    0  0.000  0.538     0.00     0.00     0.00     0.00     0.00 -1    -1e-30      0.00 7.092e-01 2.755e-01 2.710e-03 7.399e-04 6.720e-03 -1.000 1.527e-02 0.794 1.000 0.990 1.018
0.0152 0.01508 6.60000 2.5765471458 2.5868903463    2.576  1.630  4.0079  4.203    0  0.000  0.538     0.00     0.00     0.00     0.00     0.00 -1    -1e-30      0.00 7.092e-01 2.755e-01 2.710e-03 7.399e-04 6.720e-03 -1.000 1.527e-02 0.696 0.947 0.932 0.975
0.0152 0.01508 6.60000 2.5999999046 2.5874412955    2.600  1.664  4.0167  4.208    0  0.000  0.538     0.00     0.00     0.00     0.00     0.00 -1    -1e-30      0.00 7.092e-01 2.755e-01 2.710e-03 7.399e-04 6.720e-03 -1.000 1.527e-02 0.610 0.903 0.884 0.939
0.0152 0.01508 6.60000 2.6247143745 2.5880096489    2.625  1.705  4.0277  4.215    0  0.000  0.538     0.00     0.00     0.00     0.00     0.00 -1    -1e-30      0.00 7.092e-01 2.755e-01 2.710e-03 7.399e-04 6.720e-03 -1.000 1.527e-02 0.508 0.853 0.829 0.899
0.0152 0.01508 6.60000 2.6474034786 2.5885206956    2.647  1.749  4.0407  4.226    0  0.000  0.538     0.00     0.00     0.00     0.00     0.00 -1    -1e-30      0.00 7.092e-01 2.755e-01 2.710e-03 7.399e-04 6.720e-03 -1.000 1.527e-02 0.397 0.806 0.777 0.862
0.0152 0.01508 6.60000 2.6651344299 2.5889131075    2.665  1.786  4.0523  4.239    0  0.000  0.538     0.00     0.00     0.00     0.00     0.00 -1    -1e-30      0.00 7.092e-01 2.755e-01 2.710e-03 7.399e-04 6.720e-03 -1.000 1.527e-02 0.305 0.773 0.739 0.837
0.0152 0.01508 6.60000 2.6802992821 2.5892439951    2.680  1.815  4.0622  4.252    0  0.000  0.538     0.00     0.00     0.00     0.00     0.00 -1    -1e-30      0.00 7.092e-01 2.755e-01 2.710e-03 7.399e-04 6.720e-03 -1.000 1.527e-02 0.233 0.752 0.714 0.823
0.0152 0.01508 6.60000 2.7006030083 2.5896803256    2.701  1.841  4.0733  4.274    0  0.000  0.538     0.00     0.00     0.00     0.00     0.00 -1    -1e-30      0.00 7.092e-01 2.755e-01 2.710e-03 7.399e-04 6.720e-03 -1.000 1.527e-02 0.168 0.743 0.702 0.821
0.0152 0.01508 6.60000 2.7428181171 2.5905638006    2.743  1.848  4.0842  4.317    0  0.000  0.538     0.00     0.00     0.00     0.00     0.00 -1    -1e-30      0.00 7.092e-01 2.755e-01 2.710e-03 7.399e-04 6.720e-03 -1.000 1.527e-02 0.150 0.785 0.740 0.869
0.0152 0.01508 6.60000 2.7760202885 2.5912369872    2.776  1.841  4.0878  4.344    0  0.000  0.538     0.00     0.00     0.00     0.00     0.00 -1    -1e-30      0.00 7.092e-01 2.755e-01 2.710e-03 7.399e-04 6.720e-03 -1.000 1.527e-02 0.169 0.822 0.776 0.909
0.0152 0.01508 6.60000 2.8000001907 2.5917117867    2.800  1.837  4.0886  4.354    0  0.000  0.538     0.00     0.00     0.00     0.00     0.00 -1    -1e-30      0.00 7.092e-01 2.755e-01 2.710e-03 7.399e-04 6.720e-03 -1.000 1.527e-02 0.176 0.834 0.788 0.921
0.0152 0.01508 6.60000 2.8494775295 2.5926624530    2.850  1.849  4.0912  4.361    0  0.000  0.538     0.00     0.00     0.00     0.00     0.00 -1    -1e-30      0.00 7.092e-01 2.755e-01 2.710e-03 7.399e-04 6.720e-03 -1.000 1.527e-02 0.147 0.819 0.772 0.908
0.0152 0.01508 6.60000 2.9202783108 2.5939586095    2.921  1.875  4.0961  4.364    0  0.000  0.538     0.00     0.00     0.00     0.00     0.00 -1    -1e-30      0.00 7.092e-01 2.755e-01 2.710e-03 7.399e-04 6.720e-03 -1.000 1.527e-02 0.082 0.780 0.731 0.871
0.0152 0.01508 6.60000 3.0000000000 2.5953341962    3.000  1.920  4.1041  4.363    0  0.000  0.538     0.00     0.00     0.00     0.00     0.00 -1    -1e-30      0.00 7.092e-01 2.755e-01 2.710e-03 7.399e-04 6.720e-03 -1.000 1.527e-02 -0.030 0.711 0.660 0.807
0.0152 0.01508 6.60000 3.2000000477 2.5984409005    3.199  2.027  4.1229  4.360    0  0.000  0.538     0.00     0.00     0.00     0.00     0.00 -1    -1e-30      0.00 7.092e-01 2.755e-01 2.710e-03 7.399e-04 6.720e-03 -1.000 1.527e-02 -0.297 0.548 0.491 0.655
0.0152 0.01508 6.60000 3.4000000954 2.6011310876    3.398  2.126  4.1403  4.357    0  0.000  0.538     0.00     0.00     0.00     0.00     0.00 -1    -1e-30      0.00 7.092e-01 2.755e-01 2.710e-03 7.399e-04 6.720e-03 -1.000 1.527e-02 -0.545 0.397 0.334 0.514
0.0152 0.01508 6.60000 3.6000001431 2.6034804607    3.598  2.219  4.1564  4.353    0  0.000  0.538     0.00     0.00     0.00     0.00     0.00 -1    -1e-30      0.00 7.092e-01 2.755e-01 2.710e-03 7.399e-04 6.720e-03 -1.000 1.527e-02 -0.778 0.256 0.189 0.382
0.0152 0.01508 6.60000 3.8000001907 2.6055477311    3.798  2.307  4.1714  4.348    0  0.000  0.538     0.00     0.00     0.00     0.00     0.00 -1    -1e-30      0.00 7.092e-01 2.755e-01 2.710e-03 7.399e-04 6.720e-03 -1.000 1.527e-02 -0.997 0.123 0.051 0.257
0.0152 0.01508 6.60000 4.0000000000 2.6073790840    4.001  2.389  4.1854  4.345    0  0.000  0.538     0.00     0.00     0.00     0.00     0.00 -1    -1e-30      0.00 7.092e-01 2.755e-01 2.710e-03 7.399e-04 6.720e-03 -1.000 1.527e-02 -1.203 -0.001 -0.077 0.141
0.0152 0.01508 6.60000 4.1999998093 2.6090113217    4.198  2.467  4.1987  4.340    1  0.000  0.538     0.00     0.00     0.00     0.00     0.00 -1    -1e-30      0.00 7.092e-01 2.755e-01 2.710e-03 7.399e-04 6.720e-03 -1.000 1.527e-02 -1.399 -0.119 -0.199 0.030
0.0152 0.01508 6.60000 4.4000000954 2.6104741055    4.397  2.541  4.2109  4.335    1  0.000  0.538     0.00     0.00     0.00     0.00     0.00 -1    -1e-30      0.00 7.092e-01 2.755e-01 2.710e-03 7.399e-04 6.720e-03 -1.000 1.527e-02 -1.584 -0.232 -0.316 -0.076
0.0152 0.01508 6.60000 4.5999999046 2.6117915791    4.597  2.612  4.2225  4.331    1  0.000  0.538     0.00     0.00     0.00     0.00     0.00 -1    -1e-30      0.00 7.092e-01 2.755e-01 2.710e-03 7.399e-04 6.720e-03 -1.000 1.527e-02 -1.760 -0.339 -0.427 -0.177
0.0152 0.01508 6.60000 4.8000001907 2.6129836005    4.798  2.680  4.2338  4.327    1  0.000  0.538     0.00     0.00     0.00     0.00     0.00 -1    -1e-30      0.00 7.092e-01 2.755e-01 2.710e-03 7.399e-04 6.720e-03 -1.000 1.527e-02 -1.929 -0.442 -0.533 -0.274
0.0152 0.01508 6.60000 5.0000000000 2.6140666223    4.999  2.743  4.2440  4.322    1  0.000  0.538     0.00     0.00     0.00     0.00     0.00 -1    -1e-30      0.00 7.092e-01 2.755e-01 2.710e-03 7.399e-04 6.720e-03 -1.000 1.527e-02 -2.088 -0.541 -0.634 -0.366
0.0152 0.01508 6.60000 5.1999998093 2.6150544000    5.200  2.804  4.2537  4.316    1  0.000  0.538     0.00     0.00     0.00     0.00     0.00 -1    -1e-30      0.00 7.092e-01 2.755e-01 2.710e-03 7.399e-04 6.720e-03 -1.000 1.527e-02 -2.241 -0.637 -0.733 -0.457
0.0152 0.01508 6.60000 5.3999996185 2.6159585084    5.401  2.863  4.2632  4.312    1  0.000  0.538     0.00     0.00     0.00     0.00     0.00 -1    -1e-30      0.00 7.092e-01 2.755e-01 2.710e-03 7.399e-04 6.720e-03 -1.000 1.527e-02 -2.388 -0.729 -0.828 -0.543
0.0152 0.01508 6.60000 5.5999994278 2.6167887546    5.601  2.920  4.2724  4.308    1  0.000  0.538     0.00     0.00     0.00     0.00     0.00 -1    -1e-30      0.00 7.092e-01 2.755e-01 2.710e-03 7.399e-04 6.720e-03 -1.000 1.527e-02 -2.530 -0.817 -0.918 -0.626
0.0152 0.01508 6.60000 5.8000001907 2.6175535027    5.801  2.974  4.2807  4.302    1  0.000  0.538     0.00     0.00     0.00     0.00     0.00 -1    -1e-30      0.00 7.092e-01 2.755e-01 2.710e-03 7.399e-04 6.720e-03 -1.000 1.527e-02 -2.664 -0.903 -1.007 -0.708
0.0152 0.01508 6.60000 6.0000000000 2.6182599138    6.000  3.026  4.2887  4.297    1  0.000  0.538     0.00     0.00     0.00     0.00     0.00 -1    -1e-30      0.00 7.092e-01 2.755e-01 2.710e-03 7.399e-04 6.720e-03 -1.000 1.527e-02 -2.795 -0.988 -1.094 -0.788
0.0152 0.01508 6.60000 6.1999998093 2.6189141709    6.200  3.077  4.2971  4.294    0  0.000  0.538     0.00     0.00     0.00     0.00     0.00 -1    -1e-30      0.00 7.092e-01 2.755e-01 2.710e-03 7.399e-04 6.720e-03 -1.000 1.527e-02 -2.922 -1.066 -1.175 -0.862
0.0152 0.01508 6.60000 6.4000000954 2.6195216279    6.399  3.125  4.3042  4.288    1  0.000  0.538     0.00     0.00     0.00     0.00     0.00 -1    -1e-30      0.00 7.092e-01 2.755e-01 2.710e-03 7.399e-04 6.720e-03 -1.000 1.527e-02 -3.042 -1.146 -1.257 -0.937
0.0152 0.01508 6.60000 6.6316514015 2.6201728189    6.629  3.179  4.3124  4.282    1  0.000  0.538     0.00     0.00     0.00     0.00     0.00 -1    -1e-30      0.00 7.092e-01 2.755e-01 2.710e-03 7.399e-04 6.720e-03 -1.000 1.527e-02 -3.177 -1.234 -1.347 -1.020
0.0152 0.01508 6.60000 7.0000000000 2.6211069280    6.996  3.261  4.3251  4.274    1  0.000  0.538     0.00     0.00     0.00     0.00     0.00 -1    -1e-30      0.00 7.092e-01 2.755e-01 2.710e-03 7.399e-04 6.720e-03 -1.000 1.527e-02 -3.383 -1.368 -1.484 -1.147
0.0152 0.01508 6.60000 8.0000000000 2.6231516585    8.001  3.463  4.3559  4.254    1  0.000  0.538     0.00     0.00     0.00     0.00     0.00 -1    -1e-30      0.00 7.092e-01 2.755e-01 2.710e-03 7.399e-04 6.720e-03 -1.000 1.527e-02 -3.886 -1.700 -1.824 -1.463
0.0152 0.01508 6.60000 9.0000000000 2.6246829947    8.995  3.638  4.3819  4.234    1  0.000  0.538     0.00     0.00     0.00     0.00     0.00 -1    -1e-30      0.00 7.092e-01 2.755e-01 2.710e-03 7.399e-04 6.720e-03 -1.000 1.527e-02 -4.324 -1.996 -2.127 -1.747
0.0152 0.01508 6.60000 10.0000000000 2.6258676431    9.998  3.793  4.4046  4.215    1  0.000  0.538     0.00     0.00     0.00     0.00     0.00 -1    -1e-30      0.00 7.092e-01 2.755e-01 2.710e-03 7.399e-04 6.720e-03 -1.000 1.527e-02 -4.713 -2.225 -2.363 -1.972
0.0152 0.01508 6.60000 10.6473817825 2.6264996330   10.648  3.884  4.4176  4.203    1  0.000  0.538     0.00     0.00     0.00     0.00     0.00 -1    -1e-30      0.00 7.092e-01 2.755e-01 2.710e-03 7.399e-04 6.720e-03 -1.000 1.527e-02 -4.941 -2.376 -2.519 -2.110
0.0152 0.01508 6.60000 11.0000000000 2.6268081058   11.001  3.932  4.4243  4.197    1  0.000  0.538     0.00     0.00     0.00     0.00     0.00 -1    -1e-30      0.00 7.092e-01 2.755e-01 2.710e-03 7.399e-04 6.720e-03 -1.000 1.527e-02 -5.061 -2.457 -2.602 -2.182
0.0152 0.01508 6.60000 11.9190931320 2.6275144045   11.920  4.048  4.4405  4.180    1  0.000  0.538     0.00     0.00     0.00     0.00     0.00 -1    -1e-30      0.00 7.092e-01 2.755e-01 2.710e-03 7.399e-04 6.720e-03 -1.000 1.527e-02 -5.350 -2.700 -2.845 -2.430
0.0152 0.01508 6.60000 12.0000000000 2.6275706487   12.001  4.058  4.4419  4.179    1  0.000  0.538     0.00     0.00     0.00     0.00     0.00 -1    -1e-30      0.00 7.092e-01 2.755e-01 2.710e-03 7.399e-04 6.720e-03 -1.000 1.527e-02 -5.375 -2.720 -2.865 -2.451
0.0152 0.01508 6.60000 12.7185382843 2.6280342671   12.712  4.140  4.4529  4.166    1  0.000  0.540     0.00     0.00     0.00     0.00     0.00 -1 -1.38e-22      0.00 7.092e-01 2.755e-01 2.723e-03 7.403e-04 6.720e-03 -1.000 1.527e-02 -5.580 -2.881 -3.027 -2.612
0.0152 0.01508 6.60000 13.9787979126 2.6287166186   13.956  4.275  4.4707  4.143    1  0.000  0.545     0.00     0.00     0.00     0.00     0.00 -1 -2.44e-09      0.00 7.092e-01 2.755e-01 2.745e-03 7.408e-04 6.719e-03 -1.000 1.527e-02 -5.916 -3.100 -3.255 -2.804
0.0152 0.01508 6.60000 14.0000000000 2.6287268957   13.978  4.277  4.4709  4.142    0  0.000  0.545     0.00     0.00     0.00     0.00     0.00 -1 -3.98e-09      0.00 7.092e-01 2.755e-01 2.746e-03 7.408e-04 6.719e-03 -1.000 1.527e-02 -5.922 -3.105 -3.260 -2.808
0.0152 0.01508 6.60000 14.3004035950 2.6288687501   14.278  4.306  4.4747  4.137    0  0.000  0.545     0.00     0.00     0.00     0.00     0.00 -1 -4.63e-09      0.00 7.092e-01 2.755e-01 2.746e-03 7.408e-04 6.719e-03 -1.000 1.527e-02 -5.996 -3.153 -3.310 -2.851
0.0152 0.01508 6.60000 15.4699535370 2.6293612009   15.441  4.416  4.4884  4.116    0  0.000  0.545     0.00     0.00     0.00     0.00     0.00 -1 -8.12e-09      0.00 7.092e-01 2.755e-01 2.746e-03 7.408e-04 6.719e-03 -1.000 1.527e-02 -6.271 -3.372 -3.532 -3.065
0.0152 0.01508 6.60000 16.0000000000 2.6295573144   15.967  4.464  4.4941  4.106    0  0.000  0.545     0.00     0.00     0.00     0.00     0.00 -1 -1.04e-08      0.00 7.092e-01 2.755e-01 2.746e-03 7.408e-04 6.719e-03 -1.000 1.527e-02 -6.389 -3.468 -3.629 -3.159
0.0152 0.01508 6.60000 16.0274600983 2.6295670688   15.994  4.466  4.4944  4.106    0  0.000  0.545     0.00     0.00     0.00     0.00     0.00 -1 -1.05e-08      0.00 7.092e-01 2.755e-01 2.746e-03 7.408e-04 6.719e-03 -1.000 1.527e-02 -6.395 -3.472 -3.634 -3.164
0.0152 0.01508 6.60000 17.2344608307 2.6299607561   17.171  4.565  4.5057  4.083    0  0.000  0.545     0.00     0.00     0.00     0.00     0.00 -1 -1.71e-08      0.00 7.092e-01 2.755e-01 2.746e-03 7.408e-04 6.719e-03 -1.000 1.527e-02 -6.642 -3.668 -3.830 -3.358
0.0152 0.01508 6.60000 18.0000000000 2.6301792302   17.918  4.624  4.5123  4.068    0  0.000  0.545     0.00     0.00     0.00     0.00     0.00 -1 -2.29e-08      0.00 7.092e-01 2.755e-01 2.746e-03 7.408e-04 6.719e-03 -1.000 1.527e-02 -6.791 -3.781 -3.943 -3.472
0.0152 0.01508 6.60000 18.3436050415 2.6302704991   18.253  4.649  4.5149  4.062    0  0.000  0.545     0.00     0.00     0.00     0.00     0.00 -1 -2.57e-08      0.00 7.092e-01 2.755e-01 2.746e-03 7.408e-04 6.719e-03 -1.000 1.527e-02 -6.853 -3.828 -3.990 -3.520
0.0152 0.01508 6.60000 19.5987052917 2.6305728380   19.473  4.737  4.5240  4.038    0  0.000  0.545     0.00     0.00     0.00     0.00     0.00 -1 -3.89e-08      0.00 7.092e-01 2.755e-01 2.746e-03 7.408e-04 6.719e-03 -1.000 1.527e-02 -7.073 -3.996 -4.157 -3.691
0.0152 0.01508 6.60000 20.0000000000 2.6306603470   19.862  4.765  4.5266  4.030    0  0.000  0.545     0.00     0.00     0.00     0.00     0.00 -1 -4.42e-08      0.00 7.092e-01 2.755e-01 2.746e-03 7.408e-04 6.719e-03 -1.000 1.527e-02 -7.141 -4.049 -4.210 -3.743
0.0152 0.01508 6.60000 20.6805915833 2.6307998708   20.513  4.807  4.5304  4.017    0  0.000  0.545     0.00     0.00     0.00     0.00     0.00 -1 -5.37e-08      0.00 7.092e-01 2.755e-01 2.746e-03 7.408e-04 6.719e-03 -1.000 1.527e-02 -7.247 -4.135 -4.297 -3.827
0.0152 0.01508 6.60000 21.8667850494 2.6310193403   21.641  4.879  4.5362  3.992    0  0.000  0.545     0.00     0.00     0.00     0.00     0.00 -1 -7.42e-08      0.00 7.092e-01 2.755e-01 2.746e-03 7.408e-04 6.719e-03 -1.000 1.527e-02 -7.426 -4.287 -4.450 -3.976
0.0152 0.01508 6.60000 23.0091686249 2.6312062945   22.717  4.944  4.5410  3.966    0  0.000  0.545     0.00     0.00     0.00     0.00     0.00 -1 -9.95e-08      0.00 7.092e-01 2.755e-01 2.746e-03 7.408e-04 6.719e-03 -1.000 1.527e-02 -7.591 -4.433 -4.597 -4.121
0.0152 0.01508 6.60000 24.0000000000 2.6313519822   23.642  4.999  4.5445  3.942    0  0.000  0.545     0.00     0.00     0.00     0.00     0.00 -1 -1.27e-07      0.00 7.092e-01 2.755e-01 2.746e-03 7.408e-04 6.719e-03 -1.000 1.527e-02 -7.728 -4.547 -4.713 -4.229
0.0152 0.01508 6.60000 25.0116462708 2.6314871188   24.561  5.049  4.5469  3.919    0  0.000  0.545     0.00     0.00     0.00     0.00     0.00 -1 -1.57e-07      0.00 7.092e-01 2.755e-01 2.746e-03 7.408e-04 6.719e-03 -1.000 1.527e-02 -7.852 -4.658 -4.824 -4.341
0.0152 0.01508 6.60000 26.3267498016 2.6316450625   25.742  5.110  4.5491  3.887    0  0.000  0.545     0.00     0.00     0.00     0.00     0.00 -1 -2.04e-07      0.00 7.092e-01 2.755e-01 2.746e-03 7.408e-04 6.719e-03 -1.000 1.527e-02 -8.006 -4.804 -4.969 -4.489
0.0152 0.01508 6.60000 28.0000000000 2.6318215644   27.220  5.186  4.5502  3.840    0  0.000  0.545     0.00     0.00     0.00     0.00     0.00 -1 -2.78e-07      0.00 7.092e-01 2.755e-01 2.746e-03 7.408e-04 6.719e-03 -1.000 1.527e-02 -8.194 -4.998 -5.162 -4.687
0.0152 0.01508 6.60000 28.0802955627 2.6318294281   27.290  5.189  4.5502  3.838    0  0.000  0.545     0.00     0.00     0.00     0.00     0.00 -1 -2.82e-07      0.00 7.092e-01 2.755e-01 2.746e-03 7.408e-04 6.719e-03 -1.000 1.527e-02 -8.202 -5.007 -5.171 -4.696
0.0152 0.01508 6.60000 29.8155689240 2.6319875424   28.774  5.259  4.5488  3.785    0  0.000  0.545     0.00     0.00     0.00     0.00     0.00 -1 -3.75e-07      0.00 7.092e-01 2.755e-01 2.746e-03 7.408e-04 6.719e-03 -1.000 1.527e-02 -8.378 -5.207 -5.369 -4.900
0.0152 0.01508 6.60000 30.0000000000 2.6320031152   28.933  5.266  4.5486  3.779    0  0.000  0.545     0.00     0.00     0.00     0.00     0.00 -1 -3.86e-07      0.00 7.092e-01 2.755e-01 2.746e-03 7.408e-04 6.719e-03 -1.000 1.527e-02 -8.396 -5.229 -5.391 -4.922
0.0152 0.01508 6.60000 30.7611713409 2.6320651202   29.569  5.294  4.5473  3.756    0  0.000  0.545     0.00     0.00     0.00     0.00     0.00 -1 -4.29e-07      0.00 7.092e-01 2.755e-01 2.746e-03 7.408e-04 6.719e-03 -1.000 1.527e-02 -8.466 -5.313 -5.475 -5.009
0.0152 0.01508 6.60000 32.5091743469 2.6321949577   31.005  5.356  4.5425  3.696    0  0.000  0.545     0.00     0.00     0.00     0.00     0.00 -1 -5.36e-07      0.00 7.092e-01 2.755e-01 2.746e-03 7.408e-04 6.719e-03 -1.000 1.527e-02 -8.620 -5.513 -5.672 -5.213
0.0152 0.01508 6.60000 34.4643783569 2.6323223906   32.569  5.422  4.5340  3.617    0  0.000  0.545     0.00     0.00     0.00     0.00     0.00 -1  -6.7e-07      0.00 7.092e-01 2.755e-01 2.746e-03 7.408e-04 6.719e-03 -1.000 1.527e-02 -8.784 -5.745 -5.903 -5.450
0.0152 0.01508 6.60000 35.0000000000 2.6323544560   32.991  5.439  4.5310  3.593    0  0.000  0.545     0.00     0.00     0.00     0.00     0.00 -1 -7.08e-07      0.00 7.092e-01 2.755e-01 2.746e-03 7.408e-04 6.719e-03 -1.000 1.527e-02 -8.828 -5.811 -5.968 -5.517
0.0152 0.01508 6.60000 36.4509582520 2.6324359005   34.096  5.482  4.5216  3.527    0  0.000  0.545     0.00     0.00     0.00     0.00     0.00 -1 -7.96e-07      0.00 7.092e-01 2.755e-01 2.746e-03 7.408e-04 6.719e-03 -1.000 1.527e-02 -8.935 -5.986 -6.142 -5.694
0.0152 0.01508 6.60000 37.5977554321 2.6324951831   34.955  5.515  4.5129  3.470    0  0.000  0.545     0.00     0.00     0.00     0.00     0.00 -1  -8.6e-07      0.00 7.092e-01 2.755e-01 2.746e-03 7.408e-04 6.719e-03 -1.000 1.527e-02 -9.017 -6.126 -6.281 -5.835
0.0152 0.01508 6.60000 38.7214469910 2.6325493716   35.784  5.546  4.5029  3.409    0  0.000  0.545     0.00     0.00     0.00     0.00     0.00 -1 -9.11e-07      0.00 7.092e-01 2.755e-01 2.746e-03 7.408e-04 6.719e-03 -1.000 1.527e-02 -9.096 -6.263 -6.418 -5.973
0.0152 0.01508 6.60000 39.7575302124 2.6325962266   36.540  5.575  4.4922  3.347    0  0.000  0.545     0.00     0.00     0.00     0.00     0.00 -1 -9.44e-07      0.00 7.092e-01 2.755e-01 2.746e-03 7.408e-04 6.719e-03 -1.000 1.527e-02 -9.166 -6.392 -6.545 -6.105
0.0152 0.01508 6.60000 40.0000000000 2.6326067896   36.719  5.581  4.4894  3.331    0  0.000  0.545     0.00     0.00     0.00     0.00     0.00 -1 -9.48e-07      0.00 7.092e-01 2.755e-01 2.746e-03 7.408e-04 6.719e-03 -1.000 1.527e-02 -9.183 -6.424 -6.577 -6.138
0.0152 0.01508 6.60000 40.7500572205 2.6326385519   37.262  5.600  4.4798  3.280    0  0.000  0.545     0.00     0.00     0.00     0.00     0.00 -1 -9.47e-07      0.00 7.092e-01 2.755e-01 2.746e-03 7.408e-04 6.719e-03 -1.000 1.527e-02 -9.231 -6.526 -6.678 -6.244
0.0152 0.01508 6.60000 41.6381225586 2.6326744622   37.904  5.623  4.4673  3.215    0  0.000  0.545     0.00     0.00     0.00     0.00     0.00 -1 -9.35e-07      0.00 7.092e-01 2.755e-01 2.746e-03 7.408e-04 6.719e-03 -1.000 1.527e-02 -9.287 -6.673 -6.820 -6.401
0.0152 0.01508 6.60000 42.4419174194 2.6327054792   38.483  5.643  4.4549  3.152    0  0.000  0.545     0.00     0.00     0.00     0.00     0.00 -1 -9.09e-07      0.00 7.092e-01 2.755e-01 2.746e-03 7.408e-04 6.719e-03 -1.000 1.527e-02 -9.338 -6.839 -6.981 -6.583
0.0152 0.01508 6.60000 43.2352790833 2.6327347967   39.055  5.662  4.4416  3.086    0  0.000  0.545     0.00     0.00     0.00     0.00     0.00 -1 -8.59e-07      0.00 7.092e-01 2.755e-01 2.746e-03 7.408e-04 6.719e-03 -1.000 1.527e-02 -9.386 -7.001 -7.138 -6.756
0.0152 0.01508 6.60000 44.0176162720 2.6327625199   39.620  5.681  4.4273  3.016    0  0.000  0.545     0.00     0.00     0.00     0.00     0.00 -1 -8.02e-07      0.00 7.092e-01 2.755e-01 2.746e-03 7.408e-04 6.719e-03 -1.000 1.527e-02 -9.433 -7.150 -7.284 -6.911
0.0152 0.01508 6.60000 44.7209320068 2.6327864931   40.128  5.698  4.4133  2.949    0  0.000  0.545     0.00     0.00     0.00     0.00     0.00 -1 -7.32e-07      0.00 7.092e-01 2.755e-01 2.746e-03 7.408e-04 6.719e-03 -1.000 1.527e-02 -9.475 -7.250 -7.382 -7.014
0.0152 0.01508 6.60000 45.0000000000 2.6327957669   40.289  5.704  4.4069  2.918    0  0.000  0.545     0.00     0.00     0.00     0.00     0.00 -1 -1.28e-06      0.00 7.092e-01 2.755e-01 2.746e-03 7.408e-04 6.719e-03 -1.000 1.527e-02 -9.491 -7.227 -7.357 -7.000
0.0152 0.01508 6.60000 45.3017234802 2.6328056459   40.428  5.711  4.3992  2.883    0  0.000  0.545     0.00     0.00     0.00     0.00     0.00 -1 -2.48e-06      0.00 7.092e-01 2.755e-01 2.746e-03 7.408e-04 6.719e-03 -1.000 1.527e-02 -9.507 -7.301 -7.427 -7.083
0.0152 0.01508 6.60000 45.8272323608 2.6328224954   40.597  5.721  4.3834  2.811    0  0.000  0.545     0.00     0.00     0.00     0.00     0.00 -1 -2.87e-06      0.00 7.092e-01 2.755e-01 2.745e-03 7.408e-04 6.719e-03 -1.000 1.527e-02 -9.533 -7.417 -7.539 -7.208
0.0152 0.01508 6.60000 46.3493537903 2.6328388019   40.701  5.731  4.3653  2.729    0  0.000  0.545     0.00     0.00     0.00     0.00     0.00 -1 -5.18e-06      0.00 7.092e-01 2.755e-01 2.745e-03 7.409e-04 6.719e-03 -1.000 1.527e-02 -9.559 -7.563 -7.682 -7.363
0.0152 0.01508 6.60000 46.7912635803 2.6328522768   40.748  5.740  4.3472  2.649    0  0.000  0.545     0.00     0.00     0.00     0.00     0.00 -1 -1.03e-05      0.00 7.092e-01 2.755e-01 2.744e-03 7.409e-04 6.719e-03 -1.000 1.527e-02 -9.580 -7.685 -7.802 -7.487
0.0152 0.01508 6.60000 47.1396293640 2.6328626947   40.755  5.747  4.3305  2.575    0  0.000  0.545     0.00     0.00     0.00     0.00     0.00 -1 -1.04e-05      0.00 7.092e-01 2.755e-01 2.744e-03 7.409e-04 6.719e-03 -1.000 1.527e-02 -9.597 -7.805 -7.916 -7.620
0.0152 0.01508 6.60000 47.5320739746 2.6328742208   40.758  5.754  4.3100  2.486    0  0.000  0.544     0.00     0.00     0.00     0.00     0.00 -1 -1.05e-05      0.00 7.092e-01 2.755e-01 2.743e-03 7.410e-04 6.719e-03 -1.000 1.527e-02 -9.616 -7.928 -8.034 -7.755
0.0152 0.01508 6.60000 47.8996086121 2.6328848185   40.516  5.760  4.2829  2.369    0  0.000  0.543     0.00     0.00     0.00     0.00     0.00 -1 -1.45e-05      0.00 7.092e-01 2.755e-01 2.736e-03 7.418e-04 6.719e-03 -1.000 1.527e-02 -9.631 -7.926 -8.032 -7.741
0.0152 0.01508 6.60000 48.1872634888 2.6328929833   40.031  5.764  4.2511  2.232    0  0.000  0.537     0.00     0.00     0.00     0.00     0.00 -1 -1.95e-05      0.00 7.092e-01 2.756e-01 2.699e-03 7.653e-04 6.712e-03 -1.000 1.527e-02 -9.641 -8.107 -8.204 -7.939
0.0152 0.01508 6.60000 48.5117607117 2.6329020604   39.401  5.769  4.2403  2.178    0  0.000  0.436     0.00     0.00     0.00     0.00     0.00 -1 -2.13e-05      0.00 6.986e-01 2.861e-01 2.085e-03 2.549e-03 5.523e-03 -1.000 1.523e-02 -9.652 -8.175 -8.270 -8.013
0.0152 0.01508 6.60000 48.8152427673 2.6329104241   38.593  5.772  4.2593  2.241    0  0.000  0.430     0.00     0.00     0.00     0.00     0.00 -1 -1.15e-05      0.00 6.729e-01 3.119e-01 1.773e-03 3.835e-03 4.495e-03 -1.000 1.515e-02 -9.661 -8.083 -8.183 -7.912
0.0152 0.01508 6.60000 49.0998229980 2.6329181590   38.219  5.777  4.2552  2.216    0  0.000  0.451     0.00     0.00     0.00     0.00     0.00 -1 -1.33e-05      0.00 6.612e-01 3.237e-01 1.704e-03 4.135e-03 4.247e-03 -1.000 1.513e-02 -9.672 -8.116 -8.214 -7.946
0.0152 0.01508 6.60000 49.3652000427 2.6329252796   37.564  5.779  4.2301  2.107    0  0.000  0.456     0.00     0.00     0.00     0.00     0.00 -1 -3.95e-05      0.00 6.549e-01 3.300e-01 1.635e-03 4.358e-03 4.077e-03 -1.000 1.512e-02 -9.677 -8.255 -8.346 -8.097
0.0152 0.01508 6.60000 49.6134185791 2.6329318606   36.780  5.781  4.1885  1.928    0  0.000  0.458     0.00     0.00     0.00     0.00     0.00 -1    -4e-05      0.00 6.493e-01 3.356e-01 1.560e-03 4.565e-03 3.922e-03 -1.000 1.511e-02 -9.683 -8.490 -8.569 -8.356
0.0152 0.01508 6.60000 49.7060394287 2.6329342969   36.482  5.782  4.1700  1.850    0  0.000  0.457     0.00     0.00     0.00     0.00     0.00 -1 -4.27e-05      0.00 6.475e-01 3.374e-01 1.529e-03 4.642e-03 3.866e-03 -1.000 1.511e-02 -9.686 -8.592 -8.663 -8.472
0.0152 0.01508 6.60000 49.7596549988 2.6329357025   36.316  5.783  4.1587  1.802    0  0.000  0.457     0.00     0.00     0.00     0.00     0.00 -1 -4.19e-05      0.00 6.464e-01 3.385e-01 1.509e-03 4.686e-03 3.834e-03 -1.000 1.511e-02 -9.687 -8.651 -8.717 -8.545
0.0152 0.01508 6.60000 49.8142433167 2.6329371299   36.152  5.784  4.1467  1.751    0  0.000  0.456     0.00     0.00     0.00     0.00     0.00 -1 -4.13e-05      0.00 6.453e-01 3.396e-01 1.488e-03 4.732e-03 3.801e-03 -1.000 1.511e-02 -9.689 -8.715 -8.776 -8.622
0.0152 0.01508 6.60000 49.8699455261 2.6329385828   35.988  5.784  4.1340  1.698    0  0.000  0.455     0.00     0.00     0.00     0.00     0.00 -1 -4.08e-05      0.00 6.441e-01 3.408e-01 1.466e-03 4.780e-03 3.768e-03 -1.000 1.511e-02 -9.691 -8.791 -8.849 -8.701
0.0152 0.01508 6.60000 49.9125289917 2.6329396910   35.867  5.785  4.1240  1.656    0  0.000  0.453     0.00     0.00     0.00     0.00     0.00 -1    -4e-05      0.00 6.432e-01 3.417e-01 1.448e-03 4.816e-03 3.742e-03 -1.000 1.510e-02 -9.692 -8.852 -8.909 -8.762
0.0152 0.01508 6.60000 49.9704742432 2.6329411955   35.707  5.786  4.1099  1.597    0  0.000  0.452     0.00     0.00     0.00     0.00     0.00 -1 -3.93e-05      0.00 6.420e-01 3.429e-01 1.422e-03 4.866e-03 3.707e-03 -1.000 1.510e-02 -9.694 -8.937 -8.991 -8.850
0.0152 0.01508 6.60000 50.0000000000 2.6329419605   35.632  5.786  4.1026  1.566    0  0.000  0.451     0.00     0.00     0.00     0.00     0.00 -1 -3.91e-05      0.00 6.414e-01 3.435e-01 1.409e-03 4.892e-03 3.689e-03 -1.000 1.510e-02 -9.695 -8.978 -9.029 -8.895
0.0152 0.01508 6.60000 50.0007019043 2.6329419787   35.631  5.786  4.1024  1.566    0  0.000  0.451     0.00     0.00     0.00     0.00     0.00 -1 -3.91e-05      0.00 6.414e-01 3.435e-01 1.409e-03 4.892e-03 3.689e-03 -1.000 1.510e-02 -9.695 -8.979 -9.030 -8.896
0.0152 0.01508 6.60000 50.0435333252 2.6329430867   35.543  5.787  4.0946  1.533    0  0.000  0.451     0.00     0.00     0.00     0.00     0.00 -1 -3.79e-05      0.00 6.400e-01 3.449e-01 1.388e-03 4.939e-03 3.656e-03 -1.000 1.510e-02 -9.696 -9.023 -9.071 -8.945
0.0152 0.01508 6.60000 50.0877151489 2.6329442273   35.457  5.787  4.0866  1.499    0  0.000  0.452     0.00     0.00     0.00     0.00     0.00 -1 -3.72e-05      0.00 6.385e-01 3.464e-01 1.366e-03 4.986e-03 3.623e-03 -1.000 1.510e-02 -9.698 -9.067 -9.113 -8.994
0.0152 0.01508 6.60000 50.1333503723 2.6329454029   35.373  5.788  4.0789  1.466    0  0.000  0.452     0.00     0.00     0.00     0.00     0.00 -1  -3.6e-05      0.00 6.370e-01 3.479e-01 1.344e-03 5.036e-03 3.588e-03 -1.000 1.509e-02 -9.700 -9.109 -9.151 -9.042
0.0152 0.01508 6.60000 50.1805343628 2.6329466160   35.290  5.789  4.0725  1.439    0  0.000  0.453     0.00     0.00     0.00     0.00     0.00 -1 -3.53e-05      0.00 6.354e-01 3.495e-01 1.320e-03 5.088e-03 3.552e-03 -1.000 1.509e-02 -9.702 -9.135 -9.172 -9.082
0.0152 0.01508 6.60000 50.2291221619 2.6329478623   35.205  5.789  4.0672  1.416    0  0.000  0.399     0.00     0.00     0.00     0.00     0.00 -1 -3.42e-05      0.00 6.334e-01 3.514e-01 1.025e-03 5.548e-03 3.445e-03 -1.000 1.515e-02 -9.704 -9.161 -9.194 -9.115
0.0152 0.01508 6.60000 50.3043937683 2.6329497877   35.077  5.791  4.0712  1.429    0  0.000  0.199     0.00     0.00     0.00     0.00     0.00 -1 -3.35e-05      0.00 6.271e-01 3.577e-01 6.452e-05 7.526e-03 2.582e-03 -1.000 1.520e-02 -9.707 -9.145 -9.181 -9.095
0.0152 0.01508 6.60000 50.3543815613 2.6329510627   34.890  5.791  4.0966  1.528    0  0.000  0.238     0.00     0.00     0.00     0.00     0.00 -1 -3.51e-05      0.00 6.139e-01 3.710e-01 6.879e-05 8.043e-03 1.986e-03 -1.000 1.514e-02 -9.707 -9.023 -9.072 -8.944
0.0152 0.01508 6.60000 50.3783493042 2.6329516730   34.821  5.791  4.1067  1.567    0  0.000  0.250     0.00     0.00     0.00     0.00     0.00 -1 -3.62e-05      0.00 6.095e-01 3.754e-01 7.008e-05 8.202e-03 1.802e-03 -1.000 1.514e-02 -9.708 -8.969 -9.021 -8.884
0.0152 0.01508 6.60000 50.4015464783 2.6329522630   34.779  5.792  4.1133  1.593    0  0.000  0.254     0.00     0.00     0.00     0.00     0.00 -1 -3.65e-05      0.00 6.074e-01 3.775e-01 7.123e-05 8.344e-03 1.639e-03 -1.000 1.509e-02 -9.709 -8.932 -8.987 -8.844
0.0152 0.01508 6.60000 50.4239921570 2.6329528333   34.739  5.792  4.1211  1.623    0  0.000  0.258     0.00     0.00     0.00     0.00     0.00 -1 -3.68e-05      0.00 6.051e-01 3.798e-01 7.229e-05 8.474e-03 1.489e-03 -1.000 1.509e-02 -9.710 -8.888 -8.944 -8.798
0.0152 0.01508 6.60000 50.4457359314 2.6329533852   34.698  5.792  4.1273  1.647    0  0.000  0.262     0.00     0.00     0.00     0.00     0.00 -1 -3.76e-05      0.00 6.031e-01 3.818e-01 7.316e-05 8.582e-03 1.365e-03 -1.000 1.503e-02 -9.711 -8.851 -8.908 -8.761
0.0152 0.01508 6.60000 50.5070838928 2.6329549395   34.581  5.793  4.1374  1.685    0  0.000  0.272     0.00     0.00     0.00     0.00     0.00 -1 -3.81e-05      0.00 5.985e-01 3.865e-01 7.448e-05 8.761e-03 1.159e-03 -1.000 1.503e-02 -9.713 -8.792 -8.851 -8.702
0.0152 0.01508 6.60000 50.5269279480 2.6329554413   34.542  5.793  4.1436  1.709    0  0.000  0.276     0.00     0.00     0.00     0.00     0.00 -1 -3.84e-05      0.00 5.964e-01 3.886e-01 7.512e-05 8.841e-03 1.066e-03 -1.000 1.503e-02 -9.713 -8.757 -8.817 -8.665
0.0152 0.01508 6.60000 50.5461578369 2.6329559272   34.503  5.794  4.1495  1.732    0  0.000  0.280     0.00     0.00     0.00     0.00     0.00 -1 -3.92e-05      0.00 5.943e-01 3.907e-01 7.570e-05 8.915e-03 9.819e-04 -1.000 1.498e-02 -9.714 -8.724 -8.786 -8.630
0.0152 0.01508 6.60000 50.5647697449 2.6329563970   34.465  5.794  4.1551  1.754    0  0.000  0.285     0.00     0.00     0.00     0.00     0.00 -1 -3.95e-05      0.00 5.923e-01 3.928e-01 7.621e-05 8.979e-03 9.076e-04 -1.000 1.498e-02 -9.715 -8.696 -8.761 -8.595
0.0152 0.01508 6.60000 50.6003494263 2.6329572941   34.390  5.794  4.1653  1.793    0  0.000  0.293     0.00     0.00     0.00     0.00     0.00 -1 -4.02e-05      0.00 5.883e-01 3.967e-01 7.702e-05 9.083e-03 7.879e-04 -1.000 1.498e-02 -9.716 -8.646 -8.715 -8.532
0.0152 0.01508 6.60000 50.6339607239 2.6329581402   34.317  5.795  4.1719  1.818    0  0.000  0.301     0.00     0.00     0.00     0.00     0.00 -1 -4.08e-05      0.00 5.852e-01 3.998e-01 7.747e-05 9.151e-03 7.114e-04 -1.000 1.498e-02 -9.717 -8.613 -8.686 -8.492
0.0152 0.01508 6.60000 50.6661682129 2.6329589498   34.245  5.795  4.1783  1.843    0  0.000  0.309     0.00     0.00     0.00     0.00     0.00 -1  -4.1e-05      0.00 5.820e-01 4.030e-01 7.788e-05 9.211e-03 6.416e-04 -1.000 1.498e-02 -9.718 -8.581 -8.656 -8.453
0.0152 0.01508 6.60000 50.6818923950 2.6329593446   34.208  5.796  4.1843  1.866    0  0.000  0.315     0.00     0.00     0.00     0.00     0.00 -1 -4.14e-05      0.00 5.796e-01 4.054e-01 7.824e-05 9.253e-03 5.938e-04 -1.000 1.498e-02 -9.719 -8.548 -8.626 -8.417
0.0152 0.01508 6.60000 50.6972694397 2.6329597304   34.174  5.796  4.1903  1.889    0  0.000  0.322     0.00     0.00     0.00     0.00     0.00 -1 -4.22e-05      0.00 5.772e-01 4.079e-01 7.860e-05 9.294e-03 5.461e-04 -1.000 1.493e-02 -9.719 -8.516 -8.595 -8.380
0.0152 0.01508 6.60000 50.7265090942 2.6329604633   34.103  5.796  4.1984  1.920    0  0.000  0.333     0.00     0.00     0.00     0.00     0.00 -1 -4.29e-05      0.00 5.734e-01 4.116e-01 7.899e-05 9.347e-03 4.855e-04 -1.000 1.498e-02 -9.720 -8.472 -8.553 -8.332
0.0152 0.01508 6.60000 50.7542190552 2.6329611570   34.034  5.796  4.2040  1.942    0  0.000  0.343     0.00     0.00     0.00     0.00     0.00 -1 -4.31e-05      0.00 5.703e-01 4.148e-01 7.920e-05 9.384e-03 4.440e-04 -1.000 1.493e-02 -9.721 -8.441 -8.525 -8.298
0.0152 0.01508 6.60000 50.7939491272 2.6329621501   33.933  5.797  4.2129  1.976    0  0.000  0.360     0.00     0.00     0.00     0.00     0.00 -1 -4.43e-05      0.00 5.652e-01 4.198e-01 7.949e-05 9.431e-03 3.897e-04 -1.000 1.497e-02 -9.722 -8.394 -8.480 -8.246
0.0152 0.01508 6.60000 50.8316154480 2.6329630899   33.833  5.797  4.2190  1.998    0  0.000  0.374     0.00     0.00     0.00     0.00     0.00 -1 -4.44e-05      0.00 5.613e-01 4.238e-01 7.955e-05 9.461e-03 3.555e-04 -1.000 1.497e-02 -9.723 -8.361 -8.450 -8.210
0.0152 0.01508 6.60000 50.8558425903 2.6329636935   33.769  5.797  4.2245  2.019    0  0.000  0.386     0.00     0.00     0.00     0.00     0.00 -1 -4.47e-05      0.00 5.580e-01 4.271e-01 7.968e-05 9.484e-03 3.301e-04 -1.000 1.492e-02 -9.724 -8.332 -8.422 -8.177
0.0152 0.01508 6.60000 50.8792839050 2.6329642770   33.704  5.798  4.2310  2.044    0  0.000  0.401     0.00     0.00     0.00     0.00     0.00 -1 -4.54e-05      0.00 5.543e-01 4.308e-01 7.984e-05 9.505e-03 3.051e-04 -1.000 1.492e-02 -9.724 -8.297 -8.389 -8.139
0.0152 0.01508 6.60000 50.9127120972 2.6329651079   33.609  5.798  4.2362  2.063    0  0.000  0.415     0.00     0.00     0.00     0.00     0.00 -1 -4.61e-05      0.00 5.507e-01 4.344e-01 7.978e-05 9.523e-03 2.852e-04 -1.000 1.492e-02 -9.725 -8.270 -8.363 -8.110
0.0152 0.01508 6.60000 50.9342575073 2.6329656428   33.548  5.798  4.2417  2.084    0  0.000  0.430     0.00     0.00     0.00     0.00     0.00 -1 -4.64e-05      0.00 5.472e-01 4.379e-01 7.988e-05 9.538e-03 2.683e-04 -1.000 1.492e-02 -9.726 -8.242 -8.336 -8.078
0.0152 0.01508 6.60000 50.9551467896 2.6329661609   33.485  5.799  4.2483  2.110    0  0.000  0.447     0.00     0.00     0.00     0.00     0.00 -1 -4.71e-05      0.00 5.433e-01 4.418e-01 8.002e-05 9.552e-03 2.522e-04 -1.000 1.492e-02 -9.726 -8.207 -8.304 -8.040
0.0152 0.01508 6.60000 50.9751586914 2.6329666568   33.417  5.799  4.2558  2.138    0  0.000  0.466     0.00     0.00     0.00     0.00     0.00 -1 -5.09e-05      0.00 5.388e-01 4.463e-01 8.014e-05 9.564e-03 2.387e-04 -1.000 1.492e-02 -9.727 -8.168 -8.266 -7.998
0.0152 0.01508 6.60000 51.0037193298 2.6329673638   33.304  5.799  4.2646  2.172    0  0.000  0.485     0.00     0.00     0.00     0.00     0.00 -1 -6.54e-05      0.00 5.330e-01 4.521e-01 7.998e-05 9.574e-03 2.279e-04 -1.000 1.493e-02 -9.727 -8.122 -8.222 -7.948
0.0152 0.01508 6.60000 51.0221481323 2.6329678195   33.244  5.799  4.2693  2.190    0  0.000  0.499     0.00     0.00     0.00     0.00     0.00 -1 -6.49e-05      0.00 5.296e-01 4.554e-01 8.003e-05 9.581e-03 2.196e-04 -1.000 1.493e-02 -9.727 -8.097 -8.199 -7.921
0.0152 0.01508 6.60000 51.0400428772 2.6329682616   33.185  5.799  4.2746  2.210    0  0.000  0.514     0.00     0.00     0.00     0.00     0.00 -1 -6.44e-05      0.00 5.261e-01 4.590e-01 8.010e-05 9.588e-03 2.122e-04 -1.000 1.493e-02 -9.727 -8.070 -8.173 -7.891
0.0152 0.01508 6.60000 51.0573005676 2.6329686876   33.126  5.799  4.2797  2.230    0  0.000  0.529     0.00     0.00     0.00     0.00     0.00 -1 -6.46e-05      0.00 5.225e-01 4.626e-01 8.017e-05 9.594e-03 2.057e-04 -1.000 1.493e-02 -9.728 -8.042 -8.147 -7.862
0.0152 0.01508 6.60000 51.0935325623 2.6329695810   33.026  5.800  4.2867  2.256    0  0.000  0.551     0.00     0.00     0.00     0.00     0.00 -1 -6.27e-05      0.00 5.166e-01 4.684e-01 8.025e-05 9.602e-03 1.973e-04 -1.000 1.493e-02 -9.729 -7.999 -8.106 -7.810
0.0152 0.01508 6.60000 51.2037887573 2.6329722907   32.938  5.802  4.2880  2.258    0  0.000  0.570     0.00     0.00     0.00     0.00     0.00 -1 -1.83e-05      0.00 5.108e-01 4.742e-01 8.034e-05 9.607e-03 1.910e-04 -1.000 1.493e-02 -9.734 -7.996 -8.104 -7.805
0.0152 0.01508 6.60000 51.4897117615 2.6329792554   32.756  5.807  4.3028  2.310    0  0.000  0.623     0.00     0.00     0.00     0.00     0.00 -1 -1.75e-05      0.00 4.922e-01 4.928e-01 8.061e-05 9.622e-03 1.739e-04 -1.000 1.492e-02 -9.747 -7.481 -7.615 -7.253
0.0152 0.01508 6.60000 51.8751487732 2.6329885045   32.650  5.814  4.2993  2.287    0  0.000  0.646     0.00     0.00     0.00     0.00     0.00 -1  -1.8e-05      0.00 4.825e-01 5.026e-01 8.099e-05 9.628e-03 1.679e-04 -1.000 1.492e-02 -9.765 -7.954 -8.066 -7.750
0.0152 0.01508 6.60000 52.0088233948 2.6329916755   32.542  5.816  4.3151  2.347    0  0.000  0.670     0.00     0.00     0.00     0.00     0.00 -1 -1.91e-05      0.00 4.690e-01 5.161e-01 8.109e-05 9.633e-03 1.622e-04 -1.000 1.492e-02 -9.770 -7.493 -7.628 -7.264
0.0152 0.01508 6.60000 52.4708938599 2.6330024934   32.348  5.825  4.3254  2.377    0  0.000  0.698     0.00     0.00     0.00     0.00     0.00 -1 -2.07e-05      0.00 4.501e-01 5.350e-01 8.155e-05 9.639e-03 1.566e-04 -1.000 1.493e-02 -9.791 -7.505 -7.639 -7.275
0.0152 0.01508 6.60000 53.1460151672 2.6330179110   32.058  5.838  4.3413  2.423    0  0.000  0.732     0.00     0.00     0.00     0.00     0.00 -1 -2.32e-05      0.00 4.257e-01 5.594e-01 8.223e-05 9.647e-03 1.503e-04 -1.000 1.493e-02 -9.825 -7.527 -7.661 -7.300
0.0152 0.01508 6.60000 53.5836639404 2.6330276671   31.822  5.850  4.3660  2.506    0  0.000  0.746     0.00     0.00     0.00     0.00     0.00 -1 -2.66e-05      0.00 4.142e-01 5.709e-01 8.278e-05 9.648e-03 1.482e-04 -1.000 1.491e-02 -9.856 -7.557 -7.691 -7.335
0.0152 0.01508 6.60000 53.6353569031 2.6330288074   31.787  5.857  4.3841  2.572    0  0.000  0.748     0.00     0.00     0.00     0.00     0.00 -1 -2.63e-05      0.00 4.126e-01 5.725e-01 8.285e-05 9.648e-03 1.480e-04 -1.000 1.496e-02 -9.872 -7.576 -7.708 -7.355
0.0152 0.01508 6.60000 53.6592140198 2.6330293328   31.772  5.868  4.4124  2.673    0  0.000  0.748     0.00     0.00     0.00     0.00     0.00 -1  -1.6e-05      0.00 4.119e-01 5.732e-01 8.288e-05 9.648e-03 1.479e-04 -1.000 1.493e-02 -9.901 -7.548 -7.685 -7.315
0.0152 0.01508 6.60000 53.6637573242 2.6330294328   31.770  5.873  4.4230  2.711    0  0.000  0.748     0.00     0.00     0.00     0.00     0.00 -1 -1.73e-05      0.00 4.118e-01 5.733e-01 8.289e-05 9.648e-03 1.479e-04 -1.000 1.491e-02 -9.911 -7.523 -7.660 -7.288
0.0152 0.01508 6.60000 53.6649055481 2.6330294580   31.770  5.874  4.4254  2.720    0  0.000  0.748     0.00     0.00     0.00     0.00     0.00 -1 -1.75e-05      0.00 4.118e-01 5.733e-01 8.289e-05 9.648e-03 1.479e-04 -1.000 1.491e-02 -9.914 -7.517 -7.655 -7.282
0.0152 0.01508 6.60000 53.6690406799 2.6330295490   31.768  5.878  4.4335  2.748    1  0.000  0.749     0.00     0.00     0.00     0.00     0.00 -1 -1.86e-05      0.00 4.117e-01 5.734e-01 8.289e-05 9.648e-03 1.479e-04 -1.000 1.492e-02 -9.924 -7.501 -7.640 -7.266
0.0152 0.01508 6.60000 53.6740188599 2.6330296585   31.765  5.882  4.4419  2.777    1  0.000  0.749     0.00     0.00     0.00     0.00     0.00 -1 -1.84e-05      0.00 4.116e-01 5.735e-01 8.290e-05 9.648e-03 1.478e-04 -1.000 1.492e-02 -9.935 -7.483 -7.622 -7.245
0.0152 0.01508 6.60000 53.6793289185 2.6330297753   31.763  5.887  4.4494  2.803    1  0.000  0.749     0.00     0.00     0.00     0.00     0.00 -1  -9.3e-06      0.00 4.115e-01 5.736e-01 8.290e-05 9.648e-03 1.478e-04 -1.000 1.495e-02 -9.946 -7.451 -7.594 -7.198
0.0152 0.01508 6.60000 53.6866722107 2.6330299368   31.762  5.891  4.4533  2.814    1  0.000  0.749     0.00     0.00     0.00     0.00     0.00 -1 -7.71e-06      0.00 4.114e-01 5.737e-01 8.291e-05 9.648e-03 1.478e-04 -1.000 1.496e-02 -9.958 -7.440 -7.585 -7.185
0.0152 0.01508 6.60000 53.7053298950 2.6330303468   31.758  5.899  4.4428  2.764    1  0.000  0.750     0.00     0.00     0.00     0.00     0.00 -1 -1.45e-05      0.00 4.110e-01 5.740e-01 8.293e-05 9.648e-03 1.477e-04 -1.000 1.496e-02 -9.977 -7.513 -7.654 -7.269
0.0152 0.01508 6.60000 53.7097358704 2.6330304436   31.756  5.900  4.4300  2.712    1  0.000  0.750     0.00     0.00     0.00     0.00     0.00 -1 -2.17e-05      0.00 4.109e-01 5.742e-01 8.294e-05 9.648e-03 1.477e-04 -1.000 1.493e-02 -9.979 -7.573 -7.710 -7.342
0.0152 0.01508 6.60000 53.7127647400 2.6330305101   31.754  5.900  4.4178  2.663    1  0.000  0.750     0.00     0.00     0.00     0.00     0.00 -1 -2.09e-05      0.00 4.108e-01 5.743e-01 8.294e-05 9.648e-03 1.477e-04 -1.000 1.493e-02 -9.980 -7.614 -7.750 -7.384
0.0152 0.01508 6.60000 53.7159271240 2.6330305796   31.745  5.901  4.4024  2.600    1  0.000  0.750     0.00     0.00     0.00     0.00     0.00 -1 -3.22e-05      0.00 4.104e-01 5.747e-01 8.295e-05 9.648e-03 1.476e-04 -1.000 1.494e-02 -9.982 -7.689 -7.819 -7.475
0.0152 0.01508 6.60000 53.7174758911 2.6330306136   31.739  5.901  4.3931  2.563    1  0.000  0.750     0.00     0.00     0.00     0.00     0.00 -1 -3.57e-05      0.00 4.101e-01 5.749e-01 8.295e-05 9.648e-03 1.476e-04 -1.000 1.494e-02 -9.984 -7.703 -7.832 -7.493
0.0152 0.01508 6.60000 53.7190284729 2.6330306477   31.733  5.902  4.3826  2.520    1  0.000  0.751     0.00     0.00     0.00     0.00     0.00 -1  -3.5e-05      0.00 4.099e-01 5.752e-01 8.295e-05 9.648e-03 1.475e-04 -1.000 1.494e-02 -9.985 -7.699 -7.829 -7.485
0.0152 0.01508 6.60000 53.7205810547 2.6330306818   31.727  5.903  4.3701  2.469    1  0.000  0.751     0.00     0.00     0.00     0.00     0.00 -1 -3.36e-05      0.00 4.096e-01 5.755e-01 8.295e-05 9.648e-03 1.475e-04 -1.000 1.489e-02 -9.987 -7.693 -7.825 -7.476
0.0152 0.01508 6.60000 53.7221336365 2.6330307159   31.719  5.904  4.3557  2.410    1  0.000  0.751     0.00     0.00     0.00     0.00     0.00 -1 -3.15e-05      0.00 4.094e-01 5.757e-01 8.296e-05 9.648e-03 1.474e-04 -1.000 1.493e-02 -9.989 -7.690 -7.823 -7.469
0.0152 0.01508 6.60000 53.7236862183 2.6330307499   31.713  5.905  4.3397  2.345    1  0.000  0.751     0.00     0.00     0.00     0.00     0.00 -1 -6.48e-05      0.00 4.091e-01 5.760e-01 8.296e-05 9.648e-03 1.474e-04 -1.000 1.493e-02 -9.991 -7.746 -7.869 -7.557
0.0152 0.01508 6.60000 53.7252388000 2.6330307840   31.697  5.905  4.3245  2.284    1  0.000  0.752     0.00     0.00     0.00     0.00     0.00 -1 -0.000102      0.00 4.084e-01 5.767e-01 8.297e-05 9.649e-03 1.473e-04 -1.000 1.493e-02 -9.994 -7.792 -7.908 -7.623
0.0152 0.01508 6.60000 53.7267913818 2.6330308181   31.681  5.906  4.3082  2.217    1  0.000  0.752     0.00     0.00     0.00     0.00     0.00 -1  -0.00017      0.00 4.076e-01 5.774e-01 8.298e-05 9.649e-03 1.472e-04 -1.000 1.497e-02 -9.996 -7.832 -7.943 -7.678
0.0152 0.01508 6.60000 53.7283325195 2.6330308519   31.664  5.908  4.2885  2.137    1  0.000  0.753     0.00     0.00     0.00     0.00     0.00 -1  -0.00018      0.00 4.069e-01 5.782e-01 8.298e-05 9.649e-03 1.471e-04 -1.000 1.496e-02 -9.999 -8.257 -8.365 -8.066
0.0152 0.01508 6.60000 53.7298660278 2.6330308856   31.638  5.911  4.3171  2.247    1  0.000  0.766     0.00     0.00     0.00     0.00     0.00 -1 -0.000399      0.00 3.907e-01 5.944e-01 8.333e-05 9.653e-03 1.451e-04 -1.000 1.493e-02 -10.008 -7.899 -8.002 -7.765
0.0152 0.01508 6.60000 53.7336578369 2.6330309688   31.604  5.914  4.2625  2.026    1  0.000  0.766     0.00     0.00     0.00     0.00     0.00 -1 -8.93e-05      0.00 3.892e-01 5.959e-01 8.335e-05 9.653e-03 1.450e-04 -1.000 1.493e-02 -10.015 -8.420 -8.521 -8.247
0.0152 0.01508 6.60000 53.7351837158 2.6330310023   31.593  5.915  4.2313  1.900    1  0.000  0.767     0.00     0.00     0.00     0.00     0.00 -1 -8.22e-05      0.00 3.886e-01 5.964e-01 8.336e-05 9.653e-03 1.449e-04 -1.000 1.494e-02 -10.018 -8.589 -8.681 -8.431
0.0152 0.01508 6.60000 53.7367172241 2.6330310359   31.582  5.917  4.1972  1.762    1  0.000  0.767     0.00     0.00     0.00     0.00     0.00 -1 -7.39e-05      0.00 3.882e-01 5.969e-01 8.336e-05 9.653e-03 1.449e-04 -1.000 1.493e-02 -10.021 -8.780 -8.861 -8.640
0.0152 0.01508 6.60000 53.7382392883 2.6330310693   31.571  5.918  4.1636  1.626    1  0.000  0.767     0.00     0.00     0.00     0.00     0.00 -1 -0.000144      0.00 3.878e-01 5.973e-01 8.337e-05 9.653e-03 1.448e-04 -1.000 1.494e-02 -10.025 -8.963 -9.032 -8.852
0.0152 0.01508 6.60000 53.7397689819 2.6330311028   31.561  5.920  4.1251  1.470    1  0.000  0.768     0.00     0.00     0.00     0.00     0.00 -1 -0.000134      0.00 3.874e-01 5.977e-01 8.337e-05 9.653e-03 1.448e-04 -1.000 1.494e-02 -10.029 -9.183 -9.239 -9.093
0.0152 0.01508 6.60000 53.7412872314 2.6330311361   31.553  5.921  4.0788  1.283    1  0.000  0.768     0.00     0.00     0.00     0.00     0.00 -1 -0.000123      0.00 3.870e-01 5.980e-01 8.338e-05 9.653e-03 1.447e-04 -1.000 1.494e-02 -10.033 -9.442 -9.484 -9.375
0.0152 0.01508 6.60000 53.7428169250 2.6330311697   31.545  5.923  4.0320  1.094    1  0.000  0.768     0.00     0.00     0.00     0.00     0.00 -1 -0.000109      0.00 3.868e-01 5.983e-01 8.338e-05 9.653e-03 1.447e-04 -1.000 1.493e-02 -10.037 -9.673 -9.694 -9.648
0.0152 0.01508 6.60000 53.7443389893 2.6330312031   31.527  5.924  4.0077  0.995    1  0.000  0.769     0.00     0.00     0.00     0.00     0.00 -1 -0.000225      0.00 3.858e-01 5.993e-01 8.340e-05 9.653e-03 1.447e-04 -1.000 1.493e-02 -10.040 -9.792 -9.805 -9.782
0.0152 0.01508 6.60000 53.7459220886 2.6330312378   31.510  5.926  3.9928  0.934    1  0.000  0.769     0.00     0.00     0.00     0.00     0.00 -1 -0.000217      0.00 3.849e-01 6.001e-01 8.342e-05 9.653e-03 1.446e-04 -1.000 1.496e-02 -10.044 -9.864 -9.872 -9.862
0.0152 0.01508 6.60000 53.7474975586 2.6330312723   31.493  5.927  3.9795  0.879    1  0.000  0.770     0.00     0.00     0.00     0.00     0.00 -1 -0.000212      0.00 3.842e-01 6.009e-01 8.345e-05 9.653e-03 1.445e-04 -1.000 1.491e-02 -10.048 -9.926 -9.929 -9.932
0.0152 0.01508 6.60000 53.7490463257 2.6330313063   31.477  5.929  3.9651  0.820    1  0.000  0.770     0.00     0.00     0.00     0.00     0.00 -1 -0.000208      0.00 3.835e-01 6.016e-01 8.346e-05 9.653e-03 1.445e-04 -1.000 1.489e-02 -10.052 -9.985 -9.980 -10.006
0.0152 0.01508 6.60000 53.7505912781 2.6330313402   31.462  5.930  3.9496  0.756    1  0.000  0.771     0.00     0.00     0.00     0.00     0.00 -1 -0.000201      0.00 3.828e-01 6.023e-01 8.348e-05 9.653e-03 1.444e-04 -1.000 1.493e-02 -10.056 -10.038 -10.019 -10.087
0.0152 0.01508 6.60000 53.7520980835 2.6330313732   31.448  5.932  3.9283  0.669    1  0.000  0.771     0.00     0.00     0.00     0.00     0.00 -1 -0.000195      0.00 3.825e-01 6.025e-01 8.348e-05 9.653e-03 1.443e-04 -1.000 1.493e-02 -10.059 -10.121 -10.094 -10.185
0.0152 0.01508 6.60000 53.7534790039 2.6330314035   31.436  5.933  3.9023  0.563    1  0.000  0.771     0.00     0.00     0.00     0.00     0.00 -1 -0.000186      0.00 3.823e-01 6.028e-01 8.349e-05 9.653e-03 1.443e-04 -1.000 1.495e-02 -10.062 -10.190 -10.141 -10.296
0.0152 0.01508 6.60000 53.7546348572 2.6330314288   31.427  5.934  3.8724  0.443    1  0.000  0.771     0.00     0.00     0.00     0.00     0.00 -1 -0.000175      0.00 3.821e-01 6.030e-01 8.349e-05 9.653e-03 1.443e-04 -1.000 1.493e-02 -10.065 -10.247 -10.166 -10.406
0.0152 0.01508 6.60000 53.7555313110 2.6330314485   31.421  5.935  3.8518  0.360    1  0.000  0.771     0.00     0.00     0.00     0.00     0.00 -1 -0.000166      0.00 3.819e-01 6.031e-01 8.349e-05 9.653e-03 1.443e-04 -1.000 1.493e-02 -10.067 -10.268 -10.166 -10.464
0.0152 0.01508 6.60000 53.7562255859 2.6330314637   31.417  5.935  3.8418  0.319    1  0.000  0.771     0.00     0.00     0.00     0.00     0.00 -1 -0.000159      0.00 3.818e-01 6.033e-01 8.350e-05 9.653e-03 1.443e-04 -1.000 1.493e-02 -10.069 -10.273 -10.154 -10.496
0.0152 0.01508 6.60000 53.7571296692 2.6330314835   31.410  5.936  3.8324  0.280    1  0.000  0.772     0.00     0.00     0.00     0.00     0.00 -1 -0.000152      0.00 3.816e-01 6.034e-01 8.350e-05 9.653e-03 1.442e-04 -1.000 1.494e-02 -10.071 -10.276 -10.140 -10.527
0.0152 0.01508 6.60000 53.7599716187 2.6330315458   31.394  5.939  3.8235  0.242    1  0.000  0.772     0.00     0.00     0.00     0.00     0.00 -1 -0.000149      0.00 3.811e-01 6.040e-01 8.351e-05 9.653e-03 1.442e-04 -1.000 1.495e-02 -10.077 -10.282 -10.127 -10.560
0.0152 0.01508 6.60000 53.7664718628 2.6330316883   31.354  5.944  3.8112  0.187    1  0.000  0.773     0.00     0.00     0.00     0.00     0.00 -1 -0.000149      0.00 3.799e-01 6.052e-01 8.353e-05 9.653e-03 1.441e-04 -1.000 1.492e-02 -10.090 -10.293 -10.109 -10.612
0.0152 0.01508 6.60000 53.7721748352 2.6330318132   31.320  5.948  3.8020  0.146    1  0.000  0.773     0.00     0.00     0.00     0.00     0.00 -1 -0.000149      0.00 3.787e-01 6.063e-01 8.355e-05 9.653e-03 1.440e-04 -1.000 1.493e-02 -10.100 -10.301 -10.093 -10.653
0.0152 0.01508 6.60000 53.7799339294 2.6330319831   31.273  5.953  3.7924  0.102    1  0.000  0.776     0.00     0.00     0.00     0.00     0.00 -1 -0.000149      0.00 3.741e-01 6.109e-01 8.363e-05 9.654e-03 1.436e-04 -1.000 1.494e-02 -10.112 -10.310 -10.075 -10.695
0.0152 0.01508 6.60000 53.7955627441 2.6330323253   31.177  5.956  3.7831  0.060    1  0.000  0.790     0.00     0.00     0.00     0.00     0.00 -1 -0.000151      0.00 3.507e-01 6.343e-01 8.404e-05 9.656e-03 1.419e-04 -1.000 1.496e-02 -10.121 -10.317 -10.055 -10.734
0.0152 0.01508 6.60000 53.8143310547 2.6330327358   31.058  5.965  3.7722  0.005    1  0.000  0.797     0.00     0.00     0.00     0.00     0.00 -1 -0.000154      0.00 3.384e-01 6.467e-01 8.422e-05 9.657e-03 1.408e-04 -1.000 1.495e-02 -10.143 -10.330 -10.031 -10.789
0.0152 0.01508 6.60000 53.8435630798 2.6330333746   30.858  5.975  3.7630 -0.044    1  0.000  0.804     0.00     0.00     0.00     0.00     0.00 -1 -0.000165      0.00 3.265e-01 6.586e-01 8.444e-05 9.658e-03 1.400e-04 -1.000 1.495e-02 -10.168 -10.344 -10.014 -10.838
0.0152 0.01508 6.60000 53.8441658020 2.6330333877   30.854  5.976  3.7629 -0.045    1  0.000  0.804     0.00     0.00     0.00     0.00     0.00 -1 -0.000165      0.00 3.263e-01 6.587e-01 8.445e-05 9.658e-03 1.400e-04 -1.000 1.495e-02 -10.169 -10.345 -10.015 -10.839
0.0152 0.01508 6.60000 53.8949584961 2.6330344957   30.476  6.000  3.7614 -0.081    1  0.000  0.811     0.00     0.00     0.00     0.00     0.00 -1  -0.00018      0.00 3.154e-01 6.696e-01 8.473e-05 9.659e-03 1.392e-04 -1.000 1.497e-02 -10.230 -10.404 -10.069 -10.903
0.0152 0.01508 6.60000 53.9236259460 2.6330351200   30.253  6.007  3.7645 -0.079    1  0.000  0.815     0.00     0.00     0.00     0.00     0.00 -1 -0.000188      0.00 3.088e-01 6.763e-01 8.498e-05 9.659e-03 1.388e-04 -1.000 1.497e-02 -10.248 -10.426 -10.102 -10.914
0.0152 0.01508 6.60000 53.9240150452 2.6330351285   30.250  6.007  3.7645 -0.078    1  0.000  0.816     0.00     0.00     0.00     0.00     0.00 -1 -0.000188      0.00 3.086e-01 6.764e-01 8.499e-05 9.659e-03 1.388e-04 -1.000 1.497e-02 -10.248 -10.426 -10.102 -10.914
0.0152 0.01508 6.60000 53.9664115906 2.6330360504   29.912  6.007  3.7709 -0.058    1  0.000  0.830     0.00     0.00     0.00     0.00     0.00 -1 -0.000198      0.00 2.908e-01 6.943e-01 8.578e-05 9.659e-03 1.376e-04 -1.000 1.497e-02 -10.248 -10.434 -10.132 -10.898
0.0152 0.01508 6.60000 54.0095024109 2.6330369856   29.551  6.013  3.7768 -0.045    1  0.000  0.837     0.00     0.00     0.00     0.00     0.00 -1  -0.00021      0.00 2.783e-01 7.067e-01 8.597e-05 9.663e-03 1.367e-04 -1.000 1.494e-02 -10.262 -10.455 -10.174 -10.895
0.0152 0.01508 6.60000 54.0343780518 2.6330375248   29.333  6.015  3.7833 -0.024    1  0.000  0.838     0.00     0.00     0.00     0.00     0.00 -1 -0.000217      0.00 2.708e-01 7.143e-01 8.579e-05 9.664e-03 1.362e-04 -1.000 1.497e-02 -10.267 -10.464 -10.203 -10.880
0.0152 0.01508 6.60000 54.0532341003 2.6330379331   29.160  6.016  3.7904  0.000    1  0.000  0.835     0.00     0.00     0.00     0.00     0.00 -1 -0.000223      0.00 2.649e-01 7.202e-01 8.516e-05 9.667e-03 1.358e-04 -1.000 1.494e-02 -10.270 -10.469 -10.229 -10.861
0.0152 0.01508 6.60000 54.0668144226 2.6330382269   29.025  6.016  3.8192  0.114    1  0.000  0.832     0.00     0.00     0.00     0.00     0.00 -1 -0.000239      0.00 2.603e-01 7.248e-01 8.461e-05 9.668e-03 1.354e-04 -1.000 1.493e-02 -10.269 -10.474 -10.309 -10.765
0.0152 0.01508 6.60000 54.0755043030 2.6330384148   28.923  6.015  3.9021  0.445    1  0.000  0.830     0.00     0.00     0.00     0.00     0.00 -1 -0.000292      0.00 2.565e-01 7.286e-01 8.413e-05 9.670e-03 1.351e-04 -1.000 1.495e-02 -10.267 -10.395 -10.345 -10.501
0.0152 0.01508 6.60000 54.0797042847 2.6330385057   28.875  6.015  3.9422  0.605    1  0.000  0.829     0.00     0.00     0.00     0.00     0.00 -1 -0.000322      0.00 2.547e-01 7.304e-01 8.390e-05 9.670e-03 1.349e-04 -1.000 1.495e-02 -10.267 -10.279 -10.259 -10.332
0.0152 0.01508 6.60000 54.0814094543 2.6330385425   28.854  6.015  3.9585  0.669    1  0.000  0.828     0.00     0.00     0.00     0.00     0.00 -1 -0.000335      0.00 2.539e-01 7.311e-01 8.381e-05 9.671e-03 1.349e-04 -1.000 1.495e-02 -10.267 -10.221 -10.210 -10.254
0.0152 0.01508 6.60000 54.0825805664 2.6330385678   28.841  6.015  3.9697  0.714    1  0.000  0.828     0.00     0.00     0.00     0.00     0.00 -1 -0.000345      0.00 2.534e-01 7.316e-01 8.374e-05 9.671e-03 1.348e-04 -1.000 1.495e-02 -10.267 -10.186 -10.186 -10.198
0.0152 0.01508 6.60000 54.0836410522 2.6330385908   28.829  6.015  3.9799  0.755    1  0.000  0.827     0.00     0.00     0.00     0.00     0.00 -1 -0.000353      0.00 2.529e-01 7.321e-01 8.368e-05 9.671e-03 1.348e-04 -1.000 1.496e-02 -10.267 -10.143 -10.147 -10.149
0.0152 0.01508 6.60000 54.0849037170 2.6330386181   28.815  6.015  3.9869  0.782    1  0.000  0.827     0.00     0.00     0.00     0.00     0.00 -1 -0.000345      0.00 2.525e-01 7.326e-01 8.365e-05 9.671e-03 1.348e-04 -1.000 1.496e-02 -10.267 -10.112 -10.118 -10.114
0.0152 0.01508 6.60000 54.0860748291 2.6330386434   28.803  6.015  3.9901  0.795    1  0.000  0.827     0.00     0.00     0.00     0.00     0.00 -1 -0.000326      0.00 2.521e-01 7.329e-01 8.366e-05 9.671e-03 1.347e-04 -1.000 1.496e-02 -10.267 -10.098 -10.105 -10.098
0.0152 0.01508 6.60000 54.0881843567 2.6330386890   28.781  6.015  3.9960  0.818    1  0.000  0.828     0.00     0.00     0.00     0.00     0.00 -1 -0.000295      0.00 2.514e-01 7.336e-01 8.366e-05 9.671e-03 1.347e-04 -1.000 1.496e-02 -10.266 -10.072 -10.081 -10.068
0.0152 0.01508 6.60000 54.0919723511 2.6330387708   28.743  6.014  4.0064  0.860    1  0.000  0.828     0.00     0.00     0.00     0.00     0.00 -1 -0.000246      0.00 2.502e-01 7.348e-01 8.366e-05 9.671e-03 1.346e-04 -1.000 1.496e-02 -10.266 -10.023 -10.036 -10.014
0.0152 0.01508 6.60000 54.0966567993 2.6330388720   28.695  6.014  4.0193  0.911    1  0.000  0.829     0.00     0.00     0.00     0.00     0.00 -1 -0.000197      0.00 2.487e-01 7.363e-01 8.366e-05 9.672e-03 1.345e-04 -1.000 1.496e-02 -10.265 -9.962 -9.979 -9.945
0.0152 0.01508 6.60000 54.1005554199 2.6330389563   28.656  6.014  4.0301  0.954    1  0.000  0.829     0.00     0.00     0.00     0.00     0.00 -1 -0.000163      0.00 2.475e-01 7.376e-01 8.366e-05 9.672e-03 1.344e-04 -1.000 1.496e-02 -10.264 -9.909 -9.931 -9.886
0.0152 0.01508 6.60000 54.1060447693 2.6330390748   28.605  6.013  4.0445  1.011    1  0.000  0.831     0.00     0.00     0.00     0.00     0.00 -1 -0.000134      0.00 2.454e-01 7.396e-01 8.373e-05 9.672e-03 1.343e-04 -1.000 1.496e-02 -10.263 -9.837 -9.863 -9.805
0.0152 0.01508 6.60000 54.1135368347 2.6330392366   28.559  6.013  4.0604  1.075    1  0.000  0.837     0.00     0.00     0.00     0.00     0.00 -1 -0.000134      0.00 2.414e-01 7.437e-01 8.413e-05 9.672e-03 1.339e-04 -1.000 1.495e-02 -10.262 -9.755 -9.786 -9.714
0.0152 0.01508 6.60000 54.1227149963 2.6330394347   28.503  6.012  4.0800  1.153    1  0.000  0.844     0.00     0.00     0.00     0.00     0.00 -1 -0.000134      0.00 2.365e-01 7.486e-01 8.462e-05 9.672e-03 1.336e-04 -1.000 1.493e-02 -10.261 -9.665 -9.709 -9.596
0.0152 0.01508 6.60000 54.1344223022 2.6330396873   28.430  6.012  4.1235  1.326    1  0.000  0.871     0.00     0.00     0.00     0.00     0.00 -1 -0.000137      0.00 2.232e-01 7.619e-01 8.679e-05 9.670e-03 1.324e-04 -1.000 1.493e-02 -10.261 -9.424 -9.481 -9.334
0.0152 0.01508 6.60000 54.1408271790 2.6330398254   28.389  6.012  4.1374  1.381    1  0.000  0.879     0.00     0.00     0.00     0.00     0.00 -1 -0.000138      0.00 2.183e-01 7.667e-01 8.733e-05 9.669e-03 1.320e-04 -1.000 1.493e-02 -10.261 -9.340 -9.399 -9.250
0.0152 0.01508 6.60000 54.1627349854 2.6330402976   28.249  6.011  4.1525  1.440    1  0.000  0.876     0.00     0.00     0.00     0.00     0.00 -1 -0.000143      0.00 2.071e-01 7.780e-01 8.658e-05 9.671e-03 1.314e-04 -1.000 1.493e-02 -10.258 -9.253 -9.316 -9.155
0.0152 0.01508 6.60000 54.1808815002 2.6330406884   28.125  6.012  4.1874  1.577    1  0.000  0.875     0.00     0.00     0.00     0.00     0.00 -1 -0.000152      0.00 1.889e-01 7.961e-01 8.579e-05 9.675e-03 1.304e-04 -1.000 1.495e-02 -10.259 -9.072 -9.150 -8.938
0.0152 0.01508 6.60000 54.2001228333 2.6330411024   27.998  6.012  4.2349  1.765    1  0.000  0.877     0.00     0.00     0.00     0.00     0.00 -1 -0.000138      0.00 1.715e-01 8.135e-01 8.532e-05 9.679e-03 1.293e-04 -1.000 1.498e-02 -10.260 -8.812 -8.905 -8.652
0.0152 0.01508 6.60000 54.2194252014 2.6330415174   27.868  6.010  4.2549  1.844    1  0.000  0.879     0.00     0.00     0.00     0.00     0.00 -1 -0.000141      0.00 1.684e-01 8.166e-01 8.553e-05 9.679e-03 1.291e-04 -1.000 1.500e-02 -10.256 -8.702 -8.800 -8.532
0.0152 0.01508 6.60000 54.2387351990 2.6330419323   27.735  6.009  4.3067  2.051    1  0.000  0.891     0.00     0.00     0.00     0.00     0.00 -1 -0.000139      0.00 1.656e-01 8.194e-01 8.655e-05 9.678e-03 1.289e-04 -1.000 1.501e-02 -10.253 -7.929 -8.053 -7.734
0.0152 0.01508 6.60000 54.2580413818 2.6330423467   27.602  6.008  4.5021  2.831    1  0.000  0.939     0.00     0.00     0.00     0.00     0.00 -1 -0.000103      0.00 1.487e-01 8.363e-01 8.996e-05 9.676e-03 1.277e-04 -1.000 1.501e-02 -10.251 -7.691 -7.806 -7.526
0.0152 0.01508 6.60000 54.2773513794 2.6330427609   27.500  6.007  4.6891  3.578    1  0.000  0.980     0.00     0.00     0.00     0.00     0.00 -1 -7.44e-05      0.00 1.311e-01 8.539e-01 9.263e-05 9.674e-03 1.264e-04 -1.000 1.501e-02 -10.248 -6.610 -6.722 -6.445
0.0152 0.01508 6.60000 54.2970237732 2.6330431824   27.437  6.005  4.7420  3.791    1  0.000  0.979     0.00     0.00     0.00     0.00     0.00 -1 -6.85e-05      0.00 1.259e-01 8.591e-01 9.214e-05 9.674e-03 1.260e-04 -1.000 1.499e-02 -10.243 -6.328 -6.436 -6.177
0.0152 0.01508 6.60000 54.3168182373 2.6330436063   27.384  6.003  4.7563  3.850    1  0.000  0.963     0.00     0.00     0.00     0.00     0.00 -1 -6.79e-05      0.00 1.244e-01 8.606e-01 9.060e-05 9.676e-03 1.259e-04 -1.000 1.499e-02 -10.238 -6.256 -6.362 -6.109
0.0152 0.01508 6.60000 54.3367691040 2.6330440331   27.331  6.001  4.7721  3.914    1  0.000  0.947     0.00     0.00     0.00     0.00     0.00 -1 -6.76e-05      0.00 1.200e-01 8.650e-01 8.890e-05 9.679e-03 1.257e-04 -1.000 1.500e-02 -10.233 -6.181 -6.285 -6.040
0.0152 0.01508 6.60000 54.3568649292 2.6330444627   27.278  5.999  4.7873  3.976    1  0.000  0.933     0.00     0.00     0.00     0.00     0.00 -1 -6.74e-05      0.00 1.175e-01 8.675e-01 8.733e-05 9.682e-03 1.255e-04 -1.000 1.499e-02 -10.227 -6.113 -6.215 -5.978
0.0152 0.01508 6.60000 54.3771400452 2.6330448957   27.224  5.996  4.8018  4.036    1  0.000  0.920     0.00     0.00     0.00     0.00     0.00 -1 -6.69e-05      0.00 1.168e-01 8.682e-01 8.595e-05 9.684e-03 1.254e-04 -1.000 1.498e-02 -10.221 -6.044 -6.144 -5.915
0.0152 0.01508 6.60000 54.3975830078 2.6330453320   27.168  5.993  4.8381  4.183    1  0.000  0.910     0.00     0.00     0.00     0.00     0.00 -1 -6.35e-05      0.00 1.152e-01 8.698e-01 8.477e-05 9.686e-03 1.253e-04 -1.000 1.498e-02 -10.214 -5.829 -5.924 -5.710
0.0152 0.01508 6.60000 54.4182319641 2.6330457722   27.117  5.990  4.8696  4.311    1  0.000  0.900     0.00     0.00     0.00     0.00     0.00 -1 -6.01e-05      0.00 1.140e-01 8.710e-01 8.362e-05 9.688e-03 1.252e-04 -1.000 1.499e-02 -10.206 -5.635 -5.729 -5.517
0.0152 0.01508 6.60000 54.4391098022 2.6330462170   27.074  5.987  4.8839  4.371    1  0.000  0.892     0.00     0.00     0.00     0.00     0.00 -1 -5.88e-05      0.00 1.137e-01 8.713e-01 8.280e-05 9.689e-03 1.252e-04 -1.000 1.500e-02 -10.198 -5.545 -5.639 -5.428
0.0152 0.01508 6.60000 54.4602279663 2.6330466664   27.032  5.984  4.8977  4.429    1  0.000  0.884     0.00     0.00     0.00     0.00     0.00 -1 -5.83e-05      0.00 1.133e-01 8.717e-01 8.214e-05 9.690e-03 1.252e-04 -1.000 1.499e-02 -10.189 -5.468 -5.561 -5.353
0.0152 0.01508 6.60000 54.4815979004 2.6330471208   26.990  5.980  4.9117  4.488    1  0.000  0.879     0.00     0.00     0.00     0.00     0.00 -1 -5.77e-05      0.00 1.120e-01 8.730e-01 8.170e-05 9.691e-03 1.251e-04 -1.000 1.499e-02 -10.180 -5.394 -5.487 -5.280
0.0152 0.01508 6.60000 54.5252189636 2.6330480471   26.905  5.972  4.9372  4.597    1  0.000  0.863     0.00     0.00     0.00     0.00     0.00 -1 -5.68e-05      0.00 1.102e-01 8.748e-01 8.049e-05 9.694e-03 1.250e-04 -1.000 1.499e-02 -10.161 -5.260 -5.353 -5.146
0.0152 0.01508 6.60000 54.5701217651 2.6330489989   26.820  5.963  4.9596  4.694    1  0.000  0.841     0.00     0.00     0.00     0.00     0.00 -1 -5.54e-05      0.00 1.096e-01 8.754e-01 7.883e-05 9.697e-03 1.250e-04 -1.000 1.497e-02 -10.138 -5.136 -5.229 -5.020
0.0152 0.01508 6.60000 54.6164703369 2.6330499794   26.735  5.953  4.9802  4.785    1  0.000  0.831     0.00     0.00     0.00     0.00     0.00 -1 -5.39e-05      0.00 1.089e-01 8.762e-01 7.827e-05 9.697e-03 1.251e-04 -1.000 1.495e-02 -10.113 -5.017 -5.111 -4.899
0.0152 0.01508 6.60000 54.6643180847 2.6330509896   26.649  5.943  4.9999  4.872    1  0.000  0.842     0.00     0.00     0.00     0.00     0.00 -1 -5.23e-05      0.00 1.070e-01 8.780e-01 7.945e-05 9.695e-03 1.252e-04 -1.000 1.497e-02 -10.088 -4.896 -4.991 -4.774
0.0152 0.01508 6.60000 54.7136535645 2.6330520291   26.564  5.933  5.0184  4.955    1  0.000  0.862     0.00     0.00     0.00     0.00     0.00 -1 -5.09e-05      0.00 1.046e-01 8.804e-01 8.140e-05 9.692e-03 1.254e-04 -1.000 1.500e-02 -10.062 -4.758 -4.860 -4.611
0.0152 0.01508 6.60000 54.7898674011 2.6330536307   26.439  5.918  5.0385  5.048    1  0.000  0.890     0.00     0.00     0.00     0.00     0.00 -1 -4.91e-05      0.00 1.007e-01 8.844e-01 8.397e-05 9.690e-03 1.254e-04 -1.000 1.498e-02 -10.026 -4.647 -4.749 -4.501
0.0152 0.01508 6.60000 54.8678092957 2.6330552633   26.316  5.905  5.0557  5.128    1  0.000  0.921     0.00     0.00     0.00     0.00     0.00 -1 -4.76e-05      0.00 9.437e-02 8.906e-01 8.645e-05 9.687e-03 1.247e-04 -1.000 1.499e-02 -9.993 -4.526 -4.628 -4.376
0.0152 0.01508 6.60000 54.9453887939 2.6330568830   26.196  5.896  5.0701  5.193    1  0.000  0.958     0.00     0.00     0.00     0.00     0.00 -1 -4.68e-05      0.00 8.373e-02 9.013e-01 8.863e-05 9.686e-03 1.229e-04 -1.000 1.496e-02 -9.969 -4.425 -4.526 -4.281
0.0152 0.01508 6.60000 55.0000000000 2.6330580200   26.111  5.892  5.0780  5.227    1  0.000  1.015     0.00     0.00     0.00     0.00     0.00 -1  -4.7e-05      0.00 7.402e-02 9.110e-01 9.177e-05 9.684e-03 1.206e-04  6.165 1.495e-02 -9.959 -4.387 -4.486 -4.246
0.0152 0.01508 6.60000 55.2118034363 2.6330624054   25.816  5.881  5.1034  5.334    1  0.000  1.252     0.00     0.00     0.00     0.00     0.00 -1 -4.86e-05      0.00 3.758e-02 9.475e-01 1.050e-04 9.676e-03 1.118e-04  7.672 1.497e-02 -9.933 -4.303 -4.399 -4.172
0.0152 0.01508 6.60000 56.1886558533 2.6330821401   24.378  5.857  5.1209  5.404    1  0.000  2.621     0.00     0.00     0.00     0.00     0.00 -1 -4.84e-05      0.00 2.036e-07 9.790e-01 5.718e-03 9.345e-03 3.857e-04 15.347 2.099e-02 -9.872 -4.200 -4.291 -4.079
0.0152 0.01508 6.60000 57.0469474792 2.6330988396   23.380  5.841  5.1231  5.410    1  0.000 11.675     0.00     0.00     0.00     0.00     0.00 -1 -3.84e-05      0.00 5.094e-09 8.860e-01 9.178e-02 5.384e-03 5.088e-03 18.158 1.140e-01 -9.832 -4.945 -5.092 -4.357
0.0152 0.01508 6.60000 58.3469619751 2.6331230608   22.419  5.831  5.1264  5.415    1  0.000 20.504     0.00     0.00     0.00     0.00     0.00 -1 -2.58e-05      0.00 1.000e-33 7.108e-01 2.524e-01 1.000e-33 1.650e-02 43.301 2.892e-01 -9.809 -4.453 -4.590 -3.972
0.0152 0.01508 6.60000 59.7409515381 2.6331476907   21.795  5.832  5.1307  5.419    2  0.000 15.049     0.00     0.00     0.00     0.00     0.00 -1 -2.14e-05      0.00 1.000e-33 6.408e-01 3.098e-01 6.522e-31 2.898e-02 43.380 3.592e-01 -9.810 -4.185 -4.317 -3.792
0.0152 0.01508 6.60000 60.0000000000 2.6331521230   21.686  5.832  5.1315  5.420    2  0.000 14.120     0.00     0.00     0.00     0.00     0.00 -1 -2.07e-05      0.00 1.000e-33 6.278e-01 3.203e-01 1.052e-30 3.147e-02 43.393 3.722e-01 -9.811 -4.134 -4.266 -3.757
0.0152 0.01508 6.60000 60.4639549255 2.6331599521   21.526  5.833  5.1330  5.422    2  0.000 12.590     0.00     0.00     0.00     0.00     0.00 -1 -1.95e-05      0.00 1.000e-33 6.058e-01 3.380e-01 2.004e-30 3.586e-02 43.414 3.942e-01 -9.813 -4.052 -4.183 -3.700
0.0152 0.01508 6.60000 61.8919181824 2.6331832037   21.243  5.841  5.1422  5.445    3  0.000  9.043     0.00     0.01     0.01     0.01     0.01  0  -1.6e-05      0.00 1.000e-33 5.277e-01 3.934e-01 1.451e-26 5.843e-02 43.464 4.723e-01 -9.833 -3.758 -3.886 -3.492
0.0152 0.01508 6.60000 61.9337615967 2.6331838665   21.237  5.841  5.1425  5.446    3  0.000  8.953     0.00     0.01     0.01     0.01     0.01  0 -1.59e-05      0.00 1.000e-33 5.255e-01 3.949e-01 1.706e-26 5.917e-02 43.466 4.745e-01 -9.834 -3.749 -3.878 -3.485
0.0152 0.01508 6.60000 63.0495910645 2.6332011678   21.184  5.854  5.1568  5.490    3  0.000  6.668     0.00     0.01     0.01     0.01     0.00  0 -1.21e-05      0.00 1.000e-33 4.425e-01 4.456e-01 6.127e-26 9.134e-02 43.497 5.575e-01 -9.864 -3.452 -3.592 -3.204
0.0152 0.01508 6.60000 63.6131362915 2.6332096410   21.187  5.863  5.1702  5.534    3  0.000  6.123     0.00     0.01     0.01     0.01     0.00  0 -1.17e-05      0.00 1.000e-33 4.215e-01 4.571e-01 5.721e-26 1.009e-01 43.502 5.785e-01 -9.887 -3.369 -3.514 -3.115
0.0152 0.01508 6.60000 63.7354316711 2.6332114570   21.189  5.865  5.1752  5.551    3  0.000  6.032     0.00     0.01     0.01     0.01     0.00  0 -1.18e-05      0.00 1.000e-33 4.179e-01 4.589e-01 5.292e-26 1.027e-01 43.503 5.821e-01 -9.894 -3.351 -3.497 -3.096
0.0152 0.01508 6.60000 63.8577766418 2.6332132658   21.190  5.870  5.1848  5.585    3  0.000  5.939     0.00     0.01     0.01     0.00     0.00  0 -1.21e-05      0.00 1.000e-33 4.140e-01 4.608e-01 4.970e-26 1.046e-01 43.503 5.860e-01 -9.906 -3.323 -3.471 -3.070
0.0152 0.01508 6.60000 63.9340019226 2.6332143887   21.190  5.876  5.1952  5.621    3  0.000  5.885     0.00     0.01     0.01     0.00     0.00  0 -1.26e-05      0.00 1.000e-33 4.118e-01 4.619e-01 4.841e-26 1.058e-01 43.503 5.882e-01 -9.919 -3.298 -3.447 -3.049
0.0152 0.01508 6.60000 63.9682006836 2.6332148915   21.189  5.882  5.2062  5.659    3  0.000  5.865     0.00     0.01     0.01     0.00     0.00  0 -1.31e-05      0.00 1.000e-33 4.109e-01 4.622e-01 4.824e-26 1.062e-01 43.504 5.891e-01 -9.934 -3.340 -3.484 -3.103
0.0152 0.01508 6.60000 63.9831390381 2.6332151109   21.189  5.887  5.2155  5.691    3  0.000  5.858     0.00     0.01     0.01     0.00     0.00  0 -1.37e-05      0.00 1.000e-33 4.106e-01 4.624e-01 4.815e-26 1.064e-01 43.504 5.894e-01 -9.948 -3.409 -3.546 -3.187
0.0152 0.01508 6.60000 63.9989204407 2.6332153426   21.188  5.895  5.2290  5.737    3  0.000  5.850     0.00     0.01     0.01     0.00     0.00  0 -1.45e-05      0.00 1.000e-33 4.103e-01 4.626e-01 4.801e-26 1.065e-01 43.504 5.897e-01 -9.969 -3.465 -3.595 -3.259
0.0152 0.01508 6.60000 64.0121536255 2.6332155368   21.187  5.902  5.2396  5.772    3  0.000  5.842     0.00     0.01     0.01     0.00     0.00  0 -1.52e-05      0.00 1.000e-33 4.100e-01 4.627e-01 4.784e-26 1.067e-01 43.504 5.900e-01 -9.986 -3.474 -3.601 -3.277
0.0152 0.01508 6.60000 64.0292282104 2.6332157872   21.185  5.911  5.2526  5.815    3  0.000  5.831     0.00     0.01     0.01     0.00     0.00  0 -1.62e-05      0.00 1.000e-33 4.095e-01 4.629e-01 4.760e-26 1.069e-01 43.504 5.905e-01 -10.008 -3.499 -3.622 -3.311
0.0152 0.01508 6.60000 64.0432281494 2.6332159924   21.183  5.918  5.2624  5.848    3  0.000  5.820     0.00     0.00     0.01     0.00     0.00  0 -1.72e-05      0.00 1.000e-33 4.090e-01 4.631e-01 4.731e-26 1.072e-01 43.504 5.910e-01 -10.025 -3.568 -3.687 -3.387
0.0152 0.01508 6.60000 64.0626907349 2.6332162775   21.180  5.928  5.2754  5.890    3  0.000  5.804     0.00     0.00     0.00     0.00     0.00  0  -1.9e-05      0.00 1.000e-33 4.084e-01 4.634e-01 4.698e-26 1.076e-01 43.504 5.916e-01 -10.049 -3.619 -3.734 -3.447
0.0152 0.01508 6.60000 64.0833282471 2.6332165796   21.175  5.938  5.2885  5.932    3  0.000  5.783     0.00     0.00     0.00     0.00     0.00  0 -2.11e-05      0.00 1.000e-33 4.076e-01 4.638e-01 4.644e-26 1.080e-01 43.504 5.924e-01 -10.075 -3.642 -3.755 -3.477
0.0152 0.01508 6.60000 64.1018295288 2.6332168502   21.169  5.949  5.3009  5.970    3  0.000  5.765     0.00     0.00     0.00     0.00     0.00  0 -2.34e-05      0.00 1.000e-33 4.068e-01 4.641e-01 4.587e-26 1.085e-01 43.504 5.932e-01 -10.102 -3.571 -3.685 -3.409
0.0152 0.01508 6.60000 64.1149520874 2.6332170421   21.164  5.960  5.3132  6.008    3  0.000  5.753     0.00     0.00     0.00     0.00     0.00  0 -2.61e-05      0.00 1.000e-33 4.063e-01 4.643e-01 4.543e-26 1.087e-01 43.504 5.937e-01 -10.130 -3.708 -3.818 -3.548
0.0152 0.01508 6.60000 64.1201400757 2.6332171179   21.162  5.971  5.3255  6.046    3  0.000  5.749     0.00     0.00     0.00     0.00     0.00  0 -2.87e-05      0.00 1.000e-33 4.061e-01 4.644e-01 4.531e-26 1.088e-01 43.504 5.939e-01 -10.158 -3.891 -3.997 -3.734
0.0152 0.01508 6.60000 64.1212310791 2.6332171338   21.162  5.978  5.3328  6.069    3  0.000  5.747     0.00     0.00     0.00     0.00     0.00  0 -3.04e-05      0.00 1.000e-33 4.061e-01 4.644e-01 4.529e-26 1.089e-01 43.504 5.939e-01 -10.174 -4.001 -4.104 -3.846
# Zini     MH   logAge Mini        int_IMF         Mass   logL    logTe  logg  label   McoreTP C_O  period0  period1  period2  period3  period4  pmode  Mloss  tau1m   X   Y   Xc  Xn  Xo  Cexcess  Z 	 mbolmag  Gmag    G_BPmag  G_RPmag
0.0152 0.01508 6.65000 0.0900000036 1.0816895926    0.090 -1.743  3.4097  3.726    0  0.000  0.545     0.00     0.00     0.00     0.00     0.00 -1 -1.05e-14      0.00 7.092e-01 2.755e-01 2.746e-03 7.408e-04 6.719e-03 -1.000 1.527e-02 9.128 11.155 13.665 9.709
0.0152 0.01508 6.65000 0.0927760452 1.1077619058    0.093 -1.731  3.4109  3.732    0  0.000  0.545     0.00     0.00     0.00     0.00     0.00 -1 -1.06e-14      0.00 7.092e-01 2.755e-01 2.746e-03 7.408e-04 6.719e-03 -1.000 1.527e-02 9.096 11.124 13.634 9.678
0.0152 0.01508 6.65000 0.1042616591 1.2057504571    0.104 -1.679  3.4162  3.751    0  0.000  0.545     0.00     0.00     0.00     0.00     0.00 -1  -1.1e-14      0.00 7.092e-01 2.755e-01 2.746e-03 7.408e-04 6.719e-03 -1.000 1.527e-02 8.967 10.985 13.489 9.540
0.0152 0.01508 6.65000 0.1130002663 1.2713517832    0.113 -1.638  3.4202  3.762    0  0.000  0.545     0.00     0.00     0.00     0.00     0.00 -1 -1.14e-14      0.00 7.092e-01 2.755e-01 2.746e-03 7.408e-04 6.719e-03 -1.000 1.527e-02 8.866 10.853 13.326 9.415
0.0152 0.01508 6.65000 0.1273963153 1.3661964000    0.127 -1.582  3.4260  3.781    0  0.000  0.545     0.00     0.00     0.00     0.00     0.00 -1  -1.2e-14      0.00 7.092e-01 2.755e-01 2.746e-03 7.408e-04 6.719e-03 -1.000 1.527e-02 8.726 10.630 13.017 9.210
0.0152 0.01508 6.65000 0.1357672811 1.4151629848    0.136 -1.549  3.4295  3.789    0  0.000  0.545     0.00     0.00     0.00     0.00     0.00 -1 -1.24e-14      0.00 7.092e-01 2.755e-01 2.746e-03 7.408e-04 6.719e-03 -1.000 1.527e-02 8.643 10.498 12.832 9.088
0.0152 0.01508 6.65000 0.1407133341 1.4422875431    0.141 -1.535  3.4310  3.797    0  0.000  0.545     0.00     0.00     0.00     0.00     0.00 -1 -1.25e-14      0.00 7.092e-01 2.755e-01 2.746e-03 7.408e-04 6.719e-03 -1.000 1.527e-02 8.607 10.441 12.755 9.036
0.0152 0.01508 6.65000 0.1494016051 1.4870573426    0.149 -1.496  3.4355  3.803    0  0.000  0.545     0.00     0.00     0.00     0.00     0.00 -1 -1.32e-14      0.00 7.092e-01 2.755e-01 2.746e-03 7.408e-04 6.719e-03 -1.000 1.527e-02 8.511 10.290 12.546 8.897
0.0152 0.01508 6.65000 0.1579615921 1.5279732629    0.158 -1.465  3.4389  3.810    0  0.000  0.545     0.00     0.00     0.00     0.00     0.00 -1 -1.36e-14      0.00 7.092e-01 2.755e-01 2.746e-03 7.408e-04 6.719e-03 -1.000 1.527e-02 8.434 10.170 12.383 8.787
0.0152 0.01508 6.65000 0.1614381224 1.5437761162    0.161 -1.455  3.4403  3.814    0  0.000  0.545     0.00     0.00     0.00     0.00     0.00 -1 -1.38e-14      0.00 7.092e-01 2.755e-01 2.746e-03 7.408e-04 6.719e-03 -1.000 1.527e-02 8.406 10.125 12.322 8.746
0.0152 0.01508 6.65000 0.1731384546 1.5938737883    0.173 -1.405  3.4465  3.819    0  0.000  0.545     0.00     0.00     0.00     0.00     0.00 -1 -1.48e-14      0.00 7.092e-01 2.755e-01 2.746e-03 7.408e-04 6.719e-03 -1.000 1.527e-02 8.282 9.928 12.048 8.566
0.0152 0.01508 6.65000 0.1870620102 1.6480445490    0.187 -1.359  3.4517  3.827    0  0.000  0.545     0.00     0.00     0.00     0.00     0.00 -1 -1.57e-14      0.00 7.092e-01 2.755e-01 2.746e-03 7.408e-04 6.719e-03 -1.000 1.527e-02 8.166 9.751 11.808 8.404
0.0152 0.01508 6.65000 0.1986434013 1.6892564083    0.199 -1.331  3.4546  3.837    0  0.000  0.545     0.00     0.00     0.00     0.00     0.00 -1 -1.61e-14      0.00 7.092e-01 2.755e-01 2.746e-03 7.408e-04 6.719e-03 -1.000 1.527e-02 8.096 9.647 11.669 8.308
0.0152 0.01508 6.65000 0.2023902982 1.7019257556    0.202 -1.321  3.4558  3.841    0  0.000  0.545     0.00     0.00     0.00     0.00     0.00 -1 -1.62e-14      0.00 7.092e-01 2.755e-01 2.746e-03 7.408e-04 6.719e-03 -1.000 1.527e-02 8.073 9.610 11.617 8.274
0.0152 0.01508 6.65000 0.2192085981 1.7552538628    0.219 -1.268  3.4623  3.848    0  0.000  0.545     0.00     0.00     0.00     0.00     0.00 -1 -1.75e-14      0.00 7.092e-01 2.755e-01 2.746e-03 7.408e-04 6.719e-03 -1.000 1.527e-02 7.940 9.407 11.339 8.089
0.0152 0.01508 6.65000 0.2363032699 1.8042672696    0.236 -1.224  3.4674  3.857    0  0.000  0.545     0.00     0.00     0.00     0.00     0.00 -1 -1.84e-14      0.00 7.092e-01 2.755e-01 2.746e-03 7.408e-04 6.719e-03 -1.000 1.527e-02 7.830 9.248 11.129 7.943
0.0152 0.01508 6.65000 0.2519716620 1.8453049082    0.252 -1.192  3.4712  3.868    0  0.000  0.545     0.00     0.00     0.00     0.00     0.00 -1  -1.9e-14      0.00 7.092e-01 2.755e-01 2.746e-03 7.408e-04 6.719e-03 -1.000 1.527e-02 7.749 9.130 10.973 7.835
0.0152 0.01508 6.65000 0.2770602107 1.9045476448    0.277 -1.130  3.4791  3.878    0  0.000  0.545     0.00     0.00     0.00     0.00     0.00 -1 -2.06e-14      0.00 7.092e-01 2.755e-01 2.746e-03 7.408e-04 6.719e-03 -1.000 1.527e-02 7.594 8.903 10.670 7.629
0.0152 0.01508 6.65000 0.3000000119 1.9529139769    0.300 -1.082  3.4850  3.890    0  0.000  0.545     0.00     0.00     0.00     0.00     0.00 -1 -2.18e-14      0.00 7.092e-01 2.755e-01 2.746e-03 7.408e-04 6.719e-03 -1.000 1.527e-02 7.476 8.732 10.441 7.474
0.0152 0.01508 6.65000 0.3365232646 2.0207598171    0.337 -1.009  3.4949  3.905    0  0.000  0.545     0.00     0.00     0.00     0.00     0.00 -1  -2.4e-14      0.00 7.092e-01 2.755e-01 2.746e-03 7.408e-04 6.719e-03 -1.000 1.527e-02 7.291 8.468 10.089 7.236
0.0152 0.01508 6.65000 0.3500000238 2.0434175133    0.350 -0.984  3.4981  3.910    0  0.000  0.545     0.00     0.00     0.00     0.00     0.00 -1 -2.47e-14      0.00 7.092e-01 2.755e-01 2.746e-03 7.408e-04 6.719e-03 -1.000 1.527e-02 7.230 8.383 9.979 7.158
0.0152 0.01508 6.65000 0.3698025644 2.0747291715    0.370 -0.951  3.5027  3.919    0  0.000  0.545     0.00     0.00     0.00     0.00     0.00 -1 -2.57e-14      0.00 7.092e-01 2.755e-01 2.746e-03 7.408e-04 6.719e-03 -1.000 1.527e-02 7.146 8.265 9.826 7.052
0.0152 0.01508 6.65000 0.4000000358 2.1185024810    0.400 -0.900  3.5096  3.931    0  0.000  0.545     0.00     0.00     0.00     0.00     0.00 -1 -2.74e-14      0.00 7.092e-01 2.755e-01 2.746e-03 7.408e-04 6.719e-03 -1.000 1.527e-02 7.020 8.090 9.598 6.893
0.0152 0.01508 6.65000 0.4228895903 2.1489154984    0.423 -0.863  3.5152  3.940    0  0.000  0.545     0.00     0.00     0.00     0.00     0.00 -1 -2.87e-14      0.00 7.092e-01 2.755e-01 2.746e-03 7.408e-04 6.719e-03 -1.000 1.527e-02 6.928 7.958 9.424 6.776
0.0152 0.01508 6.65000 0.4500000477 2.1822809714    0.450 -0.820  3.5216  3.949    0  0.000  0.545     0.00     0.00     0.00     0.00     0.00 -1 -3.04e-14      0.00 7.092e-01 2.755e-01 2.746e-03 7.408e-04 6.719e-03 -1.000 1.527e-02 6.820 7.805 9.221 6.639
0.0152 0.01508 6.65000 0.4742191732 2.2099502826    0.474 -0.785  3.5272  3.960    0  0.000  0.545     0.00     0.00     0.00     0.00     0.00 -1 -3.17e-14      0.00 7.092e-01 2.755e-01 2.746e-03 7.408e-04 6.719e-03 -1.000 1.527e-02 6.732 7.677 9.050 6.527
0.0152 0.01508 6.65000 0.5000000000 2.2374541529    0.500 -0.748  3.5330  3.969    0  0.000  0.545     0.00     0.00     0.00     0.00     0.00 -1 -3.33e-14      0.00 7.092e-01 2.755e-01 2.746e-03 7.408e-04 6.719e-03 -1.000 1.527e-02 6.640 7.544 8.874 6.410
0.0152 0.01508 6.65000 0.5141164064 2.2515479287    0.514 -0.728  3.5365  3.975    0  0.000  0.545     0.00     0.00     0.00     0.00     0.00 -1 -3.41e-14      0.00 7.092e-01 2.755e-01 2.746e-03 7.408e-04 6.719e-03 -1.000 1.527e-02 6.590 7.470 8.773 6.346
0.0152 0.01508 6.65000 0.5364688039 2.2721295514    0.536 -0.699  3.5414  3.983    0  0.000  0.545     0.00     0.00     0.00     0.00     0.00 -1 -3.54e-14      0.00 7.092e-01 2.755e-01 2.746e-03 7.408e-04 6.719e-03 -1.000 1.527e-02 6.517 7.364 8.632 6.254
0.0152 0.01508 6.65000 0.5500000119 2.2836582633    0.550 -0.682  3.5440  3.988    0  0.000  0.545     0.00     0.00     0.00     0.00     0.00 -1 -3.62e-14      0.00 7.092e-01 2.755e-01 2.746e-03 7.408e-04 6.719e-03 -1.000 1.527e-02 6.474 7.303 8.553 6.201
0.0152 0.01508 6.65000 0.5620415211 2.2933827285    0.562 -0.665  3.5470  3.993    0  0.000  0.545     0.00     0.00     0.00     0.00     0.00 -1 -3.69e-14      0.00 7.092e-01 2.755e-01 2.746e-03 7.408e-04 6.719e-03 -1.000 1.527e-02 6.433 7.241 8.469 6.148
0.0152 0.01508 6.65000 0.5891336203 2.3135999051    0.589 -0.629  3.5533  4.002    0  0.000  0.545     0.00     0.00     0.00     0.00     0.00 -1 -3.88e-14      0.00 7.092e-01 2.755e-01 2.746e-03 7.408e-04 6.719e-03 -1.000 1.527e-02 6.343 7.110 8.292 6.036
0.0152 0.01508 6.65000 0.6000000238 2.3211213258    0.600 -0.617  3.5555  4.007    0  0.000  0.545     0.00     0.00     0.00     0.00     0.00 -1 -3.93e-14      0.00 7.092e-01 2.755e-01 2.746e-03 7.408e-04 6.719e-03 -1.000 1.527e-02 6.312 7.064 8.232 5.997
0.0152 0.01508 6.65000 0.6014911532 2.3221290867    0.601 -0.615  3.5558  4.007    0  0.000  0.545     0.00     0.00     0.00     0.00     0.00 -1 -3.94e-14      0.00 7.092e-01 2.755e-01 2.746e-03 7.408e-04 6.719e-03 -1.000 1.527e-02 6.308 7.057 8.222 5.991
0.0152 0.01508 6.65000 0.6283406615 2.3393379346    0.628 -0.580  3.5623  4.017    0  0.000  0.545     0.00     0.00     0.00     0.00     0.00 -1 -4.13e-14      0.00 7.092e-01 2.755e-01 2.746e-03 7.408e-04 6.719e-03 -1.000 1.527e-02 6.220 6.926 8.046 5.881
0.0152 0.01508 6.65000 0.6499999762 2.3520353107    0.650 -0.555  3.5669  4.026    0  0.000  0.545     0.00     0.00     0.00     0.00     0.00 -1 -4.26e-14      0.00 7.092e-01 2.755e-01 2.746e-03 7.408e-04 6.719e-03 -1.000 1.527e-02 6.158 6.832 7.919 5.802
0.0152 0.01508 6.65000 0.6503666639 2.3522419171    0.650 -0.555  3.5670  4.026    0  0.000  0.545     0.00     0.00     0.00     0.00     0.00 -1 -4.27e-14      0.00 7.092e-01 2.755e-01 2.746e-03 7.408e-04 6.719e-03 -1.000 1.527e-02 6.157 6.831 7.917 5.800
0.0152 0.01508 6.65000 0.6782718301 2.3672142684    0.678 -0.519  3.5735  4.034    0  0.000  0.545     0.00     0.00     0.00     0.00     0.00 -1 -4.49e-14      0.00 7.092e-01 2.755e-01 2.746e-03 7.408e-04 6.719e-03 -1.000 1.527e-02 6.066 6.695 7.736 5.687
0.0152 0.01508 6.65000 0.7000000477 2.3779267258    0.700 -0.494  3.5782  4.042    0  0.000  0.545     0.00     0.00     0.00     0.00     0.00 -1 -4.65e-14      0.00 7.092e-01 2.755e-01 2.746e-03 7.408e-04 6.719e-03 -1.000 1.527e-02 6.004 6.600 7.609 5.608
0.0152 0.01508 6.65000 0.7004705667 2.3781502609    0.701 -0.492  3.5786  4.042    0  0.000  0.545     0.00     0.00     0.00     0.00     0.00 -1 -4.66e-14      0.00 7.092e-01 2.755e-01 2.745e-03 7.408e-04 6.719e-03 -1.000 1.527e-02 6.001 6.594 7.600 5.603
0.0152 0.01508 6.65000 0.7500000000 2.3998889087    0.750 -0.360  3.6211  4.109    0  0.000  0.538     0.00     0.00     0.00     0.00     0.00 -1 -5.66e-14      0.00 7.092e-01 2.755e-01 2.710e-03 7.399e-04 6.720e-03 -1.000 1.527e-02 5.669 5.991 6.758 5.137
0.0152 0.01508 6.65000 0.7962409854 2.4174026863    0.796 -0.316  3.6266  4.114    0  0.000  0.538     0.00     0.00     0.00     0.00     0.00 -1 -6.04e-14      0.00 7.092e-01 2.755e-01 2.710e-03 7.399e-04 6.720e-03 -1.000 1.527e-02 5.561 5.852 6.593 5.015
0.0152 0.01508 6.65000 0.8000000119 2.4187244405    0.800 -0.313  3.6270  4.114    0  0.000  0.538     0.00     0.00     0.00     0.00     0.00 -1 -6.07e-14      0.00 7.092e-01 2.755e-01 2.710e-03 7.399e-04 6.720e-03 -1.000 1.527e-02 5.553 5.842 6.581 5.006
0.0152 0.01508 6.65000 0.8069682717 2.4211372141    0.807 -0.308  3.6278  4.116    0  0.000  0.538     0.00     0.00     0.00     0.00     0.00 -1 -6.11e-14      0.00 7.092e-01 2.755e-01 2.710e-03 7.399e-04 6.720e-03 -1.000 1.527e-02 5.540 5.824 6.559 4.990
0.0152 0.01508 6.65000 0.8482698202 2.4345071128    0.848 -0.272  3.6324  4.120    0  0.000  0.538     0.00     0.00     0.00     0.00     0.00 -1 -6.43e-14      0.00 7.092e-01 2.755e-01 2.710e-03 7.399e-04 6.720e-03 -1.000 1.527e-02 5.451 5.710 6.424 4.889
0.0152 0.01508 6.65000 0.8500000238 2.4350346840    0.850 -0.271  3.6326  4.120    0  0.000  0.538     0.00     0.00     0.00     0.00     0.00 -1 -6.45e-14      0.00 7.092e-01 2.755e-01 2.710e-03 7.399e-04 6.720e-03 -1.000 1.527e-02 5.446 5.704 6.418 4.885
0.0152 0.01508 6.65000 0.8967935443 2.4484198320    0.896 -0.229  3.6378  4.122    0  0.000  0.538     0.00     0.00     0.00     0.00     0.00 -1  -6.9e-14      0.00 7.092e-01 2.755e-01 2.710e-03 7.399e-04 6.720e-03 -1.000 1.527e-02 5.342 5.572 6.263 4.768
0.0152 0.01508 6.65000 0.9000000358 2.4492786175    0.899 -0.226  3.6381  4.122    0  0.000  0.538     0.00     0.00     0.00     0.00     0.00 -1 -6.93e-14      0.00 7.092e-01 2.755e-01 2.710e-03 7.399e-04 6.720e-03 -1.000 1.527e-02 5.335 5.563 6.252 4.760
0.0152 0.01508 6.65000 0.9500000477 2.4618122009    0.950 -0.185  3.6435  4.127    0  0.000  0.538     0.00     0.00     0.00     0.00     0.00 -1 -7.37e-14      0.00 7.092e-01 2.755e-01 2.710e-03 7.399e-04 6.720e-03 -1.000 1.527e-02 5.233 5.434 6.099 4.646
0.0152 0.01508 6.65000 0.9819729328 2.4690620441    0.982 -0.158  3.6470  4.128    0  0.000  0.538     0.00     0.00     0.00     0.00     0.00 -1  -7.7e-14      0.00 7.092e-01 2.755e-01 2.710e-03 7.399e-04 6.720e-03 -1.000 1.527e-02 5.166 5.348 5.999 4.571
0.0152 0.01508 6.65000 1.0000000000 2.4729154477    1.000 -0.142  3.6490  4.128    0  0.000  0.538     0.00     0.00     0.00     0.00     0.00 -1 -7.92e-14      0.00 7.092e-01 2.755e-01 2.710e-03 7.399e-04 6.720e-03 -1.000 1.527e-02 5.126 5.298 5.941 4.527
0.0152 0.01508 6.65000 1.0426234007 2.4814200300    1.042 -0.108  3.6536  4.131    0  0.000  0.538     0.00     0.00     0.00     0.00     0.00 -1 -7.85e-14      0.00 7.092e-01 2.755e-01 2.710e-03 7.399e-04 6.720e-03 -1.000 1.527e-02 5.041 5.191 5.815 4.433
0.0152 0.01508 6.65000 1.0499999523 2.4828114860    1.050 -0.103  3.6544  4.131    0  0.000  0.538     0.00     0.00     0.00     0.00     0.00 -1 -7.83e-14      0.00 7.092e-01 2.755e-01 2.710e-03 7.399e-04 6.720e-03 -1.000 1.527e-02 5.027 5.174 5.795 4.417
0.0152 0.01508 6.65000 1.0530717373 2.4833843167    1.053 -0.100  3.6547  4.131    0  0.000  0.538     0.00     0.00     0.00     0.00     0.00 -1 -7.82e-14      0.00 7.092e-01 2.755e-01 2.710e-03 7.399e-04 6.720e-03 -1.000 1.527e-02 5.021 5.166 5.786 4.411
0.0152 0.01508 6.65000 1.1000000238 2.4916801480    1.099 -0.060  3.6600  4.131    0  0.000  0.538     0.00     0.00     0.00     0.00     0.00 -1 -7.78e-14      0.00 7.092e-01 2.755e-01 2.710e-03 7.399e-04 6.720e-03 -1.000 1.527e-02 4.921 5.042 5.641 4.301
0.0152 0.01508 6.65000 1.1499999762 2.4996678137    1.149 -0.018  3.6656  4.131    0  0.000  0.538     0.00     0.00     0.00     0.00     0.00 -1 -7.69e-14      0.00 7.092e-01 2.755e-01 2.710e-03 7.399e-04 6.720e-03 -1.000 1.527e-02 4.815 4.913 5.492 4.188
0.0152 0.01508 6.65000 1.2000000477 2.5068948796    1.200  0.025  3.6713  4.129    0  0.000  0.538     0.00     0.00     0.00     0.00     0.00 -1 -7.57e-14      0.00 7.092e-01 2.755e-01 2.710e-03 7.399e-04 6.720e-03 -1.000 1.527e-02 4.707 4.782 5.341 4.072
0.0152 0.01508 6.65000 1.2500000000 2.5134610955    1.250  0.065  3.6768  4.129    0  0.000  0.538     0.00     0.00     0.00     0.00     0.00 -1 -7.34e-14      0.00 7.092e-01 2.755e-01 2.710e-03 7.399e-04 6.720e-03 -1.000 1.527e-02 4.607 4.661 5.203 3.966
0.0152 0.01508 6.65000 1.2999999523 2.5194498592    1.300  0.112  3.6827  4.123    0  0.000  0.538     0.00     0.00     0.00     0.00     0.00 -1 -7.15e-14      0.00 7.092e-01 2.755e-01 2.710e-03 7.399e-04 6.720e-03 -1.000 1.527e-02 4.491 4.525 5.048 3.845
0.0152 0.01508 6.65000 1.3500001431 2.5249313723    1.350  0.150  3.6880  4.123    0  0.000  0.538     0.00     0.00     0.00     0.00     0.00 -1 -6.71e-14      0.00 7.092e-01 2.755e-01 2.710e-03 7.399e-04 6.720e-03 -1.000 1.527e-02 4.396 4.413 4.920 3.746
0.0152 0.01508 6.65000 1.3912823200 2.5291173047    1.392  0.186  3.6927  4.119    0  0.000  0.538     0.00     0.00     0.00     0.00     0.00 -1 -6.34e-14      0.00 7.092e-01 2.755e-01 2.710e-03 7.399e-04 6.720e-03 -1.000 1.527e-02 4.306 4.309 4.803 3.654
0.0152 0.01508 6.65000 1.4000000954 2.5299650415    1.400  0.193  3.6937  4.118    0  0.000  0.538     0.00     0.00     0.00     0.00     0.00 -1 -6.27e-14      0.00 7.092e-01 2.755e-01 2.710e-03 7.399e-04 6.720e-03 -1.000 1.527e-02 4.287 4.287 4.778 3.634
0.0152 0.01508 6.65000 1.4185614586 2.5317301407    1.419  0.208  3.6957  4.116    0  0.000  0.538     0.00     0.00     0.00     0.00     0.00 -1 -6.03e-14      0.00 7.092e-01 2.755e-01 2.710e-03 7.399e-04 6.720e-03 -1.000 1.527e-02 4.249 4.243 4.729 3.596
0.0152 0.01508 6.65000 1.4500000477 2.5346015836    1.450  0.235  3.6992  4.113    0  0.000  0.538     0.00     0.00     0.00     0.00     0.00 -1 -5.66e-14      0.00 7.092e-01 2.755e-01 2.710e-03 7.399e-04 6.720e-03 -1.000 1.527e-02 4.183 4.168 4.643 3.529
0.0152 0.01508 6.65000 1.5000000000 2.5388844597    1.500  0.277  3.7047  4.108    0  0.000  0.538     0.00     0.00     0.00     0.00     0.00 -1 -4.92e-14      0.00 7.092e-01 2.755e-01 2.710e-03 7.399e-04 6.720e-03 -1.000 1.527e-02 4.077 4.048 4.509 3.422
0.0152 0.01508 6.65000 1.5161861181 2.5402015135    1.516  0.291  3.7065  4.106    0  0.000  0.538     0.00     0.00     0.00     0.00     0.00 -1  -4.6e-14      0.00 7.092e-01 2.755e-01 2.710e-03 7.399e-04 6.720e-03 -1.000 1.527e-02 4.043 4.010 4.466 3.388
0.0152 0.01508 6.65000 1.5388475657 2.5419920361    1.539  0.312  3.7092  4.102    0  0.000  0.538     0.00     0.00     0.00     0.00     0.00 -1 -4.23e-14      0.00 7.092e-01 2.755e-01 2.710e-03 7.399e-04 6.720e-03 -1.000 1.527e-02 3.989 3.949 4.398 3.333
0.0152 0.01508 6.65000 1.5499999523 2.5428511323    1.550  0.324  3.7106  4.099    0  0.000  0.538     0.00     0.00     0.00     0.00     0.00 -1 -4.08e-14      0.00 7.092e-01 2.755e-01 2.710e-03 7.399e-04 6.720e-03 -1.000 1.527e-02 3.961 3.917 4.363 3.304
0.0152 0.01508 6.65000 1.6000000238 2.5465340628    1.600  0.376  3.7167  4.085    0  0.000  0.538     0.00     0.00     0.00     0.00     0.00 -1 -3.06e-14      0.00 7.092e-01 2.755e-01 2.710e-03 7.399e-04 6.720e-03 -1.000 1.527e-02 3.831 3.774 4.205 3.175
0.0152 0.01508 6.65000 1.6386663914 2.5492056424    1.638  0.412  3.7212  4.077    0  0.000  0.538     0.00     0.00     0.00     0.00     0.00 -1 -1.94e-14      0.00 7.092e-01 2.755e-01 2.710e-03 7.399e-04 6.720e-03 -1.000 1.527e-02 3.740 3.674 4.094 3.085
0.0152 0.01508 6.65000 1.6500000954 2.5499614852    1.649  0.424  3.7226  4.074    0  0.000  0.538     0.00     0.00     0.00     0.00     0.00 -1 -1.71e-14      0.00 7.092e-01 2.755e-01 2.710e-03 7.399e-04 6.720e-03 -1.000 1.527e-02 3.710 3.641 4.058 3.055
0.0152 0.01508 6.65000 1.7000000477 2.5531580802    1.699  0.479  3.7289  4.056    0  0.000  0.538     0.00     0.00     0.00     0.00     0.00 -1    -1e-30      0.00 7.092e-01 2.755e-01 2.710e-03 7.399e-04 6.720e-03 -1.000 1.527e-02 3.571 3.491 3.894 2.920
0.0152 0.01508 6.65000 1.7001103163 2.5531648913    1.699  0.480  3.7289  4.056    0  0.000  0.538     0.00     0.00     0.00     0.00     0.00 -1    -1e-30      0.00 7.092e-01 2.755e-01 2.710e-03 7.399e-04 6.720e-03 -1.000 1.527e-02 3.571 3.491 3.893 2.919
0.0152 0.01508 6.65000 1.7500000000 2.5561455243    1.749  0.539  3.7354  4.035    0  0.000  0.538     0.00     0.00     0.00     0.00     0.00 -1    -1e-30      0.00 7.092e-01 2.755e-01 2.710e-03 7.399e-04 6.720e-03 -1.000 1.527e-02 3.423 3.332 3.720 2.775
0.0152 0.01508 6.65000 1.7906100750 2.5584312556    1.789  0.590  3.7408  4.016    0  0.000  0.538     0.00     0.00     0.00     0.00     0.00 -1    -1e-30      0.00 7.092e-01 2.755e-01 2.710e-03 7.399e-04 6.720e-03 -1.000 1.527e-02 3.296 3.197 3.573 2.652
0.0152 0.01508 6.65000 1.7999999523 2.5589429085    1.799  0.603  3.7421  4.010    0  0.000  0.538     0.00     0.00     0.00     0.00     0.00 -1    -1e-30      0.00 7.092e-01 2.755e-01 2.710e-03 7.399e-04 6.720e-03 -1.000 1.527e-02 3.262 3.162 3.534 2.619
0.0152 0.01508 6.65000 1.8470995426 2.5614193495    1.846  0.675  3.7491  3.978    0  0.000  0.538     0.00     0.00     0.00     0.00     0.00 -1    -1e-30      0.00 7.092e-01 2.755e-01 2.710e-03 7.399e-04 6.720e-03 -1.000 1.527e-02 3.083 2.975 3.333 2.447
0.0152 0.01508 6.65000 1.8500000238 2.5615671203    1.849  0.679  3.7495  3.976    0  0.000  0.538     0.00     0.00     0.00     0.00     0.00 -1    -1e-30      0.00 7.092e-01 2.755e-01 2.710e-03 7.399e-04 6.720e-03 -1.000 1.527e-02 3.071 2.963 3.320 2.436
0.0152 0.01508 6.65000 1.8538656235 2.5617632345    1.853  0.685  3.7501  3.973    0  0.000  0.538     0.00     0.00     0.00     0.00     0.00 -1    -1e-30      0.00 7.092e-01 2.755e-01 2.710e-03 7.399e-04 6.720e-03 -1.000 1.527e-02 3.056 2.948 3.303 2.422
0.0152 0.01508 6.65000 1.8948332071 2.5637852265    1.894  0.760  3.7568  3.935    0  0.000  0.538     0.00     0.00     0.00     0.00     0.00 -1    -1e-30      0.00 7.092e-01 2.755e-01 2.710e-03 7.399e-04 6.720e-03 -1.000 1.527e-02 2.871 2.756 3.096 2.246
0.0152 0.01508 6.65000 1.9000000954 2.5640331317    1.899  0.771  3.7578  3.929    0  0.000  0.538     0.00     0.00     0.00     0.00     0.00 -1    -1e-30      0.00 7.092e-01 2.755e-01 2.710e-03 7.399e-04 6.720e-03 -1.000 1.527e-02 2.842 2.726 3.064 2.219
0.0152 0.01508 6.65000 1.9154075384 2.5647632514    1.915  0.802  3.7606  3.912    0  0.000  0.538     0.00     0.00     0.00     0.00     0.00 -1    -1e-30      0.00 7.092e-01 2.755e-01 2.710e-03 7.399e-04 6.720e-03 -1.000 1.527e-02 2.765 2.646 2.978 2.146
0.0152 0.01508 6.65000 1.9445019960 2.5661057469    1.944  0.866  3.7662  3.878    0  0.000  0.538     0.00     0.00     0.00     0.00     0.00 -1    -1e-30      0.00 7.092e-01 2.755e-01 2.710e-03 7.399e-04 6.720e-03 -1.000 1.527e-02 2.605 2.482 2.802 1.995
0.0152 0.01508 6.65000 1.9500001669 2.5663542767    1.950  0.878  3.7673  3.871    0  0.000  0.538     0.00     0.00     0.00     0.00     0.00 -1    -1e-30      0.00 7.092e-01 2.755e-01 2.710e-03 7.399e-04 6.720e-03 -1.000 1.527e-02 2.574 2.450 2.767 1.966
0.0152 0.01508 6.65000 1.9571254253 2.5666739669    1.957  0.895  3.7688  3.862    0  0.000  0.538     0.00     0.00     0.00     0.00     0.00 -1    -1e-30      0.00 7.092e-01 2.755e-01 2.710e-03 7.399e-04 6.720e-03 -1.000 1.527e-02 2.533 2.408 2.722 1.927
0.0152 0.01508 6.65000 1.9837433100 2.5678449100    1.984  0.958  3.7745  3.828    0  0.000  0.538     0.00     0.00     0.00     0.00     0.00 -1    -1e-30      0.00 7.092e-01 2.755e-01 2.710e-03 7.399e-04 6.720e-03 -1.000 1.527e-02 2.376 2.248 2.549 1.781
0.0152 0.01508 6.65000 2.0000000000 2.5685424513    2.000  0.996  3.7782  3.808    0  0.000  0.538     0.00     0.00     0.00     0.00     0.00 -1    -1e-30      0.00 7.092e-01 2.755e-01 2.710e-03 7.399e-04 6.720e-03 -1.000 1.527e-02 2.281 2.150 2.443 1.693
0.0152 0.01508 6.65000 2.0046772957 2.5687407359    2.005  1.007  3.7793  3.802    0  0.000  0.538     0.00     0.00     0.00     0.00     0.00 -1    -1e-30      0.00 7.092e-01 2.755e-01 2.710e-03 7.399e-04 6.720e-03 -1.000 1.527e-02 2.253 2.122 2.413 1.667
0.0152 0.01508 6.65000 2.0296516418 2.5697817099    2.029  1.065  3.7853  3.774    0  0.000  0.538     0.00     0.00     0.00     0.00     0.00 -1    -1e-30      0.00 7.092e-01 2.755e-01 2.710e-03 7.399e-04 6.720e-03 -1.000 1.527e-02 2.109 1.976 2.254 1.535
0.0152 0.01508 6.65000 2.0499999523 2.5706083333    2.050  1.111  3.7906  3.753    0  0.000  0.538     0.00     0.00     0.00     0.00     0.00 -1    -1e-30      0.00 7.092e-01 2.755e-01 2.710e-03 7.399e-04 6.720e-03 -1.000 1.527e-02 1.992 1.857 2.124 1.430
0.0152 0.01508 6.65000 2.0713329315 2.5714549333    2.071  1.160  3.7968  3.733    0  0.000  0.538     0.00     0.00     0.00     0.00     0.00 -1    -1e-30      0.00 7.092e-01 2.755e-01 2.710e-03 7.399e-04 6.720e-03 -1.000 1.527e-02 1.869 1.733 1.987 1.322
0.0152 0.01508 6.65000 2.0994133949 2.5725392003    2.098  1.225  3.8063  3.712    0  0.000  0.538     0.00     0.00     0.00     0.00     0.00 -1    -1e-30      0.00 7.092e-01 2.755e-01 2.710e-03 7.399e-04 6.720e-03 -1.000 1.527e-02 1.707 1.570 1.805 1.183
0.0152 0.01508 6.65000 2.0999999046 2.5725614918    2.099  1.227  3.8065  3.712    0  0.000  0.538     0.00     0.00     0.00     0.00     0.00 -1    -1e-30      0.00 7.092e-01 2.755e-01 2.710e-03 7.399e-04 6.720e-03 -1.000 1.527e-02 1.704 1.567 1.801 1.180
0.0152 0.01508 6.65000 2.1109840870 2.5729763388    2.110  1.252  3.8108  3.706    0  0.000  0.538     0.00     0.00     0.00     0.00     0.00 -1    -1e-30      0.00 7.092e-01 2.755e-01 2.710e-03 7.399e-04 6.720e-03 -1.000 1.527e-02 1.640 1.503 1.728 1.127
0.0152 0.01508 6.65000 2.1290903091 2.5736494357    2.128  1.294  3.8195  3.701    0  0.000  0.538     0.00     0.00     0.00     0.00     0.00 -1    -1e-30      0.00 7.092e-01 2.755e-01 2.709e-03 7.399e-04 6.720e-03 -1.000 1.527e-02 1.534 1.397 1.606 1.043
0.0152 0.01508 6.65000 2.1449730396 2.5742291277    2.144  1.332  3.8292  3.706    0  0.000  0.538     0.00     0.00     0.00     0.00     0.00 -1    -1e-30      0.00 7.092e-01 2.755e-01 2.709e-03 7.399e-04 6.720e-03 -1.000 1.527e-02 1.441 1.303 1.496 0.973
0.0152 0.01508 6.65000 2.1500000954 2.5744105556    2.149  1.344  3.8328  3.710    0  0.000  0.538     0.00     0.00     0.00     0.00     0.00 -1    -1e-30      0.00 7.092e-01 2.755e-01 2.709e-03 7.399e-04 6.720e-03 -1.000 1.527e-02 1.411 1.274 1.460 0.952
0.0152 0.01508 6.65000 2.1575167179 2.5746800198    2.156  1.361  3.8384  3.716    0  0.000  0.538     0.00     0.00     0.00     0.00     0.00 -1    -1e-30      0.00 7.092e-01 2.755e-01 2.709e-03 7.399e-04 6.720e-03 -1.000 1.527e-02 1.367 1.230 1.407 0.922
0.0152 0.01508 6.65000 2.1709530354 2.5751563578    2.170  1.393  3.8498  3.732    0  0.000  0.538     0.00     0.00     0.00     0.00     0.00 -1    -1e-30      0.00 7.092e-01 2.755e-01 2.709e-03 7.399e-04 6.720e-03 -1.000 1.527e-02 1.287 1.153 1.311 0.874
0.0152 0.01508 6.65000 2.1832022667 2.5755847415    2.182  1.422  3.8609  3.750    0  0.000  0.538     0.00     0.00     0.00     0.00     0.00 -1    -1e-30      0.00 7.092e-01 2.755e-01 2.709e-03 7.399e-04 6.720e-03 -1.000 1.527e-02 1.215 1.085 1.225 0.833
0.0152 0.01508 6.65000 2.1949868202 2.5759916890    2.193  1.450  3.8720  3.769    0  0.000  0.538     0.00     0.00     0.00     0.00     0.00 -1    -1e-30      0.00 7.092e-01 2.755e-01 2.709e-03 7.399e-04 6.720e-03 -1.000 1.527e-02 1.145 1.022 1.144 0.798
0.0152 0.01508 6.65000 2.2000000477 2.5761632879    2.199  1.462  3.8768  3.778    0  0.000  0.538     0.00     0.00     0.00     0.00     0.00 -1    -1e-30      0.00 7.092e-01 2.755e-01 2.709e-03 7.399e-04 6.720e-03 -1.000 1.527e-02 1.116 0.995 1.111 0.784
0.0152 0.01508 6.65000 2.2108795643 2.5765326087    2.209  1.487  3.8873  3.797    0  0.000  0.538     0.00     0.00     0.00     0.00     0.00 -1    -1e-30      0.00 7.092e-01 2.755e-01 2.709e-03 7.399e-04 6.720e-03 -1.000 1.527e-02 1.053 0.940 1.039 0.756
0.0152 0.01508 6.65000 2.2251605988 2.5770111005    2.224  1.520  3.9014  3.823    0  0.000  0.538     0.00     0.00     0.00     0.00     0.00 -1    -1e-30      0.00 7.092e-01 2.755e-01 2.709e-03 7.399e-04 6.720e-03 -1.000 1.527e-02 0.971 0.874 0.952 0.727
0.0152 0.01508 6.65000 2.2391939163 2.5774744616    2.238  1.550  3.9154  3.851    0  0.000  0.538     0.00     0.00     0.00     0.00     0.00 -1    -1e-30      0.00 7.092e-01 2.755e-01 2.709e-03 7.398e-04 6.720e-03 -1.000 1.527e-02 0.894 0.818 0.877 0.706
0.0152 0.01508 6.65000 2.2500000000 2.5778267375    2.249  1.573  3.9263  3.874    0  0.000  0.538     0.00     0.00     0.00     0.00     0.00 -1    -1e-30      0.00 7.092e-01 2.755e-01 2.709e-03 7.398e-04 6.720e-03 -1.000 1.527e-02 0.837 0.782 0.827 0.695
0.0152 0.01508 6.65000 2.2502536774 2.5778349606    2.249  1.574  3.9266  3.874    0  0.000  0.538     0.00     0.00     0.00     0.00     0.00 -1    -1e-30      0.00 7.092e-01 2.755e-01 2.709e-03 7.398e-04 6.720e-03 -1.000 1.527e-02 0.835 0.781 0.826 0.695
0.0152 0.01508 6.65000 2.2627007961 2.5782358380    2.261  1.598  3.9390  3.902    0  0.000  0.538     0.00     0.00     0.00     0.00     0.00 -1    -1e-30      0.00 7.092e-01 2.755e-01 2.709e-03 7.398e-04 6.720e-03 -1.000 1.527e-02 0.774 0.750 0.782 0.689
0.0152 0.01508 6.65000 2.2754023075 2.5786397134    2.274  1.621  3.9513  3.931    0  0.000  0.538     0.00     0.00     0.00     0.00     0.00 -1    -1e-30      0.00 7.092e-01 2.755e-01 2.709e-03 7.398e-04 6.720e-03 -1.000 1.527e-02 0.719 0.732 0.752 0.692
0.0152 0.01508 6.65000 2.2888560295 2.5790618903    2.287  1.639  3.9635  3.964    0  0.000  0.538     0.00     0.00     0.00     0.00     0.00 -1    -1e-30      0.00 7.092e-01 2.755e-01 2.709e-03 7.398e-04 6.720e-03 -1.000 1.527e-02 0.671 0.728 0.739 0.707
0.0152 0.01508 6.65000 2.2999999523 2.5794072884    2.299  1.652  3.9729  3.991    0  0.000  0.538     0.00     0.00     0.00     0.00     0.00 -1    -1e-30      0.00 7.092e-01 2.755e-01 2.709e-03 7.398e-04 6.720e-03 -1.000 1.527e-02 0.640 0.734 0.739 0.726
0.0152 0.01508 6.65000 2.3003134727 2.5794169501    2.299  1.652  3.9732  3.992    0  0.000  0.538     0.00     0.00     0.00     0.00     0.00 -1    -1e-30      0.00 7.092e-01 2.755e-01 2.709e-03 7.398e-04 6.720e-03 -1.000 1.527e-02 0.639 0.735 0.739 0.727
0.0152 0.01508 6.65000 2.3052875996 2.5795698325    2.304  1.654  3.9765  4.005    0  0.000  0.538     0.00     0.00     0.00     0.00     0.00 -1    -1e-30      0.00 7.092e-01 2.755e-01 2.709e-03 7.398e-04 6.720e-03 -1.000 1.527e-02 0.636 0.745 0.747 0.741
0.0152 0.01508 6.65000 2.3294317722 2.5803012613    2.328  1.638  3.9865  4.065    0  0.000  0.538     0.00     0.00     0.00     0.00     0.00 -1    -1e-30      0.00 7.092e-01 2.755e-01 2.709e-03 7.398e-04 6.720e-03 -1.000 1.527e-02 0.674 0.826 0.822 0.833
0.0152 0.01508 6.65000 2.3470232487 2.5808232971    2.346  1.610  3.9888  4.105    0  0.000  0.538     0.00     0.00     0.00     0.00     0.00 -1    -1e-30      0.00 7.092e-01 2.755e-01 2.709e-03 7.398e-04 6.720e-03 -1.000 1.527e-02 0.745 0.907 0.902 0.916
0.0152 0.01508 6.65000 2.3606264591 2.5812208502    2.359  1.581  3.9879  4.133    0  0.000  0.538     0.00     0.00     0.00     0.00     0.00 -1    -1e-30      0.00 7.092e-01 2.755e-01 2.709e-03 7.398e-04 6.720e-03 -1.000 1.527e-02 0.817 0.976 0.972 0.983
0.0152 0.01508 6.65000 2.3736832142 2.5815975088    2.372  1.554  3.9859  4.155    0  0.000  0.538     0.00     0.00     0.00     0.00     0.00 -1    -1e-30      0.00 7.092e-01 2.755e-01 2.709e-03 7.398e-04 6.720e-03 -1.000 1.527e-02 0.886 1.036 1.034 1.041
0.0152 0.01508 6.65000 2.3878862858 2.5820018617    2.387  1.529  3.9837  4.173    0  0.000  0.538     0.00     0.00     0.00     0.00     0.00 -1    -1e-30      0.00 7.092e-01 2.755e-01 2.709e-03 7.398e-04 6.720e-03 -1.000 1.527e-02 0.947 1.088 1.087 1.090
0.0152 0.01508 6.65000 2.4000000954 2.5823423892    2.399  1.517  3.9827  4.184    0  0.000  0.538     0.00     0.00     0.00     0.00     0.00 -1    -1e-30      0.00 7.092e-01 2.755e-01 2.709e-03 7.398e-04 6.720e-03 -1.000 1.527e-02 0.977 1.114 1.114 1.115
0.0152 0.01508 6.65000 2.4015455246 2.5823855482    2.401  1.515  3.9826  4.185    0  0.000  0.538     0.00     0.00     0.00     0.00     0.00 -1    -1e-30      0.00 7.092e-01 2.755e-01 2.709e-03 7.398e-04 6.720e-03 -1.000 1.527e-02 0.982 1.118 1.118 1.118
0.0152 0.01508 6.65000 2.4321389198 2.5832269595    2.431  1.509  3.9834  4.201    0  0.000  0.538     0.00     0.00     0.00     0.00     0.00 -1    -1e-30      0.00 7.092e-01 2.755e-01 2.709e-03 7.399e-04 6.720e-03 -1.000 1.527e-02 0.998 1.138 1.138 1.139
0.0152 0.01508 6.65000 2.4627785683 2.5840455934    2.462  1.549  3.9931  4.204    0  0.000  0.538     0.00     0.00     0.00     0.00     0.00 -1    -1e-30      0.00 7.092e-01 2.755e-01 2.709e-03 7.399e-04 6.720e-03 -1.000 1.527e-02 0.897 1.079 1.073 1.092
0.0152 0.01508 6.65000 2.4988162518 2.5849789672    2.498  1.608  4.0083  4.213    0  0.000  0.538     0.00     0.00     0.00     0.00     0.00 -1    -1e-30      0.00 7.092e-01 2.755e-01 2.710e-03 7.399e-04 6.720e-03 -1.000 1.527e-02 0.751 1.003 0.988 1.031
0.0152 0.01508 6.65000 2.5228643417 2.5855847808    2.522  1.654  4.0216  4.224    0  0.000  0.538     0.00     0.00     0.00     0.00     0.00 -1    -1e-30      0.00 7.092e-01 2.755e-01 2.710e-03 7.399e-04 6.720e-03 -1.000 1.527e-02 0.634 0.950 0.929 0.990
0.0152 0.01508 6.65000 2.5409352779 2.5860313517    2.541  1.693  4.0335  4.236    0  0.000  0.538     0.00     0.00     0.00     0.00     0.00 -1    -1e-30      0.00 7.092e-01 2.755e-01 2.710e-03 7.399e-04 6.720e-03 -1.000 1.527e-02 0.537 0.911 0.885 0.961
0.0152 0.01508 6.65000 2.5556526184 2.5863896871    2.555  1.724  4.0438  4.248    0  0.000  0.538     0.00     0.00     0.00     0.00     0.00 -1    -1e-30      0.00 7.092e-01 2.755e-01 2.710e-03 7.399e-04 6.720e-03 -1.000 1.527e-02 0.460 0.885 0.854 0.943
0.0152 0.01508 6.65000 2.5691401958 2.5867139378    2.569  1.746  4.0523  4.263    0  0.000  0.538     0.00     0.00     0.00     0.00     0.00 -1    -1e-30      0.00 7.092e-01 2.755e-01 2.710e-03 7.399e-04 6.720e-03 -1.000 1.527e-02 0.404 0.872 0.838 0.936
0.0152 0.01508 6.65000 2.5896971226 2.5872006772    2.590  1.765  4.0618  4.286    0  0.000  0.538     0.00     0.00     0.00     0.00     0.00 -1    -1e-30      0.00 7.092e-01 2.755e-01 2.710e-03 7.399e-04 6.720e-03 -1.000 1.527e-02 0.357 0.874 0.837 0.945
0.0152 0.01508 6.65000 2.5999999046 2.5874412955    2.600  1.766  4.0646  4.297    0  0.000  0.538     0.00     0.00     0.00     0.00     0.00 -1    -1e-30      0.00 7.092e-01 2.755e-01 2.710e-03 7.399e-04 6.720e-03 -1.000 1.527e-02 0.354 0.885 0.847 0.958
0.0152 0.01508 6.65000 2.6240518093 2.5879945726    2.624  1.770  4.0709  4.323    0  0.000  0.538     0.00     0.00     0.00     0.00     0.00 -1    -1e-30      0.00 7.092e-01 2.755e-01 2.710e-03 7.399e-04 6.720e-03 -1.000 1.527e-02 0.345 0.909 0.869 0.986
0.0152 0.01508 6.65000 2.6572358608 2.5887390444    2.657  1.761  4.0737  4.349    0  0.000  0.538     0.00     0.00     0.00     0.00     0.00 -1    -1e-30      0.00 7.092e-01 2.755e-01 2.710e-03 7.399e-04 6.720e-03 -1.000 1.527e-02 0.368 0.947 0.906 1.025
0.0152 0.01508 6.65000 2.7695555687 2.5911073672    2.770  1.794  4.0812  4.363    0  0.000  0.538     0.00     0.00     0.00     0.00     0.00 -1    -1e-30      0.00 7.092e-01 2.755e-01 2.710e-03 7.399e-04 6.720e-03 -1.000 1.527e-02 0.285 0.904 0.860 0.987
0.0152 0.01508 6.65000 2.7996740341 2.5917053915    2.800  1.805  4.0834  4.365    0  0.000  0.538     0.00     0.00     0.00     0.00     0.00 -1    -1e-30      0.00 7.092e-01 2.755e-01 2.710e-03 7.399e-04 6.720e-03 -1.000 1.527e-02 0.256 0.887 0.842 0.971
0.0152 0.01508 6.65000 2.8000001907 2.5917117867    2.800  1.806  4.0834  4.365    0  0.000  0.538     0.00     0.00     0.00     0.00     0.00 -1    -1e-30      0.00 7.092e-01 2.755e-01 2.710e-03 7.399e-04 6.720e-03 -1.000 1.527e-02 0.256 0.887 0.842 0.970
0.0152 0.01508 6.65000 3.0000000000 2.5953341962    3.000  1.920  4.1039  4.363    0  0.000  0.538     0.00     0.00     0.00     0.00     0.00 -1    -1e-30      0.00 7.092e-01 2.755e-01 2.710e-03 7.399e-04 6.720e-03 -1.000 1.527e-02 -0.031 0.710 0.658 0.806
0.0152 0.01508 6.65000 3.2000000477 2.5984409005    3.199  2.027  4.1228  4.359    0  0.000  0.538     0.00     0.00     0.00     0.00     0.00 -1    -1e-30      0.00 7.092e-01 2.755e-01 2.710e-03 7.399e-04 6.720e-03 -1.000 1.527e-02 -0.297 0.547 0.489 0.653
0.0152 0.01508 6.65000 3.4000000954 2.6011310876    3.398  2.126  4.1401  4.355    0  0.000  0.538     0.00     0.00     0.00     0.00     0.00 -1    -1e-30      0.00 7.092e-01 2.755e-01 2.710e-03 7.399e-04 6.720e-03 -1.000 1.527e-02 -0.546 0.395 0.333 0.512
0.0152 0.01508 6.65000 3.6000001431 2.6034804607    3.598  2.219  4.1561  4.351    0  0.000  0.538     0.00     0.00     0.00     0.00     0.00 -1    -1e-30      0.00 7.092e-01 2.755e-01 2.710e-03 7.399e-04 6.720e-03 -1.000 1.527e-02 -0.778 0.254 0.186 0.379
0.0152 0.01508 6.65000 3.8000001907 2.6055477311    3.798  2.307  4.1711  4.347    0  0.000  0.538     0.00     0.00     0.00     0.00     0.00 -1    -1e-30      0.00 7.092e-01 2.755e-01 2.710e-03 7.399e-04 6.720e-03 -1.000 1.527e-02 -0.998 0.120 0.048 0.254
0.0152 0.01508 6.65000 4.0000000000 2.6073790840    4.001  2.390  4.1851  4.343    0  0.000  0.538     0.00     0.00     0.00     0.00     0.00 -1    -1e-30      0.00 7.092e-01 2.755e-01 2.710e-03 7.399e-04 6.720e-03 -1.000 1.527e-02 -1.204 -0.004 -0.080 0.137
0.0152 0.01508 6.65000 4.1999998093 2.6090113217    4.198  2.468  4.1983  4.338    1  0.000  0.538     0.00     0.00     0.00     0.00     0.00 -1    -1e-30      0.00 7.092e-01 2.755e-01 2.710e-03 7.399e-04 6.720e-03 -1.000 1.527e-02 -1.400 -0.123 -0.203 0.026
0.0152 0.01508 6.65000 4.4000000954 2.6104741055    4.397  2.542  4.2105  4.333    1  0.000  0.538     0.00     0.00     0.00     0.00     0.00 -1    -1e-30      0.00 7.092e-01 2.755e-01 2.710e-03 7.399e-04 6.720e-03 -1.000 1.527e-02 -1.585 -0.236 -0.320 -0.080
0.0152 0.01508 6.65000 4.5999999046 2.6117915791    4.597  2.613  4.2220  4.328    1  0.000  0.538     0.00     0.00     0.00     0.00     0.00 -1    -1e-30      0.00 7.092e-01 2.755e-01 2.710e-03 7.399e-04 6.720e-03 -1.000 1.527e-02 -1.761 -0.344 -0.431 -0.182
0.0152 0.01508 6.65000 4.8000001907 2.6129836005    4.798  2.680  4.2332  4.324    1  0.000  0.538     0.00     0.00     0.00     0.00     0.00 -1    -1e-30      0.00 7.092e-01 2.755e-01 2.710e-03 7.399e-04 6.720e-03 -1.000 1.527e-02 -1.931 -0.447 -0.538 -0.279
0.0152 0.01508 6.65000 5.0000000000 2.6140666223    4.999  2.744  4.2435  4.319    1  0.000  0.538     0.00     0.00     0.00     0.00     0.00 -1    -1e-30      0.00 7.092e-01 2.755e-01 2.710e-03 7.399e-04 6.720e-03 -1.000 1.527e-02 -2.090 -0.546 -0.640 -0.372
0.0152 0.01508 6.65000 5.1999998093 2.6150544000    5.200  2.805  4.2531  4.313    1  0.000  0.538     0.00     0.00     0.00     0.00     0.00 -1    -1e-30      0.00 7.092e-01 2.755e-01 2.710e-03 7.399e-04 6.720e-03 -1.000 1.527e-02 -2.243 -0.643 -0.739 -0.463
0.0152 0.01508 6.65000 5.3999996185 2.6159585084    5.401  2.864  4.2625  4.308    1  0.000  0.538     0.00     0.00     0.00     0.00     0.00 -1    -1e-30      0.00 7.092e-01 2.755e-01 2.710e-03 7.399e-04 6.720e-03 -1.000 1.527e-02 -2.390 -0.735 -0.834 -0.550
0.0152 0.01508 6.65000 5.5999994278 2.6167887546    5.601  2.921  4.2717  4.304    1  0.000  0.538     0.00     0.00     0.00     0.00     0.00 -1    -1e-30      0.00 7.092e-01 2.755e-01 2.710e-03 7.399e-04 6.720e-03 -1.000 1.527e-02 -2.532 -0.824 -0.925 -0.633
0.0152 0.01508 6.65000 5.8000001907 2.6175535027    5.801  2.975  4.2799  4.298    1  0.000  0.538     0.00     0.00     0.00     0.00     0.00 -1    -1e-30      0.00 7.092e-01 2.755e-01 2.710e-03 7.399e-04 6.720e-03 -1.000 1.527e-02 -2.667 -0.911 -1.015 -0.716
0.0152 0.01508 6.65000 5.9612970352 2.6181274618    5.962  3.017  4.2863  4.293    1  0.000  0.538     0.00     0.00     0.00     0.00     0.00 -1    -1e-30      0.00 7.092e-01 2.755e-01 2.710e-03 7.399e-04 6.720e-03 -1.000 1.527e-02 -2.773 -0.980 -1.085 -0.781
0.0152 0.01508 6.65000 6.0000000000 2.6182599138    6.000  3.027  4.2879  4.292    1  0.000  0.538     0.00     0.00     0.00     0.00     0.00 -1    -1e-30      0.00 7.092e-01 2.755e-01 2.710e-03 7.399e-04 6.720e-03 -1.000 1.527e-02 -2.798 -0.996 -1.102 -0.796
0.0152 0.01508 6.65000 6.1999998093 2.6189141709    6.200  3.078  4.2964  4.290    1  0.000  0.538     0.00     0.00     0.00     0.00     0.00 -1    -1e-30      0.00 7.092e-01 2.755e-01 2.710e-03 7.399e-04 6.720e-03 -1.000 1.527e-02 -2.926 -1.075 -1.183 -0.870
0.0152 0.01508 6.65000 6.4000000954 2.6195216279    6.399  3.127  4.3035  4.283    1  0.000  0.538     0.00     0.00     0.00     0.00     0.00 -1    -1e-30      0.00 7.092e-01 2.755e-01 2.710e-03 7.399e-04 6.720e-03 -1.000 1.527e-02 -3.047 -1.155 -1.265 -0.946
0.0152 0.01508 6.65000 7.0000000000 2.6211069280    6.996  3.264  4.3246  4.270    1  0.000  0.538     0.00     0.00     0.00     0.00     0.00 -1    -1e-30      0.00 7.092e-01 2.755e-01 2.710e-03 7.399e-04 6.720e-03 -1.000 1.527e-02 -3.389 -1.377 -1.493 -1.157
0.0152 0.01508 6.65000 7.9877033234 2.6231300672    7.989  3.464  4.3549  4.248    1  0.000  0.538     0.00     0.00     0.00     0.00     0.00 -1    -1e-30      0.00 7.092e-01 2.755e-01 2.710e-03 7.399e-04 6.720e-03 -1.000 1.527e-02 -3.889 -1.708 -1.832 -1.472
0.0152 0.01508 6.65000 8.0000000000 2.6231516585    8.001  3.466  4.3553  4.248    1  0.000  0.538     0.00     0.00     0.00     0.00     0.00 -1    -1e-30      0.00 7.092e-01 2.755e-01 2.710e-03 7.399e-04 6.720e-03 -1.000 1.527e-02 -3.895 -1.712 -1.836 -1.476
0.0152 0.01508 6.65000 8.5137071609 2.6239899667    8.511  3.559  4.3689  4.237    1  0.000  0.538     0.00     0.00     0.00     0.00     0.00 -1    -1e-30      0.00 7.092e-01 2.755e-01 2.710e-03 7.399e-04 6.720e-03 -1.000 1.527e-02 -4.127 -1.869 -1.997 -1.626
0.0152 0.01508 6.65000 9.0000000000 2.6246829947    8.995  3.642  4.3813  4.227    1  0.000  0.538     0.00     0.00     0.00     0.00     0.00 -1    -1e-30      0.00 7.092e-01 2.755e-01 2.710e-03 7.399e-04 6.720e-03 -1.000 1.527e-02 -4.336 -2.011 -2.142 -1.762
0.0152 0.01508 6.65000 9.8299798965 2.6256857156    9.827  3.773  4.4002  4.210    1  0.000  0.538     0.00     0.00     0.00     0.00     0.00 -1    -1e-30      0.00 7.092e-01 2.755e-01 2.710e-03 7.399e-04 6.720e-03 -1.000 1.527e-02 -4.663 -2.203 -2.339 -1.954
0.0152 0.01508 6.65000 10.0000000000 2.6258676431    9.998  3.799  4.4039  4.206    1  0.000  0.538     0.00     0.00     0.00     0.00     0.00 -1    -1e-30      0.00 7.092e-01 2.755e-01 2.710e-03 7.399e-04 6.720e-03 -1.000 1.527e-02 -4.727 -2.245 -2.383 -1.993
0.0152 0.01508 6.65000 11.0000000000 2.6268081058   11.001  3.939  4.4236  4.187    1  0.000  0.538     0.00     0.00     0.00     0.00     0.00 -1    -1e-30      0.00 7.092e-01 2.755e-01 2.710e-03 7.399e-04 6.720e-03 -1.000 1.527e-02 -5.078 -2.482 -2.627 -2.207
0.0152 0.01508 6.65000 11.1151437759 2.6269039725   11.116  3.954  4.4257  4.185    1  0.000  0.538     0.00     0.00     0.00     0.00     0.00 -1    -1e-30      0.00 7.092e-01 2.755e-01 2.710e-03 7.399e-04 6.720e-03 -1.000 1.527e-02 -5.116 -2.510 -2.656 -2.234
0.0152 0.01508 6.65000 12.0000000000 2.6275706487   12.001  4.066  4.4410  4.167    1  0.000  0.538     0.00     0.00     0.00     0.00     0.00 -1    -1e-30      0.00 7.092e-01 2.755e-01 2.710e-03 7.399e-04 6.720e-03 -1.000 1.527e-02 -5.396 -2.746 -2.891 -2.476
0.0152 0.01508 6.65000 12.9625797272 2.6281783459   12.952  4.176  4.4555  4.148    1  0.000  0.541     0.00     0.00     0.00     0.00     0.00 -1 -6.48e-20      0.00 7.092e-01 2.755e-01 2.728e-03 7.404e-04 6.719e-03 -1.000 1.527e-02 -5.671 -2.957 -3.104 -2.684
0.0152 0.01508 6.65000 14.0000000000 2.6287268957   13.976  4.288  4.4697  4.126    0  0.000  0.545     0.00     0.00     0.00     0.00     0.00 -1 -4.17e-09      0.00 7.092e-01 2.755e-01 2.746e-03 7.408e-04 6.719e-03 -1.000 1.527e-02 -5.951 -3.144 -3.299 -2.849
0.0152 0.01508 6.65000 14.2398767471 2.6288407219   14.215  4.312  4.4727  4.121    0  0.000  0.545     0.00     0.00     0.00     0.00     0.00 -1 -4.71e-09      0.00 7.092e-01 2.755e-01 2.746e-03 7.408e-04 6.719e-03 -1.000 1.527e-02 -6.011 -3.184 -3.341 -2.885
0.0152 0.01508 6.65000 15.3074598312 2.6292979427   15.275  4.415  4.4850  4.099    0  0.000  0.545     0.00     0.00     0.00     0.00     0.00 -1 -7.94e-09      0.00 7.092e-01 2.755e-01 2.746e-03 7.408e-04 6.719e-03 -1.000 1.527e-02 -6.267 -3.385 -3.545 -3.079
0.0152 0.01508 6.65000 16.0000000000 2.6295573144   15.962  4.478  4.4923  4.084    0  0.000  0.545     0.00     0.00     0.00     0.00     0.00 -1  -1.1e-08      0.00 7.092e-01 2.755e-01 2.746e-03 7.408e-04 6.719e-03 -1.000 1.527e-02 -6.425 -3.515 -3.676 -3.206
0.0152 0.01508 6.65000 16.7945194244 2.6298247892   16.735  4.545  4.4996  4.068    0  0.000  0.545     0.00     0.00     0.00     0.00     0.00 -1 -1.52e-08      0.00 7.092e-01 2.755e-01 2.746e-03 7.408e-04 6.719e-03 -1.000 1.527e-02 -6.592 -3.655 -3.818 -3.343
0.0152 0.01508 6.65000 17.7871322632 2.6301206493   17.698  4.624  4.5080  4.045    0  0.000  0.545     0.00     0.00     0.00     0.00     0.00 -1 -2.25e-08      0.00 7.092e-01 2.755e-01 2.746e-03 7.408e-04 6.719e-03 -1.000 1.527e-02 -6.791 -3.810 -3.972 -3.499
0.0152 0.01508 6.65000 18.0000000000 2.6301792302   17.906  4.641  4.5096  4.040    0  0.000  0.545     0.00     0.00     0.00     0.00     0.00 -1 -2.44e-08      0.00 7.092e-01 2.755e-01 2.746e-03 7.408e-04 6.719e-03 -1.000 1.527e-02 -6.833 -3.842 -4.005 -3.532
0.0152 0.01508 6.65000 18.7986373901 2.6303854803   18.681  4.700  4.5152  4.023    0  0.000  0.545     0.00     0.00     0.00     0.00     0.00 -1 -3.22e-08      0.00 7.092e-01 2.755e-01 2.746e-03 7.408e-04 6.719e-03 -1.000 1.527e-02 -6.979 -3.957 -4.119 -3.648
0.0152 0.01508 6.65000 19.7228717804 2.6306003523   19.572  4.765  4.5210  4.000    0  0.000  0.545     0.00     0.00     0.00     0.00     0.00 -1 -4.38e-08      0.00 7.092e-01 2.755e-01 2.746e-03 7.408e-04 6.719e-03 -1.000 1.527e-02 -7.144 -4.087 -4.249 -3.781
0.0152 0.01508 6.65000 20.0000000000 2.6306603470   19.840  4.785  4.5225  3.993    0  0.000  0.545     0.00     0.00     0.00     0.00     0.00 -1  -4.8e-08      0.00 7.092e-01 2.755e-01 2.746e-03 7.408e-04 6.719e-03 -1.000 1.527e-02 -7.192 -4.127 -4.289 -3.822
0.0152 0.01508 6.65000 20.6417484283 2.6307921921   20.449  4.826  4.5256  3.977    0  0.000  0.545     0.00     0.00     0.00     0.00     0.00 -1 -5.77e-08      0.00 7.092e-01 2.755e-01 2.746e-03 7.408e-04 6.719e-03 -1.000 1.527e-02 -7.294 -4.215 -4.376 -3.911
0.0152 0.01508 6.65000 21.6872615814 2.6309878944   21.434  4.890  4.5298  3.950    0  0.000  0.545     0.00     0.00     0.00     0.00     0.00 -1  -7.7e-08      0.00 7.092e-01 2.755e-01 2.746e-03 7.408e-04 6.719e-03 -1.000 1.527e-02 -7.455 -4.360 -4.522 -4.055
0.0152 0.01508 6.65000 22.6924190521 2.6311566239   22.372  4.950  4.5331  3.923    0  0.000  0.545     0.00     0.00     0.00     0.00     0.00 -1    -1e-07      0.00 7.092e-01 2.755e-01 2.746e-03 7.408e-04 6.719e-03 -1.000 1.527e-02 -7.604 -4.512 -4.677 -4.197
0.0152 0.01508 6.65000 24.0000000000 2.6313519822   23.577  5.024  4.5362  3.883    0  0.000  0.545     0.00     0.00     0.00     0.00     0.00 -1 -1.39e-07      0.00 7.092e-01 2.755e-01 2.746e-03 7.408e-04 6.719e-03 -1.000 1.527e-02 -7.790 -4.678 -4.842 -4.366
0.0152 0.01508 6.65000 24.8318977356 2.6314640317   24.321  5.066  4.5370  3.858    0  0.000  0.545     0.00     0.00     0.00     0.00     0.00 -1 -1.65e-07      0.00 7.092e-01 2.755e-01 2.746e-03 7.408e-04 6.719e-03 -1.000 1.527e-02 -7.895 -4.781 -4.944 -4.470
0.0152 0.01508 6.65000 26.2943878174 2.6316413933   25.609  5.137  4.5367  3.808    0  0.000  0.545     0.00     0.00     0.00     0.00     0.00 -1 -2.21e-07      0.00 7.092e-01 2.755e-01 2.746e-03 7.408e-04 6.719e-03 -1.000 1.527e-02 -8.072 -4.969 -5.131 -4.662
0.0152 0.01508 6.65000 27.6382579803 2.6317854848   26.769  5.199  4.5348  3.758    0  0.000  0.545     0.00     0.00     0.00     0.00     0.00 -1 -2.84e-07      0.00 7.092e-01 2.755e-01 2.746e-03 7.408e-04 6.719e-03 -1.000 1.527e-02 -8.228 -5.147 -5.308 -4.843
0.0152 0.01508 6.65000 28.0000000000 2.6318215644   27.080  5.216  4.5339  3.743    0  0.000  0.545     0.00     0.00     0.00     0.00     0.00 -1 -3.02e-07      0.00 7.092e-01 2.755e-01 2.746e-03 7.408e-04 6.719e-03 -1.000 1.527e-02 -8.269 -5.197 -5.358 -4.894
0.0152 0.01508 6.65000 28.9120883942 2.6319079431   27.842  5.254  4.5311  3.705    0  0.000  0.545     0.00     0.00     0.00     0.00     0.00 -1 -3.48e-07      0.00 7.092e-01 2.755e-01 2.746e-03 7.408e-04 6.719e-03 -1.000 1.527e-02 -8.365 -5.318 -5.478 -5.017
0.0152 0.01508 6.65000 30.0000000000 2.6320031152   28.741  5.299  4.5264  3.655    0  0.000  0.545     0.00     0.00     0.00     0.00     0.00 -1 -4.07e-07      0.00 7.092e-01 2.755e-01 2.746e-03 7.408e-04 6.719e-03 -1.000 1.527e-02 -8.477 -5.468 -5.627 -5.170
0.0152 0.01508 6.65000 31.4240989685 2.6321163174   29.885  5.352  4.5178  3.584    0  0.000  0.545     0.00     0.00     0.00     0.00     0.00 -1 -4.79e-07      0.00 7.092e-01 2.755e-01 2.746e-03 7.408e-04 6.719e-03 -1.000 1.527e-02 -8.610 -5.668 -5.825 -5.373
0.0152 0.01508 6.65000 32.5615005493 2.6321985979   30.783  5.393  4.5091  3.522    0  0.000  0.545     0.00     0.00     0.00     0.00     0.00 -1 -5.35e-07      0.00 7.092e-01 2.755e-01 2.746e-03 7.408e-04 6.719e-03 -1.000 1.527e-02 -8.713 -5.836 -5.992 -5.544
0.0152 0.01508 6.65000 33.5616798401 2.6322656773   31.561  5.428  4.4998  3.460    0  0.000  0.545     0.00     0.00     0.00     0.00     0.00 -1  -5.8e-07      0.00 7.092e-01 2.755e-01 2.746e-03 7.408e-04 6.719e-03 -1.000 1.527e-02 -8.800 -5.985 -6.140 -5.696
0.0152 0.01508 6.65000 34.4848022461 2.6323236343   32.271  5.460  4.4894  3.396    0  0.000  0.545     0.00     0.00     0.00     0.00     0.00 -1 -6.14e-07      0.00 7.092e-01 2.755e-01 2.746e-03 7.408e-04 6.719e-03 -1.000 1.527e-02 -8.880 -6.120 -6.273 -5.835
0.0152 0.01508 6.65000 35.0000000000 2.6323544560   32.665  5.477  4.4825  3.356    0  0.000  0.545     0.00     0.00     0.00     0.00     0.00 -1 -6.25e-07      0.00 7.092e-01 2.755e-01 2.746e-03 7.408e-04 6.719e-03 -1.000 1.527e-02 -8.924 -6.203 -6.354 -5.921
0.0152 0.01508 6.65000 35.3751220703 2.6323762493   32.944  5.489  4.4772  3.327    0  0.000  0.545     0.00     0.00     0.00     0.00     0.00 -1 -6.27e-07      0.00 7.092e-01 2.755e-01 2.746e-03 7.408e-04 6.719e-03 -1.000 1.527e-02 -8.954 -6.263 -6.413 -5.983
0.0152 0.01508 6.65000 36.0988883972 2.6324168294   33.482  5.512  4.4661  3.267    0  0.000  0.545     0.00     0.00     0.00     0.00     0.00 -1 -6.22e-07      0.00 7.092e-01 2.755e-01 2.746e-03 7.408e-04 6.719e-03 -1.000 1.527e-02 -9.010 -6.397 -6.544 -6.126
0.0152 0.01508 6.65000 36.7563972473 2.6324521058   33.969  5.532  4.4550  3.209    0  0.000  0.545     0.00     0.00     0.00     0.00     0.00 -1 -6.09e-07      0.00 7.092e-01 2.755e-01 2.746e-03 7.408e-04 6.719e-03 -1.000 1.527e-02 -9.061 -6.540 -6.683 -6.280
0.0152 0.01508 6.65000 37.4028739929 2.6324854034   34.446  5.552  4.4431  3.147    0  0.000  0.545     0.00     0.00     0.00     0.00     0.00 -1 -5.89e-07      0.00 7.092e-01 2.755e-01 2.746e-03 7.408e-04 6.719e-03 -1.000 1.527e-02 -9.110 -6.686 -6.825 -6.435
0.0152 0.01508 6.65000 38.0384521484 2.6325168740   34.916  5.571  4.4303  3.083    0  0.000  0.545     0.00     0.00     0.00     0.00     0.00 -1 -5.57e-07      0.00 7.092e-01 2.755e-01 2.746e-03 7.408e-04 6.719e-03 -1.000 1.527e-02 -9.158 -6.824 -6.961 -6.579
0.0152 0.01508 6.65000 38.6124954224 2.6325442761   35.339  5.588  4.4177  3.021    0  0.000  0.545     0.00     0.00     0.00     0.00     0.00 -1 -5.83e-07      0.00 7.092e-01 2.755e-01 2.746e-03 7.408e-04 6.719e-03 -1.000 1.527e-02 -9.200 -6.945 -7.078 -6.707
0.0152 0.01508 6.65000 39.1766891479 2.6325703102   35.746  5.604  4.4040  2.955    0  0.000  0.545     0.00     0.00     0.00     0.00     0.00 -1  -1.3e-06      0.00 7.092e-01 2.755e-01 2.746e-03 7.408e-04 6.719e-03 -1.000 1.527e-02 -9.241 -6.982 -7.114 -6.750
0.0152 0.01508 6.65000 39.5198440552 2.6325857272   35.922  5.614  4.3930  2.903    0  0.000  0.545     0.00     0.00     0.00     0.00     0.00 -1 -1.37e-06      0.00 7.092e-01 2.755e-01 2.746e-03 7.408e-04 6.719e-03 -1.000 1.527e-02 -9.265 -7.083 -7.208 -6.867
0.0152 0.01508 6.65000 39.8793869019 2.6326015537   36.073  5.624  4.3798  2.842    0  0.000  0.545     0.00     0.00     0.00     0.00     0.00 -1 -2.04e-06      0.00 7.092e-01 2.755e-01 2.746e-03 7.408e-04 6.719e-03 -1.000 1.527e-02 -9.290 -7.182 -7.305 -6.971
0.0152 0.01508 6.65000 40.0000000000 2.6326067896   36.113  5.627  4.3749  2.820    0  0.000  0.545     0.00     0.00     0.00     0.00     0.00 -1 -2.79e-06      0.00 7.092e-01 2.755e-01 2.746e-03 7.408e-04 6.719e-03 -1.000 1.527e-02 -9.298 -7.218 -7.341 -7.008
0.0152 0.01508 6.65000 40.1790504456 2.6326144958   36.145  5.632  4.3669  2.784    0  0.000  0.545     0.00     0.00     0.00     0.00     0.00 -1 -4.56e-06      0.00 7.092e-01 2.755e-01 2.746e-03 7.408e-04 6.719e-03 -1.000 1.527e-02 -9.309 -7.290 -7.411 -7.084
0.0152 0.01508 6.65000 40.4283256531 2.6326250937   36.170  5.638  4.3548  2.730    0  0.000  0.545     0.00     0.00     0.00     0.00     0.00 -1 -7.42e-06      0.00 7.092e-01 2.755e-01 2.746e-03 7.408e-04 6.719e-03 -1.000 1.527e-02 -9.324 -7.404 -7.521 -7.207
0.0152 0.01508 6.65000 40.6613502502 2.6326348657   36.188  5.643  4.3427  2.676    0  0.000  0.545     0.00     0.00     0.00     0.00     0.00 -1 -7.39e-06      0.00 7.092e-01 2.755e-01 2.746e-03 7.408e-04 6.719e-03 -1.000 1.527e-02 -9.338 -7.503 -7.616 -7.314
0.0152 0.01508 6.65000 40.8797569275 2.6326439085   36.204  5.649  4.3305  2.622    0  0.000  0.545     0.00     0.00     0.00     0.00     0.00 -1 -7.34e-06      0.00 7.092e-01 2.755e-01 2.746e-03 7.408e-04 6.719e-03 -1.000 1.527e-02 -9.351 -7.596 -7.706 -7.416
0.0152 0.01508 6.65000 41.0833358765 2.6326522379   36.219  5.654  4.3184  2.569    0  0.000  0.545     0.00     0.00     0.00     0.00     0.00 -1 -7.29e-06      0.00 7.092e-01 2.755e-01 2.746e-03 7.408e-04 6.719e-03 -1.000 1.527e-02 -9.364 -7.678 -7.784 -7.504
0.0152 0.01508 6.65000 41.2736892700 2.6326599407   36.233  5.658  4.3066  2.517    0  0.000  0.545     0.00     0.00     0.00     0.00     0.00 -1 -7.24e-06      0.00 7.092e-01 2.755e-01 2.746e-03 7.408e-04 6.719e-03 -1.000 1.527e-02 -9.375 -7.745 -7.849 -7.577
0.0152 0.01508 6.65000 41.3446960449 2.6326627932   36.183  5.659  4.3011  2.494    0  0.000  0.545     0.00     0.00     0.00     0.00     0.00 -1 -9.79e-06      0.00 7.092e-01 2.755e-01 2.745e-03 7.409e-04 6.719e-03 -1.000 1.527e-02 -9.378 -7.778 -7.880 -7.613
0.0152 0.01508 6.65000 41.3857879639 2.6326644388   36.151  5.660  4.2972  2.477    0  0.000  0.545     0.00     0.00     0.00     0.00     0.00 -1 -9.85e-06      0.00 7.092e-01 2.755e-01 2.745e-03 7.409e-04 6.719e-03 -1.000 1.527e-02 -9.381 -7.583 -7.694 -7.382
0.0152 0.01508 6.65000 41.4276428223 2.6326661111   36.119  5.661  4.2930  2.459    0  0.000  0.545     0.00     0.00     0.00     0.00     0.00 -1  -9.9e-06      0.00 7.092e-01 2.755e-01 2.744e-03 7.409e-04 6.719e-03 -1.000 1.527e-02 -9.383 -7.612 -7.722 -7.416
0.0152 0.01508 6.65000 41.4703369141 2.6326678129   36.083  5.662  4.2886  2.440    0  0.000  0.544     0.00     0.00     0.00     0.00     0.00 -1 -9.96e-06      0.00 7.092e-01 2.755e-01 2.743e-03 7.410e-04 6.719e-03 -1.000 1.527e-02 -9.385 -7.643 -7.751 -7.452
0.0152 0.01508 6.65000 41.5029640198 2.6326691108   36.057  5.663  4.2850  2.424    0  0.000  0.544     0.00     0.00     0.00     0.00     0.00 -1    -1e-05      0.00 7.092e-01 2.755e-01 2.743e-03 7.410e-04 6.719e-03 -1.000 1.527e-02 -9.387 -7.667 -7.774 -7.480
0.0152 0.01508 6.65000 41.5473632812 2.6326708731   36.019  5.664  4.2800  2.403    0  0.000  0.544     0.00     0.00     0.00     0.00     0.00 -1    -1e-05      0.00 7.092e-01 2.755e-01 2.742e-03 7.411e-04 6.719e-03 -1.000 1.527e-02 -9.389 -7.702 -7.806 -7.521
0.0152 0.01508 6.65000 41.5813827515 2.6326722205   35.989  5.664  4.2761  2.386    0  0.000  0.544     0.00     0.00     0.00     0.00     0.00 -1 -1.01e-05      0.00 7.092e-01 2.755e-01 2.741e-03 7.412e-04 6.719e-03 -1.000 1.527e-02 -9.391 -7.725 -7.828 -7.546
0.0152 0.01508 6.65000 41.6160812378 2.6326735922   35.958  5.665  4.2720  2.369    0  0.000  0.544     0.00     0.00     0.00     0.00     0.00 -1 -1.01e-05      0.00 7.092e-01 2.755e-01 2.740e-03 7.414e-04 6.719e-03 -1.000 1.527e-02 -9.393 -7.749 -7.851 -7.572
0.0152 0.01508 6.65000 41.6515197754 2.6326749904   35.925  5.666  4.2676  2.350    0  0.000  0.544     0.00     0.00     0.00     0.00     0.00 -1 -1.01e-05      0.00 7.092e-01 2.755e-01 2.738e-03 7.415e-04 6.719e-03 -1.000 1.527e-02 -9.395 -7.774 -7.875 -7.598
0.0152 0.01508 6.65000 41.6877708435 2.6326764179   35.893  5.667  4.2630  2.330    0  0.000  0.543     0.00     0.00     0.00     0.00     0.00 -1 -1.01e-05      0.00 7.092e-01 2.755e-01 2.737e-03 7.418e-04 6.719e-03 -1.000 1.527e-02 -9.397 -7.800 -7.900 -7.626
0.0152 0.01508 6.65000 41.7249069214 2.6326778772   35.858  5.667  4.2581  2.310    0  0.000  0.543     0.00     0.00     0.00     0.00     0.00 -1 -1.02e-05      0.00 7.092e-01 2.755e-01 2.735e-03 7.421e-04 6.719e-03 -1.000 1.527e-02 -9.398 -7.827 -7.927 -7.656
0.0152 0.01508 6.65000 41.7501907349 2.6326788691   35.834  5.668  4.2547  2.295    0  0.000  0.543     0.00     0.00     0.00     0.00     0.00 -1 -1.02e-05      0.00 7.092e-01 2.755e-01 2.733e-03 7.423e-04 6.719e-03 -1.000 1.527e-02 -9.400 -7.847 -7.945 -7.677
0.0152 0.01508 6.65000 41.7759399414 2.6326798779   35.811  5.668  4.2511  2.280    0  0.000  0.542     0.00     0.00     0.00     0.00     0.00 -1 -1.02e-05      0.00 7.092e-01 2.755e-01 2.732e-03 7.426e-04 6.719e-03 -1.000 1.527e-02 -9.401 -7.867 -7.965 -7.699
0.0152 0.01508 6.65000 41.8021736145 2.6326809041   35.786  5.669  4.2473  2.264    0  0.000  0.542     0.00     0.00     0.00     0.00     0.00 -1 -1.02e-05      0.00 7.092e-01 2.755e-01 2.730e-03 7.430e-04 6.719e-03 -1.000 1.527e-02 -9.403 -7.888 -7.985 -7.722
0.0152 0.01508 6.65000 41.8289489746 2.6326819500   35.760  5.670  4.2434  2.248    0  0.000  0.542     0.00     0.00     0.00     0.00     0.00 -1 -1.02e-05      0.00 7.092e-01 2.755e-01 2.727e-03 7.434e-04 6.719e-03 -1.000 1.527e-02 -9.404 -7.911 -8.006 -7.746
0.0152 0.01508 6.65000 41.8562850952 2.6326830162   35.734  5.670  4.2394  2.230    0  0.000  0.541     0.00     0.00     0.00     0.00     0.00 -1 -1.02e-05      0.00 7.092e-01 2.755e-01 2.725e-03 7.439e-04 6.719e-03 -1.000 1.527e-02 -9.406 -7.934 -8.028 -7.772
0.0152 0.01508 6.65000 41.8842506409 2.6326841053   35.708  5.671  4.2351  2.212    0  0.000  0.541     0.00     0.00     0.00     0.00     0.00 -1 -1.02e-05      0.00 7.092e-01 2.755e-01 2.722e-03 7.446e-04 6.719e-03 -1.000 1.527e-02 -9.407 -7.959 -8.051 -7.798
0.0152 0.01508 6.65000 41.9128799438 2.6326852185   35.682  5.671  4.2305  2.193    0  0.000  0.540     0.00     0.00     0.00     0.00     0.00 -1 -1.02e-05      0.00 7.092e-01 2.755e-01 2.719e-03 7.453e-04 6.719e-03 -1.000 1.527e-02 -9.409 -7.984 -8.076 -7.826
0.0152 0.01508 6.65000 41.9422492981 2.6326863587   35.653  5.672  4.2257  2.173    0  0.000  0.540     0.00     0.00     0.00     0.00     0.00 -1 -1.02e-05      0.00 7.092e-01 2.755e-01 2.716e-03 7.463e-04 6.719e-03 -1.000 1.527e-02 -9.410 -8.012 -8.102 -7.857
0.0152 0.01508 6.65000 41.9724121094 2.6326875278   35.625  5.673  4.2207  2.152    0  0.000  0.539     0.00     0.00     0.00     0.00     0.00 -1 -1.02e-05      0.00 7.092e-01 2.755e-01 2.712e-03 7.474e-04 6.719e-03 -1.000 1.527e-02 -9.412 -8.041 -8.130 -7.889
0.0152 0.01508 6.65000 42.0034446716 2.6326887286   35.595  5.673  4.2154  2.130    0  0.000  0.538     0.00     0.00     0.00     0.00     0.00 -1 -1.02e-05      0.00 7.092e-01 2.755e-01 2.708e-03 7.487e-04 6.719e-03 -1.000 1.527e-02 -9.414 -8.072 -8.159 -7.922
0.0152 0.01508 6.65000 42.0354270935 2.6326899640   35.566  5.674  4.2100  2.107    0  0.000  0.537     0.00     0.00     0.00     0.00     0.00 -1 -1.02e-05      0.00 7.092e-01 2.755e-01 2.704e-03 7.502e-04 6.719e-03 -1.000 1.527e-02 -9.415 -8.103 -8.188 -7.957
0.0152 0.01508 6.65000 42.0683898926 2.6326912350   35.535  5.675  4.2046  2.084    0  0.000  0.537     0.00     0.00     0.00     0.00     0.00 -1 -1.02e-05      0.00 7.092e-01 2.755e-01 2.699e-03 7.521e-04 6.719e-03 -1.000 1.529e-02 -9.417 -8.134 -8.218 -7.991
0.0152 0.01508 6.65000 42.1022796631 2.6326925393   35.504  5.676  4.1994  2.062    0  0.000  0.536     0.00     0.00     0.00     0.00     0.00 -1 -1.01e-05      0.00 7.092e-01 2.755e-01 2.693e-03 7.543e-04 6.719e-03 -1.000 1.529e-02 -9.419 -8.165 -8.247 -8.024
0.0152 0.01508 6.65000 42.1545524597 2.6326945465   35.456  5.677  4.1918  2.030    0  0.000  0.534     0.00     0.00     0.00     0.00     0.00 -1 -1.02e-05      0.00 7.092e-01 2.755e-01 2.684e-03 7.584e-04 6.719e-03 -1.000 1.529e-02 -9.422 -8.210 -8.289 -8.074
0.0152 0.01508 6.65000 42.2082252502 2.6326966015   35.404  5.678  4.1843  1.999    0  0.000  0.532     0.00     0.00     0.00     0.00     0.00 -1 -1.02e-05      0.00 7.092e-01 2.755e-01 2.674e-03 7.637e-04 6.719e-03 -1.000 1.529e-02 -9.425 -8.254 -8.331 -8.123
0.0152 0.01508 6.65000 42.2629814148 2.6326986917   35.345  5.679  4.1767  1.966    0  0.000  0.482     0.00     0.00     0.00     0.00     0.00 -1 -1.12e-05      0.00 7.088e-01 2.759e-01 2.376e-03 1.228e-03 6.627e-03 -1.000 1.531e-02 -9.428 -8.298 -8.373 -8.172
0.0152 0.01508 6.65000 42.3001899719 2.6327001086   35.297  5.680  4.1747  1.957    0  0.000  0.438     0.00     0.00     0.00     0.00     0.00 -1 -1.35e-05      0.00 7.077e-01 2.770e-01 2.141e-03 1.766e-03 6.362e-03 -1.000 1.533e-02 -9.429 -8.310 -8.384 -8.187
0.0152 0.01508 6.65000 42.3369903564 2.6327015071   35.248  5.680  4.1749  1.956    0  0.000  0.437     0.00     0.00     0.00     0.00     0.00 -1 -1.63e-05      0.00 7.065e-01 2.782e-01 2.133e-03 1.959e-03 6.152e-03 -1.000 1.531e-02 -9.431 -8.311 -8.385 -8.187
0.0152 0.01508 6.65000 42.3887977600 2.6327034711   35.160  5.681  4.1723  1.944    0  0.000  0.435     0.00     0.00     0.00     0.00     0.00 -1 -2.03e-05      0.00 7.052e-01 2.795e-01 2.120e-03 2.117e-03 5.989e-03 -1.000 1.529e-02 -9.433 -8.327 -8.399 -8.205
0.0152 0.01508 6.65000 42.4219665527 2.6327047257   35.078  5.682  4.1719  1.941    0  0.000  0.435     0.00     0.00     0.00     0.00     0.00 -1 -2.15e-05      0.00 7.039e-01 2.808e-01 2.112e-03 2.241e-03 5.857e-03 -1.000 1.527e-02 -9.434 -8.330 -8.403 -8.209
0.0152 0.01508 6.65000 42.4379920959 2.6327053310   35.038  5.682  4.1723  1.942    0  0.000  0.435     0.00     0.00     0.00     0.00     0.00 -1 -2.22e-05      0.00 7.032e-01 2.815e-01 2.109e-03 2.299e-03 5.796e-03 -1.000 1.527e-02 -9.435 -8.328 -8.401 -8.207
0.0152 0.01508 6.65000 42.4535598755 2.6327059186   34.997  5.682  4.1731  1.945    0  0.000  0.435     0.00     0.00     0.00     0.00     0.00 -1 -2.29e-05      0.00 7.025e-01 2.823e-01 2.105e-03 2.353e-03 5.739e-03 -1.000 1.527e-02 -9.435 -8.325 -8.398 -8.202
0.0152 0.01508 6.65000 42.4685821533 2.6327064850   34.954  5.682  4.1733  1.945    0  0.000  0.435     0.00     0.00     0.00     0.00     0.00 -1 -2.31e-05      0.00 7.018e-01 2.830e-01 2.101e-03 2.400e-03 5.690e-03 -1.000 1.525e-02 -9.436 -8.324 -8.397 -8.202
0.0152 0.01508 6.65000 42.4830398560 2.6327070298   34.913  5.683  4.1735  1.944    0  0.000  0.435     0.00     0.00     0.00     0.00     0.00 -1 -2.35e-05      0.00 7.011e-01 2.837e-01 2.098e-03 2.443e-03 5.645e-03 -1.000 1.525e-02 -9.436 -8.324 -8.397 -8.201
0.0152 0.01508 6.65000 42.4970169067 2.6327075560   34.872  5.683  4.1735  1.944    0  0.000  0.435     0.00     0.00     0.00     0.00     0.00 -1 -2.37e-05      0.00 7.004e-01 2.843e-01 2.094e-03 2.484e-03 5.604e-03 -1.000 1.525e-02 -9.437 -8.324 -8.398 -8.202
0.0152 0.01508 6.65000 42.5363159180 2.6327090335   34.751  5.683  4.1705  1.930    0  0.000  0.434     0.00     0.00     0.00     0.00     0.00 -1 -2.43e-05      0.00 6.991e-01 2.856e-01 2.084e-03 2.563e-03 5.526e-03 -1.000 1.525e-02 -9.438 -8.342 -8.414 -8.222
0.0152 0.01508 6.65000 42.5488243103 2.6327095031   34.711  5.683  4.1710  1.931    0  0.000  0.435     0.00     0.00     0.00     0.00     0.00 -1 -2.44e-05      0.00 6.983e-01 2.865e-01 2.081e-03 2.598e-03 5.490e-03 -1.000 1.523e-02 -9.439 -8.339 -8.412 -8.219
0.0152 0.01508 6.65000 42.5612335205 2.6327099687   34.672  5.684  4.1730  1.938    0  0.000  0.436     0.00     0.00     0.00     0.00     0.00 -1 -2.47e-05      0.00 6.970e-01 2.877e-01 2.078e-03 2.645e-03 5.440e-03 -1.000 1.523e-02 -9.439 -8.329 -8.402 -8.207
0.0152 0.01508 6.65000 42.5732231140 2.6327104183   34.632  5.684  4.1761  1.950    0  0.000  0.437     0.00     0.00     0.00     0.00     0.00 -1  -2.5e-05      0.00 6.955e-01 2.893e-01 2.075e-03 2.700e-03 5.381e-03 -1.000 1.523e-02 -9.440 -8.314 -8.388 -8.189
0.0152 0.01508 6.65000 42.5953483582 2.6327112470   34.557  5.684  4.1755  1.947    0  0.000  0.438     0.00     0.00     0.00     0.00     0.00 -1 -2.56e-05      0.00 6.943e-01 2.905e-01 2.069e-03 2.743e-03 5.339e-03 -1.000 1.523e-02 -9.440 -8.317 -8.391 -8.192
0.0152 0.01508 6.65000 42.6262245178 2.6327124020   34.447  5.684  4.1726  1.933    0  0.000  0.438     0.00     0.00     0.00     0.00     0.00 -1  -2.6e-05      0.00 6.930e-01 2.918e-01 2.061e-03 2.791e-03 5.295e-03 -1.000 1.520e-02 -9.441 -8.333 -8.406 -8.212
0.0152 0.01508 6.65000 42.6461448669 2.6327131461   34.375  5.685  4.1716  1.928    0  0.000  0.439     0.00     0.00     0.00     0.00     0.00 -1 -2.63e-05      0.00 6.919e-01 2.929e-01 2.056e-03 2.826e-03 5.262e-03 -1.000 1.520e-02 -9.442 -8.340 -8.412 -8.219
0.0152 0.01508 6.65000 42.6655540466 2.6327138703   34.303  5.685  4.1720  1.928    0  0.000  0.441     0.00     0.00     0.00     0.00     0.00 -1 -2.67e-05      0.00 6.902e-01 2.946e-01 2.051e-03 2.867e-03 5.221e-03 -1.000 1.520e-02 -9.443 -8.338 -8.411 -8.217
0.0152 0.01508 6.65000 42.6840362549 2.6327145593   34.236  5.685  4.1719  1.927    0  0.000  0.444     0.00     0.00     0.00     0.00     0.00 -1 -2.71e-05      0.00 6.886e-01 2.962e-01 2.046e-03 2.905e-03 5.185e-03 -1.000 1.520e-02 -9.443 -8.339 -8.412 -8.218
0.0152 0.01508 6.65000 42.7016677856 2.6327152159   34.171  5.685  4.1716  1.924    0  0.000  0.446     0.00     0.00     0.00     0.00     0.00 -1 -2.75e-05      0.00 6.870e-01 2.978e-01 2.041e-03 2.938e-03 5.153e-03 -1.000 1.520e-02 -9.444 -8.342 -8.414 -8.221
0.0152 0.01508 6.65000 42.7267913818 2.6327161504   34.076  5.686  4.1693  1.914    0  0.000  0.448     0.00     0.00     0.00     0.00     0.00 -1 -2.77e-05      0.00 6.853e-01 2.995e-01 2.034e-03 2.974e-03 5.121e-03 -1.000 1.520e-02 -9.444 -8.354 -8.425 -8.235
0.0152 0.01508 6.65000 42.7429618835 2.6327167513   34.013  5.686  4.1692  1.912    0  0.000  0.452     0.00     0.00     0.00     0.00     0.00 -1 -2.81e-05      0.00 6.836e-01 3.012e-01 2.029e-03 3.001e-03 5.094e-03 -1.000 1.520e-02 -9.445 -8.355 -8.426 -8.237
0.0152 0.01508 6.65000 42.7584915161 2.6327173278   33.950  5.686  4.1692  1.911    0  0.000  0.455     0.00     0.00     0.00     0.00     0.00 -1 -2.84e-05      0.00 6.820e-01 3.028e-01 2.025e-03 3.028e-03 5.070e-03 -1.000 1.520e-02 -9.445 -8.355 -8.427 -8.237
0.0152 0.01508 6.65000 42.7806549072 2.6327181498   33.857  5.686  4.1686  1.908    0  0.000  0.460     0.00     0.00     0.00     0.00     0.00 -1 -2.88e-05      0.00 6.797e-01 3.051e-01 2.018e-03 3.061e-03 5.040e-03 -1.000 1.520e-02 -9.446 -8.359 -8.430 -8.241
0.0152 0.01508 6.65000 42.7947807312 2.6327186731   33.796  5.687  4.1685  1.906    0  0.000  0.464     0.00     0.00     0.00     0.00     0.00 -1 -2.92e-05      0.00 6.781e-01 3.067e-01 2.014e-03 3.082e-03 5.021e-03 -1.000 1.520e-02 -9.446 -8.360 -8.431 -8.242
0.0152 0.01508 6.65000 42.8084068298 2.6327191776   33.736  5.687  4.1684  1.905    0  0.000  0.468     0.00     0.00     0.00     0.00     0.00 -1 -2.94e-05      0.00 6.764e-01 3.084e-01 2.010e-03 3.100e-03 5.004e-03 -1.000 1.520e-02 -9.447 -8.361 -8.432 -8.243
0.0152 0.01508 6.65000 42.8215637207 2.6327196644   33.677  5.687  4.1683  1.904    0  0.000  0.473     0.00     0.00     0.00     0.00     0.00 -1 -2.96e-05      0.00 6.748e-01 3.100e-01 2.006e-03 3.118e-03 4.988e-03 -1.000 1.517e-02 -9.447 -8.362 -8.433 -8.245
0.0152 0.01508 6.65000 42.8404769897 2.6327203635   33.588  5.687  4.1681  1.901    0  0.000  0.479     0.00     0.00     0.00     0.00     0.00 -1 -3.01e-05      0.00 6.724e-01 3.124e-01 2.001e-03 3.144e-03 4.967e-03 -1.000 1.520e-02 -9.447 -8.363 -8.434 -8.246
0.0152 0.01508 6.65000 42.8585205078 2.6327210298   33.501  5.687  4.1678  1.899    0  0.000  0.486     0.00     0.00     0.00     0.00     0.00 -1 -3.05e-05      0.00 6.700e-01 3.148e-01 1.996e-03 3.166e-03 4.947e-03 -1.000 1.517e-02 -9.448 -8.365 -8.436 -8.248
0.0152 0.01508 6.65000 42.8813209534 2.6327218708   33.383  5.687  4.1677  1.897    0  0.000  0.496     0.00     0.00     0.00     0.00     0.00 -1  -3.2e-05      0.00 6.666e-01 3.183e-01 1.989e-03 3.192e-03 4.924e-03 -1.000 1.517e-02 -9.448 -8.365 -8.436 -8.249
0.0152 0.01508 6.65000 42.8975181580 2.6327224677   33.307  5.687  4.1655  1.887    0  0.000  0.500     0.00     0.00     0.00     0.00     0.00 -1 -1.78e-05      0.00 6.649e-01 3.199e-01 1.984e-03 3.211e-03 4.910e-03 -1.000 1.520e-02 -9.449 -8.378 -8.447 -8.264
0.0152 0.01508 6.65000 42.9648170471 2.6327249420   33.104  5.688  4.1502  1.822    0  0.000  0.502     0.00     0.00     0.00     0.00     0.00 -1 -2.23e-05      0.00 6.628e-01 3.221e-01 1.964e-03 3.269e-03 4.867e-03 -1.000 1.517e-02 -9.451 -8.458 -8.519 -8.363
0.0152 0.01508 6.65000 42.9829902649 2.6327256087   33.017  5.688  4.1496  1.819    0  0.000  0.510     0.00     0.00     0.00     0.00     0.00 -1 -2.37e-05      0.00 6.598e-01 3.250e-01 1.958e-03 3.289e-03 4.851e-03 -1.000 1.519e-02 -9.451 -8.461 -8.522 -8.366
0.0152 0.01508 6.65000 43.2414932251 2.6327350215   32.315  5.693  4.0853  1.548    0  0.000  0.504     0.00     0.00     0.00     0.00     0.00 -1 -2.29e-05      0.00 6.554e-01 3.295e-01 1.874e-03 3.505e-03 4.694e-03 -1.000 1.519e-02 -9.462 -8.838 -8.884 -8.766
0.0152 0.01508 6.65000 43.2518539429 2.6327353960   32.253  5.693  4.0909  1.569    0  0.000  0.517     0.00     0.00     0.00     0.00     0.00 -1 -4.75e-05      0.00 6.506e-01 3.342e-01 1.871e-03 3.519e-03 4.681e-03 -1.000 1.516e-02 -9.462 -8.808 -8.856 -8.732
0.0152 0.01508 6.65000 43.6005210876 2.6327478820   31.403  5.700  4.0303  1.308    0  0.000  0.505     0.00     0.00     0.00     0.00     0.00 -1 -2.21e-05      0.00 6.437e-01 3.412e-01 1.715e-03 3.896e-03 4.428e-03 -1.000 1.516e-02 -9.480 -9.125 -9.146 -9.101
0.0152 0.01508 6.65000 44.1442718506 2.6327669020   30.162  5.724  4.0017  1.153    0  0.000  0.472     0.00     0.00     0.00     0.00     0.00 -1 -2.54e-05      0.00 6.290e-01 3.559e-01 1.312e-03 4.926e-03 3.766e-03 -1.000 1.514e-02 -9.539 -9.318 -9.329 -9.311
0.0152 0.01508 6.65000 44.2111549377 2.6327692044   30.003  5.730  4.0054  1.159    0  0.000  0.466     0.00     0.00     0.00     0.00     0.00 -1 -2.67e-05      0.00 6.269e-01 3.580e-01 1.245e-03 5.104e-03 3.652e-03 -1.000 1.513e-02 -9.554 -9.316 -9.329 -9.307
0.0152 0.01508 6.65000 44.2469749451 2.6327704341   29.916  5.736  4.0100  1.170    0  0.000  0.463     0.00     0.00     0.00     0.00     0.00 -1 -2.81e-05      0.00 6.257e-01 3.592e-01 1.208e-03 5.203e-03 3.589e-03 -1.000 1.513e-02 -9.570 -9.311 -9.325 -9.299
0.0152 0.01508 6.65000 44.2559661865 2.6327707425   29.894  5.741  4.0114  1.170    0  0.000  0.462     0.00     0.00     0.00     0.00     0.00 -1  -2.9e-05      0.00 6.254e-01 3.595e-01 1.199e-03 5.228e-03 3.572e-03 -1.000 1.516e-02 -9.582 -9.317 -9.331 -9.304
0.0152 0.01508 6.65000 44.2624969482 2.6327709663   29.874  5.746  4.0093  1.157    0  0.000  0.461     0.00     0.00     0.00     0.00     0.00 -1 -3.23e-05      0.00 6.249e-01 3.600e-01 1.185e-03 5.275e-03 3.540e-03 -1.000 1.514e-02 -9.594 -9.339 -9.353 -9.328
0.0152 0.01508 6.65000 44.2824821472 2.6327716509   29.764  5.754  4.0006  1.112    1  0.000  0.462     0.00     0.00     0.00     0.00     0.00 -1 -7.82e-05      0.00 6.213e-01 3.636e-01 1.140e-03 5.424e-03 3.436e-03 -1.000 1.512e-02 -9.616 -9.400 -9.411 -9.394
0.0152 0.01508 6.65000 44.2915763855 2.6327719622   29.686  5.754  3.9928  1.079    1  0.000  0.464     0.00     0.00     0.00     0.00     0.00 -1 -7.85e-05      0.00 6.183e-01 3.665e-01 1.116e-03 5.499e-03 3.382e-03 -1.000 1.514e-02 -9.616 -9.436 -9.444 -9.434
0.0152 0.01508 6.65000 44.2956314087 2.6327721010   29.648  5.755  3.9815  1.033    1  0.000  0.465     0.00     0.00     0.00     0.00     0.00 -1 -7.72e-05      0.00 6.169e-01 3.680e-01 1.106e-03 5.534e-03 3.357e-03 -1.000 1.513e-02 -9.617 -9.486 -9.490 -9.491
0.0152 0.01508 6.65000 44.2983932495 2.6327721955   29.624  5.755  3.9692  0.983    1  0.000  0.466     0.00     0.00     0.00     0.00     0.00 -1 -9.26e-05      0.00 6.160e-01 3.689e-01 1.098e-03 5.559e-03 3.341e-03 -1.000 1.512e-02 -9.619 -9.539 -9.538 -9.552
0.0152 0.01508 6.65000 44.3007392883 2.6327722757   29.603  5.756  3.9555  0.927    1  0.000  0.467     0.00     0.00     0.00     0.00     0.00 -1 -8.99e-05      0.00 6.152e-01 3.697e-01 1.092e-03 5.580e-03 3.327e-03 -1.000 1.515e-02 -9.621 -9.584 -9.570 -9.623
0.0152 0.01508 6.65000 44.3023796082 2.6327723318   29.589  5.757  3.9429  0.876    1  0.000  0.467     0.00     0.00     0.00     0.00     0.00 -1 -8.79e-05      0.00 6.146e-01 3.702e-01 1.087e-03 5.596e-03 3.314e-03 -1.000 1.515e-02 -9.622 -9.632 -9.612 -9.683
0.0152 0.01508 6.65000 44.3040657043 2.6327723895   29.575  5.757  3.9270  0.811    1  0.000  0.467     0.00     0.00     0.00     0.00     0.00 -1 -8.51e-05      0.00 6.140e-01 3.709e-01 1.077e-03 5.629e-03 3.291e-03 -1.000 1.513e-02 -9.624 -9.687 -9.658 -9.756
0.0152 0.01508 6.65000 44.3057861328 2.6327724483   29.562  5.758  3.9052  0.724    1  0.000  0.466     0.00     0.00     0.00     0.00     0.00 -1 -8.17e-05      0.00 6.132e-01 3.717e-01 1.061e-03 5.685e-03 3.250e-03 -1.000 1.514e-02 -9.625 -9.743 -9.694 -9.849
0.0152 0.01508 6.65000 44.3075256348 2.6327725078   29.551  5.759  3.8762  0.607    1  0.000  0.465     0.00     0.00     0.00     0.00     0.00 -1 -7.74e-05      0.00 6.124e-01 3.725e-01 1.045e-03 5.742e-03 3.209e-03 -1.000 1.513e-02 -9.626 -9.803 -9.729 -9.953
0.0152 0.01508 6.65000 44.3084182739 2.6327725383   29.545  5.759  3.8567  0.529    1  0.000  0.465     0.00     0.00     0.00     0.00     0.00 -1 -7.47e-05      0.00 6.120e-01 3.729e-01 1.036e-03 5.771e-03 3.188e-03 -1.000 1.515e-02 -9.627 -9.825 -9.730 -10.009
0.0152 0.01508 6.65000 44.3093299866 2.6327725695   29.540  5.759  3.8365  0.447    1  0.000  0.464     0.00     0.00     0.00     0.00     0.00 -1 -7.09e-05      0.00 6.116e-01 3.733e-01 1.028e-03 5.801e-03 3.167e-03 -1.000 1.513e-02 -9.627 -9.833 -9.704 -10.071
0.0152 0.01508 6.65000 44.3102493286 2.6327726009   29.534  5.759  3.8219  0.389    1  0.000  0.464     0.00     0.00     0.00     0.00     0.00 -1 -6.76e-05      0.00 6.112e-01 3.736e-01 1.019e-03 5.831e-03 3.145e-03 -1.000 1.512e-02 -9.628 -9.833 -9.674 -10.116
0.0152 0.01508 6.65000 44.3111343384 2.6327726312   29.530  5.759  3.8130  0.353    1  0.000  0.463     0.00     0.00     0.00     0.00     0.00 -1 -6.52e-05      0.00 6.109e-01 3.740e-01 1.011e-03 5.860e-03 3.124e-03 -1.000 1.512e-02 -9.628 -9.831 -9.652 -10.143
0.0152 0.01508 6.65000 44.3120155334 2.6327726613   29.525  5.759  3.8070  0.329    1  0.000  0.463     0.00     0.00     0.00     0.00     0.00 -1 -6.39e-05      0.00 6.106e-01 3.743e-01 1.003e-03 5.888e-03 3.104e-03 -1.000 1.512e-02 -9.628 -9.831 -9.635 -10.164
0.0152 0.01508 6.65000 44.3129425049 2.6327726930   29.520  5.759  3.8017  0.308    1  0.000  0.462     0.00     0.00     0.00     0.00     0.00 -1 -6.29e-05      0.00 6.103e-01 3.746e-01 9.948e-04 5.916e-03 3.084e-03 -1.000 1.512e-02 -9.628 -9.829 -9.619 -10.182
0.0152 0.01508 6.65000 44.3138275146 2.6327727232   29.516  5.760  3.7979  0.292    1  0.000  0.462     0.00     0.00     0.00     0.00     0.00 -1 -6.24e-05      0.00 6.100e-01 3.749e-01 9.889e-04 5.935e-03 3.070e-03 -1.000 1.513e-02 -9.629 -9.829 -9.608 -10.195
0.0152 0.01508 6.65000 44.3147087097 2.6327727534   29.511  5.760  3.7945  0.277    1  0.000  0.462     0.00     0.00     0.00     0.00     0.00 -1  -6.2e-05      0.00 6.099e-01 3.750e-01 9.880e-04 5.937e-03 3.069e-03 -1.000 1.514e-02 -9.631 -9.829 -9.599 -10.207
0.0152 0.01508 6.65000 44.3155899048 2.6327727835   29.507  5.761  3.7910  0.263    1  0.000  0.462     0.00     0.00     0.00     0.00     0.00 -1 -6.15e-05      0.00 6.098e-01 3.751e-01 9.872e-04 5.938e-03 3.069e-03 -1.000 1.515e-02 -9.633 -9.830 -9.590 -10.220
0.0152 0.01508 6.65000 44.3165321350 2.6327728157   29.502  5.762  3.7874  0.248    1  0.000  0.462     0.00     0.00     0.00     0.00     0.00 -1 -6.13e-05      0.00 6.097e-01 3.752e-01 9.860e-04 5.940e-03 3.068e-03 -1.000 1.515e-02 -9.635 -9.830 -9.580 -10.233
0.0152 0.01508 6.65000 44.3174171448 2.6327728459   29.498  5.763  3.7840  0.233    1  0.000  0.462     0.00     0.00     0.00     0.00     0.00 -1 -6.09e-05      0.00 6.095e-01 3.753e-01 9.841e-04 5.943e-03 3.066e-03 -1.000 1.514e-02 -9.637 -9.830 -9.570 -10.245
0.0152 0.01508 6.65000 44.3182983398 2.6327728760   29.494  5.763  3.7806  0.219    1  0.000  0.462     0.00     0.00     0.00     0.00     0.00 -1 -6.06e-05      0.00 6.094e-01 3.754e-01 9.821e-04 5.946e-03 3.065e-03 -1.000 1.514e-02 -9.638 -9.830 -9.560 -10.257
0.0152 0.01508 6.65000 44.3191947937 2.6327729067   29.489  5.764  3.7772  0.205    1  0.000  0.462     0.00     0.00     0.00     0.00     0.00 -1 -6.03e-05      0.00 6.093e-01 3.756e-01 9.802e-04 5.949e-03 3.063e-03 -1.000 1.514e-02 -9.640 -9.828 -9.547 -10.268
0.0152 0.01508 6.65000 44.3200759888 2.6327729368   29.485  5.765  3.7740  0.191    1  0.000  0.462     0.00     0.00     0.00     0.00     0.00 -1    -6e-05      0.00 6.092e-01 3.757e-01 9.776e-04 5.954e-03 3.061e-03 -1.000 1.513e-02 -9.641 -9.827 -9.535 -10.279
0.0152 0.01508 6.65000 44.3209800720 2.6327729677   29.480  5.765  3.7709  0.178    1  0.000  0.462     0.00     0.00     0.00     0.00     0.00 -1 -5.96e-05      0.00 6.090e-01 3.758e-01 9.747e-04 5.959e-03 3.058e-03 -1.000 1.513e-02 -9.643 -9.825 -9.522 -10.289
0.0152 0.01508 6.65000 44.3218803406 2.6327729984   29.476  5.766  3.7679  0.165    1  0.000  0.461     0.00     0.00     0.00     0.00     0.00 -1 -5.93e-05      0.00 6.089e-01 3.760e-01 9.719e-04 5.964e-03 3.056e-03 -1.000 1.512e-02 -9.645 -9.823 -9.510 -10.298
0.0152 0.01508 6.65000 44.3227844238 2.6327730293   29.472  5.766  3.7648  0.153    1  0.000  0.461     0.00     0.00     0.00     0.00     0.00 -1  -5.9e-05      0.00 6.088e-01 3.761e-01 9.683e-04 5.972e-03 3.051e-03 -1.000 1.512e-02 -9.645 -9.820 -9.497 -10.306
0.0152 0.01508 6.65000 44.3236808777 2.6327730599   29.468  5.766  3.7621  0.142    1  0.000  0.461     0.00     0.00     0.00     0.00     0.00 -1 -5.88e-05      0.00 6.086e-01 3.763e-01 9.638e-04 5.983e-03 3.044e-03 -1.000 1.512e-02 -9.645 -9.816 -9.484 -10.312
0.0152 0.01508 6.65000 44.3246040344 2.6327730915   29.463  5.766  3.7594  0.131    1  0.000  0.460     0.00     0.00     0.00     0.00     0.00 -1 -5.86e-05      0.00 6.084e-01 3.765e-01 9.592e-04 5.994e-03 3.037e-03 -1.000 1.512e-02 -9.645 -9.812 -9.471 -10.318
0.0152 0.01508 6.65000 44.3283882141 2.6327732207   29.445  5.762  3.7468  0.084    1  0.000  0.449     0.00     0.00     0.00     0.00     0.00 -1 -5.45e-05      0.00 6.025e-01 3.825e-01 8.148e-04 6.523e-03 2.646e-03 -1.000 1.508e-02 -9.635 -9.782 -9.398 -10.331
0.0152 0.01508 6.65000 44.3331375122 2.6327733829   29.422  5.768  3.7353  0.032    1  0.000  0.441     0.00     0.00     0.00     0.00     0.00 -1 -5.51e-05      0.00 5.951e-01 3.898e-01 6.779e-04 7.049e-03 2.247e-03 -1.000 1.507e-02 -9.651 -9.776 -9.356 -10.360
0.0152 0.01508 6.65000 44.3378791809 2.6327735448   29.400  5.772  3.7256 -0.012    1  0.000  0.436     0.00     0.00     0.00     0.00     0.00 -1 -5.49e-05      0.00 5.875e-01 3.974e-01 5.850e-04 7.437e-03 1.942e-03 -1.000 1.505e-02 -9.661 -9.765 -9.315 -10.377
0.0152 0.01508 6.65000 44.3449935913 2.6327737877   29.366  5.779  3.7133 -0.068    1  0.000  0.438     0.00     0.00     0.00     0.00     0.00 -1 -5.51e-05      0.00 5.725e-01 4.125e-01 4.965e-04 7.837e-03 1.618e-03 -1.000 1.502e-02 -9.678 -9.752 -9.264 -10.396
0.0152 0.01508 6.65000 44.3540000916 2.6327740950   29.321  5.794  3.6999 -0.137    1  0.000  0.448     0.00     0.00     0.00     0.00     0.00 -1 -5.73e-05      0.00 5.493e-01 4.357e-01 4.243e-04 8.176e-03 1.336e-03 -1.000 1.502e-02 -9.714 -9.753 -9.226 -10.430
0.0152 0.01508 6.65000 44.3655738831 2.6327744896   29.261  5.821  3.6867 -0.217    1  0.000  0.462     0.00     0.00     0.00     0.00     0.00 -1 -6.43e-05      0.00 5.182e-01 4.668e-01 3.570e-04 8.465e-03 1.101e-03 -1.000 1.502e-02 -9.782 -9.778 -9.213 -10.486
0.0152 0.01508 6.65000 44.4604530334 2.6327777161   28.626  5.870  3.6819 -0.296    1  0.000  0.476     0.00     0.00     0.00     0.00     0.00 -1  -8.3e-05      0.00 4.744e-01 5.106e-01 2.515e-04 8.864e-03 7.950e-04 -1.000 1.498e-02 -9.906 -9.889 -9.312 -10.605
0.0152 0.01508 6.65000 44.9688262939 2.6327947375   25.159  5.871  4.2143  1.777    1  0.000  0.518     0.00     0.00     0.00     0.00     0.00 -1 -6.41e-05      0.00 3.458e-01 6.392e-01 1.509e-04 9.272e-03 4.854e-04 -1.000 1.497e-02 -9.908 -8.572 -8.658 -8.423
0.0152 0.01508 6.65000 45.0000000000 2.6327957669   24.997  5.867  4.2277  1.832    1  0.000  0.525     0.00     0.00     0.00     0.00     0.00 -1 -6.42e-05      0.00 3.438e-01 6.412e-01 1.460e-04 9.294e-03 4.691e-04 -1.000 1.497e-02 -9.896 -8.487 -8.578 -8.331
0.0152 0.01508 6.65000 45.0045547485 2.6327959172   24.978  5.866  4.2297  1.841    1  0.000  0.527     0.00     0.00     0.00     0.00     0.00 -1 -6.41e-05      0.00 3.435e-01 6.415e-01 1.461e-04 9.294e-03 4.688e-04 -1.000 1.497e-02 -9.895 -8.475 -8.566 -8.317
0.0152 0.01508 6.65000 45.0414466858 2.6327971330   24.826  5.861  4.2450  1.904    1  0.000  0.542     0.00     0.00     0.00     0.00     0.00 -1 -6.34e-05      0.00 3.410e-01 6.440e-01 1.469e-04 9.296e-03 4.658e-04 -1.000 1.497e-02 -9.881 -8.380 -8.476 -8.215
0.0152 0.01508 6.65000 45.0991935730 2.6327990315   24.595  5.852  4.2666  1.996    1  0.000  0.562     0.00     0.00     0.00     0.00     0.00 -1 -6.27e-05      0.00 3.376e-01 6.475e-01 1.478e-04 9.299e-03 4.612e-04 -1.000 1.497e-02 -9.860 -8.244 -8.345 -8.069
0.0152 0.01508 6.65000 45.1582756042 2.6328009681   24.368  5.844  4.2860  2.077    1  0.000  0.576     0.00     0.00     0.00     0.00     0.00 -1 -6.16e-05      0.00 3.335e-01 6.515e-01 1.481e-04 9.300e-03 4.567e-04 -1.000 1.497e-02 -9.839 -8.113 -8.220 -7.925
0.0152 0.01508 6.65000 45.2173461914 2.6328028985   24.134  5.837  4.3044  2.153    1  0.000  0.589     0.00     0.00     0.00     0.00     0.00 -1 -6.08e-05      0.00 3.283e-01 6.567e-01 1.482e-04 9.306e-03 4.519e-04 -1.000 1.499e-02 -9.822 -7.529 -7.656 -7.327
0.0152 0.01508 6.65000 45.2951774597 2.6328054332   23.827  5.831  4.3280  2.248    1  0.000  0.610     0.00     0.00     0.00     0.00     0.00 -1 -6.11e-05      0.00 3.185e-01 6.665e-01 1.480e-04 9.314e-03 4.446e-04 -1.000 1.500e-02 -9.807 -7.525 -7.650 -7.330
0.0152 0.01508 6.65000 45.3895072937 2.6328084918   23.446  5.826  4.3592  2.371    1  0.000  0.651     0.00     0.00     0.00     0.00     0.00 -1 -6.28e-05      0.00 3.005e-01 6.846e-01 1.474e-04 9.326e-03 4.319e-04 -1.000 1.497e-02 -9.795 -7.523 -7.645 -7.335
0.0152 0.01508 6.65000 46.1163673401 2.6328315779   21.260  5.776  5.0434  5.116    1  0.000  2.021     0.00     0.00     0.00     0.00     0.00 -1 -3.33e-05      0.00 7.554e-02 9.058e-01 3.562e-03 9.501e-03 2.949e-04  9.566 1.868e-02 -9.669 -4.178 -4.284 -4.023
0.0152 0.01508 6.65000 46.7968444824 2.6328524451   20.149  5.742  5.0912  5.317    1  0.000  7.368     0.00     0.00     0.00     0.00     0.00 -1 -2.98e-05      0.00 5.120e-02 8.961e-01 3.510e-02 8.141e-03 2.024e-03 10.738 5.275e-02 -9.584 -3.806 -3.909 -3.659
0.0152 0.01508 6.65000 47.6027030945 2.6328762720   18.976  5.719  5.1169  5.416    1  0.000 18.273     0.00     0.00     0.00     0.00     0.00 -1 -2.25e-05      0.00 1.000e-33 8.036e-01 1.681e-01 2.443e-03 9.413e-03 43.128 1.964e-01 -9.529 -4.372 -4.516 -3.804
0.0152 0.01508 6.65000 48.0122146606 2.6328880281   18.576  5.714  5.1191  5.422    1  0.000 17.114     0.00     0.00     0.00     0.00     0.00 -1 -2.04e-05      0.00 1.000e-33 7.676e-01 1.996e-01 2.001e-03 1.367e-02 43.198 2.324e-01 -9.515 -4.239 -4.380 -3.703
0.0152 0.01508 6.65000 48.5705337524 2.6329036895   18.100  5.708  5.1228  5.431    2  0.000 15.210     0.00     0.00     0.00     0.00     0.00 -1 -1.77e-05      0.00 1.000e-33 7.151e-01 2.453e-01 1.415e-03 2.010e-02 43.283 2.849e-01 -9.500 -4.012 -4.149 -3.556
0.0152 0.01508 6.65000 49.0787124634 2.6329175888   17.773  5.706  5.1250  5.433    2  0.000 14.005     0.00     0.00     0.00     0.00     0.00 -1 -1.38e-05      0.00 1.000e-33 6.152e-01 3.317e-01 2.761e-06 3.273e-02 43.408 3.848e-01 -9.496 -3.669 -3.802 -3.321
0.0152 0.01508 6.65000 50.0000000000 2.6329419605   17.334  5.708  5.1333  5.454    3  0.000 11.555     0.00     0.01     0.01     0.01     0.00  0 -1.22e-05      0.00 1.000e-33 5.704e-01 3.667e-01 2.264e-29 4.245e-02 43.446 4.296e-01 -9.499 -3.486 -3.618 -3.187
0.0152 0.01508 6.65000 50.0214157104 2.6329425148   17.327  5.708  5.1335  5.455    3  0.000 11.487     0.00     0.01     0.01     0.01     0.00  0 -1.22e-05      0.00 1.000e-33 5.691e-01 3.677e-01 2.162e-29 4.275e-02 43.447 4.309e-01 -9.499 -3.482 -3.614 -3.184
0.0152 0.01508 6.65000 50.0353965759 2.6329428763   17.322  5.708  5.1336  5.455    3  0.000 11.449     0.00     0.01     0.01     0.01     0.00  0 -1.22e-05      0.00 1.000e-33 5.683e-01 3.683e-01 2.137e-29 4.294e-02 43.447 4.317e-01 -9.500 -3.480 -3.612 -3.182
0.0152 0.01508 6.65000 50.3751678467 2.6329515920   17.225  5.711  5.1391  5.472    3  0.000 10.522     0.00     0.01     0.01     0.01     0.00  0 -1.14e-05      0.00 1.000e-33 5.465e-01 3.839e-01 3.585e-29 4.912e-02 43.461 4.535e-01 -9.507 -3.381 -3.514 -3.107
0.0152 0.01508 6.65000 50.9853973389 2.6329669104   17.072  5.717  5.1530  5.517    3  0.000  8.994     0.00     0.01     0.01     0.01     0.00  0 -1.03e-05      0.00 1.000e-33 5.076e-01 4.107e-01 6.841e-29 6.121e-02 43.483 4.924e-01 -9.524 -3.207 -3.342 -2.966
0.0152 0.01508 6.65000 51.2555503845 2.6329735581   17.017  5.724  5.1660  5.561    3  0.000  8.445     0.00     0.01     0.01     0.00     0.00  0 -9.85e-06      0.00 1.000e-33 4.921e-01 4.207e-01 5.975e-27 6.678e-02 43.490 5.079e-01 -9.539 -3.116 -3.256 -2.870
0.0152 0.01508 6.65000 51.2618789673 2.6329737129   17.016  5.724  5.1665  5.563    3  0.000  8.432     0.00     0.01     0.01     0.00     0.00  0 -9.85e-06      0.00 1.000e-33 4.917e-01 4.208e-01 6.446e-27 6.691e-02 43.490 5.083e-01 -9.539 -3.114 -3.254 -2.867
0.0152 0.01508 6.65000 51.3467941284 2.6329757852   16.999  5.728  5.1767  5.599    3  0.000  8.278     0.00     0.01     0.01     0.00     0.00  0 -9.86e-06      0.00 1.000e-33 4.872e-01 4.236e-01 1.773e-26 6.864e-02 43.492 5.128e-01 -9.551 -3.064 -3.207 -2.817
0.0152 0.01508 6.65000 51.3999977112 2.6329770797   16.989  5.734  5.1879  5.638    3  0.000  8.184     0.00     0.01     0.01     0.00     0.00  0 -9.91e-06      0.00 1.000e-33 4.845e-01 4.253e-01 2.045e-26 6.970e-02 43.493 5.155e-01 -9.565 -3.012 -3.158 -2.765
0.0152 0.01508 6.65000 51.4221458435 2.6329776176   16.984  5.740  5.1980  5.672    3  0.000  8.150     0.00     0.01     0.01     0.00     0.00  0 -1.01e-05      0.00 1.000e-33 4.835e-01 4.259e-01 2.066e-26 7.009e-02 43.493 5.165e-01 -9.580 -2.977 -3.124 -2.732
0.0152 0.01508 6.65000 51.4336013794 2.6329778956   16.982  5.746  5.2079  5.705    3  0.000  8.135     0.00     0.01     0.01     0.00     0.00  0 -1.02e-05      0.00 1.000e-33 4.831e-01 4.261e-01 2.075e-26 7.026e-02 43.493 5.169e-01 -9.596 -3.022 -3.164 -2.788
0.0152 0.01508 6.65000 51.4442291260 2.6329781534   16.979  5.755  5.2209  5.749    3  0.000  8.124     0.00     0.01     0.01     0.00     0.00  0 -1.05e-05      0.00 1.000e-33 4.828e-01 4.263e-01 2.083e-26 7.039e-02 43.493 5.172e-01 -9.618 -3.090 -3.224 -2.874
0.0152 0.01508 6.65000 51.4531555176 2.6329783699   16.977  5.763  5.2318  5.784    3  0.000  8.112     0.00     0.01     0.01     0.00     0.00  0 -1.07e-05      0.00 1.000e-33 4.824e-01 4.265e-01 2.089e-26 7.053e-02 43.493 5.176e-01 -9.636 -3.119 -3.249 -2.914
0.0152 0.01508 6.65000 51.4647560120 2.6329786510   16.975  5.772  5.2451  5.828    3  0.000  8.096     0.00     0.00     0.00     0.00     0.00  0  -1.1e-05      0.00 1.000e-33 4.819e-01 4.268e-01 2.095e-26 7.071e-02 43.493 5.181e-01 -9.660 -3.125 -3.251 -2.931
0.0152 0.01508 6.65000 51.4778556824 2.6329789683   16.971  5.782  5.2593  5.875    3  0.000  8.077     0.00     0.00     0.00     0.00     0.00  0 -1.14e-05      0.00 1.000e-33 4.814e-01 4.271e-01 2.102e-26 7.093e-02 43.494 5.186e-01 -9.686 -3.190 -3.311 -3.006
0.0152 0.01508 6.65000 51.4911003113 2.6329792890   16.967  5.793  5.2729  5.918    3  0.000  8.058     0.00     0.00     0.00     0.00     0.00  0 -1.17e-05      0.00 1.000e-33 4.809e-01 4.275e-01 2.109e-26 7.116e-02 43.494 5.191e-01 -9.712 -3.279 -3.396 -3.105
0.0152 0.01508 6.65000 51.5050773621 2.6329796271   16.963  5.804  5.2867  5.962    3  0.000  8.036     0.00     0.00     0.00     0.00     0.00  0 -1.21e-05      0.00 1.000e-33 4.802e-01 4.279e-01 2.115e-26 7.142e-02 43.494 5.198e-01 -9.741 -3.341 -3.454 -3.175
0.0152 0.01508 6.65000 51.5168228149 2.6329799112   16.960  5.815  5.2988  6.000    3  0.000  8.018     0.00     0.00     0.00     0.00     0.00  0 -1.27e-05      0.00 1.000e-33 4.797e-01 4.281e-01 2.119e-26 7.162e-02 43.494 5.203e-01 -9.767 -3.366 -3.476 -3.206
0.0152 0.01508 6.65000 51.5265045166 2.6329801451   16.956  5.828  5.3123  6.041    3  0.000  8.005     0.00     0.00     0.00     0.00     0.00  0 -1.36e-05      0.00 1.000e-33 4.793e-01 4.284e-01 2.124e-26 7.179e-02 43.494 5.207e-01 -9.799 -3.355 -3.467 -3.195
0.0152 0.01508 6.65000 51.5306510925 2.6329802453   16.955  5.839  5.3251  6.081    3  0.000  7.999     0.00     0.00     0.00     0.00     0.00  0 -1.46e-05      0.00 1.000e-33 4.791e-01 4.285e-01 2.127e-26 7.186e-02 43.494 5.209e-01 -9.828 -3.342 -3.455 -3.181
0.0152 0.01508 6.65000 51.5315895081 2.6329802680   16.956  5.846  5.3324  6.103    3  0.000  7.999     0.00     0.00     0.00     0.00     0.00  0 -1.54e-05      0.00 1.000e-33 4.791e-01 4.285e-01 2.128e-26 7.187e-02 43.494 5.209e-01 -9.844 -3.896 -4.081 -3.537
#isochrone terminated