# File generated by CMD 3.9 (http://stev.oapd.inaf.it/cmd) on Wed Sep 23 15:49:32 UTC 2026
# isochrones based on PARSEC release v1.2S +  COLIBRI S_37 + S_35 + PR16
# Basic references: Bressan et al. (2012), MNRAS, 427, 127 + Chen et al. (2014, 2015), MNRAS, 444, 2525 + MNRAS, 452, 1068 + Tang et al. (2014), MNRAS, 445, 4287 + Marigo et al. (2017), ApJ, 835, 77 + Pastorelli al. (2019), MNRAS, 485, 5666 + Pastorelli al. (2020), MNRAS, in press
# Thermal pulse cycles included 
# On RGB, assumed Reimers mass loss with efficiency eta=0.2
# LPV periods and growth rates added cf. Trabucchi et al. (2019)
# but fundamental-mode LPV periods + transition are from Trabucchi et al. (2021)
# Photometric system: Gaia EDR3 (all Vegamags, Gaia passbands from ESA/Gaia website)
# Using YBC version of bolometric corrections as in Chen et al. (2019)
# O-rich circumstellar dpmod60alox40 dust from Groenewegen (2006)
# C-rich circumstellar AMCSIC15 dust from Groenewegen (2006)
# IMF: Kroupa (2001, 2002) + Kroupa et al. (2013) canonical two-part-power law IMF corrected for unresolved binaries 
# Kind of output: isochrone tables
# Zini     MH   logAge Mini        int_IMF         Mass   logL    logTe  logg  label   McoreTP C_O  period0  period1  period2  period3  period4  pmode  Mloss  tau1m   X   Y   Xc  Xn  Xo  Cexcess  Z 	 mbolmag  Gmag    G_BPmag  G_RPmag
0.0152 0.01508 6.60000 0.0900000036 1.0816895926    0.090 -1.674  3.4146  3.676    0  0.000  0.545     0.00     0.00     0.00     0.00     0.00 -1  -1.3e-14      0.00 7.092e-01 2.755e-01 2.746e-03 7.408e-04 6.719e-03 -1.000 1.527e-02 8.954 10.984 13.485 9.538
0.0152 0.01508 6.60000 0.0904459879 1.0859482060    0.090 -1.672  3.4147  3.677    0  0.000  0.545     0.00     0.00     0.00     0.00     0.00 -1  -1.3e-14      0.00 7.092e-01 2.755e-01 2.746e-03 7.408e-04 6.719e-03 -1.000 1.527e-02 8.950 10.979 13.481 9.534
0.0152 0.01508 6.60000 0.1045449004 1.2079875719    0.105 -1.617  3.4202  3.707    0  0.000  0.545     0.00     0.00     0.00     0.00     0.00 -1 -1.33e-14      0.00 7.092e-01 2.755e-01 2.746e-03 7.408e-04 6.719e-03 -1.000 1.527e-02 8.812 10.802 13.266 9.364
0.0152 0.01508 6.60000 0.1127000600 1.2692087594    0.113 -1.583  3.4236  3.719    0  0.000  0.545     0.00     0.00     0.00     0.00     0.00 -1 -1.37e-14      0.00 7.092e-01 2.755e-01 2.746e-03 7.408e-04 6.719e-03 -1.000 1.527e-02 8.727 10.668 13.083 9.241
0.0152 0.01508 6.60000 0.1202935278 1.3212468935    0.120 -1.566  3.4252  3.737    0  0.000  0.545     0.00     0.00     0.00     0.00     0.00 -1 -1.35e-14      0.00 7.092e-01 2.755e-01 2.746e-03 7.408e-04 6.719e-03 -1.000 1.527e-02 8.685 10.602 12.995 9.180
0.0152 0.01508 6.60000 0.1281977892 1.3710635433    0.128 -1.527  3.4295  3.742    0  0.000  0.545     0.00     0.00     0.00     0.00     0.00 -1 -1.42e-14      0.00 7.092e-01 2.755e-01 2.746e-03 7.408e-04 6.719e-03 -1.000 1.527e-02 8.587 10.443 12.771 9.035
0.0152 0.01508 6.60000 0.1360833645 1.4169346077    0.136 -1.498  3.4325  3.752    0  0.000  0.545     0.00     0.00     0.00     0.00     0.00 -1 -1.45e-14      0.00 7.092e-01 2.755e-01 2.746e-03 7.408e-04 6.719e-03 -1.000 1.527e-02 8.515 10.333 12.622 8.933
0.0152 0.01508 6.60000 0.1422811896 1.4506281942    0.142 -1.479  3.4347  3.761    0  0.000  0.545     0.00     0.00     0.00     0.00     0.00 -1 -1.47e-14      0.00 7.092e-01 2.755e-01 2.746e-03 7.408e-04 6.719e-03 -1.000 1.527e-02 8.467 10.257 12.519 8.863
0.0152 0.01508 6.60000 0.1504332125 1.4921479435    0.150 -1.443  3.4389  3.766    0  0.000  0.545     0.00     0.00     0.00     0.00     0.00 -1 -1.54e-14      0.00 7.092e-01 2.755e-01 2.746e-03 7.408e-04 6.719e-03 -1.000 1.527e-02 8.379 10.118 12.328 8.735
0.0152 0.01508 6.60000 0.1584092826 1.5300335208    0.158 -1.418  3.4417  3.774    0  0.000  0.545     0.00     0.00     0.00     0.00     0.00 -1 -1.58e-14      0.00 7.092e-01 2.755e-01 2.746e-03 7.408e-04 6.719e-03 -1.000 1.527e-02 8.314 10.018 12.194 8.644
0.0152 0.01508 6.60000 0.1647919267 1.5586073805    0.165 -1.394  3.4448  3.780    0  0.000  0.545     0.00     0.00     0.00     0.00     0.00 -1 -1.63e-14      0.00 7.092e-01 2.755e-01 2.746e-03 7.408e-04 6.719e-03 -1.000 1.527e-02 8.254 9.923 12.062 8.556
0.0152 0.01508 6.60000 0.1780442744 1.6135870945    0.178 -1.342  3.4508  3.786    0  0.000  0.545     0.00     0.00     0.00     0.00     0.00 -1 -1.75e-14      0.00 7.092e-01 2.755e-01 2.746e-03 7.408e-04 6.719e-03 -1.000 1.527e-02 8.126 9.724 11.789 8.374
0.0152 0.01508 6.60000 0.1890673488 1.6554143235    0.189 -1.310  3.4544  3.794    0  0.000  0.545     0.00     0.00     0.00     0.00     0.00 -1 -1.82e-14      0.00 7.092e-01 2.755e-01 2.746e-03 7.408e-04 6.719e-03 -1.000 1.527e-02 8.044 9.601 11.624 8.261
0.0152 0.01508 6.60000 0.2074760646 1.7186425688    0.207 -1.263  3.4598  3.810    0  0.000  0.545     0.00     0.00     0.00     0.00     0.00 -1 -1.89e-14      0.00 7.092e-01 2.755e-01 2.746e-03 7.408e-04 6.719e-03 -1.000 1.527e-02 7.928 9.423 11.381 8.099
0.0152 0.01508 6.60000 0.2236557752 1.7684714749    0.224 -1.216  3.4655  3.817    0  0.000  0.545     0.00     0.00     0.00     0.00     0.00 -1 -2.02e-14      0.00 7.092e-01 2.755e-01 2.746e-03 7.408e-04 6.719e-03 -1.000 1.527e-02 7.809 9.250 11.150 7.940
0.0152 0.01508 6.60000 0.2401343435 1.8146216798    0.240 -1.177  3.4699  3.828    0  0.000  0.545     0.00     0.00     0.00     0.00     0.00 -1  -2.1e-14      0.00 7.092e-01 2.755e-01 2.746e-03 7.408e-04 6.719e-03 -1.000 1.527e-02 7.713 9.110 10.966 7.811
0.0152 0.01508 6.60000 0.2591680288 1.8630571592    0.259 -1.135  3.4752  3.839    0  0.000  0.545     0.00     0.00     0.00     0.00     0.00 -1  -2.2e-14      0.00 7.092e-01 2.755e-01 2.746e-03 7.408e-04 6.719e-03 -1.000 1.527e-02 7.608 8.957 10.763 7.671
0.0152 0.01508 6.60000 0.2833463550 1.9183056706    0.283 -1.079  3.4824  3.851    0  0.000  0.545     0.00     0.00     0.00     0.00     0.00 -1 -2.36e-14      0.00 7.092e-01 2.755e-01 2.746e-03 7.408e-04 6.719e-03 -1.000 1.527e-02 7.467 8.752 10.489 7.485
0.0152 0.01508 6.60000 0.3095147610 1.9715850508    0.309 -1.027  3.4893  3.864    0  0.000  0.545     0.00     0.00     0.00     0.00     0.00 -1 -2.51e-14      0.00 7.092e-01 2.755e-01 2.746e-03 7.408e-04 6.719e-03 -1.000 1.527e-02 7.336 8.560 10.230 7.313
0.0152 0.01508 6.60000 0.3461122513 2.0369991655    0.346 -0.956  3.4986  3.880    0  0.000  0.545     0.00     0.00     0.00     0.00     0.00 -1 -2.74e-14      0.00 7.092e-01 2.755e-01 2.746e-03 7.408e-04 6.719e-03 -1.000 1.527e-02 7.160 8.315 9.911 7.090
0.0152 0.01508 6.60000 0.3500000238 2.0434175133    0.350 -0.949  3.4995  3.881    0  0.000  0.545     0.00     0.00     0.00     0.00     0.00 -1 -2.77e-14      0.00 7.092e-01 2.755e-01 2.746e-03 7.408e-04 6.719e-03 -1.000 1.527e-02 7.143 8.291 9.880 7.069
0.0152 0.01508 6.60000 0.3811266720 2.0916715045    0.381 -0.896  3.5069  3.895    0  0.000  0.545     0.00     0.00     0.00     0.00     0.00 -1 -2.95e-14      0.00 7.092e-01 2.755e-01 2.746e-03 7.408e-04 6.719e-03 -1.000 1.527e-02 7.010 8.105 9.638 6.900
0.0152 0.01508 6.60000 0.4000000358 2.1185024810    0.400 -0.864  3.5114  3.902    0  0.000  0.545     0.00     0.00     0.00     0.00     0.00 -1 -3.07e-14      0.00 7.092e-01 2.755e-01 2.746e-03 7.408e-04 6.719e-03 -1.000 1.527e-02 6.931 7.995 9.494 6.801
0.0152 0.01508 6.60000 0.4374741316 2.1671993202    0.437 -0.804  3.5205  3.917    0  0.000  0.545     0.00     0.00     0.00     0.00     0.00 -1 -3.32e-14      0.00 7.092e-01 2.755e-01 2.746e-03 7.408e-04 6.719e-03 -1.000 1.527e-02 6.780 7.779 9.208 6.609
0.0152 0.01508 6.60000 0.4500000477 2.1822809714    0.450 -0.785  3.5234  3.922    0  0.000  0.545     0.00     0.00     0.00     0.00     0.00 -1  -3.4e-14      0.00 7.092e-01 2.755e-01 2.746e-03 7.408e-04 6.719e-03 -1.000 1.527e-02 6.732 7.710 9.117 6.548
0.0152 0.01508 6.60000 0.4835406840 2.2201144524    0.483 -0.736  3.5313  3.935    0  0.000  0.545     0.00     0.00     0.00     0.00     0.00 -1 -3.62e-14      0.00 7.092e-01 2.755e-01 2.746e-03 7.408e-04 6.719e-03 -1.000 1.527e-02 6.609 7.532 8.879 6.392
0.0152 0.01508 6.60000 0.5000000000 2.2374541529    0.500 -0.712  3.5350  3.941    0  0.000  0.545     0.00     0.00     0.00     0.00     0.00 -1 -3.73e-14      0.00 7.092e-01 2.755e-01 2.746e-03 7.408e-04 6.719e-03 -1.000 1.527e-02 6.550 7.447 8.767 6.318
0.0152 0.01508 6.60000 0.5088800192 2.2464248104    0.509 -0.699  3.5373  3.945    0  0.000  0.545     0.00     0.00     0.00     0.00     0.00 -1 -3.79e-14      0.00 7.092e-01 2.755e-01 2.746e-03 7.408e-04 6.719e-03 -1.000 1.527e-02 6.518 7.400 8.702 6.277
0.0152 0.01508 6.60000 0.5305807590 2.2669012336    0.530 -0.669  3.5424  3.953    0  0.000  0.545     0.00     0.00     0.00     0.00     0.00 -1 -3.94e-14      0.00 7.092e-01 2.755e-01 2.746e-03 7.408e-04 6.719e-03 -1.000 1.527e-02 6.443 7.289 8.554 6.181
0.0152 0.01508 6.60000 0.5500000119 2.2836582633    0.550 -0.645  3.5462  3.960    0  0.000  0.545     0.00     0.00     0.00     0.00     0.00 -1 -4.06e-14      0.00 7.092e-01 2.755e-01 2.746e-03 7.408e-04 6.719e-03 -1.000 1.527e-02 6.383 7.203 8.440 6.106
0.0152 0.01508 6.60000 0.5561981797 2.2887242438    0.556 -0.637  3.5478  3.963    0  0.000  0.545     0.00     0.00     0.00     0.00     0.00 -1  -4.1e-14      0.00 7.092e-01 2.755e-01 2.746e-03 7.408e-04 6.719e-03 -1.000 1.527e-02 6.362 7.171 8.396 6.079
0.0152 0.01508 6.60000 0.5822691917 2.3086818028    0.582 -0.600  3.5543  3.972    0  0.000  0.545     0.00     0.00     0.00     0.00     0.00 -1 -4.31e-14      0.00 7.092e-01 2.755e-01 2.746e-03 7.408e-04 6.719e-03 -1.000 1.527e-02 6.271 7.036 8.215 5.964
0.0152 0.01508 6.60000 0.6000000238 2.3211213258    0.600 -0.579  3.5580  3.979    0  0.000  0.545     0.00     0.00     0.00     0.00     0.00 -1 -4.43e-14      0.00 7.092e-01 2.755e-01 2.746e-03 7.408e-04 6.719e-03 -1.000 1.527e-02 6.217 6.957 8.109 5.897
0.0152 0.01508 6.60000 0.6224079728 2.3356822262    0.622 -0.549  3.5635  3.987    0  0.000  0.545     0.00     0.00     0.00     0.00     0.00 -1 -4.61e-14      0.00 7.092e-01 2.755e-01 2.746e-03 7.408e-04 6.719e-03 -1.000 1.527e-02 6.143 6.845 7.958 5.803
0.0152 0.01508 6.60000 0.6499999762 2.3520353107    0.650 -0.516  3.5696  3.997    0  0.000  0.545     0.00     0.00     0.00     0.00     0.00 -1 -4.82e-14      0.00 7.092e-01 2.755e-01 2.746e-03 7.408e-04 6.719e-03 -1.000 1.527e-02 6.060 6.720 7.789 5.697
0.0152 0.01508 6.60000 0.6729136705 2.3644500106    0.673 -0.486  3.5751  4.004    0  0.000  0.545     0.00     0.00     0.00     0.00     0.00 -1 -5.03e-14      0.00 7.092e-01 2.755e-01 2.746e-03 7.408e-04 6.719e-03 -1.000 1.527e-02 5.985 6.607 7.639 5.604
0.0152 0.01508 6.60000 0.7000000477 2.3779267258    0.700 -0.453  3.5811  4.013    0  0.000  0.545     0.00     0.00     0.00     0.00     0.00 -1 -5.27e-14      0.00 7.092e-01 2.755e-01 2.746e-03 7.408e-04 6.719e-03 -1.000 1.527e-02 5.903 6.484 7.475 5.501
0.0152 0.01508 6.60000 0.7500000000 2.3998889087    0.750 -0.323  3.6222  4.077    0  0.000  0.538     0.00     0.00     0.00     0.00     0.00 -1  -6.4e-14      0.00 7.092e-01 2.755e-01 2.710e-03 7.399e-04 6.720e-03 -1.000 1.527e-02 5.577 5.893 6.654 5.044
0.0152 0.01508 6.60000 0.7780441046 2.4107960973    0.778 -0.297  3.6255  4.080    0  0.000  0.538     0.00     0.00     0.00     0.00     0.00 -1 -6.64e-14      0.00 7.092e-01 2.755e-01 2.710e-03 7.399e-04 6.720e-03 -1.000 1.527e-02 5.513 5.810 6.555 4.971
0.0152 0.01508 6.60000 0.8000000119 2.4187244405    0.800 -0.277  3.6280  4.082    0  0.000  0.538     0.00     0.00     0.00     0.00     0.00 -1 -6.84e-14      0.00 7.092e-01 2.755e-01 2.710e-03 7.399e-04 6.720e-03 -1.000 1.527e-02 5.463 5.746 6.479 4.914
0.0152 0.01508 6.60000 0.8380957246 2.4313541012    0.838 -0.246  3.6322  4.088    0  0.000  0.538     0.00     0.00     0.00     0.00     0.00 -1 -7.15e-14      0.00 7.092e-01 2.755e-01 2.710e-03 7.399e-04 6.720e-03 -1.000 1.527e-02 5.384 5.644 6.357 4.824
0.0152 0.01508 6.60000 0.8500000238 2.4350346840    0.850 -0.235  3.6335  4.088    0  0.000  0.538     0.00     0.00     0.00     0.00     0.00 -1 -7.27e-14      0.00 7.092e-01 2.755e-01 2.710e-03 7.399e-04 6.720e-03 -1.000 1.527e-02 5.357 5.610 6.318 4.794
0.0152 0.01508 6.60000 0.8838466406 2.4448793003    0.883 -0.205  3.6372  4.090    0  0.000  0.538     0.00     0.00     0.00     0.00     0.00 -1 -7.61e-14      0.00 7.092e-01 2.755e-01 2.710e-03 7.399e-04 6.720e-03 -1.000 1.527e-02 5.283 5.516 6.207 4.711
0.0152 0.01508 6.60000 0.9000000358 2.4492786175    0.899 -0.191  3.6390  4.091    0  0.000  0.538     0.00     0.00     0.00     0.00     0.00 -1 -7.79e-14      0.00 7.092e-01 2.755e-01 2.710e-03 7.399e-04 6.720e-03 -1.000 1.527e-02 5.247 5.470 6.154 4.671
0.0152 0.01508 6.60000 0.9324015379 2.4575768988    0.932 -0.166  3.6424  4.095    0  0.000  0.538     0.00     0.00     0.00     0.00     0.00 -1 -8.08e-14      0.00 7.092e-01 2.755e-01 2.710e-03 7.399e-04 6.720e-03 -1.000 1.527e-02 5.184 5.390 6.059 4.600
0.0152 0.01508 6.60000 0.9500000477 2.4618122009    0.950 -0.152  3.6442  4.096    0  0.000  0.538     0.00     0.00     0.00     0.00     0.00 -1 -8.25e-14      0.00 7.092e-01 2.755e-01 2.710e-03 7.399e-04 6.720e-03 -1.000 1.527e-02 5.149 5.346 6.007 4.561
0.0152 0.01508 6.60000 0.9671913385 2.4657788227    0.967 -0.138  3.6460  4.098    0  0.000  0.538     0.00     0.00     0.00     0.00     0.00 -1 -8.42e-14      0.00 7.092e-01 2.755e-01 2.710e-03 7.399e-04 6.720e-03 -1.000 1.527e-02 5.116 5.303 5.957 4.524
0.0152 0.01508 6.60000 1.0000000000 2.4729154477    1.000 -0.110  3.6495  4.098    0  0.000  0.538     0.00     0.00     0.00     0.00     0.00 -1 -8.83e-14      0.00 7.092e-01 2.755e-01 2.710e-03 7.399e-04 6.720e-03 -1.000 1.527e-02 5.045 5.215 5.854 4.446
0.0152 0.01508 6.60000 1.0179364681 2.4765941261    1.018 -0.097  3.6514  4.100    0  0.000  0.538     0.00     0.00     0.00     0.00     0.00 -1 -8.76e-14      0.00 7.092e-01 2.755e-01 2.710e-03 7.399e-04 6.720e-03 -1.000 1.527e-02 5.012 5.173 5.804 4.409
0.0152 0.01508 6.60000 1.0499999523 2.4828114860    1.050 -0.070  3.6548  4.100    0  0.000  0.538     0.00     0.00     0.00     0.00     0.00 -1 -8.75e-14      0.00 7.092e-01 2.755e-01 2.710e-03 7.399e-04 6.720e-03 -1.000 1.527e-02 4.945 5.090 5.708 4.335
0.0152 0.01508 6.60000 1.0999703407 2.4916751574    1.099 -0.029  3.6601  4.100    0  0.000  0.538     0.00     0.00     0.00     0.00     0.00 -1 -8.67e-14      0.00 7.092e-01 2.755e-01 2.710e-03 7.399e-04 6.720e-03 -1.000 1.527e-02 4.842 4.962 5.560 4.223
0.0152 0.01508 6.60000 1.1000000238 2.4916801480    1.099 -0.029  3.6601  4.100    0  0.000  0.538     0.00     0.00     0.00     0.00     0.00 -1 -8.67e-14      0.00 7.092e-01 2.755e-01 2.710e-03 7.399e-04 6.720e-03 -1.000 1.527e-02 4.842 4.962 5.560 4.223
0.0152 0.01508 6.60000 1.1499999762 2.4996678137    1.149  0.010  3.6653  4.102    0  0.000  0.538     0.00     0.00     0.00     0.00     0.00 -1  -8.5e-14      0.00 7.092e-01 2.755e-01 2.710e-03 7.399e-04 6.720e-03 -1.000 1.527e-02 4.745 4.843 5.423 4.118
0.0152 0.01508 6.60000 1.1937727928 2.5060326790    1.193  0.043  3.6698  4.103    0  0.000  0.538     0.00     0.00     0.00     0.00     0.00 -1 -8.26e-14      0.00 7.092e-01 2.755e-01 2.710e-03 7.399e-04 6.720e-03 -1.000 1.527e-02 4.663 4.743 5.307 4.030
0.0152 0.01508 6.60000 1.2000000477 2.5068948796    1.200  0.048  3.6704  4.103    0  0.000  0.538     0.00     0.00     0.00     0.00     0.00 -1 -8.22e-14      0.00 7.092e-01 2.755e-01 2.710e-03 7.399e-04 6.720e-03 -1.000 1.527e-02 4.651 4.729 5.291 4.017
0.0152 0.01508 6.60000 1.2180309296 2.5093342849    1.218  0.060  3.6722  4.104    0  0.000  0.538     0.00     0.00     0.00     0.00     0.00 -1 -8.08e-14      0.00 7.092e-01 2.755e-01 2.710e-03 7.399e-04 6.720e-03 -1.000 1.527e-02 4.619 4.691 5.247 3.983
0.0152 0.01508 6.60000 1.2500000000 2.5134610955    1.250  0.087  3.6756  4.102    0  0.000  0.538     0.00     0.00     0.00     0.00     0.00 -1 -7.96e-14      0.00 7.092e-01 2.755e-01 2.710e-03 7.399e-04 6.720e-03 -1.000 1.527e-02 4.552 4.611 5.156 3.913
0.0152 0.01508 6.60000 1.2999999523 2.5194498592    1.300  0.126  3.6807  4.100    0  0.000  0.538     0.00     0.00     0.00     0.00     0.00 -1  -7.6e-14      0.00 7.092e-01 2.755e-01 2.710e-03 7.399e-04 6.720e-03 -1.000 1.527e-02 4.454 4.494 5.023 3.810
0.0152 0.01508 6.60000 1.3500001431 2.5249313723    1.350  0.167  3.6859  4.097    0  0.000  0.538     0.00     0.00     0.00     0.00     0.00 -1  -7.2e-14      0.00 7.092e-01 2.755e-01 2.710e-03 7.399e-04 6.720e-03 -1.000 1.527e-02 4.352 4.376 4.889 3.704
0.0152 0.01508 6.60000 1.4000000954 2.5299650415    1.400  0.208  3.6910  4.092    0  0.000  0.538     0.00     0.00     0.00     0.00     0.00 -1 -6.69e-14      0.00 7.092e-01 2.755e-01 2.710e-03 7.399e-04 6.720e-03 -1.000 1.527e-02 4.249 4.257 4.755 3.598
0.0152 0.01508 6.60000 1.4500000477 2.5346015836    1.450  0.249  3.6961  4.087    0  0.000  0.538     0.00     0.00     0.00     0.00     0.00 -1 -6.04e-14      0.00 7.092e-01 2.755e-01 2.710e-03 7.399e-04 6.720e-03 -1.000 1.527e-02 4.147 4.141 4.624 3.494
0.0152 0.01508 6.60000 1.5000000000 2.5388844597    1.500  0.285  3.7009  4.085    0  0.000  0.538     0.00     0.00     0.00     0.00     0.00 -1 -5.18e-14      0.00 7.092e-01 2.755e-01 2.710e-03 7.399e-04 6.720e-03 -1.000 1.527e-02 4.057 4.037 4.507 3.403
0.0152 0.01508 6.60000 1.5177404881 2.5403262925    1.518  0.299  3.7027  4.083    0  0.000  0.538     0.00     0.00     0.00     0.00     0.00 -1  -4.8e-14      0.00 7.092e-01 2.755e-01 2.710e-03 7.399e-04 6.720e-03 -1.000 1.527e-02 4.023 3.999 4.464 3.369
0.0152 0.01508 6.60000 1.5499999523 2.5428511323    1.550  0.326  3.7060  4.078    0  0.000  0.538     0.00     0.00     0.00     0.00     0.00 -1 -4.22e-14      0.00 7.092e-01 2.755e-01 2.710e-03 7.399e-04 6.720e-03 -1.000 1.527e-02 3.954 3.922 4.379 3.299
0.0152 0.01508 6.60000 1.5872060061 2.5456170589    1.587  0.355  3.7096  4.075    0  0.000  0.538     0.00     0.00     0.00     0.00     0.00 -1  -3.3e-14      0.00 7.092e-01 2.755e-01 2.710e-03 7.399e-04 6.720e-03 -1.000 1.527e-02 3.884 3.842 4.290 3.228
0.0152 0.01508 6.60000 1.6000000238 2.5465340628    1.600  0.367  3.7111  4.071    0  0.000  0.538     0.00     0.00     0.00     0.00     0.00 -1 -3.06e-14      0.00 7.092e-01 2.755e-01 2.710e-03 7.399e-04 6.720e-03 -1.000 1.527e-02 3.852 3.807 4.251 3.196
0.0152 0.01508 6.60000 1.6500000954 2.5499614852    1.649  0.413  3.7165  4.060    0  0.000  0.538     0.00     0.00     0.00     0.00     0.00 -1 -1.69e-14      0.00 7.092e-01 2.755e-01 2.710e-03 7.399e-04 6.720e-03 -1.000 1.527e-02 3.737 3.681 4.112 3.082
0.0152 0.01508 6.60000 1.7000000477 2.5531580802    1.699  0.462  3.7221  4.046    0  0.000  0.538     0.00     0.00     0.00     0.00     0.00 -1    -1e-30      0.00 7.092e-01 2.755e-01 2.710e-03 7.399e-04 6.720e-03 -1.000 1.527e-02 3.615 3.548 3.966 2.961
0.0152 0.01508 6.60000 1.7500000000 2.5561455243    1.749  0.510  3.7274  4.033    0  0.000  0.538     0.00     0.00     0.00     0.00     0.00 -1    -1e-30      0.00 7.092e-01 2.755e-01 2.710e-03 7.399e-04 6.720e-03 -1.000 1.527e-02 3.495 3.418 3.823 2.843
0.0152 0.01508 6.60000 1.7956327200 2.5587057042    1.794  0.555  3.7324  4.019    0  0.000  0.538     0.00     0.00     0.00     0.00     0.00 -1    -1e-30      0.00 7.092e-01 2.755e-01 2.710e-03 7.399e-04 6.720e-03 -1.000 1.527e-02 3.383 3.297 3.691 2.734
0.0152 0.01508 6.60000 1.7999999523 2.5589429085    1.799  0.560  3.7330  4.017    0  0.000  0.538     0.00     0.00     0.00     0.00     0.00 -1    -1e-30      0.00 7.092e-01 2.755e-01 2.710e-03 7.399e-04 6.720e-03 -1.000 1.527e-02 3.370 3.284 3.676 2.721
0.0152 0.01508 6.60000 1.8500000238 2.5615671203    1.849  0.620  3.7390  3.994    0  0.000  0.538     0.00     0.00     0.00     0.00     0.00 -1    -1e-30      0.00 7.092e-01 2.755e-01 2.710e-03 7.399e-04 6.720e-03 -1.000 1.527e-02 3.221 3.125 3.504 2.576
0.0152 0.01508 6.60000 1.8969905376 2.5638889232    1.896  0.680  3.7450  3.968    0  0.000  0.538     0.00     0.00     0.00     0.00     0.00 -1    -1e-30      0.00 7.092e-01 2.755e-01 2.710e-03 7.399e-04 6.720e-03 -1.000 1.527e-02 3.071 2.968 3.334 2.431
0.0152 0.01508 6.60000 1.9000000954 2.5640331317    1.899  0.686  3.7455  3.964    0  0.000  0.538     0.00     0.00     0.00     0.00     0.00 -1    -1e-30      0.00 7.092e-01 2.755e-01 2.710e-03 7.399e-04 6.720e-03 -1.000 1.527e-02 3.054 2.950 3.316 2.415
0.0152 0.01508 6.60000 1.9361406565 2.5657246822    1.935  0.740  3.7505  3.939    0  0.000  0.538     0.00     0.00     0.00     0.00     0.00 -1    -1e-30      0.00 7.092e-01 2.755e-01 2.710e-03 7.399e-04 6.720e-03 -1.000 1.527e-02 2.921 2.811 3.166 2.287
0.0152 0.01508 6.60000 1.9500001669 2.5663542767    1.950  0.763  3.7525  3.927    0  0.000  0.538     0.00     0.00     0.00     0.00     0.00 -1    -1e-30      0.00 7.092e-01 2.755e-01 2.710e-03 7.399e-04 6.720e-03 -1.000 1.527e-02 2.864 2.752 3.103 2.233
0.0152 0.01508 6.60000 1.9637007713 2.5669666181    1.963  0.785  3.7545  3.916    0  0.000  0.538     0.00     0.00     0.00     0.00     0.00 -1    -1e-30      0.00 7.092e-01 2.755e-01 2.710e-03 7.399e-04 6.720e-03 -1.000 1.527e-02 2.806 2.693 3.039 2.179
0.0152 0.01508 6.60000 1.9992767572 2.5685116956    2.000  0.853  3.7604  3.880    0  0.000  0.538     0.00     0.00     0.00     0.00     0.00 -1    -1e-30      0.00 7.092e-01 2.755e-01 2.710e-03 7.399e-04 6.720e-03 -1.000 1.527e-02 2.638 2.520 2.852 2.019
0.0152 0.01508 6.60000 2.0000000000 2.5685424513    2.000  0.854  3.7605  3.879    0  0.000  0.538     0.00     0.00     0.00     0.00     0.00 -1    -1e-30      0.00 7.092e-01 2.755e-01 2.710e-03 7.399e-04 6.720e-03 -1.000 1.527e-02 2.635 2.516 2.848 2.016
0.0152 0.01508 6.60000 2.0216803551 2.5694526657    2.022  0.899  3.7643  3.854    0  0.000  0.538     0.00     0.00     0.00     0.00     0.00 -1    -1e-30      0.00 7.092e-01 2.755e-01 2.710e-03 7.399e-04 6.720e-03 -1.000 1.527e-02 2.523 2.401 2.725 1.910
0.0152 0.01508 6.60000 2.0499374866 2.5706058246    2.049  0.961  3.7697  3.820    0  0.000  0.538     0.00     0.00     0.00     0.00     0.00 -1    -1e-30      0.00 7.092e-01 2.755e-01 2.710e-03 7.399e-04 6.720e-03 -1.000 1.527e-02 2.368 2.243 2.554 1.764
0.0152 0.01508 6.60000 2.0499999523 2.5706083333    2.050  0.961  3.7697  3.820    0  0.000  0.538     0.00     0.00     0.00     0.00     0.00 -1    -1e-30      0.00 7.092e-01 2.755e-01 2.710e-03 7.399e-04 6.720e-03 -1.000 1.527e-02 2.368 2.242 2.554 1.764
0.0152 0.01508 6.60000 2.0653731823 2.5712204445    2.065  0.995  3.7728  3.801    0  0.000  0.538     0.00     0.00     0.00     0.00     0.00 -1    -1e-30      0.00 7.092e-01 2.755e-01 2.710e-03 7.399e-04 6.720e-03 -1.000 1.527e-02 2.282 2.154 2.459 1.684
0.0152 0.01508 6.60000 2.0961451530 2.5724147211    2.095  1.064  3.7793  3.765    0  0.000  0.538     0.00     0.00     0.00     0.00     0.00 -1    -1e-30      0.00 7.092e-01 2.755e-01 2.710e-03 7.399e-04 6.720e-03 -1.000 1.527e-02 2.111 1.979 2.270 1.525
0.0152 0.01508 6.60000 2.0999999046 2.5725614918    2.099  1.072  3.7802  3.761    0  0.000  0.538     0.00     0.00     0.00     0.00     0.00 -1    -1e-30      0.00 7.092e-01 2.755e-01 2.710e-03 7.399e-04 6.720e-03 -1.000 1.527e-02 2.089 1.958 2.246 1.505
0.0152 0.01508 6.60000 2.1139354706 2.5730869610    2.113  1.103  3.7833  3.745    0  0.000  0.538     0.00     0.00     0.00     0.00     0.00 -1    -1e-30      0.00 7.092e-01 2.755e-01 2.710e-03 7.399e-04 6.720e-03 -1.000 1.527e-02 2.013 1.880 2.162 1.435
0.0152 0.01508 6.60000 2.1405365467 2.5740681990    2.139  1.161  3.7897  3.718    0  0.000  0.538     0.00     0.00     0.00     0.00     0.00 -1    -1e-30      0.00 7.092e-01 2.755e-01 2.710e-03 7.399e-04 6.720e-03 -1.000 1.527e-02 1.868 1.733 2.001 1.304
0.0152 0.01508 6.60000 2.1500000954 2.5744105556    2.149  1.181  3.7923  3.710    0  0.000  0.538     0.00     0.00     0.00     0.00     0.00 -1    -1e-30      0.00 7.092e-01 2.755e-01 2.710e-03 7.399e-04 6.720e-03 -1.000 1.527e-02 1.816 1.681 1.944 1.258
0.0152 0.01508 6.60000 2.1673099995 2.5750278776    2.166  1.219  3.7972  3.695    0  0.000  0.538     0.00     0.00     0.00     0.00     0.00 -1    -1e-30      0.00 7.092e-01 2.755e-01 2.710e-03 7.399e-04 6.720e-03 -1.000 1.527e-02 1.722 1.585 1.838 1.175
0.0152 0.01508 6.60000 2.1949551105 2.5759906008    2.193  1.280  3.8064  3.676    0  0.000  0.538     0.00     0.00     0.00     0.00     0.00 -1    -1e-30      0.00 7.092e-01 2.755e-01 2.710e-03 7.399e-04 6.720e-03 -1.000 1.527e-02 1.570 1.432 1.666 1.046
0.0152 0.01508 6.60000 2.2000000477 2.5761632879    2.199  1.291  3.8083  3.674    0  0.000  0.538     0.00     0.00     0.00     0.00     0.00 -1    -1e-30      0.00 7.092e-01 2.755e-01 2.710e-03 7.399e-04 6.720e-03 -1.000 1.527e-02 1.542 1.404 1.634 1.023
0.0152 0.01508 6.60000 2.2111608982 2.5765421035    2.210  1.316  3.8128  3.670    0  0.000  0.538     0.00     0.00     0.00     0.00     0.00 -1    -1e-30      0.00 7.092e-01 2.755e-01 2.710e-03 7.399e-04 6.720e-03 -1.000 1.527e-02 1.479 1.342 1.563 0.972
0.0152 0.01508 6.60000 2.2318081856 2.5772314301    2.230  1.363  3.8233  3.669    0  0.000  0.538     0.00     0.00     0.00     0.00     0.00 -1    -1e-30      0.00 7.092e-01 2.755e-01 2.710e-03 7.399e-04 6.720e-03 -1.000 1.527e-02 1.364 1.225 1.428 0.881
0.0152 0.01508 6.60000 2.2500000000 2.5778267375    2.249  1.404  3.8352  3.679    0  0.000  0.538     0.00     0.00     0.00     0.00     0.00 -1    -1e-30      0.00 7.092e-01 2.755e-01 2.709e-03 7.399e-04 6.720e-03 -1.000 1.527e-02 1.260 1.123 1.305 0.807
0.0152 0.01508 6.60000 2.2511525154 2.5778640798    2.250  1.406  3.8360  3.680    0  0.000  0.538     0.00     0.00     0.00     0.00     0.00 -1    -1e-30      0.00 7.092e-01 2.755e-01 2.709e-03 7.399e-04 6.720e-03 -1.000 1.527e-02 1.254 1.116 1.297 0.803
0.0152 0.01508 6.60000 2.2642776966 2.5782862627    2.263  1.436  3.8464  3.694    0  0.000  0.538     0.00     0.00     0.00     0.00     0.00 -1    -1e-30      0.00 7.092e-01 2.755e-01 2.709e-03 7.399e-04 6.720e-03 -1.000 1.527e-02 1.179 1.043 1.207 0.756
0.0152 0.01508 6.60000 2.2760007381 2.5786586141    2.275  1.463  3.8563  3.709    0  0.000  0.538     0.00     0.00     0.00     0.00     0.00 -1    -1e-30      0.00 7.092e-01 2.755e-01 2.709e-03 7.399e-04 6.720e-03 -1.000 1.527e-02 1.112 0.979 1.126 0.717
0.0152 0.01508 6.60000 2.2870864868 2.5790066883    2.286  1.489  3.8660  3.725    0  0.000  0.538     0.00     0.00     0.00     0.00     0.00 -1    -1e-30      0.00 7.092e-01 2.755e-01 2.709e-03 7.399e-04 6.720e-03 -1.000 1.527e-02 1.048 0.920 1.052 0.682
0.0152 0.01508 6.60000 2.2977972031 2.5793393212    2.296  1.513  3.8757  3.741    0  0.000  0.538     0.00     0.00     0.00     0.00     0.00 -1    -1e-30      0.00 7.092e-01 2.755e-01 2.709e-03 7.399e-04 6.720e-03 -1.000 1.527e-02 0.987 0.865 0.981 0.652
0.0152 0.01508 6.60000 2.2999999523 2.5794072884    2.299  1.518  3.8777  3.744    0  0.000  0.538     0.00     0.00     0.00     0.00     0.00 -1    -1e-30      0.00 7.092e-01 2.755e-01 2.709e-03 7.399e-04 6.720e-03 -1.000 1.527e-02 0.975 0.854 0.967 0.646
0.0152 0.01508 6.60000 2.3095231056 2.5796994163    2.308  1.540  3.8866  3.760    0  0.000  0.538     0.00     0.00     0.00     0.00     0.00 -1    -1e-30      0.00 7.092e-01 2.755e-01 2.709e-03 7.399e-04 6.720e-03 -1.000 1.527e-02 0.921 0.806 0.906 0.622
0.0152 0.01508 6.60000 2.3201649189 2.5800225991    2.319  1.564  3.8966  3.778    0  0.000  0.538     0.00     0.00     0.00     0.00     0.00 -1    -1e-30      0.00 7.092e-01 2.755e-01 2.709e-03 7.399e-04 6.720e-03 -1.000 1.527e-02 0.860 0.756 0.841 0.598
0.0152 0.01508 6.60000 2.3340935707 2.5804404839    2.333  1.595  3.9100  3.803    0  0.000  0.538     0.00     0.00     0.00     0.00     0.00 -1    -1e-30      0.00 7.092e-01 2.755e-01 2.709e-03 7.399e-04 6.720e-03 -1.000 1.527e-02 0.783 0.697 0.762 0.573
0.0152 0.01508 6.60000 2.3477985859 2.5808460987    2.347  1.625  3.9234  3.830    0  0.000  0.538     0.00     0.00     0.00     0.00     0.00 -1    -1e-30      0.00 7.092e-01 2.755e-01 2.709e-03 7.399e-04 6.720e-03 -1.000 1.527e-02 0.709 0.647 0.695 0.555
0.0152 0.01508 6.60000 2.3613867760 2.5812429151    2.360  1.653  3.9368  3.857    0  0.000  0.538     0.00     0.00     0.00     0.00     0.00 -1    -1e-30      0.00 7.092e-01 2.755e-01 2.709e-03 7.399e-04 6.720e-03 -1.000 1.527e-02 0.638 0.607 0.641 0.543
0.0152 0.01508 6.60000 2.3750026226 2.5816353060    2.374  1.680  3.9502  3.887    0  0.000  0.538     0.00     0.00     0.00     0.00     0.00 -1    -1e-30      0.00 7.092e-01 2.755e-01 2.709e-03 7.399e-04 6.720e-03 -1.000 1.527e-02 0.571 0.580 0.601 0.540
0.0152 0.01508 6.60000 2.3888697624 2.5820296561    2.388  1.704  3.9636  3.918    0  0.000  0.538     0.00     0.00     0.00     0.00     0.00 -1    -1e-30      0.00 7.092e-01 2.755e-01 2.709e-03 7.398e-04 6.720e-03 -1.000 1.527e-02 0.510 0.567 0.577 0.546
0.0152 0.01508 6.60000 2.4000000954 2.5823423892    2.399  1.720  3.9737  3.944    0  0.000  0.538     0.00     0.00     0.00     0.00     0.00 -1    -1e-30      0.00 7.092e-01 2.755e-01 2.709e-03 7.398e-04 6.720e-03 -1.000 1.527e-02 0.469 0.566 0.569 0.559
0.0152 0.01508 6.60000 2.4040744305 2.5824560351    2.403  1.726  3.9776  3.955    0  0.000  0.538     0.00     0.00     0.00     0.00     0.00 -1    -1e-30      0.00 7.092e-01 2.755e-01 2.709e-03 7.398e-04 6.720e-03 -1.000 1.527e-02 0.454 0.567 0.568 0.565
0.0152 0.01508 6.60000 2.4184474945 2.5828534300    2.418  1.742  3.9900  3.992    0  0.000  0.538     0.00     0.00     0.00     0.00     0.00 -1    -1e-30      0.00 7.092e-01 2.755e-01 2.709e-03 7.399e-04 6.720e-03 -1.000 1.527e-02 0.416 0.583 0.576 0.595
0.0152 0.01508 6.60000 2.4266941547 2.5830789959    2.426  1.741  3.9947  4.013    0  0.000  0.538     0.00     0.00     0.00     0.00     0.00 -1    -1e-30      0.00 7.092e-01 2.755e-01 2.709e-03 7.399e-04 6.720e-03 -1.000 1.527e-02 0.419 0.607 0.597 0.624
0.0152 0.01508 6.60000 2.4491362572 2.5836840053    2.448  1.722  4.0034  4.070    0  0.000  0.538     0.00     0.00     0.00     0.00     0.00 -1    -1e-30      0.00 7.092e-01 2.755e-01 2.709e-03 7.399e-04 6.720e-03 -1.000 1.527e-02 0.464 0.692 0.679 0.718
0.0152 0.01508 6.60000 2.4633016586 2.5840593661    2.463  1.696  4.0045  4.103    0  0.000  0.538     0.00     0.00     0.00     0.00     0.00 -1    -1e-30      0.00 7.092e-01 2.755e-01 2.709e-03 7.399e-04 6.720e-03 -1.000 1.527e-02 0.530 0.764 0.750 0.790
0.0152 0.01508 6.60000 2.4750707150 2.5843674725    2.474  1.669  4.0035  4.128    0  0.000  0.538     0.00     0.00     0.00     0.00     0.00 -1    -1e-30      0.00 7.092e-01 2.755e-01 2.710e-03 7.399e-04 6.720e-03 -1.000 1.527e-02 0.597 0.826 0.813 0.851
0.0152 0.01508 6.60000 2.4866042137 2.5846661604    2.486  1.643  4.0016  4.149    0  0.000  0.538     0.00     0.00     0.00     0.00     0.00 -1    -1e-30      0.00 7.092e-01 2.755e-01 2.710e-03 7.399e-04 6.720e-03 -1.000 1.527e-02 0.663 0.883 0.872 0.906
0.0152 0.01508 6.60000 2.4992508888 2.5849900354    2.499  1.617  3.9993  4.167    0  0.000  0.538     0.00     0.00     0.00     0.00     0.00 -1    -1e-30      0.00 7.092e-01 2.755e-01 2.710e-03 7.399e-04 6.720e-03 -1.000 1.527e-02 0.726 0.936 0.926 0.956
0.0152 0.01508 6.60000 2.5155611038 2.5854022075    2.515  1.597  3.9974  4.183    0  0.000  0.538     0.00     0.00     0.00     0.00     0.00 -1    -1e-30      0.00 7.092e-01 2.755e-01 2.710e-03 7.399e-04 6.720e-03 -1.000 1.527e-02 0.776 0.978 0.969 0.996
0.0152 0.01508 6.60000 2.5470809937 2.5861815657    2.547  1.590  3.9982  4.199    0  0.000  0.538     0.00     0.00     0.00     0.00     0.00 -1    -1e-30      0.00 7.092e-01 2.755e-01 2.710e-03 7.399e-04 6.720e-03 -1.000 1.527e-02 0.794 1.000 0.990 1.018
0.0152 0.01508 6.60000 2.5765504837 2.5868904256    2.576  1.630  4.0079  4.203    0  0.000  0.538     0.00     0.00     0.00     0.00     0.00 -1    -1e-30      0.00 7.092e-01 2.755e-01 2.710e-03 7.399e-04 6.720e-03 -1.000 1.527e-02 0.696 0.947 0.932 0.975
0.0152 0.01508 6.60000 2.5999999046 2.5874412955    2.600  1.664  4.0167  4.208    0  0.000  0.538     0.00     0.00     0.00     0.00     0.00 -1    -1e-30      0.00 7.092e-01 2.755e-01 2.710e-03 7.399e-04 6.720e-03 -1.000 1.527e-02 0.610 0.903 0.884 0.939
0.0152 0.01508 6.60000 2.6247179508 2.5880097303    2.625  1.705  4.0277  4.215    0  0.000  0.538     0.00     0.00     0.00     0.00     0.00 -1    -1e-30      0.00 7.092e-01 2.755e-01 2.710e-03 7.399e-04 6.720e-03 -1.000 1.527e-02 0.508 0.853 0.829 0.899
0.0152 0.01508 6.60000 2.6474070549 2.5885207753    2.647  1.749  4.0407  4.226    0  0.000  0.538     0.00     0.00     0.00     0.00     0.00 -1    -1e-30      0.00 7.092e-01 2.755e-01 2.710e-03 7.399e-04 6.720e-03 -1.000 1.527e-02 0.397 0.806 0.777 0.862
0.0152 0.01508 6.60000 2.6651380062 2.5889131860    2.665  1.786  4.0523  4.239    0  0.000  0.538     0.00     0.00     0.00     0.00     0.00 -1    -1e-30      0.00 7.092e-01 2.755e-01 2.710e-03 7.399e-04 6.720e-03 -1.000 1.527e-02 0.305 0.773 0.739 0.837
0.0152 0.01508 6.60000 2.6803028584 2.5892440727    2.680  1.815  4.0622  4.252    0  0.000  0.538     0.00     0.00     0.00     0.00     0.00 -1    -1e-30      0.00 7.092e-01 2.755e-01 2.710e-03 7.399e-04 6.720e-03 -1.000 1.527e-02 0.233 0.752 0.714 0.823
0.0152 0.01508 6.60000 2.7006063461 2.5896803967    2.701  1.841  4.0733  4.274    0  0.000  0.538     0.00     0.00     0.00     0.00     0.00 -1    -1e-30      0.00 7.092e-01 2.755e-01 2.710e-03 7.399e-04 6.720e-03 -1.000 1.527e-02 0.168 0.743 0.702 0.821
0.0152 0.01508 6.60000 2.7428214550 2.5905638692    2.743  1.848  4.0842  4.317    0  0.000  0.538     0.00     0.00     0.00     0.00     0.00 -1    -1e-30      0.00 7.092e-01 2.755e-01 2.710e-03 7.399e-04 6.720e-03 -1.000 1.527e-02 0.150 0.785 0.740 0.869
0.0152 0.01508 6.60000 2.7760238647 2.5912370587    2.776  1.841  4.0878  4.344    0  0.000  0.538     0.00     0.00     0.00     0.00     0.00 -1    -1e-30      0.00 7.092e-01 2.755e-01 2.710e-03 7.399e-04 6.720e-03 -1.000 1.527e-02 0.169 0.822 0.776 0.909
0.0152 0.01508 6.60000 2.8000001907 2.5917117867    2.800  1.837  4.0886  4.354    0  0.000  0.538     0.00     0.00     0.00     0.00     0.00 -1    -1e-30      0.00 7.092e-01 2.755e-01 2.710e-03 7.399e-04 6.720e-03 -1.000 1.527e-02 0.176 0.834 0.788 0.921
0.0152 0.01508 6.60000 2.8494811058 2.5926625204    2.850  1.849  4.0912  4.361    0  0.000  0.538     0.00     0.00     0.00     0.00     0.00 -1    -1e-30      0.00 7.092e-01 2.755e-01 2.710e-03 7.399e-04 6.720e-03 -1.000 1.527e-02 0.147 0.819 0.772 0.908
0.0152 0.01508 6.60000 2.9202818871 2.5939586731    2.921  1.875  4.0961  4.364    0  0.000  0.538     0.00     0.00     0.00     0.00     0.00 -1    -1e-30      0.00 7.092e-01 2.755e-01 2.710e-03 7.399e-04 6.720e-03 -1.000 1.527e-02 0.082 0.780 0.731 0.871
0.0152 0.01508 6.60000 3.0000000000 2.5953341962    3.000  1.920  4.1041  4.363    0  0.000  0.538     0.00     0.00     0.00     0.00     0.00 -1    -1e-30      0.00 7.092e-01 2.755e-01 2.710e-03 7.399e-04 6.720e-03 -1.000 1.527e-02 -0.030 0.711 0.660 0.807
0.0152 0.01508 6.60000 3.2000000477 2.5984409005    3.199  2.027  4.1229  4.360    0  0.000  0.538     0.00     0.00     0.00     0.00     0.00 -1    -1e-30      0.00 7.092e-01 2.755e-01 2.710e-03 7.399e-04 6.720e-03 -1.000 1.527e-02 -0.297 0.548 0.491 0.655
0.0152 0.01508 6.60000 3.4000000954 2.6011310876    3.398  2.126  4.1403  4.357    0  0.000  0.538     0.00     0.00     0.00     0.00     0.00 -1    -1e-30      0.00 7.092e-01 2.755e-01 2.710e-03 7.399e-04 6.720e-03 -1.000 1.527e-02 -0.545 0.397 0.334 0.514
0.0152 0.01508 6.60000 3.6000001431 2.6034804607    3.598  2.219  4.1564  4.353    0  0.000  0.538     0.00     0.00     0.00     0.00     0.00 -1    -1e-30      0.00 7.092e-01 2.755e-01 2.710e-03 7.399e-04 6.720e-03 -1.000 1.527e-02 -0.778 0.256 0.189 0.382
0.0152 0.01508 6.60000 3.8000001907 2.6055477311    3.798  2.307  4.1714  4.348    0  0.000  0.538     0.00     0.00     0.00     0.00     0.00 -1    -1e-30      0.00 7.092e-01 2.755e-01 2.710e-03 7.399e-04 6.720e-03 -1.000 1.527e-02 -0.997 0.123 0.051 0.257
0.0152 0.01508 6.60000 4.0000000000 2.6073790840    4.001  2.389  4.1854  4.345    0  0.000  0.538     0.00     0.00     0.00     0.00     0.00 -1    -1e-30      0.00 7.092e-01 2.755e-01 2.710e-03 7.399e-04 6.720e-03 -1.000 1.527e-02 -1.203 -0.001 -0.077 0.141
0.0152 0.01508 6.60000 4.1999998093 2.6090113217    4.198  2.467  4.1987  4.340    1  0.000  0.538     0.00     0.00     0.00     0.00     0.00 -1    -1e-30      0.00 7.092e-01 2.755e-01 2.710e-03 7.399e-04 6.720e-03 -1.000 1.527e-02 -1.399 -0.119 -0.199 0.030
0.0152 0.01508 6.60000 4.4000000954 2.6104741055    4.397  2.541  4.2109  4.335    1  0.000  0.538     0.00     0.00     0.00     0.00     0.00 -1    -1e-30      0.00 7.092e-01 2.755e-01 2.710e-03 7.399e-04 6.720e-03 -1.000 1.527e-02 -1.584 -0.232 -0.316 -0.076
0.0152 0.01508 6.60000 4.5999999046 2.6117915791    4.597  2.612  4.2225  4.331    1  0.000  0.538     0.00     0.00     0.00     0.00     0.00 -1    -1e-30      0.00 7.092e-01 2.755e-01 2.710e-03 7.399e-04 6.720e-03 -1.000 1.527e-02 -1.760 -0.339 -0.427 -0.177
0.0152 0.01508 6.60000 4.8000001907 2.6129836005    4.798  2.680  4.2338  4.327    1  0.000  0.538     0.00     0.00     0.00     0.00     0.00 -1    -1e-30      0.00 7.092e-01 2.755e-01 2.710e-03 7.399e-04 6.720e-03 -1.000 1.527e-02 -1.929 -0.442 -0.533 -0.274
0.0152 0.01508 6.60000 5.0000000000 2.6140666223    4.999  2.743  4.2440  4.322    1  0.000  0.538     0.00     0.00     0.00     0.00     0.00 -1    -1e-30      0.00 7.092e-01 2.755e-01 2.710e-03 7.399e-04 6.720e-03 -1.000 1.527e-02 -2.088 -0.541 -0.634 -0.366
0.0152 0.01508 6.60000 5.1999998093 2.6150544000    5.200  2.804  4.2537  4.316    1  0.000  0.538     0.00     0.00     0.00     0.00     0.00 -1    -1e-30      0.00 7.092e-01 2.755e-01 2.710e-03 7.399e-04 6.720e-03 -1.000 1.527e-02 -2.241 -0.637 -0.733 -0.457
0.0152 0.01508 6.60000 5.3999996185 2.6159585084    5.401  2.863  4.2632  4.312    1  0.000  0.538     0.00     0.00     0.00     0.00     0.00 -1    -1e-30      0.00 7.092e-01 2.755e-01 2.710e-03 7.399e-04 6.720e-03 -1.000 1.527e-02 -2.388 -0.729 -0.828 -0.543
0.0152 0.01508 6.60000 5.5999994278 2.6167887546    5.601  2.920  4.2724  4.308    1  0.000  0.538     0.00     0.00     0.00     0.00     0.00 -1    -1e-30      0.00 7.092e-01 2.755e-01 2.710e-03 7.399e-04 6.720e-03 -1.000 1.527e-02 -2.530 -0.817 -0.918 -0.626
0.0152 0.01508 6.60000 5.8000001907 2.6175535027    5.801  2.974  4.2807  4.302    1  0.000  0.538     0.00     0.00     0.00     0.00     0.00 -1    -1e-30      0.00 7.092e-01 2.755e-01 2.710e-03 7.399e-04 6.720e-03 -1.000 1.527e-02 -2.664 -0.903 -1.007 -0.708
0.0152 0.01508 6.60000 6.0000000000 2.6182599138    6.000  3.026  4.2887  4.297    1  0.000  0.538     0.00     0.00     0.00     0.00     0.00 -1    -1e-30      0.00 7.092e-01 2.755e-01 2.710e-03 7.399e-04 6.720e-03 -1.000 1.527e-02 -2.795 -0.988 -1.094 -0.788
0.0152 0.01508 6.60000 6.1999998093 2.6189141709    6.200  3.077  4.2971  4.294    0  0.000  0.538     0.00     0.00     0.00     0.00     0.00 -1    -1e-30      0.00 7.092e-01 2.755e-01 2.710e-03 7.399e-04 6.720e-03 -1.000 1.527e-02 -2.922 -1.066 -1.175 -0.862
0.0152 0.01508 6.60000 6.4000000954 2.6195216279    6.399  3.125  4.3042  4.288    1  0.000  0.538     0.00     0.00     0.00     0.00     0.00 -1    -1e-30      0.00 7.092e-01 2.755e-01 2.710e-03 7.399e-04 6.720e-03 -1.000 1.527e-02 -3.042 -1.146 -1.257 -0.937
0.0152 0.01508 6.60000 6.6316614151 2.6201728459    6.629  3.179  4.3124  4.282    1  0.000  0.538     0.00     0.00     0.00     0.00     0.00 -1    -1e-30      0.00 7.092e-01 2.755e-01 2.710e-03 7.399e-04 6.720e-03 -1.000 1.527e-02 -3.177 -1.234 -1.347 -1.020
0.0152 0.01508 6.60000 7.0000000000 2.6211069280    6.996  3.261  4.3251  4.274    1  0.000  0.538     0.00     0.00     0.00     0.00     0.00 -1    -1e-30      0.00 7.092e-01 2.755e-01 2.710e-03 7.399e-04 6.720e-03 -1.000 1.527e-02 -3.383 -1.368 -1.484 -1.147
0.0152 0.01508 6.60000 8.0000000000 2.6231516585    8.001  3.463  4.3559  4.254    1  0.000  0.538     0.00     0.00     0.00     0.00     0.00 -1    -1e-30      0.00 7.092e-01 2.755e-01 2.710e-03 7.399e-04 6.720e-03 -1.000 1.527e-02 -3.886 -1.700 -1.824 -1.463
0.0152 0.01508 6.60000 9.0000000000 2.6246829947    8.995  3.638  4.3819  4.234    1  0.000  0.538     0.00     0.00     0.00     0.00     0.00 -1    -1e-30      0.00 7.092e-01 2.755e-01 2.710e-03 7.399e-04 6.720e-03 -1.000 1.527e-02 -4.324 -1.996 -2.127 -1.747
0.0152 0.01508 6.60000 10.0000000000 2.6258676431    9.998  3.793  4.4046  4.215    1  0.000  0.538     0.00     0.00     0.00     0.00     0.00 -1    -1e-30      0.00 7.092e-01 2.755e-01 2.710e-03 7.399e-04 6.720e-03 -1.000 1.527e-02 -4.713 -2.225 -2.363 -1.972
0.0152 0.01508 6.60000 10.6474018097 2.6264996512   10.648  3.884  4.4176  4.203    1  0.000  0.538     0.00     0.00     0.00     0.00     0.00 -1    -1e-30      0.00 7.092e-01 2.755e-01 2.710e-03 7.399e-04 6.720e-03 -1.000 1.527e-02 -4.941 -2.376 -2.519 -2.110
0.0152 0.01508 6.60000 11.0000000000 2.6268081058   11.001  3.932  4.4243  4.197    1  0.000  0.538     0.00     0.00     0.00     0.00     0.00 -1    -1e-30      0.00 7.092e-01 2.755e-01 2.710e-03 7.399e-04 6.720e-03 -1.000 1.527e-02 -5.061 -2.457 -2.602 -2.182
0.0152 0.01508 6.60000 11.9191169739 2.6275144212   11.920  4.048  4.4405  4.180    1  0.000  0.538     0.00     0.00     0.00     0.00     0.00 -1    -1e-30      0.00 7.092e-01 2.755e-01 2.710e-03 7.399e-04 6.720e-03 -1.000 1.527e-02 -5.350 -2.700 -2.845 -2.430
0.0152 0.01508 6.60000 12.0000000000 2.6275706487   12.001  4.058  4.4419  4.179    1  0.000  0.538     0.00     0.00     0.00     0.00     0.00 -1    -1e-30      0.00 7.092e-01 2.755e-01 2.710e-03 7.399e-04 6.720e-03 -1.000 1.527e-02 -5.375 -2.720 -2.865 -2.451
0.0152 0.01508 6.60000 12.7185659409 2.6280342838   12.712  4.140  4.4529  4.166    1  0.000  0.540     0.00     0.00     0.00     0.00     0.00 -1 -1.38e-22      0.00 7.092e-01 2.755e-01 2.723e-03 7.403e-04 6.720e-03 -1.000 1.527e-02 -5.580 -2.881 -3.027 -2.612
0.0152 0.01508 6.60000 13.9788284302 2.6287166335   13.956  4.275  4.4707  4.143    1  0.000  0.545     0.00     0.00     0.00     0.00     0.00 -1 -2.44e-09      0.00 7.092e-01 2.755e-01 2.745e-03 7.408e-04 6.719e-03 -1.000 1.527e-02 -5.916 -3.100 -3.255 -2.804
0.0152 0.01508 6.60000 14.0000000000 2.6287268957   13.978  4.277  4.4709  4.142    0  0.000  0.545     0.00     0.00     0.00     0.00     0.00 -1 -3.98e-09      0.00 7.092e-01 2.755e-01 2.746e-03 7.408e-04 6.719e-03 -1.000 1.527e-02 -5.922 -3.105 -3.260 -2.808
0.0152 0.01508 6.60000 14.3004369736 2.6288687655   14.278  4.306  4.4747  4.137    0  0.000  0.545     0.00     0.00     0.00     0.00     0.00 -1 -4.63e-09      0.00 7.092e-01 2.755e-01 2.746e-03 7.408e-04 6.719e-03 -1.000 1.527e-02 -5.996 -3.153 -3.310 -2.851
0.0152 0.01508 6.60000 15.4699907303 2.6293612152   15.441  4.416  4.4884  4.116    0  0.000  0.545     0.00     0.00     0.00     0.00     0.00 -1 -8.12e-09      0.00 7.092e-01 2.755e-01 2.746e-03 7.408e-04 6.719e-03 -1.000 1.527e-02 -6.271 -3.372 -3.532 -3.065
0.0152 0.01508 6.60000 16.0000000000 2.6295573144   15.967  4.464  4.4941  4.106    0  0.000  0.545     0.00     0.00     0.00     0.00     0.00 -1 -1.04e-08      0.00 7.092e-01 2.755e-01 2.746e-03 7.408e-04 6.719e-03 -1.000 1.527e-02 -6.389 -3.468 -3.629 -3.159
0.0152 0.01508 6.60000 16.0275020599 2.6295670837   15.994  4.466  4.4944  4.106    0  0.000  0.545     0.00     0.00     0.00     0.00     0.00 -1 -1.05e-08      0.00 7.092e-01 2.755e-01 2.746e-03 7.408e-04 6.719e-03 -1.000 1.527e-02 -6.395 -3.472 -3.634 -3.164
0.0152 0.01508 6.60000 17.2345046997 2.6299607692   17.171  4.565  4.5057  4.083    0  0.000  0.545     0.00     0.00     0.00     0.00     0.00 -1 -1.71e-08      0.00 7.092e-01 2.755e-01 2.746e-03 7.408e-04 6.719e-03 -1.000 1.527e-02 -6.642 -3.668 -3.830 -3.358
0.0152 0.01508 6.60000 18.0000000000 2.6301792302   17.918  4.624  4.5123  4.068    0  0.000  0.545     0.00     0.00     0.00     0.00     0.00 -1 -2.29e-08      0.00 7.092e-01 2.755e-01 2.746e-03 7.408e-04 6.719e-03 -1.000 1.527e-02 -6.791 -3.781 -3.943 -3.472
0.0152 0.01508 6.60000 18.3436565399 2.6302705125   18.253  4.649  4.5149  4.062    0  0.000  0.545     0.00     0.00     0.00     0.00     0.00 -1 -2.57e-08      0.00 7.092e-01 2.755e-01 2.746e-03 7.408e-04 6.719e-03 -1.000 1.527e-02 -6.854 -3.828 -3.990 -3.520
0.0152 0.01508 6.60000 19.5987606049 2.6305728504   19.473  4.737  4.5240  4.038    0  0.000  0.545     0.00     0.00     0.00     0.00     0.00 -1 -3.89e-08      0.00 7.092e-01 2.755e-01 2.746e-03 7.408e-04 6.719e-03 -1.000 1.527e-02 -7.073 -3.996 -4.157 -3.691
0.0152 0.01508 6.60000 20.0000000000 2.6306603470   19.862  4.765  4.5266  4.030    0  0.000  0.545     0.00     0.00     0.00     0.00     0.00 -1 -4.42e-08      0.00 7.092e-01 2.755e-01 2.746e-03 7.408e-04 6.719e-03 -1.000 1.527e-02 -7.141 -4.049 -4.210 -3.743
0.0152 0.01508 6.60000 20.6806564331 2.6307998836   20.513  4.807  4.5304  4.017    0  0.000  0.545     0.00     0.00     0.00     0.00     0.00 -1 -5.37e-08      0.00 7.092e-01 2.755e-01 2.746e-03 7.408e-04 6.719e-03 -1.000 1.527e-02 -7.247 -4.135 -4.297 -3.827
0.0152 0.01508 6.60000 21.8668537140 2.6310193522   21.641  4.879  4.5362  3.992    0  0.000  0.545     0.00     0.00     0.00     0.00     0.00 -1 -7.42e-08      0.00 7.092e-01 2.755e-01 2.746e-03 7.408e-04 6.719e-03 -1.000 1.527e-02 -7.426 -4.287 -4.450 -3.976
0.0152 0.01508 6.60000 23.0092411041 2.6312063057   22.717  4.944  4.5410  3.966    0  0.000  0.545     0.00     0.00     0.00     0.00     0.00 -1 -9.95e-08      0.00 7.092e-01 2.755e-01 2.746e-03 7.408e-04 6.719e-03 -1.000 1.527e-02 -7.591 -4.433 -4.597 -4.121
0.0152 0.01508 6.60000 24.0000000000 2.6313519822   23.642  4.999  4.5445  3.942    0  0.000  0.545     0.00     0.00     0.00     0.00     0.00 -1 -1.27e-07      0.00 7.092e-01 2.755e-01 2.746e-03 7.408e-04 6.719e-03 -1.000 1.527e-02 -7.727 -4.547 -4.713 -4.229
0.0152 0.01508 6.60000 25.0117340088 2.6314871300   24.562  5.049  4.5469  3.919    0  0.000  0.545     0.00     0.00     0.00     0.00     0.00 -1 -1.57e-07      0.00 7.092e-01 2.755e-01 2.746e-03 7.408e-04 6.719e-03 -1.000 1.527e-02 -7.852 -4.658 -4.824 -4.341
0.0152 0.01508 6.60000 26.3268432617 2.6316450730   25.742  5.110  4.5491  3.887    0  0.000  0.545     0.00     0.00     0.00     0.00     0.00 -1 -2.04e-07      0.00 7.092e-01 2.755e-01 2.746e-03 7.408e-04 6.719e-03 -1.000 1.527e-02 -8.006 -4.804 -4.969 -4.489
0.0152 0.01508 6.60000 28.0000000000 2.6318215644   27.220  5.186  4.5502  3.840    0  0.000  0.545     0.00     0.00     0.00     0.00     0.00 -1 -2.78e-07      0.00 7.092e-01 2.755e-01 2.746e-03 7.408e-04 6.719e-03 -1.000 1.527e-02 -8.194 -4.998 -5.162 -4.687
0.0152 0.01508 6.60000 28.0804042816 2.6318294387   27.290  5.189  4.5502  3.838    0  0.000  0.545     0.00     0.00     0.00     0.00     0.00 -1 -2.82e-07      0.00 7.092e-01 2.755e-01 2.746e-03 7.408e-04 6.719e-03 -1.000 1.527e-02 -8.202 -5.007 -5.171 -4.696
0.0152 0.01508 6.60000 29.8156833649 2.6319875521   28.774  5.259  4.5488  3.785    0  0.000  0.545     0.00     0.00     0.00     0.00     0.00 -1 -3.75e-07      0.00 7.092e-01 2.755e-01 2.746e-03 7.408e-04 6.719e-03 -1.000 1.527e-02 -8.378 -5.207 -5.370 -4.900
0.0152 0.01508 6.60000 30.0000000000 2.6320031152   28.933  5.266  4.5486  3.779    0  0.000  0.545     0.00     0.00     0.00     0.00     0.00 -1 -3.86e-07      0.00 7.092e-01 2.755e-01 2.746e-03 7.408e-04 6.719e-03 -1.000 1.527e-02 -8.396 -5.229 -5.391 -4.922
0.0152 0.01508 6.60000 30.7612991333 2.6320651304   29.569  5.294  4.5473  3.756    0  0.000  0.545     0.00     0.00     0.00     0.00     0.00 -1 -4.29e-07      0.00 7.092e-01 2.755e-01 2.746e-03 7.408e-04 6.719e-03 -1.000 1.527e-02 -8.466 -5.313 -5.475 -5.009
0.0152 0.01508 6.60000 32.5093116760 2.6321949673   31.005  5.356  4.5425  3.696    0  0.000  0.545     0.00     0.00     0.00     0.00     0.00 -1 -5.36e-07      0.00 7.092e-01 2.755e-01 2.746e-03 7.408e-04 6.719e-03 -1.000 1.527e-02 -8.620 -5.513 -5.672 -5.213
0.0152 0.01508 6.60000 34.4645233154 2.6323223994   32.569  5.422  4.5340  3.617    0  0.000  0.545     0.00     0.00     0.00     0.00     0.00 -1  -6.7e-07      0.00 7.092e-01 2.755e-01 2.746e-03 7.408e-04 6.719e-03 -1.000 1.527e-02 -8.784 -5.745 -5.903 -5.450
0.0152 0.01508 6.60000 35.0000000000 2.6323544560   32.991  5.439  4.5310  3.593    0  0.000  0.545     0.00     0.00     0.00     0.00     0.00 -1 -7.08e-07      0.00 7.092e-01 2.755e-01 2.746e-03 7.408e-04 6.719e-03 -1.000 1.527e-02 -8.828 -5.811 -5.968 -5.517
0.0152 0.01508 6.60000 36.4511260986 2.6324359095   34.097  5.482  4.5216  3.527    0  0.000  0.545     0.00     0.00     0.00     0.00     0.00 -1 -7.96e-07      0.00 7.092e-01 2.755e-01 2.746e-03 7.408e-04 6.719e-03 -1.000 1.527e-02 -8.935 -5.986 -6.142 -5.694
0.0152 0.01508 6.60000 37.5979309082 2.6324951918   34.955  5.515  4.5129  3.470    0  0.000  0.545     0.00     0.00     0.00     0.00     0.00 -1  -8.6e-07      0.00 7.092e-01 2.755e-01 2.746e-03 7.408e-04 6.719e-03 -1.000 1.527e-02 -9.017 -6.126 -6.281 -5.835
0.0152 0.01508 6.60000 38.7216262817 2.6325493799   35.784  5.546  4.5029  3.409    0  0.000  0.545     0.00     0.00     0.00     0.00     0.00 -1 -9.11e-07      0.00 7.092e-01 2.755e-01 2.746e-03 7.408e-04 6.719e-03 -1.000 1.527e-02 -9.096 -6.263 -6.418 -5.974
0.0152 0.01508 6.60000 39.7577133179 2.6325962347   36.540  5.575  4.4922  3.347    0  0.000  0.545     0.00     0.00     0.00     0.00     0.00 -1 -9.44e-07      0.00 7.092e-01 2.755e-01 2.746e-03 7.408e-04 6.719e-03 -1.000 1.527e-02 -9.166 -6.392 -6.545 -6.105
0.0152 0.01508 6.60000 40.0000000000 2.6326067896   36.719  5.581  4.4894  3.331    0  0.000  0.545     0.00     0.00     0.00     0.00     0.00 -1 -9.48e-07      0.00 7.092e-01 2.755e-01 2.746e-03 7.408e-04 6.719e-03 -1.000 1.527e-02 -9.183 -6.424 -6.577 -6.138
0.0152 0.01508 6.60000 40.7502632141 2.6326385605   37.262  5.600  4.4798  3.280    0  0.000  0.545     0.00     0.00     0.00     0.00     0.00 -1 -9.47e-07      0.00 7.092e-01 2.755e-01 2.746e-03 7.408e-04 6.719e-03 -1.000 1.527e-02 -9.231 -6.526 -6.678 -6.244
0.0152 0.01508 6.60000 41.6383361816 2.6326744706   37.903  5.623  4.4673  3.215    0  0.000  0.545     0.00     0.00     0.00     0.00     0.00 -1 -9.35e-07      0.00 7.092e-01 2.755e-01 2.746e-03 7.408e-04 6.719e-03 -1.000 1.527e-02 -9.288 -6.673 -6.820 -6.401
0.0152 0.01508 6.60000 42.4421310425 2.6327054873   38.483  5.643  4.4549  3.152    0  0.000  0.545     0.00     0.00     0.00     0.00     0.00 -1 -9.09e-07      0.00 7.092e-01 2.755e-01 2.746e-03 7.408e-04 6.719e-03 -1.000 1.527e-02 -9.338 -6.839 -6.981 -6.583
0.0152 0.01508 6.60000 43.2355003357 2.6327348047   39.055  5.662  4.4416  3.086    0  0.000  0.545     0.00     0.00     0.00     0.00     0.00 -1 -8.59e-07      0.00 7.092e-01 2.755e-01 2.746e-03 7.408e-04 6.719e-03 -1.000 1.527e-02 -9.386 -7.001 -7.138 -6.756
0.0152 0.01508 6.60000 44.0178375244 2.6327625276   39.620  5.681  4.4273  3.016    0  0.000  0.545     0.00     0.00     0.00     0.00     0.00 -1 -8.02e-07      0.00 7.092e-01 2.755e-01 2.746e-03 7.408e-04 6.719e-03 -1.000 1.527e-02 -9.433 -7.150 -7.284 -6.911
0.0152 0.01508 6.60000 44.7211608887 2.6327865007   40.129  5.698  4.4133  2.949    0  0.000  0.545     0.00     0.00     0.00     0.00     0.00 -1 -7.32e-07      0.00 7.092e-01 2.755e-01 2.746e-03 7.408e-04 6.719e-03 -1.000 1.527e-02 -9.475 -7.250 -7.382 -7.014
0.0152 0.01508 6.60000 45.0000000000 2.6327957669   40.289  5.704  4.4069  2.918    0  0.000  0.545     0.00     0.00     0.00     0.00     0.00 -1 -1.28e-06      0.00 7.092e-01 2.755e-01 2.746e-03 7.408e-04 6.719e-03 -1.000 1.527e-02 -9.491 -7.227 -7.357 -7.000
0.0152 0.01508 6.60000 45.3019752502 2.6328056541   40.428  5.711  4.3992  2.883    0  0.000  0.545     0.00     0.00     0.00     0.00     0.00 -1 -2.48e-06      0.00 7.092e-01 2.755e-01 2.746e-03 7.408e-04 6.719e-03 -1.000 1.527e-02 -9.507 -7.301 -7.427 -7.083
0.0152 0.01508 6.60000 45.8274841309 2.6328225034   40.597  5.721  4.3834  2.811    0  0.000  0.545     0.00     0.00     0.00     0.00     0.00 -1 -2.87e-06      0.00 7.092e-01 2.755e-01 2.745e-03 7.408e-04 6.719e-03 -1.000 1.527e-02 -9.533 -7.417 -7.539 -7.208
0.0152 0.01508 6.60000 46.3496093750 2.6328388098   40.702  5.731  4.3653  2.729    0  0.000  0.545     0.00     0.00     0.00     0.00     0.00 -1 -5.18e-06      0.00 7.092e-01 2.755e-01 2.745e-03 7.409e-04 6.719e-03 -1.000 1.527e-02 -9.559 -7.563 -7.682 -7.363
0.0152 0.01508 6.60000 46.7915229797 2.6328522846   40.748  5.740  4.3472  2.649    0  0.000  0.545     0.00     0.00     0.00     0.00     0.00 -1 -1.03e-05      0.00 7.092e-01 2.755e-01 2.744e-03 7.409e-04 6.719e-03 -1.000 1.527e-02 -9.580 -7.685 -7.802 -7.487
0.0152 0.01508 6.60000 47.1398887634 2.6328627024   40.755  5.747  4.3305  2.575    0  0.000  0.545     0.00     0.00     0.00     0.00     0.00 -1 -1.04e-05      0.00 7.092e-01 2.755e-01 2.744e-03 7.409e-04 6.719e-03 -1.000 1.527e-02 -9.597 -7.805 -7.916 -7.620
0.0152 0.01508 6.60000 47.5323371887 2.6328742284   40.759  5.754  4.3100  2.486    0  0.000  0.544     0.00     0.00     0.00     0.00     0.00 -1 -1.05e-05      0.00 7.092e-01 2.755e-01 2.743e-03 7.410e-04 6.719e-03 -1.000 1.527e-02 -9.616 -7.928 -8.034 -7.755
0.0152 0.01508 6.60000 47.8998718262 2.6328848260   40.516  5.760  4.2829  2.369    0  0.000  0.543     0.00     0.00     0.00     0.00     0.00 -1 -1.45e-05      0.00 7.092e-01 2.755e-01 2.736e-03 7.418e-04 6.719e-03 -1.000 1.527e-02 -9.631 -7.926 -8.032 -7.741
0.0152 0.01508 6.60000 48.1875305176 2.6328929909   40.030  5.764  4.2511  2.232    0  0.000  0.537     0.00     0.00     0.00     0.00     0.00 -1 -1.95e-05      0.00 7.092e-01 2.756e-01 2.699e-03 7.653e-04 6.712e-03 -1.000 1.527e-02 -9.641 -8.107 -8.204 -7.939
0.0152 0.01508 6.60000 48.5120315552 2.6329020679   39.401  5.769  4.2403  2.178    0  0.000  0.436     0.00     0.00     0.00     0.00     0.00 -1 -2.13e-05      0.00 6.986e-01 2.861e-01 2.085e-03 2.550e-03 5.523e-03 -1.000 1.523e-02 -9.652 -8.175 -8.270 -8.013
0.0152 0.01508 6.60000 48.8155136108 2.6329104315   38.593  5.772  4.2593  2.241    0  0.000  0.430     0.00     0.00     0.00     0.00     0.00 -1 -1.15e-05      0.00 6.729e-01 3.119e-01 1.773e-03 3.835e-03 4.495e-03 -1.000 1.515e-02 -9.661 -8.083 -8.183 -7.912
0.0152 0.01508 6.60000 49.1000938416 2.6329181663   38.219  5.777  4.2552  2.216    0  0.000  0.451     0.00     0.00     0.00     0.00     0.00 -1 -1.33e-05      0.00 6.612e-01 3.237e-01 1.704e-03 4.135e-03 4.246e-03 -1.000 1.513e-02 -9.672 -8.116 -8.214 -7.946
0.0152 0.01508 6.60000 49.3654747009 2.6329252870   37.564  5.779  4.2301  2.107    0  0.000  0.456     0.00     0.00     0.00     0.00     0.00 -1 -3.95e-05      0.00 6.549e-01 3.300e-01 1.635e-03 4.358e-03 4.077e-03 -1.000 1.512e-02 -9.677 -8.255 -8.346 -8.097
0.0152 0.01508 6.60000 49.6136932373 2.6329318679   36.779  5.781  4.1885  1.928    0  0.000  0.458     0.00     0.00     0.00     0.00     0.00 -1    -4e-05      0.00 6.493e-01 3.356e-01 1.560e-03 4.565e-03 3.922e-03 -1.000 1.511e-02 -9.683 -8.490 -8.569 -8.356
0.0152 0.01508 6.60000 49.7063140869 2.6329343041   36.482  5.782  4.1700  1.850    0  0.000  0.457     0.00     0.00     0.00     0.00     0.00 -1 -4.27e-05      0.00 6.474e-01 3.374e-01 1.529e-03 4.642e-03 3.866e-03 -1.000 1.511e-02 -9.686 -8.592 -8.663 -8.472
0.0152 0.01508 6.60000 49.7599296570 2.6329357097   36.316  5.783  4.1587  1.802    0  0.000  0.457     0.00     0.00     0.00     0.00     0.00 -1 -4.19e-05      0.00 6.464e-01 3.385e-01 1.509e-03 4.687e-03 3.834e-03 -1.000 1.511e-02 -9.687 -8.651 -8.717 -8.545
0.0152 0.01508 6.60000 49.8145217896 2.6329371372   36.152  5.784  4.1467  1.751    0  0.000  0.456     0.00     0.00     0.00     0.00     0.00 -1 -4.13e-05      0.00 6.453e-01 3.396e-01 1.488e-03 4.733e-03 3.801e-03 -1.000 1.511e-02 -9.689 -8.715 -8.776 -8.622
0.0152 0.01508 6.60000 49.8702201843 2.6329385900   35.988  5.784  4.1340  1.698    0  0.000  0.455     0.00     0.00     0.00     0.00     0.00 -1 -4.08e-05      0.00 6.441e-01 3.408e-01 1.466e-03 4.780e-03 3.767e-03 -1.000 1.511e-02 -9.691 -8.791 -8.849 -8.701
0.0152 0.01508 6.60000 49.9128036499 2.6329396981   35.867  5.785  4.1240  1.656    0  0.000  0.453     0.00     0.00     0.00     0.00     0.00 -1    -4e-05      0.00 6.432e-01 3.417e-01 1.448e-03 4.816e-03 3.742e-03 -1.000 1.510e-02 -9.692 -8.852 -8.909 -8.763
0.0152 0.01508 6.60000 49.9707489014 2.6329412026   35.708  5.786  4.1099  1.597    0  0.000  0.452     0.00     0.00     0.00     0.00     0.00 -1 -3.93e-05      0.00 6.420e-01 3.429e-01 1.422e-03 4.866e-03 3.707e-03 -1.000 1.510e-02 -9.694 -8.937 -8.991 -8.850
0.0152 0.01508 6.60000 50.0000000000 2.6329419605   35.632  5.786  4.1026  1.566    0  0.000  0.451     0.00     0.00     0.00     0.00     0.00 -1 -3.91e-05      0.00 6.414e-01 3.435e-01 1.409e-03 4.892e-03 3.689e-03 -1.000 1.510e-02 -9.695 -8.978 -9.029 -8.895
0.0152 0.01508 6.60000 50.0009880066 2.6329419861   35.631  5.786  4.1024  1.566    0  0.000  0.451     0.00     0.00     0.00     0.00     0.00 -1 -3.91e-05      0.00 6.414e-01 3.435e-01 1.409e-03 4.893e-03 3.688e-03 -1.000 1.510e-02 -9.695 -8.979 -9.030 -8.896
0.0152 0.01508 6.60000 50.0438232422 2.6329430942   35.543  5.787  4.0946  1.533    0  0.000  0.451     0.00     0.00     0.00     0.00     0.00 -1 -3.79e-05      0.00 6.400e-01 3.449e-01 1.388e-03 4.939e-03 3.656e-03 -1.000 1.510e-02 -9.696 -9.023 -9.071 -8.945
0.0152 0.01508 6.60000 50.0880050659 2.6329442347   35.458  5.787  4.0866  1.499    0  0.000  0.452     0.00     0.00     0.00     0.00     0.00 -1 -3.72e-05      0.00 6.385e-01 3.464e-01 1.366e-03 4.987e-03 3.622e-03 -1.000 1.510e-02 -9.698 -9.067 -9.113 -8.994
0.0152 0.01508 6.60000 50.1336364746 2.6329454103   35.374  5.788  4.0789  1.466    0  0.000  0.452     0.00     0.00     0.00     0.00     0.00 -1  -3.6e-05      0.00 6.370e-01 3.479e-01 1.344e-03 5.036e-03 3.588e-03 -1.000 1.509e-02 -9.700 -9.109 -9.151 -9.042
0.0152 0.01508 6.60000 50.1808242798 2.6329466234   35.290  5.789  4.0725  1.439    0  0.000  0.453     0.00     0.00     0.00     0.00     0.00 -1 -3.53e-05      0.00 6.354e-01 3.495e-01 1.320e-03 5.088e-03 3.552e-03 -1.000 1.509e-02 -9.702 -9.135 -9.172 -9.082
0.0152 0.01508 6.60000 50.2294120789 2.6329478697   35.205  5.789  4.0673  1.416    0  0.000  0.399     0.00     0.00     0.00     0.00     0.00 -1 -3.42e-05      0.00 6.334e-01 3.514e-01 1.025e-03 5.548e-03 3.444e-03 -1.000 1.515e-02 -9.704 -9.160 -9.194 -9.115
0.0152 0.01508 6.60000 50.3046836853 2.6329497951   35.076  5.791  4.0712  1.429    0  0.000  0.199     0.00     0.00     0.00     0.00     0.00 -1 -3.35e-05      0.00 6.271e-01 3.577e-01 6.452e-05 7.526e-03 2.582e-03 -1.000 1.520e-02 -9.707 -9.145 -9.181 -9.095
0.0152 0.01508 6.60000 50.3546714783 2.6329510701   34.890  5.791  4.0966  1.528    0  0.000  0.238     0.00     0.00     0.00     0.00     0.00 -1 -3.51e-05      0.00 6.139e-01 3.710e-01 6.879e-05 8.043e-03 1.986e-03 -1.000 1.514e-02 -9.707 -9.023 -9.072 -8.944
0.0152 0.01508 6.60000 50.3786392212 2.6329516803   34.821  5.791  4.1067  1.567    0  0.000  0.250     0.00     0.00     0.00     0.00     0.00 -1 -3.62e-05      0.00 6.095e-01 3.754e-01 7.008e-05 8.202e-03 1.802e-03 -1.000 1.514e-02 -9.708 -8.969 -9.021 -8.883
0.0152 0.01508 6.60000 50.4018363953 2.6329522704   34.779  5.792  4.1133  1.593    0  0.000  0.254     0.00     0.00     0.00     0.00     0.00 -1 -3.65e-05      0.00 6.074e-01 3.775e-01 7.123e-05 8.344e-03 1.639e-03 -1.000 1.509e-02 -9.709 -8.932 -8.987 -8.844
0.0152 0.01508 6.60000 50.4242820740 2.6329528407   34.738  5.792  4.1211  1.623    0  0.000  0.258     0.00     0.00     0.00     0.00     0.00 -1 -3.68e-05      0.00 6.051e-01 3.798e-01 7.229e-05 8.474e-03 1.489e-03 -1.000 1.509e-02 -9.710 -8.888 -8.944 -8.798
0.0152 0.01508 6.60000 50.4460258484 2.6329533926   34.698  5.792  4.1273  1.647    0  0.000  0.262     0.00     0.00     0.00     0.00     0.00 -1 -3.76e-05      0.00 6.031e-01 3.818e-01 7.316e-05 8.582e-03 1.364e-03 -1.000 1.503e-02 -9.711 -8.851 -8.908 -8.761
0.0152 0.01508 6.60000 50.5073776245 2.6329549469   34.581  5.793  4.1374  1.685    0  0.000  0.272     0.00     0.00     0.00     0.00     0.00 -1 -3.81e-05      0.00 5.985e-01 3.865e-01 7.448e-05 8.761e-03 1.159e-03 -1.000 1.503e-02 -9.713 -8.792 -8.851 -8.702
0.0152 0.01508 6.60000 50.5272216797 2.6329554488   34.542  5.793  4.1436  1.709    0  0.000  0.276     0.00     0.00     0.00     0.00     0.00 -1 -3.84e-05      0.00 5.964e-01 3.886e-01 7.512e-05 8.841e-03 1.066e-03 -1.000 1.503e-02 -9.713 -8.757 -8.817 -8.665
0.0152 0.01508 6.60000 50.5464477539 2.6329559345   34.503  5.794  4.1495  1.732    0  0.000  0.280     0.00     0.00     0.00     0.00     0.00 -1 -3.92e-05      0.00 5.943e-01 3.907e-01 7.570e-05 8.915e-03 9.818e-04 -1.000 1.498e-02 -9.714 -8.724 -8.786 -8.630
0.0152 0.01508 6.60000 50.5650596619 2.6329564044   34.465  5.794  4.1551  1.754    0  0.000  0.285     0.00     0.00     0.00     0.00     0.00 -1 -3.95e-05      0.00 5.923e-01 3.928e-01 7.621e-05 8.979e-03 9.076e-04 -1.000 1.498e-02 -9.715 -8.696 -8.761 -8.595
0.0152 0.01508 6.60000 50.6006393433 2.6329573014   34.391  5.794  4.1653  1.793    0  0.000  0.293     0.00     0.00     0.00     0.00     0.00 -1 -4.02e-05      0.00 5.883e-01 3.967e-01 7.702e-05 9.083e-03 7.879e-04 -1.000 1.498e-02 -9.716 -8.646 -8.715 -8.532
0.0152 0.01508 6.60000 50.6342544556 2.6329581476   34.316  5.795  4.1719  1.818    0  0.000  0.301     0.00     0.00     0.00     0.00     0.00 -1 -4.08e-05      0.00 5.852e-01 3.998e-01 7.747e-05 9.151e-03 7.113e-04 -1.000 1.498e-02 -9.717 -8.613 -8.686 -8.492
0.0152 0.01508 6.60000 50.6664619446 2.6329589572   34.245  5.795  4.1783  1.843    0  0.000  0.309     0.00     0.00     0.00     0.00     0.00 -1  -4.1e-05      0.00 5.820e-01 4.030e-01 7.788e-05 9.211e-03 6.415e-04 -1.000 1.498e-02 -9.718 -8.580 -8.656 -8.453
0.0152 0.01508 6.60000 50.6821861267 2.6329593520   34.209  5.796  4.1843  1.866    0  0.000  0.315     0.00     0.00     0.00     0.00     0.00 -1 -4.14e-05      0.00 5.796e-01 4.054e-01 7.824e-05 9.253e-03 5.938e-04 -1.000 1.498e-02 -9.719 -8.548 -8.625 -8.417
0.0152 0.01508 6.60000 50.6975631714 2.6329597378   34.174  5.796  4.1903  1.889    0  0.000  0.322     0.00     0.00     0.00     0.00     0.00 -1 -4.22e-05      0.00 5.772e-01 4.079e-01 7.860e-05 9.294e-03 5.460e-04 -1.000 1.493e-02 -9.719 -8.516 -8.595 -8.380
0.0152 0.01508 6.60000 50.7268028259 2.6329604707   34.103  5.796  4.1984  1.920    0  0.000  0.333     0.00     0.00     0.00     0.00     0.00 -1 -4.29e-05      0.00 5.734e-01 4.116e-01 7.899e-05 9.347e-03 4.855e-04 -1.000 1.498e-02 -9.720 -8.472 -8.553 -8.332
0.0152 0.01508 6.60000 50.7545127869 2.6329611644   34.034  5.796  4.2040  1.942    0  0.000  0.343     0.00     0.00     0.00     0.00     0.00 -1 -4.31e-05      0.00 5.703e-01 4.148e-01 7.920e-05 9.384e-03 4.439e-04 -1.000 1.493e-02 -9.721 -8.441 -8.525 -8.298
0.0152 0.01508 6.60000 50.7942428589 2.6329621574   33.933  5.797  4.2129  1.976    0  0.000  0.360     0.00     0.00     0.00     0.00     0.00 -1 -4.43e-05      0.00 5.652e-01 4.198e-01 7.949e-05 9.431e-03 3.896e-04 -1.000 1.497e-02 -9.722 -8.394 -8.480 -8.246
0.0152 0.01508 6.60000 50.8319091797 2.6329630972   33.834  5.797  4.2190  1.998    0  0.000  0.374     0.00     0.00     0.00     0.00     0.00 -1 -4.44e-05      0.00 5.613e-01 4.238e-01 7.955e-05 9.461e-03 3.555e-04 -1.000 1.497e-02 -9.723 -8.361 -8.450 -8.210
0.0152 0.01508 6.60000 50.8561363220 2.6329637009   33.770  5.797  4.2245  2.019    0  0.000  0.386     0.00     0.00     0.00     0.00     0.00 -1 -4.47e-05      0.00 5.580e-01 4.271e-01 7.968e-05 9.484e-03 3.301e-04 -1.000 1.492e-02 -9.724 -8.332 -8.422 -8.177
0.0152 0.01508 6.60000 50.8795776367 2.6329642843   33.704  5.798  4.2310  2.044    0  0.000  0.401     0.00     0.00     0.00     0.00     0.00 -1 -4.54e-05      0.00 5.543e-01 4.308e-01 7.984e-05 9.505e-03 3.051e-04 -1.000 1.492e-02 -9.724 -8.297 -8.389 -8.139
0.0152 0.01508 6.60000 50.9130058289 2.6329651152   33.609  5.798  4.2362  2.063    0  0.000  0.415     0.00     0.00     0.00     0.00     0.00 -1 -4.61e-05      0.00 5.507e-01 4.344e-01 7.978e-05 9.523e-03 2.852e-04 -1.000 1.492e-02 -9.725 -8.270 -8.363 -8.110
0.0152 0.01508 6.60000 50.9345512390 2.6329656501   33.548  5.798  4.2417  2.084    0  0.000  0.430     0.00     0.00     0.00     0.00     0.00 -1 -4.64e-05      0.00 5.472e-01 4.379e-01 7.988e-05 9.538e-03 2.683e-04 -1.000 1.492e-02 -9.726 -8.242 -8.336 -8.078
0.0152 0.01508 6.60000 50.9554405212 2.6329661682   33.485  5.799  4.2483  2.110    0  0.000  0.447     0.00     0.00     0.00     0.00     0.00 -1 -4.71e-05      0.00 5.433e-01 4.418e-01 8.002e-05 9.552e-03 2.522e-04 -1.000 1.492e-02 -9.726 -8.207 -8.304 -8.040
0.0152 0.01508 6.60000 50.9754524231 2.6329666641   33.417  5.799  4.2558  2.138    0  0.000  0.466     0.00     0.00     0.00     0.00     0.00 -1 -5.09e-05      0.00 5.388e-01 4.463e-01 8.014e-05 9.564e-03 2.387e-04 -1.000 1.492e-02 -9.727 -8.168 -8.266 -7.998
0.0152 0.01508 6.60000 51.0040130615 2.6329673711   33.305  5.799  4.2646  2.172    0  0.000  0.485     0.00     0.00     0.00     0.00     0.00 -1 -6.54e-05      0.00 5.330e-01 4.521e-01 7.998e-05 9.574e-03 2.279e-04 -1.000 1.493e-02 -9.727 -8.122 -8.222 -7.948
0.0152 0.01508 6.60000 51.0224418640 2.6329678267   33.244  5.799  4.2693  2.190    0  0.000  0.499     0.00     0.00     0.00     0.00     0.00 -1 -6.49e-05      0.00 5.296e-01 4.555e-01 8.003e-05 9.581e-03 2.196e-04 -1.000 1.493e-02 -9.727 -8.097 -8.199 -7.921
0.0152 0.01508 6.60000 51.0403366089 2.6329682688   33.185  5.799  4.2746  2.210    0  0.000  0.514     0.00     0.00     0.00     0.00     0.00 -1 -6.44e-05      0.00 5.260e-01 4.590e-01 8.010e-05 9.588e-03 2.122e-04 -1.000 1.493e-02 -9.727 -8.069 -8.173 -7.891
0.0152 0.01508 6.60000 51.0575942993 2.6329686949   33.126  5.799  4.2797  2.230    0  0.000  0.529     0.00     0.00     0.00     0.00     0.00 -1 -6.46e-05      0.00 5.225e-01 4.626e-01 8.018e-05 9.594e-03 2.057e-04 -1.000 1.493e-02 -9.728 -8.042 -8.147 -7.862
0.0152 0.01508 6.60000 51.0938262939 2.6329695882   33.026  5.800  4.2867  2.256    0  0.000  0.551     0.00     0.00     0.00     0.00     0.00 -1 -6.27e-05      0.00 5.166e-01 4.684e-01 8.025e-05 9.602e-03 1.973e-04 -1.000 1.493e-02 -9.729 -7.999 -8.106 -7.810
0.0152 0.01508 6.60000 51.2040863037 2.6329722980   32.938  5.802  4.2880  2.258    0  0.000  0.570     0.00     0.00     0.00     0.00     0.00 -1 -1.83e-05      0.00 5.108e-01 4.742e-01 8.034e-05 9.607e-03 1.910e-04 -1.000 1.493e-02 -9.734 -7.996 -8.104 -7.805
0.0152 0.01508 6.60000 51.4900093079 2.6329792626   32.756  5.807  4.3028  2.310    0  0.000  0.623     0.00     0.00     0.00     0.00     0.00 -1 -1.75e-05      0.00 4.922e-01 4.929e-01 8.061e-05 9.622e-03 1.739e-04 -1.000 1.492e-02 -9.747 -7.481 -7.615 -7.253
0.0152 0.01508 6.60000 51.8754501343 2.6329885117   32.650  5.814  4.2993  2.287    0  0.000  0.646     0.00     0.00     0.00     0.00     0.00 -1  -1.8e-05      0.00 4.825e-01 5.026e-01 8.099e-05 9.628e-03 1.679e-04 -1.000 1.492e-02 -9.765 -7.954 -8.066 -7.750
0.0152 0.01508 6.60000 52.0091247559 2.6329916826   32.542  5.816  4.3151  2.347    0  0.000  0.670     0.00     0.00     0.00     0.00     0.00 -1 -1.91e-05      0.00 4.690e-01 5.161e-01 8.109e-05 9.633e-03 1.622e-04 -1.000 1.492e-02 -9.770 -7.493 -7.628 -7.264
0.0152 0.01508 6.60000 52.4711952209 2.6330025004   32.348  5.825  4.3254  2.377    0  0.000  0.698     0.00     0.00     0.00     0.00     0.00 -1 -2.07e-05      0.00 4.501e-01 5.350e-01 8.155e-05 9.639e-03 1.566e-04 -1.000 1.493e-02 -9.791 -7.505 -7.640 -7.275
0.0152 0.01508 6.60000 53.1463203430 2.6330179178   32.058  5.838  4.3413  2.423    0  0.000  0.732     0.00     0.00     0.00     0.00     0.00 -1 -2.32e-05      0.00 4.257e-01 5.594e-01 8.223e-05 9.647e-03 1.503e-04 -1.000 1.493e-02 -9.825 -7.527 -7.661 -7.300
0.0152 0.01508 6.60000 53.5839729309 2.6330276739   31.823  5.850  4.3660  2.506    0  0.000  0.746     0.00     0.00     0.00     0.00     0.00 -1 -2.66e-05      0.00 4.142e-01 5.709e-01 8.278e-05 9.648e-03 1.482e-04 -1.000 1.491e-02 -9.856 -7.557 -7.691 -7.335
0.0152 0.01508 6.60000 53.6356658936 2.6330288142   31.787  5.857  4.3841  2.572    0  0.000  0.748     0.00     0.00     0.00     0.00     0.00 -1 -2.63e-05      0.00 4.126e-01 5.725e-01 8.285e-05 9.648e-03 1.480e-04 -1.000 1.496e-02 -9.872 -7.576 -7.708 -7.355
0.0152 0.01508 6.60000 53.6595230103 2.6330293396   31.772  5.868  4.4124  2.673    0  0.000  0.748     0.00     0.00     0.00     0.00     0.00 -1  -1.6e-05      0.00 4.119e-01 5.732e-01 8.288e-05 9.648e-03 1.479e-04 -1.000 1.493e-02 -9.901 -7.548 -7.685 -7.315
0.0152 0.01508 6.60000 53.6640663147 2.6330294396   31.771  5.873  4.4230  2.711    0  0.000  0.748     0.00     0.00     0.00     0.00     0.00 -1 -1.73e-05      0.00 4.118e-01 5.733e-01 8.289e-05 9.648e-03 1.479e-04 -1.000 1.491e-02 -9.911 -7.523 -7.660 -7.288
0.0152 0.01508 6.60000 53.6652145386 2.6330294648   31.770  5.874  4.4254  2.720    0  0.000  0.748     0.00     0.00     0.00     0.00     0.00 -1 -1.75e-05      0.00 4.118e-01 5.733e-01 8.289e-05 9.648e-03 1.479e-04 -1.000 1.491e-02 -9.914 -7.517 -7.655 -7.282
0.0152 0.01508 6.60000 53.6693496704 2.6330295558   31.768  5.878  4.4335  2.748    1  0.000  0.749     0.00     0.00     0.00     0.00     0.00 -1 -1.86e-05      0.00 4.117e-01 5.734e-01 8.289e-05 9.648e-03 1.479e-04 -1.000 1.492e-02 -9.924 -7.501 -7.640 -7.266
0.0152 0.01508 6.60000 53.6743278503 2.6330296653   31.765  5.882  4.4419  2.778    1  0.000  0.749     0.00     0.00     0.00     0.00     0.00 -1 -1.84e-05      0.00 4.116e-01 5.735e-01 8.290e-05 9.648e-03 1.478e-04 -1.000 1.492e-02 -9.935 -7.483 -7.622 -7.245
0.0152 0.01508 6.60000 53.6796379089 2.6330297821   31.763  5.887  4.4494  2.803    1  0.000  0.749     0.00     0.00     0.00     0.00     0.00 -1  -9.3e-06      0.00 4.115e-01 5.736e-01 8.290e-05 9.648e-03 1.478e-04 -1.000 1.495e-02 -9.947 -7.451 -7.594 -7.198
0.0152 0.01508 6.60000 53.6869812012 2.6330299436   31.762  5.891  4.4533  2.814    1  0.000  0.749     0.00     0.00     0.00     0.00     0.00 -1 -7.71e-06      0.00 4.114e-01 5.737e-01 8.291e-05 9.648e-03 1.478e-04 -1.000 1.496e-02 -9.958 -7.440 -7.585 -7.185
0.0152 0.01508 6.60000 53.7056388855 2.6330303536   31.759  5.899  4.4428  2.764    1  0.000  0.750     0.00     0.00     0.00     0.00     0.00 -1 -1.45e-05      0.00 4.110e-01 5.740e-01 8.293e-05 9.648e-03 1.477e-04 -1.000 1.496e-02 -9.977 -7.512 -7.654 -7.269
0.0152 0.01508 6.60000 53.7100448608 2.6330304504   31.756  5.900  4.4300  2.712    1  0.000  0.750     0.00     0.00     0.00     0.00     0.00 -1 -2.17e-05      0.00 4.109e-01 5.742e-01 8.294e-05 9.648e-03 1.477e-04 -1.000 1.493e-02 -9.979 -7.573 -7.710 -7.342
0.0152 0.01508 6.60000 53.7130737305 2.6330305169   31.754  5.900  4.4178  2.663    1  0.000  0.750     0.00     0.00     0.00     0.00     0.00 -1 -2.09e-05      0.00 4.108e-01 5.743e-01 8.294e-05 9.648e-03 1.477e-04 -1.000 1.493e-02 -9.980 -7.614 -7.750 -7.384
0.0152 0.01508 6.60000 53.7162361145 2.6330305864   31.745  5.901  4.4024  2.600    1  0.000  0.750     0.00     0.00     0.00     0.00     0.00 -1 -3.22e-05      0.00 4.104e-01 5.747e-01 8.295e-05 9.648e-03 1.476e-04 -1.000 1.494e-02 -9.983 -7.689 -7.819 -7.475
0.0152 0.01508 6.60000 53.7177848816 2.6330306204   31.740  5.901  4.3931  2.563    1  0.000  0.750     0.00     0.00     0.00     0.00     0.00 -1 -3.57e-05      0.00 4.101e-01 5.749e-01 8.295e-05 9.648e-03 1.476e-04 -1.000 1.494e-02 -9.984 -7.703 -7.832 -7.493
0.0152 0.01508 6.60000 53.7193374634 2.6330306545   31.733  5.902  4.3826  2.520    1  0.000  0.751     0.00     0.00     0.00     0.00     0.00 -1  -3.5e-05      0.00 4.099e-01 5.752e-01 8.295e-05 9.648e-03 1.475e-04 -1.000 1.494e-02 -9.985 -7.699 -7.829 -7.485
0.0152 0.01508 6.60000 53.7208938599 2.6330306886   31.727  5.903  4.3701  2.469    1  0.000  0.751     0.00     0.00     0.00     0.00     0.00 -1 -3.36e-05      0.00 4.096e-01 5.755e-01 8.295e-05 9.648e-03 1.475e-04 -1.000 1.489e-02 -9.987 -7.693 -7.825 -7.476
0.0152 0.01508 6.60000 53.7224426270 2.6330307226   31.720  5.904  4.3557  2.410    1  0.000  0.751     0.00     0.00     0.00     0.00     0.00 -1 -3.15e-05      0.00 4.094e-01 5.757e-01 8.296e-05 9.648e-03 1.474e-04 -1.000 1.493e-02 -9.989 -7.690 -7.823 -7.469
0.0152 0.01508 6.60000 53.7239952087 2.6330307567   31.713  5.905  4.3397  2.345    1  0.000  0.751     0.00     0.00     0.00     0.00     0.00 -1 -6.48e-05      0.00 4.091e-01 5.760e-01 8.296e-05 9.648e-03 1.474e-04 -1.000 1.493e-02 -9.991 -7.746 -7.869 -7.557
0.0152 0.01508 6.60000 53.7255477905 2.6330307908   31.697  5.905  4.3246  2.284    1  0.000  0.752     0.00     0.00     0.00     0.00     0.00 -1 -0.000102      0.00 4.084e-01 5.767e-01 8.297e-05 9.649e-03 1.473e-04 -1.000 1.493e-02 -9.994 -7.792 -7.908 -7.623
0.0152 0.01508 6.60000 53.7271003723 2.6330308249   31.681  5.906  4.3082  2.217    1  0.000  0.752     0.00     0.00     0.00     0.00     0.00 -1  -0.00017      0.00 4.076e-01 5.774e-01 8.298e-05 9.649e-03 1.472e-04 -1.000 1.497e-02 -9.996 -7.832 -7.943 -7.678
0.0152 0.01508 6.60000 53.7286453247 2.6330308588   31.664  5.908  4.2885  2.137    1  0.000  0.753     0.00     0.00     0.00     0.00     0.00 -1  -0.00018      0.00 4.069e-01 5.782e-01 8.298e-05 9.649e-03 1.471e-04 -1.000 1.496e-02 -9.999 -8.257 -8.365 -8.066
0.0152 0.01508 6.60000 53.7301750183 2.6330308923   31.638  5.911  4.3171  2.247    1  0.000  0.766     0.00     0.00     0.00     0.00     0.00 -1 -0.000399      0.00 3.907e-01 5.944e-01 8.333e-05 9.653e-03 1.451e-04 -1.000 1.493e-02 -10.008 -7.899 -8.002 -7.765
0.0152 0.01508 6.60000 53.7339668274 2.6330309756   31.605  5.914  4.2625  2.026    1  0.000  0.766     0.00     0.00     0.00     0.00     0.00 -1 -8.93e-05      0.00 3.892e-01 5.959e-01 8.335e-05 9.653e-03 1.450e-04 -1.000 1.493e-02 -10.015 -8.420 -8.521 -8.247
0.0152 0.01508 6.60000 53.7354927063 2.6330310090   31.593  5.915  4.2314  1.900    1  0.000  0.767     0.00     0.00     0.00     0.00     0.00 -1 -8.21e-05      0.00 3.886e-01 5.964e-01 8.336e-05 9.653e-03 1.449e-04 -1.000 1.494e-02 -10.018 -8.589 -8.681 -8.431
0.0152 0.01508 6.60000 53.7370262146 2.6330310427   31.582  5.917  4.1972  1.762    1  0.000  0.767     0.00     0.00     0.00     0.00     0.00 -1 -7.39e-05      0.00 3.882e-01 5.969e-01 8.336e-05 9.653e-03 1.449e-04 -1.000 1.493e-02 -10.021 -8.779 -8.861 -8.640
0.0152 0.01508 6.60000 53.7385482788 2.6330310761   31.571  5.918  4.1636  1.626    1  0.000  0.767     0.00     0.00     0.00     0.00     0.00 -1 -0.000144      0.00 3.878e-01 5.973e-01 8.337e-05 9.653e-03 1.448e-04 -1.000 1.494e-02 -10.025 -8.963 -9.032 -8.852
0.0152 0.01508 6.60000 53.7400779724 2.6330311096   31.561  5.920  4.1251  1.470    1  0.000  0.768     0.00     0.00     0.00     0.00     0.00 -1 -0.000134      0.00 3.874e-01 5.977e-01 8.337e-05 9.653e-03 1.448e-04 -1.000 1.494e-02 -10.029 -9.182 -9.239 -9.093
0.0152 0.01508 6.60000 53.7415962219 2.6330311429   31.553  5.921  4.0789  1.283    1  0.000  0.768     0.00     0.00     0.00     0.00     0.00 -1 -0.000123      0.00 3.870e-01 5.980e-01 8.338e-05 9.653e-03 1.447e-04 -1.000 1.494e-02 -10.033 -9.442 -9.484 -9.375
0.0152 0.01508 6.60000 53.7431259155 2.6330311765   31.545  5.923  4.0321  1.094    1  0.000  0.768     0.00     0.00     0.00     0.00     0.00 -1 -0.000109      0.00 3.867e-01 5.983e-01 8.338e-05 9.653e-03 1.447e-04 -1.000 1.493e-02 -10.037 -9.673 -9.694 -9.648
0.0152 0.01508 6.60000 53.7446479797 2.6330312099   31.527  5.924  4.0077  0.995    1  0.000  0.769     0.00     0.00     0.00     0.00     0.00 -1 -0.000225      0.00 3.858e-01 5.993e-01 8.341e-05 9.653e-03 1.447e-04 -1.000 1.493e-02 -10.040 -9.792 -9.805 -9.782
0.0152 0.01508 6.60000 53.7462310791 2.6330312446   31.510  5.926  3.9928  0.934    1  0.000  0.769     0.00     0.00     0.00     0.00     0.00 -1 -0.000217      0.00 3.849e-01 6.001e-01 8.342e-05 9.653e-03 1.446e-04 -1.000 1.496e-02 -10.044 -9.864 -9.872 -9.862
0.0152 0.01508 6.60000 53.7478065491 2.6330312791   31.493  5.927  3.9795  0.879    1  0.000  0.770     0.00     0.00     0.00     0.00     0.00 -1 -0.000212      0.00 3.842e-01 6.009e-01 8.345e-05 9.653e-03 1.445e-04 -1.000 1.491e-02 -10.048 -9.926 -9.929 -9.932
0.0152 0.01508 6.60000 53.7493553162 2.6330313131   31.477  5.929  3.9651  0.820    1  0.000  0.770     0.00     0.00     0.00     0.00     0.00 -1 -0.000208      0.00 3.835e-01 6.016e-01 8.346e-05 9.653e-03 1.445e-04 -1.000 1.489e-02 -10.052 -9.985 -9.980 -10.006
0.0152 0.01508 6.60000 53.7509002686 2.6330313470   31.462  5.930  3.9496  0.756    1  0.000  0.771     0.00     0.00     0.00     0.00     0.00 -1 -0.000201      0.00 3.828e-01 6.023e-01 8.348e-05 9.653e-03 1.444e-04 -1.000 1.493e-02 -10.056 -10.038 -10.019 -10.087
0.0152 0.01508 6.60000 53.7524070740 2.6330313800   31.448  5.932  3.9283  0.669    1  0.000  0.771     0.00     0.00     0.00     0.00     0.00 -1 -0.000195      0.00 3.825e-01 6.025e-01 8.348e-05 9.653e-03 1.443e-04 -1.000 1.493e-02 -10.059 -10.121 -10.094 -10.185
0.0152 0.01508 6.60000 53.7537879944 2.6330314103   31.436  5.933  3.9023  0.564    1  0.000  0.771     0.00     0.00     0.00     0.00     0.00 -1 -0.000186      0.00 3.823e-01 6.028e-01 8.349e-05 9.653e-03 1.443e-04 -1.000 1.495e-02 -10.062 -10.190 -10.141 -10.296
0.0152 0.01508 6.60000 53.7549438477 2.6330314356   31.427  5.934  3.8724  0.443    1  0.000  0.771     0.00     0.00     0.00     0.00     0.00 -1 -0.000175      0.00 3.821e-01 6.030e-01 8.349e-05 9.653e-03 1.443e-04 -1.000 1.493e-02 -10.065 -10.247 -10.166 -10.406
0.0152 0.01508 6.60000 53.7558403015 2.6330314553   31.421  5.935  3.8518  0.360    1  0.000  0.771     0.00     0.00     0.00     0.00     0.00 -1 -0.000166      0.00 3.819e-01 6.032e-01 8.349e-05 9.653e-03 1.443e-04 -1.000 1.493e-02 -10.067 -10.268 -10.166 -10.464
0.0152 0.01508 6.60000 53.7565345764 2.6330314705   31.417  5.935  3.8418  0.319    1  0.000  0.771     0.00     0.00     0.00     0.00     0.00 -1 -0.000159      0.00 3.818e-01 6.033e-01 8.350e-05 9.653e-03 1.443e-04 -1.000 1.493e-02 -10.069 -10.273 -10.154 -10.496
0.0152 0.01508 6.60000 53.7574386597 2.6330314903   31.410  5.936  3.8324  0.280    1  0.000  0.772     0.00     0.00     0.00     0.00     0.00 -1 -0.000153      0.00 3.816e-01 6.034e-01 8.350e-05 9.653e-03 1.442e-04 -1.000 1.494e-02 -10.071 -10.276 -10.140 -10.527
0.0152 0.01508 6.60000 53.7602806091 2.6330315526   31.394  5.939  3.8235  0.242    1  0.000  0.772     0.00     0.00     0.00     0.00     0.00 -1 -0.000149      0.00 3.811e-01 6.040e-01 8.351e-05 9.653e-03 1.442e-04 -1.000 1.495e-02 -10.077 -10.282 -10.127 -10.560
0.0152 0.01508 6.60000 53.7667808533 2.6330316950   31.354  5.944  3.8112  0.187    1  0.000  0.773     0.00     0.00     0.00     0.00     0.00 -1 -0.000149      0.00 3.799e-01 6.052e-01 8.353e-05 9.653e-03 1.441e-04 -1.000 1.492e-02 -10.090 -10.293 -10.109 -10.612
0.0152 0.01508 6.60000 53.7724838257 2.6330318200   31.320  5.948  3.8020  0.146    1  0.000  0.773     0.00     0.00     0.00     0.00     0.00 -1 -0.000149      0.00 3.787e-01 6.063e-01 8.355e-05 9.653e-03 1.440e-04 -1.000 1.493e-02 -10.100 -10.301 -10.093 -10.653
0.0152 0.01508 6.60000 53.7802429199 2.6330319899   31.273  5.953  3.7924  0.102    1  0.000  0.776     0.00     0.00     0.00     0.00     0.00 -1 -0.000149      0.00 3.741e-01 6.110e-01 8.363e-05 9.654e-03 1.436e-04 -1.000 1.494e-02 -10.112 -10.310 -10.075 -10.695
0.0152 0.01508 6.60000 53.7958717346 2.6330323320   31.177  5.956  3.7831  0.060    1  0.000  0.790     0.00     0.00     0.00     0.00     0.00 -1 -0.000151      0.00 3.507e-01 6.343e-01 8.404e-05 9.656e-03 1.419e-04 -1.000 1.496e-02 -10.121 -10.317 -10.055 -10.734
0.0152 0.01508 6.60000 53.8146400452 2.6330327426   31.058  5.965  3.7722  0.006    1  0.000  0.797     0.00     0.00     0.00     0.00     0.00 -1 -0.000154      0.00 3.384e-01 6.467e-01 8.423e-05 9.657e-03 1.408e-04 -1.000 1.495e-02 -10.143 -10.330 -10.031 -10.789
0.0152 0.01508 6.60000 53.8438720703 2.6330333813   30.858  5.975  3.7630 -0.044    1  0.000  0.804     0.00     0.00     0.00     0.00     0.00 -1 -0.000165      0.00 3.265e-01 6.586e-01 8.444e-05 9.658e-03 1.400e-04 -1.000 1.495e-02 -10.168 -10.344 -10.014 -10.838
0.0152 0.01508 6.60000 53.8444747925 2.6330333945   30.854  5.976  3.7629 -0.045    1  0.000  0.804     0.00     0.00     0.00     0.00     0.00 -1 -0.000165      0.00 3.263e-01 6.587e-01 8.445e-05 9.658e-03 1.400e-04 -1.000 1.495e-02 -10.169 -10.345 -10.015 -10.839
0.0152 0.01508 6.60000 53.8952674866 2.6330345025   30.476  6.000  3.7614 -0.081    1  0.000  0.811     0.00     0.00     0.00     0.00     0.00 -1  -0.00018      0.00 3.154e-01 6.696e-01 8.473e-05 9.659e-03 1.392e-04 -1.000 1.497e-02 -10.230 -10.404 -10.069 -10.903
0.0152 0.01508 6.60000 53.9239349365 2.6330351268   30.253  6.007  3.7645 -0.079    1  0.000  0.815     0.00     0.00     0.00     0.00     0.00 -1 -0.000188      0.00 3.088e-01 6.763e-01 8.498e-05 9.659e-03 1.388e-04 -1.000 1.497e-02 -10.248 -10.426 -10.102 -10.914
0.0152 0.01508 6.60000 53.9243278503 2.6330351353   30.250  6.007  3.7645 -0.078    1  0.000  0.816     0.00     0.00     0.00     0.00     0.00 -1 -0.000188      0.00 3.086e-01 6.764e-01 8.499e-05 9.659e-03 1.388e-04 -1.000 1.497e-02 -10.248 -10.426 -10.102 -10.914
0.0152 0.01508 6.60000 53.9667205811 2.6330360571   29.912  6.007  3.7709 -0.058    1  0.000  0.830     0.00     0.00     0.00     0.00     0.00 -1 -0.000198      0.00 2.908e-01 6.943e-01 8.578e-05 9.659e-03 1.376e-04 -1.000 1.497e-02 -10.248 -10.434 -10.132 -10.898
0.0152 0.01508 6.60000 54.0098152161 2.6330369924   29.551  6.013  3.7768 -0.045    1  0.000  0.837     0.00     0.00     0.00     0.00     0.00 -1  -0.00021      0.00 2.783e-01 7.068e-01 8.597e-05 9.663e-03 1.367e-04 -1.000 1.494e-02 -10.262 -10.455 -10.174 -10.895
0.0152 0.01508 6.60000 54.0346908569 2.6330375315   29.333  6.015  3.7833 -0.024    1  0.000  0.838     0.00     0.00     0.00     0.00     0.00 -1 -0.000217      0.00 2.708e-01 7.143e-01 8.579e-05 9.664e-03 1.362e-04 -1.000 1.497e-02 -10.267 -10.464 -10.204 -10.880
0.0152 0.01508 6.60000 54.0535469055 2.6330379398   29.160  6.016  3.7904  0.000    1  0.000  0.835     0.00     0.00     0.00     0.00     0.00 -1 -0.000223      0.00 2.649e-01 7.202e-01 8.516e-05 9.667e-03 1.358e-04 -1.000 1.494e-02 -10.270 -10.469 -10.229 -10.861
0.0152 0.01508 6.60000 54.0671272278 2.6330382337   29.025  6.016  3.8193  0.114    1  0.000  0.832     0.00     0.00     0.00     0.00     0.00 -1 -0.000239      0.00 2.603e-01 7.248e-01 8.461e-05 9.668e-03 1.354e-04 -1.000 1.493e-02 -10.269 -10.474 -10.309 -10.765
0.0152 0.01508 6.60000 54.0758171082 2.6330384216   28.924  6.015  3.9021  0.445    1  0.000  0.830     0.00     0.00     0.00     0.00     0.00 -1 -0.000292      0.00 2.565e-01 7.286e-01 8.413e-05 9.670e-03 1.351e-04 -1.000 1.495e-02 -10.267 -10.395 -10.345 -10.501
0.0152 0.01508 6.60000 54.0800170898 2.6330385124   28.875  6.015  3.9422  0.605    1  0.000  0.829     0.00     0.00     0.00     0.00     0.00 -1 -0.000322      0.00 2.546e-01 7.304e-01 8.390e-05 9.670e-03 1.349e-04 -1.000 1.495e-02 -10.267 -10.279 -10.259 -10.331
0.0152 0.01508 6.60000 54.0817222595 2.6330385493   28.855  6.015  3.9585  0.670    1  0.000  0.828     0.00     0.00     0.00     0.00     0.00 -1 -0.000335      0.00 2.539e-01 7.311e-01 8.381e-05 9.671e-03 1.349e-04 -1.000 1.495e-02 -10.267 -10.221 -10.210 -10.254
0.0152 0.01508 6.60000 54.0828933716 2.6330385746   28.841  6.015  3.9698  0.714    1  0.000  0.828     0.00     0.00     0.00     0.00     0.00 -1 -0.000345      0.00 2.534e-01 7.316e-01 8.374e-05 9.671e-03 1.348e-04 -1.000 1.495e-02 -10.267 -10.186 -10.186 -10.198
0.0152 0.01508 6.60000 54.0839538574 2.6330385975   28.829  6.015  3.9799  0.755    1  0.000  0.827     0.00     0.00     0.00     0.00     0.00 -1 -0.000353      0.00 2.529e-01 7.321e-01 8.368e-05 9.671e-03 1.348e-04 -1.000 1.496e-02 -10.267 -10.143 -10.147 -10.149
0.0152 0.01508 6.60000 54.0852127075 2.6330386247   28.815  6.015  3.9869  0.783    1  0.000  0.827     0.00     0.00     0.00     0.00     0.00 -1 -0.000345      0.00 2.525e-01 7.326e-01 8.366e-05 9.671e-03 1.348e-04 -1.000 1.496e-02 -10.267 -10.112 -10.118 -10.114
0.0152 0.01508 6.60000 54.0863876343 2.6330386501   28.803  6.015  3.9902  0.795    1  0.000  0.827     0.00     0.00     0.00     0.00     0.00 -1 -0.000326      0.00 2.521e-01 7.329e-01 8.366e-05 9.671e-03 1.347e-04 -1.000 1.496e-02 -10.267 -10.098 -10.105 -10.098
0.0152 0.01508 6.60000 54.0884933472 2.6330386956   28.781  6.015  3.9960  0.818    1  0.000  0.828     0.00     0.00     0.00     0.00     0.00 -1 -0.000295      0.00 2.514e-01 7.336e-01 8.366e-05 9.671e-03 1.347e-04 -1.000 1.496e-02 -10.266 -10.072 -10.081 -10.068
0.0152 0.01508 6.60000 54.0922851562 2.6330387776   28.743  6.014  4.0064  0.860    1  0.000  0.828     0.00     0.00     0.00     0.00     0.00 -1 -0.000246      0.00 2.502e-01 7.348e-01 8.366e-05 9.671e-03 1.346e-04 -1.000 1.496e-02 -10.266 -10.023 -10.036 -10.014
0.0152 0.01508 6.60000 54.0969696045 2.6330388788   28.695  6.014  4.0194  0.911    1  0.000  0.829     0.00     0.00     0.00     0.00     0.00 -1 -0.000197      0.00 2.487e-01 7.363e-01 8.366e-05 9.672e-03 1.345e-04 -1.000 1.496e-02 -10.265 -9.962 -9.979 -9.945
0.0152 0.01508 6.60000 54.1008644104 2.6330389629   28.656  6.014  4.0301  0.954    1  0.000  0.829     0.00     0.00     0.00     0.00     0.00 -1 -0.000163      0.00 2.475e-01 7.376e-01 8.366e-05 9.672e-03 1.344e-04 -1.000 1.496e-02 -10.264 -9.909 -9.930 -9.886
0.0152 0.01508 6.60000 54.1063575745 2.6330390816   28.605  6.013  4.0445  1.011    1  0.000  0.831     0.00     0.00     0.00     0.00     0.00 -1 -0.000134      0.00 2.454e-01 7.396e-01 8.373e-05 9.672e-03 1.343e-04 -1.000 1.496e-02 -10.263 -9.837 -9.863 -9.805
0.0152 0.01508 6.60000 54.1138496399 2.6330392433   28.560  6.013  4.0604  1.075    1  0.000  0.837     0.00     0.00     0.00     0.00     0.00 -1 -0.000134      0.00 2.414e-01 7.437e-01 8.413e-05 9.672e-03 1.339e-04 -1.000 1.495e-02 -10.262 -9.755 -9.786 -9.713
0.0152 0.01508 6.60000 54.1230278015 2.6330394414   28.504  6.012  4.0800  1.153    1  0.000  0.844     0.00     0.00     0.00     0.00     0.00 -1 -0.000134      0.00 2.365e-01 7.486e-01 8.462e-05 9.672e-03 1.335e-04 -1.000 1.493e-02 -10.261 -9.665 -9.709 -9.596
0.0152 0.01508 6.60000 54.1347351074 2.6330396940   28.430  6.012  4.1236  1.326    1  0.000  0.871     0.00     0.00     0.00     0.00     0.00 -1 -0.000137      0.00 2.232e-01 7.619e-01 8.679e-05 9.670e-03 1.324e-04 -1.000 1.493e-02 -10.261 -9.424 -9.480 -9.334
0.0152 0.01508 6.60000 54.1411399841 2.6330398322   28.389  6.012  4.1375  1.381    1  0.000  0.879     0.00     0.00     0.00     0.00     0.00 -1 -0.000138      0.00 2.183e-01 7.667e-01 8.733e-05 9.669e-03 1.320e-04 -1.000 1.493e-02 -10.261 -9.340 -9.398 -9.250
0.0152 0.01508 6.60000 54.1630439758 2.6330403043   28.249  6.011  4.1525  1.440    1  0.000  0.876     0.00     0.00     0.00     0.00     0.00 -1 -0.000143      0.00 2.071e-01 7.780e-01 8.658e-05 9.671e-03 1.314e-04 -1.000 1.493e-02 -10.258 -9.253 -9.316 -9.155
0.0152 0.01508 6.60000 54.1811943054 2.6330406951   28.125  6.012  4.1874  1.577    1  0.000  0.875     0.00     0.00     0.00     0.00     0.00 -1 -0.000152      0.00 1.889e-01 7.961e-01 8.579e-05 9.675e-03 1.304e-04 -1.000 1.495e-02 -10.259 -9.072 -9.150 -8.938
0.0152 0.01508 6.60000 54.2004356384 2.6330411092   27.998  6.012  4.2349  1.765    1  0.000  0.877     0.00     0.00     0.00     0.00     0.00 -1 -0.000138      0.00 1.715e-01 8.135e-01 8.532e-05 9.679e-03 1.293e-04 -1.000 1.498e-02 -10.260 -8.812 -8.905 -8.652
0.0152 0.01508 6.60000 54.2197380066 2.6330415242   27.868  6.010  4.2549  1.844    1  0.000  0.879     0.00     0.00     0.00     0.00     0.00 -1 -0.000141      0.00 1.684e-01 8.166e-01 8.553e-05 9.679e-03 1.291e-04 -1.000 1.500e-02 -10.256 -8.702 -8.800 -8.532
0.0152 0.01508 6.60000 54.2390480042 2.6330419390   27.735  6.009  4.3067  2.051    1  0.000  0.891     0.00     0.00     0.00     0.00     0.00 -1 -0.000139      0.00 1.656e-01 8.194e-01 8.655e-05 9.678e-03 1.289e-04 -1.000 1.501e-02 -10.253 -7.929 -8.053 -7.734
0.0152 0.01508 6.60000 54.2583541870 2.6330423534   27.602  6.008  4.5022  2.831    1  0.000  0.939     0.00     0.00     0.00     0.00     0.00 -1 -0.000103      0.00 1.487e-01 8.363e-01 8.996e-05 9.676e-03 1.277e-04 -1.000 1.501e-02 -10.251 -7.690 -7.806 -7.526
0.0152 0.01508 6.60000 54.2776641846 2.6330427676   27.500  6.007  4.6891  3.579    1  0.000  0.980     0.00     0.00     0.00     0.00     0.00 -1 -7.44e-05      0.00 1.311e-01 8.539e-01 9.263e-05 9.674e-03 1.264e-04 -1.000 1.501e-02 -10.248 -6.610 -6.722 -6.445
0.0152 0.01508 6.60000 54.2973365784 2.6330431891   27.437  6.005  4.7420  3.791    1  0.000  0.979     0.00     0.00     0.00     0.00     0.00 -1 -6.85e-05      0.00 1.259e-01 8.591e-01 9.214e-05 9.674e-03 1.260e-04 -1.000 1.499e-02 -10.243 -6.328 -6.436 -6.177
0.0152 0.01508 6.60000 54.3171310425 2.6330436130   27.384  6.003  4.7564  3.850    1  0.000  0.963     0.00     0.00     0.00     0.00     0.00 -1 -6.79e-05      0.00 1.244e-01 8.606e-01 9.060e-05 9.676e-03 1.259e-04 -1.000 1.499e-02 -10.238 -6.255 -6.362 -6.109
0.0152 0.01508 6.60000 54.3370819092 2.6330440398   27.331  6.001  4.7721  3.914    1  0.000  0.947     0.00     0.00     0.00     0.00     0.00 -1 -6.76e-05      0.00 1.200e-01 8.650e-01 8.890e-05 9.679e-03 1.256e-04 -1.000 1.500e-02 -10.233 -6.181 -6.285 -6.040
0.0152 0.01508 6.60000 54.3571815491 2.6330444695   27.278  5.999  4.7874  3.976    1  0.000  0.933     0.00     0.00     0.00     0.00     0.00 -1 -6.74e-05      0.00 1.175e-01 8.675e-01 8.733e-05 9.682e-03 1.255e-04 -1.000 1.499e-02 -10.227 -6.113 -6.214 -5.977
0.0152 0.01508 6.60000 54.3774566650 2.6330449025   27.225  5.996  4.8018  4.036    1  0.000  0.920     0.00     0.00     0.00     0.00     0.00 -1 -6.69e-05      0.00 1.168e-01 8.682e-01 8.595e-05 9.684e-03 1.254e-04 -1.000 1.498e-02 -10.221 -6.044 -6.144 -5.915
0.0152 0.01508 6.60000 54.3978958130 2.6330453386   27.168  5.993  4.8381  4.183    1  0.000  0.910     0.00     0.00     0.00     0.00     0.00 -1 -6.35e-05      0.00 1.152e-01 8.698e-01 8.478e-05 9.686e-03 1.253e-04 -1.000 1.498e-02 -10.214 -5.829 -5.924 -5.710
0.0152 0.01508 6.60000 54.4185485840 2.6330457790   27.117  5.990  4.8696  4.311    1  0.000  0.900     0.00     0.00     0.00     0.00     0.00 -1 -6.01e-05      0.00 1.140e-01 8.710e-01 8.362e-05 9.688e-03 1.252e-04 -1.000 1.499e-02 -10.206 -5.635 -5.729 -5.517
0.0152 0.01508 6.60000 54.4394226074 2.6330462236   27.075  5.987  4.8840  4.371    1  0.000  0.892     0.00     0.00     0.00     0.00     0.00 -1 -5.88e-05      0.00 1.137e-01 8.713e-01 8.280e-05 9.689e-03 1.252e-04 -1.000 1.500e-02 -10.198 -5.544 -5.639 -5.427
0.0152 0.01508 6.60000 54.4605407715 2.6330466731   27.032  5.984  4.8977  4.429    1  0.000  0.884     0.00     0.00     0.00     0.00     0.00 -1 -5.83e-05      0.00 1.133e-01 8.717e-01 8.214e-05 9.690e-03 1.252e-04 -1.000 1.499e-02 -10.189 -5.468 -5.561 -5.353
0.0152 0.01508 6.60000 54.4819107056 2.6330471275   26.990  5.980  4.9117  4.488    1  0.000  0.879     0.00     0.00     0.00     0.00     0.00 -1 -5.78e-05      0.00 1.120e-01 8.730e-01 8.170e-05 9.691e-03 1.251e-04 -1.000 1.499e-02 -10.180 -5.394 -5.487 -5.280
0.0152 0.01508 6.60000 54.5255317688 2.6330480538   26.905  5.972  4.9373  4.597    1  0.000  0.863     0.00     0.00     0.00     0.00     0.00 -1 -5.68e-05      0.00 1.102e-01 8.748e-01 8.049e-05 9.694e-03 1.250e-04 -1.000 1.499e-02 -10.161 -5.260 -5.353 -5.146
0.0152 0.01508 6.60000 54.5704383850 2.6330490056   26.820  5.963  4.9596  4.694    1  0.000  0.841     0.00     0.00     0.00     0.00     0.00 -1 -5.54e-05      0.00 1.096e-01 8.754e-01 7.883e-05 9.697e-03 1.250e-04 -1.000 1.497e-02 -10.138 -5.136 -5.229 -5.020
0.0152 0.01508 6.60000 54.6167831421 2.6330499860   26.735  5.953  4.9802  4.785    1  0.000  0.831     0.00     0.00     0.00     0.00     0.00 -1 -5.39e-05      0.00 1.089e-01 8.762e-01 7.827e-05 9.697e-03 1.251e-04 -1.000 1.495e-02 -10.113 -5.017 -5.111 -4.899
0.0152 0.01508 6.60000 54.6646308899 2.6330509962   26.649  5.943  4.9999  4.872    1  0.000  0.842     0.00     0.00     0.00     0.00     0.00 -1 -5.23e-05      0.00 1.070e-01 8.780e-01 7.945e-05 9.695e-03 1.252e-04 -1.000 1.497e-02 -10.088 -4.896 -4.991 -4.774
0.0152 0.01508 6.60000 54.7139701843 2.6330520357   26.564  5.933  5.0184  4.955    1  0.000  0.862     0.00     0.00     0.00     0.00     0.00 -1 -5.09e-05      0.00 1.046e-01 8.804e-01 8.140e-05 9.692e-03 1.254e-04 -1.000 1.500e-02 -10.062 -4.758 -4.860 -4.611
0.0152 0.01508 6.60000 54.7901840210 2.6330536373   26.439  5.918  5.0385  5.048    1  0.000  0.890     0.00     0.00     0.00     0.00     0.00 -1 -4.91e-05      0.00 1.007e-01 8.844e-01 8.397e-05 9.690e-03 1.254e-04 -1.000 1.498e-02 -10.026 -4.647 -4.749 -4.501
0.0152 0.01508 6.60000 54.8681259155 2.6330552699   26.316  5.905  5.0557  5.128    1  0.000  0.921     0.00     0.00     0.00     0.00     0.00 -1 -4.76e-05      0.00 9.437e-02 8.906e-01 8.645e-05 9.687e-03 1.247e-04 -1.000 1.499e-02 -9.993 -4.526 -4.628 -4.376
0.0152 0.01508 6.60000 54.9457054138 2.6330568896   26.196  5.896  5.0701  5.193    1  0.000  0.958     0.00     0.00     0.00     0.00     0.00 -1 -4.68e-05      0.00 8.373e-02 9.013e-01 8.863e-05 9.686e-03 1.229e-04 -1.000 1.496e-02 -9.969 -4.425 -4.526 -4.281
0.0152 0.01508 6.60000 55.0000000000 2.6330580200   26.111  5.892  5.0779  5.227    1  0.000  1.014     0.00     0.00     0.00     0.00     0.00 -1  -4.7e-05      0.00 7.408e-02 9.110e-01 9.175e-05 9.684e-03 1.206e-04  6.154 1.495e-02 -9.959 -4.387 -4.487 -4.247
0.0152 0.01508 6.60000 55.2121391296 2.6330624123   25.816  5.881  5.1034  5.334    1  0.000  1.252     0.00     0.00     0.00     0.00     0.00 -1 -4.86e-05      0.00 3.758e-02 9.475e-01 1.050e-04 9.676e-03 1.118e-04  7.672 1.497e-02 -9.933 -4.303 -4.399 -4.173
0.0152 0.01508 6.60000 56.1890029907 2.6330821470   24.378  5.857  5.1209  5.404    1  0.000  2.621     0.00     0.00     0.00     0.00     0.00 -1 -4.84e-05      0.00 2.035e-07 9.790e-01 5.720e-03 9.344e-03 3.858e-04 15.347 2.099e-02 -9.872 -4.200 -4.291 -4.079
0.0152 0.01508 6.60000 57.0472984314 2.6330988463   23.380  5.841  5.1231  5.410    1  0.000 11.675     0.00     0.00     0.00     0.00     0.00 -1 -3.84e-05      0.00 5.093e-09 8.860e-01 9.178e-02 5.383e-03 5.088e-03 18.158 1.140e-01 -9.832 -4.945 -5.092 -4.357
0.0152 0.01508 6.60000 58.3473205566 2.6331230674   22.419  5.831  5.1264  5.415    1  0.000 20.504     0.00     0.00     0.00     0.00     0.00 -1 -2.58e-05      0.00 1.000e-33 7.108e-01 2.524e-01 1.000e-33 1.650e-02 43.301 2.892e-01 -9.809 -4.453 -4.590 -3.972
0.0152 0.01508 6.60000 59.7413253784 2.6331476972   21.795  5.832  5.1307  5.419    2  0.000 15.048     0.00     0.00     0.00     0.00     0.00 -1 -2.14e-05      0.00 1.000e-33 6.408e-01 3.099e-01 6.522e-31 2.898e-02 43.380 3.592e-01 -9.810 -4.185 -4.317 -3.792
0.0152 0.01508 6.60000 60.0000000000 2.6331521230   21.686  5.832  5.1315  5.420    2  0.000 14.122     0.00     0.00     0.00     0.00     0.00 -1 -2.07e-05      0.00 1.000e-33 6.278e-01 3.203e-01 1.051e-30 3.146e-02 43.393 3.722e-01 -9.811 -4.134 -4.266 -3.757
0.0152 0.01508 6.60000 60.4643592834 2.6331599588   21.526  5.833  5.1330  5.422    2  0.000 12.590     0.00     0.00     0.00     0.00     0.00 -1 -1.95e-05      0.00 1.000e-33 6.058e-01 3.380e-01 2.004e-30 3.586e-02 43.414 3.942e-01 -9.813 -4.052 -4.183 -3.700
0.0152 0.01508 6.60000 61.8923377991 2.6331832104   21.243  5.841  5.1422  5.445    3  0.000  9.043     0.00     0.01     0.01     0.01     0.01  0  -1.6e-05      0.00 1.000e-33 5.277e-01 3.934e-01 1.451e-26 5.843e-02 43.464 4.723e-01 -9.833 -3.758 -3.886 -3.492
0.0152 0.01508 6.60000 61.9341812134 2.6331838731   21.237  5.841  5.1425  5.446    3  0.000  8.953     0.00     0.01     0.01     0.01     0.01  0 -1.59e-05      0.00 1.000e-33 5.255e-01 3.949e-01 1.707e-26 5.917e-02 43.466 4.745e-01 -9.834 -3.749 -3.878 -3.485
0.0152 0.01508 6.60000 63.0500183105 2.6332011743   21.184  5.854  5.1568  5.490    3  0.000  6.668     0.00     0.01     0.01     0.01     0.00  0 -1.21e-05      0.00 1.000e-33 4.425e-01 4.456e-01 6.127e-26 9.134e-02 43.497 5.575e-01 -9.864 -3.452 -3.592 -3.204
0.0152 0.01508 6.60000 63.6135673523 2.6332096474   21.188  5.863  5.1702  5.534    3  0.000  6.123     0.00     0.01     0.01     0.01     0.00  0 -1.17e-05      0.00 1.000e-33 4.215e-01 4.571e-01 5.721e-26 1.009e-01 43.502 5.785e-01 -9.887 -3.369 -3.514 -3.115
0.0152 0.01508 6.60000 63.7358627319 2.6332114634   21.189  5.865  5.1752  5.551    3  0.000  6.032     0.00     0.01     0.01     0.01     0.00  0 -1.18e-05      0.00 1.000e-33 4.179e-01 4.589e-01 5.291e-26 1.027e-01 43.503 5.821e-01 -9.894 -3.351 -3.497 -3.096
0.0152 0.01508 6.60000 63.8582115173 2.6332132722   21.190  5.870  5.1848  5.585    3  0.000  5.939     0.00     0.01     0.01     0.00     0.00  0 -1.21e-05      0.00 1.000e-33 4.140e-01 4.608e-01 4.970e-26 1.046e-01 43.503 5.860e-01 -9.906 -3.323 -3.471 -3.070
0.0152 0.01508 6.60000 63.9344367981 2.6332143951   21.191  5.876  5.1952  5.621    3  0.000  5.885     0.00     0.01     0.01     0.00     0.00  0 -1.26e-05      0.00 1.000e-33 4.118e-01 4.619e-01 4.841e-26 1.058e-01 43.503 5.882e-01 -9.919 -3.298 -3.447 -3.049
0.0152 0.01508 6.60000 63.9686355591 2.6332148979   21.190  5.882  5.2062  5.659    3  0.000  5.865     0.00     0.01     0.01     0.00     0.00  0 -1.31e-05      0.00 1.000e-33 4.109e-01 4.622e-01 4.823e-26 1.062e-01 43.504 5.891e-01 -9.934 -3.340 -3.484 -3.103
0.0152 0.01508 6.60000 63.9835739136 2.6332151173   21.189  5.887  5.2155  5.691    3  0.000  5.857     0.00     0.01     0.01     0.00     0.00  0 -1.37e-05      0.00 1.000e-33 4.106e-01 4.624e-01 4.814e-26 1.064e-01 43.504 5.894e-01 -9.948 -3.409 -3.547 -3.187
0.0152 0.01508 6.60000 63.9993553162 2.6332153490   21.188  5.895  5.2290  5.737    3  0.000  5.850     0.00     0.01     0.01     0.00     0.00  0 -1.45e-05      0.00 1.000e-33 4.103e-01 4.626e-01 4.800e-26 1.065e-01 43.504 5.897e-01 -9.969 -3.465 -3.595 -3.259
0.0152 0.01508 6.60000 64.0125885010 2.6332155432   21.188  5.902  5.2396  5.772    3  0.000  5.842     0.00     0.01     0.01     0.00     0.00  0 -1.52e-05      0.00 1.000e-33 4.100e-01 4.627e-01 4.783e-26 1.067e-01 43.504 5.900e-01 -9.986 -3.474 -3.601 -3.277
0.0152 0.01508 6.60000 64.0296630859 2.6332157936   21.186  5.911  5.2526  5.815    3  0.000  5.831     0.00     0.01     0.01     0.00     0.00  0 -1.62e-05      0.00 1.000e-33 4.095e-01 4.629e-01 4.759e-26 1.070e-01 43.504 5.905e-01 -10.008 -3.499 -3.622 -3.311
0.0152 0.01508 6.60000 64.0436630249 2.6332159988   21.184  5.918  5.2624  5.848    3  0.000  5.820     0.00     0.00     0.01     0.00     0.00  0 -1.72e-05      0.00 1.000e-33 4.090e-01 4.632e-01 4.730e-26 1.072e-01 43.504 5.910e-01 -10.025 -3.568 -3.687 -3.387
0.0152 0.01508 6.60000 64.0631256104 2.6332162839   21.180  5.928  5.2754  5.890    3  0.000  5.803     0.00     0.00     0.00     0.00     0.00  0  -1.9e-05      0.00 1.000e-33 4.084e-01 4.634e-01 4.697e-26 1.076e-01 43.504 5.916e-01 -10.049 -3.619 -3.734 -3.447
0.0152 0.01508 6.60000 64.0837631226 2.6332165860   21.175  5.938  5.2885  5.932    3  0.000  5.783     0.00     0.00     0.00     0.00     0.00  0 -2.11e-05      0.00 1.000e-33 4.076e-01 4.638e-01 4.643e-26 1.080e-01 43.504 5.924e-01 -10.075 -3.642 -3.755 -3.477
0.0152 0.01508 6.60000 64.1022644043 2.6332168566   21.169  5.949  5.3009  5.970    3  0.000  5.765     0.00     0.00     0.00     0.00     0.00  0 -2.34e-05      0.00 1.000e-33 4.068e-01 4.641e-01 4.586e-26 1.085e-01 43.504 5.932e-01 -10.102 -3.571 -3.685 -3.409
0.0152 0.01508 6.60000 64.1153869629 2.6332170484   21.164  5.960  5.3132  6.008    3  0.000  5.752     0.00     0.00     0.00     0.00     0.00  0 -2.61e-05      0.00 1.000e-33 4.063e-01 4.643e-01 4.543e-26 1.087e-01 43.504 5.937e-01 -10.130 -3.708 -3.818 -3.548
0.0152 0.01508 6.60000 64.1205749512 2.6332171242   21.163  5.971  5.3255  6.046    3  0.000  5.748     0.00     0.00     0.00     0.00     0.00  0 -2.87e-05      0.00 1.000e-33 4.061e-01 4.644e-01 4.530e-26 1.088e-01 43.504 5.939e-01 -10.158 -3.891 -3.997 -3.734
0.0152 0.01508 6.60000 64.1216659546 2.6332171402   21.163  5.978  5.3328  6.069    3  0.000  5.747     0.00     0.00     0.00     0.00     0.00  0 -3.04e-05      0.00 1.000e-33 4.061e-01 4.644e-01 4.528e-26 1.089e-01 43.504 5.939e-01 -10.174 -4.001 -4.104 -3.846
# Zini     MH   logAge Mini        int_IMF         Mass   logL    logTe  logg  label   McoreTP C_O  period0  period1  period2  period3  period4  pmode  Mloss  tau1m   X   Y   Xc  Xn  Xo  Cexcess  Z 	 mbolmag  Gmag    G_BPmag  G_RPmag
0.0152 0.01508 6.65000 0.0900000036 1.0816895926    0.090 -1.743  3.4097  3.726    0  0.000  0.545     0.00     0.00     0.00     0.00     0.00 -1 -1.05e-14      0.00 7.092e-01 2.755e-01 2.746e-03 7.408e-04 6.719e-03 -1.000 1.527e-02 9.128 11.155 13.665 9.709
0.0152 0.01508 6.65000 0.0927756652 1.1077584067    0.093 -1.731  3.4109  3.732    0  0.000  0.545     0.00     0.00     0.00     0.00     0.00 -1 -1.06e-14      0.00 7.092e-01 2.755e-01 2.746e-03 7.408e-04 6.719e-03 -1.000 1.527e-02 9.096 11.124 13.634 9.678
0.0152 0.01508 6.65000 0.1042614356 1.2057486886    0.104 -1.679  3.4162  3.751    0  0.000  0.545     0.00     0.00     0.00     0.00     0.00 -1  -1.1e-14      0.00 7.092e-01 2.755e-01 2.746e-03 7.408e-04 6.719e-03 -1.000 1.527e-02 8.966 10.985 13.489 9.540
0.0152 0.01508 6.65000 0.1130000204 1.2713500311    0.113 -1.638  3.4202  3.762    0  0.000  0.545     0.00     0.00     0.00     0.00     0.00 -1 -1.14e-14      0.00 7.092e-01 2.755e-01 2.746e-03 7.408e-04 6.719e-03 -1.000 1.527e-02 8.866 10.853 13.326 9.415
0.0152 0.01508 6.65000 0.1273961067 1.3661951279    0.127 -1.582  3.4260  3.781    0  0.000  0.545     0.00     0.00     0.00     0.00     0.00 -1  -1.2e-14      0.00 7.092e-01 2.755e-01 2.746e-03 7.408e-04 6.719e-03 -1.000 1.527e-02 8.726 10.630 13.017 9.210
0.0152 0.01508 6.65000 0.1357670724 1.4151618138    0.136 -1.549  3.4295  3.789    0  0.000  0.545     0.00     0.00     0.00     0.00     0.00 -1 -1.24e-14      0.00 7.092e-01 2.755e-01 2.746e-03 7.408e-04 6.719e-03 -1.000 1.527e-02 8.643 10.498 12.832 9.088
0.0152 0.01508 6.65000 0.1407131404 1.4422865051    0.141 -1.535  3.4310  3.797    0  0.000  0.545     0.00     0.00     0.00     0.00     0.00 -1 -1.25e-14      0.00 7.092e-01 2.755e-01 2.746e-03 7.408e-04 6.719e-03 -1.000 1.527e-02 8.607 10.441 12.755 9.036
0.0152 0.01508 6.65000 0.1494013965 1.4870563085    0.149 -1.496  3.4355  3.803    0  0.000  0.545     0.00     0.00     0.00     0.00     0.00 -1 -1.32e-14      0.00 7.092e-01 2.755e-01 2.746e-03 7.408e-04 6.719e-03 -1.000 1.527e-02 8.511 10.290 12.546 8.897
0.0152 0.01508 6.65000 0.1579613686 1.5279722324    0.158 -1.465  3.4389  3.810    0  0.000  0.545     0.00     0.00     0.00     0.00     0.00 -1 -1.36e-14      0.00 7.092e-01 2.755e-01 2.746e-03 7.408e-04 6.719e-03 -1.000 1.527e-02 8.434 10.170 12.383 8.787
0.0152 0.01508 6.65000 0.1614378989 1.5437751144    0.161 -1.455  3.4403  3.814    0  0.000  0.545     0.00     0.00     0.00     0.00     0.00 -1 -1.38e-14      0.00 7.092e-01 2.755e-01 2.746e-03 7.408e-04 6.719e-03 -1.000 1.527e-02 8.406 10.125 12.322 8.746
0.0152 0.01508 6.65000 0.1731382161 1.5938728126    0.173 -1.405  3.4465  3.819    0  0.000  0.545     0.00     0.00     0.00     0.00     0.00 -1 -1.48e-14      0.00 7.092e-01 2.755e-01 2.746e-03 7.408e-04 6.719e-03 -1.000 1.527e-02 8.282 9.928 12.048 8.566
0.0152 0.01508 6.65000 0.1870617568 1.6480436116    0.187 -1.359  3.4517  3.827    0  0.000  0.545     0.00     0.00     0.00     0.00     0.00 -1 -1.57e-14      0.00 7.092e-01 2.755e-01 2.746e-03 7.408e-04 6.719e-03 -1.000 1.527e-02 8.166 9.751 11.808 8.404
0.0152 0.01508 6.65000 0.1986431181 1.6892554392    0.199 -1.331  3.4546  3.837    0  0.000  0.545     0.00     0.00     0.00     0.00     0.00 -1 -1.61e-14      0.00 7.092e-01 2.755e-01 2.746e-03 7.408e-04 6.719e-03 -1.000 1.527e-02 8.096 9.647 11.669 8.308
0.0152 0.01508 6.65000 0.2023899853 1.7019247102    0.202 -1.321  3.4558  3.841    0  0.000  0.545     0.00     0.00     0.00     0.00     0.00 -1 -1.62e-14      0.00 7.092e-01 2.755e-01 2.746e-03 7.408e-04 6.719e-03 -1.000 1.527e-02 8.073 9.610 11.617 8.274
0.0152 0.01508 6.65000 0.2192082554 1.7552528308    0.219 -1.268  3.4623  3.848    0  0.000  0.545     0.00     0.00     0.00     0.00     0.00 -1 -1.75e-14      0.00 7.092e-01 2.755e-01 2.746e-03 7.408e-04 6.719e-03 -1.000 1.527e-02 7.940 9.407 11.339 8.089
0.0152 0.01508 6.65000 0.2363028973 1.8042662521    0.236 -1.224  3.4674  3.857    0  0.000  0.545     0.00     0.00     0.00     0.00     0.00 -1 -1.84e-14      0.00 7.092e-01 2.755e-01 2.746e-03 7.408e-04 6.719e-03 -1.000 1.527e-02 7.830 9.248 11.129 7.943
0.0152 0.01508 6.65000 0.2519712150 1.8453037850    0.252 -1.192  3.4712  3.868    0  0.000  0.545     0.00     0.00     0.00     0.00     0.00 -1  -1.9e-14      0.00 7.092e-01 2.755e-01 2.746e-03 7.408e-04 6.719e-03 -1.000 1.527e-02 7.749 9.130 10.973 7.835
0.0152 0.01508 6.65000 0.2770596743 1.9045464534    0.277 -1.130  3.4791  3.878    0  0.000  0.545     0.00     0.00     0.00     0.00     0.00 -1 -2.06e-14      0.00 7.092e-01 2.755e-01 2.746e-03 7.408e-04 6.719e-03 -1.000 1.527e-02 7.594 8.903 10.670 7.629
0.0152 0.01508 6.65000 0.3000000119 1.9529139769    0.300 -1.082  3.4850  3.890    0  0.000  0.545     0.00     0.00     0.00     0.00     0.00 -1 -2.18e-14      0.00 7.092e-01 2.755e-01 2.746e-03 7.408e-04 6.719e-03 -1.000 1.527e-02 7.476 8.732 10.441 7.474
0.0152 0.01508 6.65000 0.3365224600 2.0207584292    0.337 -1.009  3.4949  3.905    0  0.000  0.545     0.00     0.00     0.00     0.00     0.00 -1  -2.4e-14      0.00 7.092e-01 2.755e-01 2.746e-03 7.408e-04 6.719e-03 -1.000 1.527e-02 7.291 8.468 10.089 7.236
0.0152 0.01508 6.65000 0.3500000238 2.0434175133    0.350 -0.984  3.4981  3.910    0  0.000  0.545     0.00     0.00     0.00     0.00     0.00 -1 -2.47e-14      0.00 7.092e-01 2.755e-01 2.746e-03 7.408e-04 6.719e-03 -1.000 1.527e-02 7.230 8.383 9.979 7.158
0.0152 0.01508 6.65000 0.3698015809 2.0747276709    0.370 -0.951  3.5027  3.919    0  0.000  0.545     0.00     0.00     0.00     0.00     0.00 -1 -2.57e-14      0.00 7.092e-01 2.755e-01 2.746e-03 7.408e-04 6.719e-03 -1.000 1.527e-02 7.146 8.265 9.826 7.052
0.0152 0.01508 6.65000 0.4000000358 2.1185024810    0.400 -0.900  3.5096  3.931    0  0.000  0.545     0.00     0.00     0.00     0.00     0.00 -1 -2.74e-14      0.00 7.092e-01 2.755e-01 2.746e-03 7.408e-04 6.719e-03 -1.000 1.527e-02 7.020 8.090 9.598 6.893
0.0152 0.01508 6.65000 0.4228883088 2.1489138560    0.423 -0.863  3.5152  3.940    0  0.000  0.545     0.00     0.00     0.00     0.00     0.00 -1 -2.87e-14      0.00 7.092e-01 2.755e-01 2.746e-03 7.408e-04 6.719e-03 -1.000 1.527e-02 6.928 7.958 9.424 6.776
0.0152 0.01508 6.65000 0.4500000477 2.1822809714    0.450 -0.820  3.5216  3.949    0  0.000  0.545     0.00     0.00     0.00     0.00     0.00 -1 -3.04e-14      0.00 7.092e-01 2.755e-01 2.746e-03 7.408e-04 6.719e-03 -1.000 1.527e-02 6.820 7.805 9.221 6.639
0.0152 0.01508 6.65000 0.4742183685 2.2099493940    0.474 -0.785  3.5272  3.960    0  0.000  0.545     0.00     0.00     0.00     0.00     0.00 -1 -3.17e-14      0.00 7.092e-01 2.755e-01 2.746e-03 7.408e-04 6.719e-03 -1.000 1.527e-02 6.732 7.677 9.050 6.527
0.0152 0.01508 6.65000 0.5000000000 2.2374541529    0.500 -0.748  3.5330  3.969    0  0.000  0.545     0.00     0.00     0.00     0.00     0.00 -1 -3.33e-14      0.00 7.092e-01 2.755e-01 2.746e-03 7.408e-04 6.719e-03 -1.000 1.527e-02 6.640 7.544 8.874 6.410
0.0152 0.01508 6.65000 0.5141168833 2.2515483898    0.514 -0.728  3.5365  3.975    0  0.000  0.545     0.00     0.00     0.00     0.00     0.00 -1 -3.41e-14      0.00 7.092e-01 2.755e-01 2.746e-03 7.408e-04 6.719e-03 -1.000 1.527e-02 6.590 7.470 8.773 6.346
0.0152 0.01508 6.65000 0.5364692807 2.2721299695    0.536 -0.699  3.5414  3.983    0  0.000  0.545     0.00     0.00     0.00     0.00     0.00 -1 -3.54e-14      0.00 7.092e-01 2.755e-01 2.746e-03 7.408e-04 6.719e-03 -1.000 1.527e-02 6.517 7.364 8.632 6.254
0.0152 0.01508 6.65000 0.5500000119 2.2836582633    0.550 -0.682  3.5440  3.988    0  0.000  0.545     0.00     0.00     0.00     0.00     0.00 -1 -3.62e-14      0.00 7.092e-01 2.755e-01 2.746e-03 7.408e-04 6.719e-03 -1.000 1.527e-02 6.474 7.303 8.553 6.201
0.0152 0.01508 6.65000 0.5620420575 2.2933831510    0.562 -0.665  3.5470  3.993    0  0.000  0.545     0.00     0.00     0.00     0.00     0.00 -1 -3.69e-14      0.00 7.092e-01 2.755e-01 2.746e-03 7.408e-04 6.719e-03 -1.000 1.527e-02 6.433 7.241 8.469 6.148
0.0152 0.01508 6.65000 0.5891342163 2.3136003264    0.589 -0.629  3.5533  4.002    0  0.000  0.545     0.00     0.00     0.00     0.00     0.00 -1 -3.88e-14      0.00 7.092e-01 2.755e-01 2.746e-03 7.408e-04 6.719e-03 -1.000 1.527e-02 6.343 7.110 8.292 6.036
0.0152 0.01508 6.65000 0.6000000238 2.3211213258    0.600 -0.617  3.5555  4.007    0  0.000  0.545     0.00     0.00     0.00     0.00     0.00 -1 -3.93e-14      0.00 7.092e-01 2.755e-01 2.746e-03 7.408e-04 6.719e-03 -1.000 1.527e-02 6.312 7.064 8.232 5.997
0.0152 0.01508 6.65000 0.6014917493 2.3221294884    0.601 -0.615  3.5558  4.007    0  0.000  0.545     0.00     0.00     0.00     0.00     0.00 -1 -3.94e-14      0.00 7.092e-01 2.755e-01 2.746e-03 7.408e-04 6.719e-03 -1.000 1.527e-02 6.308 7.057 8.222 5.991
0.0152 0.01508 6.65000 0.6283412576 2.3393382979    0.628 -0.580  3.5623  4.017    0  0.000  0.545     0.00     0.00     0.00     0.00     0.00 -1 -4.13e-14      0.00 7.092e-01 2.755e-01 2.746e-03 7.408e-04 6.719e-03 -1.000 1.527e-02 6.220 6.926 8.046 5.881
0.0152 0.01508 6.65000 0.6499999762 2.3520353107    0.650 -0.555  3.5669  4.026    0  0.000  0.545     0.00     0.00     0.00     0.00     0.00 -1 -4.26e-14      0.00 7.092e-01 2.755e-01 2.746e-03 7.408e-04 6.719e-03 -1.000 1.527e-02 6.158 6.832 7.919 5.802
0.0152 0.01508 6.65000 0.6503673196 2.3522422863    0.650 -0.555  3.5670  4.026    0  0.000  0.545     0.00     0.00     0.00     0.00     0.00 -1 -4.27e-14      0.00 7.092e-01 2.755e-01 2.746e-03 7.408e-04 6.719e-03 -1.000 1.527e-02 6.157 6.831 7.917 5.800
0.0152 0.01508 6.65000 0.6782724857 2.3672146036    0.678 -0.519  3.5735  4.034    0  0.000  0.545     0.00     0.00     0.00     0.00     0.00 -1 -4.49e-14      0.00 7.092e-01 2.755e-01 2.746e-03 7.408e-04 6.719e-03 -1.000 1.527e-02 6.066 6.695 7.736 5.687
0.0152 0.01508 6.65000 0.7000000477 2.3779267258    0.700 -0.494  3.5782  4.042    0  0.000  0.545     0.00     0.00     0.00     0.00     0.00 -1 -4.65e-14      0.00 7.092e-01 2.755e-01 2.746e-03 7.408e-04 6.719e-03 -1.000 1.527e-02 6.004 6.600 7.609 5.608
0.0152 0.01508 6.65000 0.7004721761 2.3781510249    0.701 -0.492  3.5786  4.042    0  0.000  0.545     0.00     0.00     0.00     0.00     0.00 -1 -4.66e-14      0.00 7.092e-01 2.755e-01 2.745e-03 7.408e-04 6.719e-03 -1.000 1.527e-02 6.001 6.594 7.600 5.603
0.0152 0.01508 6.65000 0.7500000000 2.3998889087    0.750 -0.360  3.6211  4.109    0  0.000  0.538     0.00     0.00     0.00     0.00     0.00 -1 -5.66e-14      0.00 7.092e-01 2.755e-01 2.710e-03 7.399e-04 6.720e-03 -1.000 1.527e-02 5.669 5.991 6.758 5.137
0.0152 0.01508 6.65000 0.7962418795 2.4174030024    0.796 -0.316  3.6266  4.114    0  0.000  0.538     0.00     0.00     0.00     0.00     0.00 -1 -6.04e-14      0.00 7.092e-01 2.755e-01 2.710e-03 7.399e-04 6.720e-03 -1.000 1.527e-02 5.561 5.852 6.593 5.015
0.0152 0.01508 6.65000 0.8000000119 2.4187244405    0.800 -0.313  3.6270  4.114    0  0.000  0.538     0.00     0.00     0.00     0.00     0.00 -1 -6.07e-14      0.00 7.092e-01 2.755e-01 2.710e-03 7.399e-04 6.720e-03 -1.000 1.527e-02 5.553 5.842 6.581 5.006
0.0152 0.01508 6.65000 0.8069691062 2.4211375001    0.807 -0.308  3.6278  4.116    0  0.000  0.538     0.00     0.00     0.00     0.00     0.00 -1 -6.11e-14      0.00 7.092e-01 2.755e-01 2.710e-03 7.399e-04 6.720e-03 -1.000 1.527e-02 5.540 5.824 6.559 4.990
0.0152 0.01508 6.65000 0.8482707143 2.4345073860    0.848 -0.272  3.6324  4.120    0  0.000  0.538     0.00     0.00     0.00     0.00     0.00 -1 -6.43e-14      0.00 7.092e-01 2.755e-01 2.710e-03 7.399e-04 6.720e-03 -1.000 1.527e-02 5.451 5.710 6.424 4.889
0.0152 0.01508 6.65000 0.8500000238 2.4350346840    0.850 -0.271  3.6326  4.120    0  0.000  0.538     0.00     0.00     0.00     0.00     0.00 -1 -6.45e-14      0.00 7.092e-01 2.755e-01 2.710e-03 7.399e-04 6.720e-03 -1.000 1.527e-02 5.446 5.704 6.418 4.885
0.0152 0.01508 6.65000 0.8967945576 2.4484201045    0.896 -0.229  3.6378  4.122    0  0.000  0.538     0.00     0.00     0.00     0.00     0.00 -1  -6.9e-14      0.00 7.092e-01 2.755e-01 2.710e-03 7.399e-04 6.720e-03 -1.000 1.527e-02 5.342 5.572 6.263 4.768
0.0152 0.01508 6.65000 0.9000000358 2.4492786175    0.899 -0.226  3.6381  4.122    0  0.000  0.538     0.00     0.00     0.00     0.00     0.00 -1 -6.93e-14      0.00 7.092e-01 2.755e-01 2.710e-03 7.399e-04 6.720e-03 -1.000 1.527e-02 5.335 5.563 6.252 4.760
0.0152 0.01508 6.65000 0.9500000477 2.4618122009    0.950 -0.185  3.6435  4.127    0  0.000  0.538     0.00     0.00     0.00     0.00     0.00 -1 -7.37e-14      0.00 7.092e-01 2.755e-01 2.710e-03 7.399e-04 6.720e-03 -1.000 1.527e-02 5.233 5.434 6.099 4.646
0.0152 0.01508 6.65000 0.9819740057 2.4690622783    0.982 -0.158  3.6470  4.128    0  0.000  0.538     0.00     0.00     0.00     0.00     0.00 -1  -7.7e-14      0.00 7.092e-01 2.755e-01 2.710e-03 7.399e-04 6.720e-03 -1.000 1.527e-02 5.166 5.348 5.999 4.571
0.0152 0.01508 6.65000 1.0000000000 2.4729154477    1.000 -0.142  3.6490  4.128    0  0.000  0.538     0.00     0.00     0.00     0.00     0.00 -1 -7.92e-14      0.00 7.092e-01 2.755e-01 2.710e-03 7.399e-04 6.720e-03 -1.000 1.527e-02 5.126 5.298 5.941 4.527
0.0152 0.01508 6.65000 1.0426249504 2.4814203247    1.042 -0.108  3.6536  4.131    0  0.000  0.538     0.00     0.00     0.00     0.00     0.00 -1 -7.85e-14      0.00 7.092e-01 2.755e-01 2.710e-03 7.399e-04 6.720e-03 -1.000 1.527e-02 5.041 5.191 5.815 4.433
0.0152 0.01508 6.65000 1.0499999523 2.4828114860    1.050 -0.103  3.6544  4.131    0  0.000  0.538     0.00     0.00     0.00     0.00     0.00 -1 -7.83e-14      0.00 7.092e-01 2.755e-01 2.710e-03 7.399e-04 6.720e-03 -1.000 1.527e-02 5.027 5.174 5.795 4.417
0.0152 0.01508 6.65000 1.0530730486 2.4833845604    1.053 -0.100  3.6547  4.131    0  0.000  0.538     0.00     0.00     0.00     0.00     0.00 -1 -7.82e-14      0.00 7.092e-01 2.755e-01 2.710e-03 7.399e-04 6.720e-03 -1.000 1.527e-02 5.021 5.166 5.786 4.411
0.0152 0.01508 6.65000 1.1000000238 2.4916801480    1.099 -0.060  3.6600  4.131    0  0.000  0.538     0.00     0.00     0.00     0.00     0.00 -1 -7.78e-14      0.00 7.092e-01 2.755e-01 2.710e-03 7.399e-04 6.720e-03 -1.000 1.527e-02 4.921 5.041 5.641 4.301
0.0152 0.01508 6.65000 1.1499999762 2.4996678137    1.149 -0.018  3.6656  4.131    0  0.000  0.538     0.00     0.00     0.00     0.00     0.00 -1 -7.69e-14      0.00 7.092e-01 2.755e-01 2.710e-03 7.399e-04 6.720e-03 -1.000 1.527e-02 4.815 4.913 5.492 4.188
0.0152 0.01508 6.65000 1.2000000477 2.5068948796    1.200  0.025  3.6713  4.129    0  0.000  0.538     0.00     0.00     0.00     0.00     0.00 -1 -7.57e-14      0.00 7.092e-01 2.755e-01 2.710e-03 7.399e-04 6.720e-03 -1.000 1.527e-02 4.707 4.782 5.341 4.072
0.0152 0.01508 6.65000 1.2500000000 2.5134610955    1.250  0.065  3.6768  4.129    0  0.000  0.538     0.00     0.00     0.00     0.00     0.00 -1 -7.34e-14      0.00 7.092e-01 2.755e-01 2.710e-03 7.399e-04 6.720e-03 -1.000 1.527e-02 4.607 4.661 5.203 3.966
0.0152 0.01508 6.65000 1.2999999523 2.5194498592    1.300  0.112  3.6827  4.123    0  0.000  0.538     0.00     0.00     0.00     0.00     0.00 -1 -7.15e-14      0.00 7.092e-01 2.755e-01 2.710e-03 7.399e-04 6.720e-03 -1.000 1.527e-02 4.491 4.525 5.048 3.845
0.0152 0.01508 6.65000 1.3500001431 2.5249313723    1.350  0.150  3.6880  4.123    0  0.000  0.538     0.00     0.00     0.00     0.00     0.00 -1 -6.71e-14      0.00 7.092e-01 2.755e-01 2.710e-03 7.399e-04 6.720e-03 -1.000 1.527e-02 4.396 4.413 4.920 3.746
0.0152 0.01508 6.65000 1.3912847042 2.5291175382    1.392  0.186  3.6927  4.119    0  0.000  0.538     0.00     0.00     0.00     0.00     0.00 -1 -6.34e-14      0.00 7.092e-01 2.755e-01 2.710e-03 7.399e-04 6.720e-03 -1.000 1.527e-02 4.306 4.309 4.803 3.654
0.0152 0.01508 6.65000 1.4000000954 2.5299650415    1.400  0.193  3.6937  4.118    0  0.000  0.538     0.00     0.00     0.00     0.00     0.00 -1 -6.27e-14      0.00 7.092e-01 2.755e-01 2.710e-03 7.399e-04 6.720e-03 -1.000 1.527e-02 4.287 4.287 4.778 3.634
0.0152 0.01508 6.65000 1.4185632467 2.5317303082    1.419  0.208  3.6957  4.116    0  0.000  0.538     0.00     0.00     0.00     0.00     0.00 -1 -6.03e-14      0.00 7.092e-01 2.755e-01 2.710e-03 7.399e-04 6.720e-03 -1.000 1.527e-02 4.249 4.243 4.729 3.596
0.0152 0.01508 6.65000 1.4500000477 2.5346015836    1.450  0.235  3.6992  4.113    0  0.000  0.538     0.00     0.00     0.00     0.00     0.00 -1 -5.66e-14      0.00 7.092e-01 2.755e-01 2.710e-03 7.399e-04 6.720e-03 -1.000 1.527e-02 4.183 4.168 4.643 3.529
0.0152 0.01508 6.65000 1.5000000000 2.5388844597    1.500  0.277  3.7047  4.108    0  0.000  0.538     0.00     0.00     0.00     0.00     0.00 -1 -4.92e-14      0.00 7.092e-01 2.755e-01 2.710e-03 7.399e-04 6.720e-03 -1.000 1.527e-02 4.077 4.048 4.509 3.422
0.0152 0.01508 6.65000 1.5161881447 2.5402016764    1.516  0.291  3.7065  4.106    0  0.000  0.538     0.00     0.00     0.00     0.00     0.00 -1  -4.6e-14      0.00 7.092e-01 2.755e-01 2.710e-03 7.399e-04 6.720e-03 -1.000 1.527e-02 4.043 4.010 4.466 3.388
0.0152 0.01508 6.65000 1.5388495922 2.5419921935    1.539  0.312  3.7092  4.102    0  0.000  0.538     0.00     0.00     0.00     0.00     0.00 -1 -4.23e-14      0.00 7.092e-01 2.755e-01 2.710e-03 7.399e-04 6.720e-03 -1.000 1.527e-02 3.989 3.949 4.398 3.333
0.0152 0.01508 6.65000 1.5499999523 2.5428511323    1.550  0.324  3.7106  4.099    0  0.000  0.538     0.00     0.00     0.00     0.00     0.00 -1 -4.08e-14      0.00 7.092e-01 2.755e-01 2.710e-03 7.399e-04 6.720e-03 -1.000 1.527e-02 3.961 3.917 4.363 3.304
0.0152 0.01508 6.65000 1.6000000238 2.5465340628    1.600  0.376  3.7167  4.085    0  0.000  0.538     0.00     0.00     0.00     0.00     0.00 -1 -3.06e-14      0.00 7.092e-01 2.755e-01 2.710e-03 7.399e-04 6.720e-03 -1.000 1.527e-02 3.831 3.774 4.205 3.175
0.0152 0.01508 6.65000 1.6386696100 2.5492058587    1.638  0.412  3.7212  4.077    0  0.000  0.538     0.00     0.00     0.00     0.00     0.00 -1 -1.94e-14      0.00 7.092e-01 2.755e-01 2.710e-03 7.399e-04 6.720e-03 -1.000 1.527e-02 3.740 3.674 4.094 3.085
0.0152 0.01508 6.65000 1.6500000954 2.5499614852    1.649  0.424  3.7226  4.074    0  0.000  0.538     0.00     0.00     0.00     0.00     0.00 -1 -1.71e-14      0.00 7.092e-01 2.755e-01 2.710e-03 7.399e-04 6.720e-03 -1.000 1.527e-02 3.710 3.641 4.058 3.055
0.0152 0.01508 6.65000 1.7000000477 2.5531580802    1.699  0.479  3.7289  4.056    0  0.000  0.538     0.00     0.00     0.00     0.00     0.00 -1    -1e-30      0.00 7.092e-01 2.755e-01 2.710e-03 7.399e-04 6.720e-03 -1.000 1.527e-02 3.571 3.491 3.894 2.920
0.0152 0.01508 6.65000 1.7001127005 2.5531650386    1.699  0.480  3.7289  4.056    0  0.000  0.538     0.00     0.00     0.00     0.00     0.00 -1    -1e-30      0.00 7.092e-01 2.755e-01 2.710e-03 7.399e-04 6.720e-03 -1.000 1.527e-02 3.571 3.491 3.893 2.919
0.0152 0.01508 6.65000 1.7500000000 2.5561455243    1.749  0.539  3.7354  4.035    0  0.000  0.538     0.00     0.00     0.00     0.00     0.00 -1    -1e-30      0.00 7.092e-01 2.755e-01 2.710e-03 7.399e-04 6.720e-03 -1.000 1.527e-02 3.423 3.332 3.720 2.775
0.0152 0.01508 6.65000 1.7906129360 2.5584314124    1.789  0.590  3.7408  4.016    0  0.000  0.538     0.00     0.00     0.00     0.00     0.00 -1    -1e-30      0.00 7.092e-01 2.755e-01 2.710e-03 7.399e-04 6.720e-03 -1.000 1.527e-02 3.296 3.197 3.573 2.652
0.0152 0.01508 6.65000 1.7999999523 2.5589429085    1.799  0.603  3.7421  4.010    0  0.000  0.538     0.00     0.00     0.00     0.00     0.00 -1    -1e-30      0.00 7.092e-01 2.755e-01 2.710e-03 7.399e-04 6.720e-03 -1.000 1.527e-02 3.262 3.162 3.534 2.619
0.0152 0.01508 6.65000 1.8471019268 2.5614194712    1.846  0.675  3.7491  3.978    0  0.000  0.538     0.00     0.00     0.00     0.00     0.00 -1    -1e-30      0.00 7.092e-01 2.755e-01 2.710e-03 7.399e-04 6.720e-03 -1.000 1.527e-02 3.083 2.975 3.333 2.447
0.0152 0.01508 6.65000 1.8500000238 2.5615671203    1.849  0.679  3.7495  3.976    0  0.000  0.538     0.00     0.00     0.00     0.00     0.00 -1    -1e-30      0.00 7.092e-01 2.755e-01 2.710e-03 7.399e-04 6.720e-03 -1.000 1.527e-02 3.071 2.963 3.320 2.436
0.0152 0.01508 6.65000 1.8538683653 2.5617633733    1.853  0.685  3.7501  3.973    0  0.000  0.538     0.00     0.00     0.00     0.00     0.00 -1    -1e-30      0.00 7.092e-01 2.755e-01 2.710e-03 7.399e-04 6.720e-03 -1.000 1.527e-02 3.056 2.948 3.303 2.422
0.0152 0.01508 6.65000 1.8948360682 2.5637853642    1.894  0.760  3.7568  3.935    0  0.000  0.538     0.00     0.00     0.00     0.00     0.00 -1    -1e-30      0.00 7.092e-01 2.755e-01 2.710e-03 7.399e-04 6.720e-03 -1.000 1.527e-02 2.871 2.756 3.096 2.246
0.0152 0.01508 6.65000 1.9000000954 2.5640331317    1.899  0.771  3.7578  3.929    0  0.000  0.538     0.00     0.00     0.00     0.00     0.00 -1    -1e-30      0.00 7.092e-01 2.755e-01 2.710e-03 7.399e-04 6.720e-03 -1.000 1.527e-02 2.842 2.726 3.064 2.219
0.0152 0.01508 6.65000 1.9154102802 2.5647633802    1.915  0.802  3.7606  3.912    0  0.000  0.538     0.00     0.00     0.00     0.00     0.00 -1    -1e-30      0.00 7.092e-01 2.755e-01 2.710e-03 7.399e-04 6.720e-03 -1.000 1.527e-02 2.765 2.646 2.978 2.146
0.0152 0.01508 6.65000 1.9445048571 2.5661058766    1.944  0.866  3.7662  3.878    0  0.000  0.538     0.00     0.00     0.00     0.00     0.00 -1    -1e-30      0.00 7.092e-01 2.755e-01 2.710e-03 7.399e-04 6.720e-03 -1.000 1.527e-02 2.605 2.482 2.802 1.995
0.0152 0.01508 6.65000 1.9500001669 2.5663542767    1.950  0.878  3.7673  3.871    0  0.000  0.538     0.00     0.00     0.00     0.00     0.00 -1    -1e-30      0.00 7.092e-01 2.755e-01 2.710e-03 7.399e-04 6.720e-03 -1.000 1.527e-02 2.574 2.450 2.767 1.966
0.0152 0.01508 6.65000 1.9571281672 2.5666740894    1.957  0.895  3.7688  3.862    0  0.000  0.538     0.00     0.00     0.00     0.00     0.00 -1    -1e-30      0.00 7.092e-01 2.755e-01 2.710e-03 7.399e-04 6.720e-03 -1.000 1.527e-02 2.533 2.408 2.722 1.927
0.0152 0.01508 6.65000 1.9837460518 2.5678450288    1.984  0.958  3.7745  3.828    0  0.000  0.538     0.00     0.00     0.00     0.00     0.00 -1    -1e-30      0.00 7.092e-01 2.755e-01 2.710e-03 7.399e-04 6.720e-03 -1.000 1.527e-02 2.376 2.248 2.549 1.781
0.0152 0.01508 6.65000 2.0000000000 2.5685424513    2.000  0.996  3.7782  3.808    0  0.000  0.538     0.00     0.00     0.00     0.00     0.00 -1    -1e-30      0.00 7.092e-01 2.755e-01 2.710e-03 7.399e-04 6.720e-03 -1.000 1.527e-02 2.281 2.150 2.443 1.693
0.0152 0.01508 6.65000 2.0046799183 2.5687408468    2.005  1.007  3.7793  3.802    0  0.000  0.538     0.00     0.00     0.00     0.00     0.00 -1    -1e-30      0.00 7.092e-01 2.755e-01 2.710e-03 7.399e-04 6.720e-03 -1.000 1.527e-02 2.253 2.122 2.413 1.667
0.0152 0.01508 6.65000 2.0296545029 2.5697818275    2.029  1.065  3.7853  3.774    0  0.000  0.538     0.00     0.00     0.00     0.00     0.00 -1    -1e-30      0.00 7.092e-01 2.755e-01 2.710e-03 7.399e-04 6.720e-03 -1.000 1.527e-02 2.109 1.976 2.254 1.535
0.0152 0.01508 6.65000 2.0499999523 2.5706083333    2.050  1.111  3.7906  3.753    0  0.000  0.538     0.00     0.00     0.00     0.00     0.00 -1    -1e-30      0.00 7.092e-01 2.755e-01 2.710e-03 7.399e-04 6.720e-03 -1.000 1.527e-02 1.992 1.857 2.124 1.430
0.0152 0.01508 6.65000 2.0713362694 2.5714550642    2.071  1.160  3.7968  3.733    0  0.000  0.538     0.00     0.00     0.00     0.00     0.00 -1    -1e-30      0.00 7.092e-01 2.755e-01 2.710e-03 7.399e-04 6.720e-03 -1.000 1.527e-02 1.869 1.733 1.987 1.322
0.0152 0.01508 6.65000 2.0994164944 2.5725393181    2.098  1.225  3.8063  3.712    0  0.000  0.538     0.00     0.00     0.00     0.00     0.00 -1    -1e-30      0.00 7.092e-01 2.755e-01 2.710e-03 7.399e-04 6.720e-03 -1.000 1.527e-02 1.707 1.570 1.805 1.183
0.0152 0.01508 6.65000 2.0999999046 2.5725614918    2.099  1.227  3.8065  3.712    0  0.000  0.538     0.00     0.00     0.00     0.00     0.00 -1    -1e-30      0.00 7.092e-01 2.755e-01 2.710e-03 7.399e-04 6.720e-03 -1.000 1.527e-02 1.704 1.567 1.801 1.180
0.0152 0.01508 6.65000 2.1109869480 2.5729764462    2.110  1.252  3.8108  3.706    0  0.000  0.538     0.00     0.00     0.00     0.00     0.00 -1    -1e-30      0.00 7.092e-01 2.755e-01 2.710e-03 7.399e-04 6.720e-03 -1.000 1.527e-02 1.640 1.503 1.728 1.127
0.0152 0.01508 6.65000 2.1290931702 2.5736495410    2.128  1.294  3.8195  3.701    0  0.000  0.538     0.00     0.00     0.00     0.00     0.00 -1    -1e-30      0.00 7.092e-01 2.755e-01 2.709e-03 7.399e-04 6.720e-03 -1.000 1.527e-02 1.534 1.397 1.606 1.043
0.0152 0.01508 6.65000 2.1449759007 2.5742292312    2.144  1.332  3.8292  3.706    0  0.000  0.538     0.00     0.00     0.00     0.00     0.00 -1    -1e-30      0.00 7.092e-01 2.755e-01 2.709e-03 7.399e-04 6.720e-03 -1.000 1.527e-02 1.441 1.303 1.496 0.973
0.0152 0.01508 6.65000 2.1500000954 2.5744105556    2.149  1.344  3.8328  3.710    0  0.000  0.538     0.00     0.00     0.00     0.00     0.00 -1    -1e-30      0.00 7.092e-01 2.755e-01 2.709e-03 7.399e-04 6.720e-03 -1.000 1.527e-02 1.411 1.274 1.460 0.952
0.0152 0.01508 6.65000 2.1575198174 2.5746801305    2.156  1.361  3.8384  3.716    0  0.000  0.538     0.00     0.00     0.00     0.00     0.00 -1    -1e-30      0.00 7.092e-01 2.755e-01 2.709e-03 7.399e-04 6.720e-03 -1.000 1.527e-02 1.367 1.230 1.407 0.922
0.0152 0.01508 6.65000 2.1709563732 2.5751564753    2.170  1.393  3.8498  3.732    0  0.000  0.538     0.00     0.00     0.00     0.00     0.00 -1    -1e-30      0.00 7.092e-01 2.755e-01 2.709e-03 7.399e-04 6.720e-03 -1.000 1.527e-02 1.287 1.153 1.311 0.874
0.0152 0.01508 6.65000 2.1832056046 2.5755848574    2.182  1.422  3.8609  3.750    0  0.000  0.538     0.00     0.00     0.00     0.00     0.00 -1    -1e-30      0.00 7.092e-01 2.755e-01 2.709e-03 7.399e-04 6.720e-03 -1.000 1.527e-02 1.215 1.085 1.225 0.833
0.0152 0.01508 6.65000 2.1949901581 2.5759918036    2.193  1.450  3.8720  3.769    0  0.000  0.538     0.00     0.00     0.00     0.00     0.00 -1    -1e-30      0.00 7.092e-01 2.755e-01 2.709e-03 7.399e-04 6.720e-03 -1.000 1.527e-02 1.145 1.022 1.144 0.798
0.0152 0.01508 6.65000 2.2000000477 2.5761632879    2.199  1.462  3.8768  3.778    0  0.000  0.538     0.00     0.00     0.00     0.00     0.00 -1    -1e-30      0.00 7.092e-01 2.755e-01 2.709e-03 7.399e-04 6.720e-03 -1.000 1.527e-02 1.116 0.995 1.111 0.784
0.0152 0.01508 6.65000 2.2108826637 2.5765327133    2.209  1.487  3.8873  3.797    0  0.000  0.538     0.00     0.00     0.00     0.00     0.00 -1    -1e-30      0.00 7.092e-01 2.755e-01 2.709e-03 7.399e-04 6.720e-03 -1.000 1.527e-02 1.053 0.940 1.039 0.756
0.0152 0.01508 6.65000 2.2251639366 2.5770112115    2.224  1.520  3.9014  3.823    0  0.000  0.538     0.00     0.00     0.00     0.00     0.00 -1    -1e-30      0.00 7.092e-01 2.755e-01 2.709e-03 7.399e-04 6.720e-03 -1.000 1.527e-02 0.971 0.874 0.952 0.727
0.0152 0.01508 6.65000 2.2391972542 2.5774745710    2.238  1.550  3.9154  3.851    0  0.000  0.538     0.00     0.00     0.00     0.00     0.00 -1    -1e-30      0.00 7.092e-01 2.755e-01 2.709e-03 7.398e-04 6.720e-03 -1.000 1.527e-02 0.894 0.818 0.877 0.706
0.0152 0.01508 6.65000 2.2500000000 2.5778267375    2.249  1.573  3.9263  3.874    0  0.000  0.538     0.00     0.00     0.00     0.00     0.00 -1    -1e-30      0.00 7.092e-01 2.755e-01 2.709e-03 7.398e-04 6.720e-03 -1.000 1.527e-02 0.837 0.782 0.827 0.695
0.0152 0.01508 6.65000 2.2502565384 2.5778350533    2.249  1.574  3.9266  3.874    0  0.000  0.538     0.00     0.00     0.00     0.00     0.00 -1    -1e-30      0.00 7.092e-01 2.755e-01 2.709e-03 7.398e-04 6.720e-03 -1.000 1.527e-02 0.835 0.781 0.826 0.695
0.0152 0.01508 6.65000 2.2627036572 2.5782359296    2.261  1.598  3.9390  3.902    0  0.000  0.538     0.00     0.00     0.00     0.00     0.00 -1    -1e-30      0.00 7.092e-01 2.755e-01 2.709e-03 7.398e-04 6.720e-03 -1.000 1.527e-02 0.774 0.750 0.782 0.689
0.0152 0.01508 6.65000 2.2754051685 2.5786398038    2.274  1.621  3.9513  3.931    0  0.000  0.538     0.00     0.00     0.00     0.00     0.00 -1    -1e-30      0.00 7.092e-01 2.755e-01 2.709e-03 7.398e-04 6.720e-03 -1.000 1.527e-02 0.719 0.732 0.752 0.692
0.0152 0.01508 6.65000 2.2888591290 2.5790619869    2.287  1.639  3.9635  3.964    0  0.000  0.538     0.00     0.00     0.00     0.00     0.00 -1    -1e-30      0.00 7.092e-01 2.755e-01 2.709e-03 7.398e-04 6.720e-03 -1.000 1.527e-02 0.671 0.728 0.739 0.707
0.0152 0.01508 6.65000 2.2999999523 2.5794072884    2.299  1.652  3.9729  3.991    0  0.000  0.538     0.00     0.00     0.00     0.00     0.00 -1    -1e-30      0.00 7.092e-01 2.755e-01 2.709e-03 7.398e-04 6.720e-03 -1.000 1.527e-02 0.640 0.734 0.739 0.726
0.0152 0.01508 6.65000 2.3003168106 2.5794170529    2.299  1.652  3.9732  3.992    0  0.000  0.538     0.00     0.00     0.00     0.00     0.00 -1    -1e-30      0.00 7.092e-01 2.755e-01 2.709e-03 7.398e-04 6.720e-03 -1.000 1.527e-02 0.639 0.735 0.739 0.727
0.0152 0.01508 6.65000 2.3052906990 2.5795699276    2.304  1.654  3.9765  4.005    0  0.000  0.538     0.00     0.00     0.00     0.00     0.00 -1    -1e-30      0.00 7.092e-01 2.755e-01 2.709e-03 7.398e-04 6.720e-03 -1.000 1.527e-02 0.636 0.745 0.747 0.741
0.0152 0.01508 6.65000 2.3294351101 2.5803013612    2.328  1.638  3.9865  4.065    0  0.000  0.538     0.00     0.00     0.00     0.00     0.00 -1    -1e-30      0.00 7.092e-01 2.755e-01 2.709e-03 7.398e-04 6.720e-03 -1.000 1.527e-02 0.674 0.826 0.822 0.833
0.0152 0.01508 6.65000 2.3470265865 2.5808233953    2.346  1.610  3.9888  4.105    0  0.000  0.538     0.00     0.00     0.00     0.00     0.00 -1    -1e-30      0.00 7.092e-01 2.755e-01 2.709e-03 7.398e-04 6.720e-03 -1.000 1.527e-02 0.745 0.907 0.902 0.916
0.0152 0.01508 6.65000 2.3606297970 2.5812209471    2.359  1.581  3.9879  4.133    0  0.000  0.538     0.00     0.00     0.00     0.00     0.00 -1    -1e-30      0.00 7.092e-01 2.755e-01 2.709e-03 7.398e-04 6.720e-03 -1.000 1.527e-02 0.817 0.976 0.972 0.983
0.0152 0.01508 6.65000 2.3736865520 2.5815976045    2.372  1.554  3.9859  4.155    0  0.000  0.538     0.00     0.00     0.00     0.00     0.00 -1    -1e-30      0.00 7.092e-01 2.755e-01 2.709e-03 7.398e-04 6.720e-03 -1.000 1.527e-02 0.886 1.036 1.034 1.041
0.0152 0.01508 6.65000 2.3878893852 2.5820019494    2.387  1.529  3.9837  4.173    0  0.000  0.538     0.00     0.00     0.00     0.00     0.00 -1    -1e-30      0.00 7.092e-01 2.755e-01 2.709e-03 7.398e-04 6.720e-03 -1.000 1.527e-02 0.947 1.088 1.087 1.090
0.0152 0.01508 6.65000 2.4000000954 2.5823423892    2.399  1.517  3.9827  4.184    0  0.000  0.538     0.00     0.00     0.00     0.00     0.00 -1    -1e-30      0.00 7.092e-01 2.755e-01 2.709e-03 7.398e-04 6.720e-03 -1.000 1.527e-02 0.977 1.114 1.114 1.115
0.0152 0.01508 6.65000 2.4015486240 2.5823856347    2.401  1.515  3.9826  4.185    0  0.000  0.538     0.00     0.00     0.00     0.00     0.00 -1    -1e-30      0.00 7.092e-01 2.755e-01 2.709e-03 7.398e-04 6.720e-03 -1.000 1.527e-02 0.982 1.118 1.118 1.118
0.0152 0.01508 6.65000 2.4321420193 2.5832270436    2.431  1.509  3.9834  4.201    0  0.000  0.538     0.00     0.00     0.00     0.00     0.00 -1    -1e-30      0.00 7.092e-01 2.755e-01 2.709e-03 7.399e-04 6.720e-03 -1.000 1.527e-02 0.998 1.138 1.138 1.139
0.0152 0.01508 6.65000 2.4627816677 2.5840456750    2.462  1.549  3.9931  4.204    0  0.000  0.538     0.00     0.00     0.00     0.00     0.00 -1    -1e-30      0.00 7.092e-01 2.755e-01 2.709e-03 7.399e-04 6.720e-03 -1.000 1.527e-02 0.897 1.079 1.073 1.092
0.0152 0.01508 6.65000 2.4988193512 2.5849790461    2.498  1.608  4.0083  4.213    0  0.000  0.538     0.00     0.00     0.00     0.00     0.00 -1    -1e-30      0.00 7.092e-01 2.755e-01 2.710e-03 7.399e-04 6.720e-03 -1.000 1.527e-02 0.751 1.003 0.988 1.031
0.0152 0.01508 6.65000 2.5228674412 2.5855848580    2.522  1.654  4.0216  4.224    0  0.000  0.538     0.00     0.00     0.00     0.00     0.00 -1    -1e-30      0.00 7.092e-01 2.755e-01 2.710e-03 7.399e-04 6.720e-03 -1.000 1.527e-02 0.634 0.950 0.929 0.990
0.0152 0.01508 6.65000 2.5409381390 2.5860314218    2.541  1.693  4.0335  4.236    0  0.000  0.538     0.00     0.00     0.00     0.00     0.00 -1    -1e-30      0.00 7.092e-01 2.755e-01 2.710e-03 7.399e-04 6.720e-03 -1.000 1.527e-02 0.537 0.911 0.885 0.961
0.0152 0.01508 6.65000 2.5556554794 2.5863897563    2.555  1.724  4.0438  4.248    0  0.000  0.538     0.00     0.00     0.00     0.00     0.00 -1    -1e-30      0.00 7.092e-01 2.755e-01 2.710e-03 7.399e-04 6.720e-03 -1.000 1.527e-02 0.460 0.885 0.854 0.943
0.0152 0.01508 6.65000 2.5691432953 2.5867140119    2.569  1.746  4.0523  4.263    0  0.000  0.538     0.00     0.00     0.00     0.00     0.00 -1    -1e-30      0.00 7.092e-01 2.755e-01 2.710e-03 7.399e-04 6.720e-03 -1.000 1.527e-02 0.404 0.872 0.838 0.936
0.0152 0.01508 6.65000 2.5897002220 2.5872007499    2.590  1.765  4.0618  4.286    0  0.000  0.538     0.00     0.00     0.00     0.00     0.00 -1    -1e-30      0.00 7.092e-01 2.755e-01 2.710e-03 7.399e-04 6.720e-03 -1.000 1.527e-02 0.357 0.874 0.837 0.945
0.0152 0.01508 6.65000 2.5999999046 2.5874412955    2.600  1.766  4.0646  4.297    0  0.000  0.538     0.00     0.00     0.00     0.00     0.00 -1    -1e-30      0.00 7.092e-01 2.755e-01 2.710e-03 7.399e-04 6.720e-03 -1.000 1.527e-02 0.354 0.885 0.847 0.958
0.0152 0.01508 6.65000 2.6240549088 2.5879946432    2.624  1.770  4.0709  4.323    0  0.000  0.538     0.00     0.00     0.00     0.00     0.00 -1    -1e-30      0.00 7.092e-01 2.755e-01 2.710e-03 7.399e-04 6.720e-03 -1.000 1.527e-02 0.345 0.909 0.869 0.986
0.0152 0.01508 6.65000 2.6572391987 2.5887391182    2.657  1.761  4.0737  4.349    0  0.000  0.538     0.00     0.00     0.00     0.00     0.00 -1    -1e-30      0.00 7.092e-01 2.755e-01 2.710e-03 7.399e-04 6.720e-03 -1.000 1.527e-02 0.368 0.947 0.906 1.025
0.0152 0.01508 6.65000 2.7695586681 2.5911074295    2.770  1.794  4.0812  4.363    0  0.000  0.538     0.00     0.00     0.00     0.00     0.00 -1    -1e-30      0.00 7.092e-01 2.755e-01 2.710e-03 7.399e-04 6.720e-03 -1.000 1.527e-02 0.285 0.904 0.860 0.987
0.0152 0.01508 6.65000 2.7996773720 2.5917054570    2.800  1.805  4.0834  4.365    0  0.000  0.538     0.00     0.00     0.00     0.00     0.00 -1    -1e-30      0.00 7.092e-01 2.755e-01 2.710e-03 7.399e-04 6.720e-03 -1.000 1.527e-02 0.256 0.887 0.842 0.971
0.0152 0.01508 6.65000 2.8000001907 2.5917117867    2.800  1.806  4.0834  4.365    0  0.000  0.538     0.00     0.00     0.00     0.00     0.00 -1    -1e-30      0.00 7.092e-01 2.755e-01 2.710e-03 7.399e-04 6.720e-03 -1.000 1.527e-02 0.256 0.887 0.842 0.970
0.0152 0.01508 6.65000 3.0000000000 2.5953341962    3.000  1.920  4.1039  4.363    0  0.000  0.538     0.00     0.00     0.00     0.00     0.00 -1    -1e-30      0.00 7.092e-01 2.755e-01 2.710e-03 7.399e-04 6.720e-03 -1.000 1.527e-02 -0.031 0.710 0.658 0.806
0.0152 0.01508 6.65000 3.2000000477 2.5984409005    3.199  2.027  4.1228  4.359    0  0.000  0.538     0.00     0.00     0.00     0.00     0.00 -1    -1e-30      0.00 7.092e-01 2.755e-01 2.710e-03 7.399e-04 6.720e-03 -1.000 1.527e-02 -0.297 0.547 0.489 0.653
0.0152 0.01508 6.65000 3.4000000954 2.6011310876    3.398  2.126  4.1401  4.355    0  0.000  0.538     0.00     0.00     0.00     0.00     0.00 -1    -1e-30      0.00 7.092e-01 2.755e-01 2.710e-03 7.399e-04 6.720e-03 -1.000 1.527e-02 -0.546 0.395 0.333 0.512
0.0152 0.01508 6.65000 3.6000001431 2.6034804607    3.598  2.219  4.1561  4.351    0  0.000  0.538     0.00     0.00     0.00     0.00     0.00 -1    -1e-30      0.00 7.092e-01 2.755e-01 2.710e-03 7.399e-04 6.720e-03 -1.000 1.527e-02 -0.778 0.254 0.186 0.379
0.0152 0.01508 6.65000 3.8000001907 2.6055477311    3.798  2.307  4.1711  4.347    0  0.000  0.538     0.00     0.00     0.00     0.00     0.00 -1    -1e-30      0.00 7.092e-01 2.755e-01 2.710e-03 7.399e-04 6.720e-03 -1.000 1.527e-02 -0.998 0.120 0.048 0.254
0.0152 0.01508 6.65000 4.0000000000 2.6073790840    4.001  2.390  4.1851  4.343    0  0.000  0.538     0.00     0.00     0.00     0.00     0.00 -1    -1e-30      0.00 7.092e-01 2.755e-01 2.710e-03 7.399e-04 6.720e-03 -1.000 1.527e-02 -1.204 -0.004 -0.080 0.137
0.0152 0.01508 6.65000 4.1999998093 2.6090113217    4.198  2.468  4.1983  4.338    1  0.000  0.538     0.00     0.00     0.00     0.00     0.00 -1    -1e-30      0.00 7.092e-01 2.755e-01 2.710e-03 7.399e-04 6.720e-03 -1.000 1.527e-02 -1.400 -0.123 -0.203 0.026
0.0152 0.01508 6.65000 4.4000000954 2.6104741055    4.397  2.542  4.2105  4.333    1  0.000  0.538     0.00     0.00     0.00     0.00     0.00 -1    -1e-30      0.00 7.092e-01 2.755e-01 2.710e-03 7.399e-04 6.720e-03 -1.000 1.527e-02 -1.585 -0.236 -0.320 -0.080
0.0152 0.01508 6.65000 4.5999999046 2.6117915791    4.597  2.613  4.2220  4.328    1  0.000  0.538     0.00     0.00     0.00     0.00     0.00 -1    -1e-30      0.00 7.092e-01 2.755e-01 2.710e-03 7.399e-04 6.720e-03 -1.000 1.527e-02 -1.761 -0.344 -0.431 -0.182
0.0152 0.01508 6.65000 4.8000001907 2.6129836005    4.798  2.680  4.2332  4.324    1  0.000  0.538     0.00     0.00     0.00     0.00     0.00 -1    -1e-30      0.00 7.092e-01 2.755e-01 2.710e-03 7.399e-04 6.720e-03 -1.000 1.527e-02 -1.931 -0.447 -0.538 -0.279
0.0152 0.01508 6.65000 5.0000000000 2.6140666223    4.999  2.744  4.2435  4.319    1  0.000  0.538     0.00     0.00     0.00     0.00     0.00 -1    -1e-30      0.00 7.092e-01 2.755e-01 2.710e-03 7.399e-04 6.720e-03 -1.000 1.527e-02 -2.090 -0.546 -0.640 -0.372
0.0152 0.01508 6.65000 5.1999998093 2.6150544000    5.200  2.805  4.2531  4.313    1  0.000  0.538     0.00     0.00     0.00     0.00     0.00 -1    -1e-30      0.00 7.092e-01 2.755e-01 2.710e-03 7.399e-04 6.720e-03 -1.000 1.527e-02 -2.243 -0.643 -0.739 -0.463
0.0152 0.01508 6.65000 5.3999996185 2.6159585084    5.401  2.864  4.2625  4.308    1  0.000  0.538     0.00     0.00     0.00     0.00     0.00 -1    -1e-30      0.00 7.092e-01 2.755e-01 2.710e-03 7.399e-04 6.720e-03 -1.000 1.527e-02 -2.390 -0.735 -0.834 -0.550
0.0152 0.01508 6.65000 5.5999994278 2.6167887546    5.601  2.921  4.2717  4.304    1  0.000  0.538     0.00     0.00     0.00     0.00     0.00 -1    -1e-30      0.00 7.092e-01 2.755e-01 2.710e-03 7.399e-04 6.720e-03 -1.000 1.527e-02 -2.532 -0.824 -0.925 -0.633
0.0152 0.01508 6.65000 5.8000001907 2.6175535027    5.801  2.975  4.2799  4.298    1  0.000  0.538     0.00     0.00     0.00     0.00     0.00 -1    -1e-30      0.00 7.092e-01 2.755e-01 2.710e-03 7.399e-04 6.720e-03 -1.000 1.527e-02 -2.667 -0.911 -1.015 -0.716
0.0152 0.01508 6.65000 5.9613051414 2.6181274897    5.962  3.017  4.2863  4.293    1  0.000  0.538     0.00     0.00     0.00     0.00     0.00 -1    -1e-30      0.00 7.092e-01 2.755e-01 2.710e-03 7.399e-04 6.720e-03 -1.000 1.527e-02 -2.773 -0.980 -1.085 -0.781
0.0152 0.01508 6.65000 6.0000000000 2.6182599138    6.000  3.027  4.2879  4.292    1  0.000  0.538     0.00     0.00     0.00     0.00     0.00 -1    -1e-30      0.00 7.092e-01 2.755e-01 2.710e-03 7.399e-04 6.720e-03 -1.000 1.527e-02 -2.798 -0.996 -1.102 -0.796
0.0152 0.01508 6.65000 6.1999998093 2.6189141709    6.200  3.078  4.2964  4.290    1  0.000  0.538     0.00     0.00     0.00     0.00     0.00 -1    -1e-30      0.00 7.092e-01 2.755e-01 2.710e-03 7.399e-04 6.720e-03 -1.000 1.527e-02 -2.926 -1.075 -1.183 -0.870
0.0152 0.01508 6.65000 6.4000000954 2.6195216279    6.399  3.127  4.3035  4.283    1  0.000  0.538     0.00     0.00     0.00     0.00     0.00 -1    -1e-30      0.00 7.092e-01 2.755e-01 2.710e-03 7.399e-04 6.720e-03 -1.000 1.527e-02 -3.047 -1.155 -1.265 -0.946
0.0152 0.01508 6.65000 7.0000000000 2.6211069280    6.996  3.264  4.3246  4.270    1  0.000  0.538     0.00     0.00     0.00     0.00     0.00 -1    -1e-30      0.00 7.092e-01 2.755e-01 2.710e-03 7.399e-04 6.720e-03 -1.000 1.527e-02 -3.389 -1.377 -1.493 -1.157
0.0152 0.01508 6.65000 7.9877157211 2.6231300890    7.989  3.464  4.3549  4.248    1  0.000  0.538     0.00     0.00     0.00     0.00     0.00 -1    -1e-30      0.00 7.092e-01 2.755e-01 2.710e-03 7.399e-04 6.720e-03 -1.000 1.527e-02 -3.889 -1.708 -1.832 -1.472
0.0152 0.01508 6.65000 8.0000000000 2.6231516585    8.001  3.466  4.3553  4.248    1  0.000  0.538     0.00     0.00     0.00     0.00     0.00 -1    -1e-30      0.00 7.092e-01 2.755e-01 2.710e-03 7.399e-04 6.720e-03 -1.000 1.527e-02 -3.895 -1.712 -1.836 -1.476
0.0152 0.01508 6.65000 8.5137214661 2.6239899885    8.511  3.559  4.3689  4.237    1  0.000  0.538     0.00     0.00     0.00     0.00     0.00 -1    -1e-30      0.00 7.092e-01 2.755e-01 2.710e-03 7.399e-04 6.720e-03 -1.000 1.527e-02 -4.127 -1.869 -1.997 -1.626
0.0152 0.01508 6.65000 9.0000000000 2.6246829947    8.995  3.642  4.3813  4.227    1  0.000  0.538     0.00     0.00     0.00     0.00     0.00 -1    -1e-30      0.00 7.092e-01 2.755e-01 2.710e-03 7.399e-04 6.720e-03 -1.000 1.527e-02 -4.336 -2.011 -2.142 -1.762
0.0152 0.01508 6.65000 9.8299980164 2.6256857354    9.827  3.773  4.4002  4.210    1  0.000  0.538     0.00     0.00     0.00     0.00     0.00 -1    -1e-30      0.00 7.092e-01 2.755e-01 2.710e-03 7.399e-04 6.720e-03 -1.000 1.527e-02 -4.663 -2.203 -2.339 -1.954
0.0152 0.01508 6.65000 10.0000000000 2.6258676431    9.998  3.799  4.4039  4.206    1  0.000  0.538     0.00     0.00     0.00     0.00     0.00 -1    -1e-30      0.00 7.092e-01 2.755e-01 2.710e-03 7.399e-04 6.720e-03 -1.000 1.527e-02 -4.727 -2.245 -2.383 -1.993
0.0152 0.01508 6.65000 11.0000000000 2.6268081058   11.001  3.939  4.4236  4.187    1  0.000  0.538     0.00     0.00     0.00     0.00     0.00 -1    -1e-30      0.00 7.092e-01 2.755e-01 2.710e-03 7.399e-04 6.720e-03 -1.000 1.527e-02 -5.078 -2.482 -2.627 -2.207
0.0152 0.01508 6.65000 11.1151647568 2.6269039897   11.116  3.954  4.4257  4.185    1  0.000  0.538     0.00     0.00     0.00     0.00     0.00 -1    -1e-30      0.00 7.092e-01 2.755e-01 2.710e-03 7.399e-04 6.720e-03 -1.000 1.527e-02 -5.116 -2.510 -2.656 -2.234
0.0152 0.01508 6.65000 12.0000000000 2.6275706487   12.001  4.066  4.4410  4.167    1  0.000  0.538     0.00     0.00     0.00     0.00     0.00 -1    -1e-30      0.00 7.092e-01 2.755e-01 2.710e-03 7.399e-04 6.720e-03 -1.000 1.527e-02 -5.396 -2.746 -2.891 -2.476
0.0152 0.01508 6.65000 12.9626073837 2.6281783619   12.952  4.176  4.4555  4.148    1  0.000  0.541     0.00     0.00     0.00     0.00     0.00 -1 -6.49e-20      0.00 7.092e-01 2.755e-01 2.728e-03 7.404e-04 6.719e-03 -1.000 1.527e-02 -5.671 -2.957 -3.104 -2.684
0.0152 0.01508 6.65000 14.0000000000 2.6287268957   13.976  4.288  4.4697  4.126    0  0.000  0.545     0.00     0.00     0.00     0.00     0.00 -1 -4.17e-09      0.00 7.092e-01 2.755e-01 2.746e-03 7.408e-04 6.719e-03 -1.000 1.527e-02 -5.951 -3.144 -3.299 -2.849
0.0152 0.01508 6.65000 14.2399101257 2.6288407375   14.215  4.312  4.4727  4.121    0  0.000  0.545     0.00     0.00     0.00     0.00     0.00 -1 -4.71e-09      0.00 7.092e-01 2.755e-01 2.746e-03 7.408e-04 6.719e-03 -1.000 1.527e-02 -6.011 -3.184 -3.341 -2.885
0.0152 0.01508 6.65000 15.3074951172 2.6292979566   15.276  4.415  4.4850  4.099    0  0.000  0.545     0.00     0.00     0.00     0.00     0.00 -1 -7.94e-09      0.00 7.092e-01 2.755e-01 2.746e-03 7.408e-04 6.719e-03 -1.000 1.527e-02 -6.267 -3.385 -3.545 -3.079
0.0152 0.01508 6.65000 16.0000000000 2.6295573144   15.962  4.478  4.4923  4.084    0  0.000  0.545     0.00     0.00     0.00     0.00     0.00 -1  -1.1e-08      0.00 7.092e-01 2.755e-01 2.746e-03 7.408e-04 6.719e-03 -1.000 1.527e-02 -6.425 -3.515 -3.676 -3.206
0.0152 0.01508 6.65000 16.7945613861 2.6298248026   16.735  4.545  4.4996  4.068    0  0.000  0.545     0.00     0.00     0.00     0.00     0.00 -1 -1.52e-08      0.00 7.092e-01 2.755e-01 2.746e-03 7.408e-04 6.719e-03 -1.000 1.527e-02 -6.592 -3.655 -3.818 -3.343
0.0152 0.01508 6.65000 17.7871780396 2.6301206621   17.698  4.624  4.5080  4.045    0  0.000  0.545     0.00     0.00     0.00     0.00     0.00 -1 -2.25e-08      0.00 7.092e-01 2.755e-01 2.746e-03 7.408e-04 6.719e-03 -1.000 1.527e-02 -6.791 -3.810 -3.972 -3.499
0.0152 0.01508 6.65000 18.0000000000 2.6301792302   17.906  4.641  4.5096  4.040    0  0.000  0.545     0.00     0.00     0.00     0.00     0.00 -1 -2.44e-08      0.00 7.092e-01 2.755e-01 2.746e-03 7.408e-04 6.719e-03 -1.000 1.527e-02 -6.833 -3.842 -4.005 -3.532
0.0152 0.01508 6.65000 18.7986888885 2.6303854930   18.681  4.700  4.5152  4.023    0  0.000  0.545     0.00     0.00     0.00     0.00     0.00 -1 -3.22e-08      0.00 7.092e-01 2.755e-01 2.746e-03 7.408e-04 6.719e-03 -1.000 1.527e-02 -6.979 -3.957 -4.119 -3.648
0.0152 0.01508 6.65000 19.7229251862 2.6306003640   19.573  4.765  4.5210  4.000    0  0.000  0.545     0.00     0.00     0.00     0.00     0.00 -1 -4.38e-08      0.00 7.092e-01 2.755e-01 2.746e-03 7.408e-04 6.719e-03 -1.000 1.527e-02 -7.144 -4.087 -4.249 -3.781
0.0152 0.01508 6.65000 20.0000000000 2.6306603470   19.840  4.785  4.5225  3.993    0  0.000  0.545     0.00     0.00     0.00     0.00     0.00 -1  -4.8e-08      0.00 7.092e-01 2.755e-01 2.746e-03 7.408e-04 6.719e-03 -1.000 1.527e-02 -7.192 -4.127 -4.289 -3.822
0.0152 0.01508 6.65000 20.6418132782 2.6307922049   20.448  4.826  4.5256  3.977    0  0.000  0.545     0.00     0.00     0.00     0.00     0.00 -1 -5.77e-08      0.00 7.092e-01 2.755e-01 2.746e-03 7.408e-04 6.719e-03 -1.000 1.527e-02 -7.294 -4.215 -4.376 -3.911
0.0152 0.01508 6.65000 21.6873283386 2.6309879062   21.434  4.890  4.5298  3.950    0  0.000  0.545     0.00     0.00     0.00     0.00     0.00 -1  -7.7e-08      0.00 7.092e-01 2.755e-01 2.746e-03 7.408e-04 6.719e-03 -1.000 1.527e-02 -7.455 -4.360 -4.522 -4.055
0.0152 0.01508 6.65000 22.6924896240 2.6311566352   22.372  4.950  4.5331  3.923    0  0.000  0.545     0.00     0.00     0.00     0.00     0.00 -1    -1e-07      0.00 7.092e-01 2.755e-01 2.746e-03 7.408e-04 6.719e-03 -1.000 1.527e-02 -7.604 -4.512 -4.677 -4.197
0.0152 0.01508 6.65000 24.0000000000 2.6313519822   23.577  5.024  4.5362  3.883    0  0.000  0.545     0.00     0.00     0.00     0.00     0.00 -1 -1.39e-07      0.00 7.092e-01 2.755e-01 2.746e-03 7.408e-04 6.719e-03 -1.000 1.527e-02 -7.790 -4.678 -4.842 -4.366
0.0152 0.01508 6.65000 24.8319835663 2.6314640428   24.321  5.066  4.5370  3.858    0  0.000  0.545     0.00     0.00     0.00     0.00     0.00 -1 -1.65e-07      0.00 7.092e-01 2.755e-01 2.746e-03 7.408e-04 6.719e-03 -1.000 1.527e-02 -7.895 -4.781 -4.944 -4.470
0.0152 0.01508 6.65000 26.2944793701 2.6316414037   25.609  5.137  4.5367  3.808    0  0.000  0.545     0.00     0.00     0.00     0.00     0.00 -1 -2.21e-07      0.00 7.092e-01 2.755e-01 2.746e-03 7.408e-04 6.719e-03 -1.000 1.527e-02 -8.072 -4.969 -5.131 -4.662
0.0152 0.01508 6.65000 27.6383514404 2.6317854943   26.769  5.199  4.5348  3.758    0  0.000  0.545     0.00     0.00     0.00     0.00     0.00 -1 -2.84e-07      0.00 7.092e-01 2.755e-01 2.746e-03 7.408e-04 6.719e-03 -1.000 1.527e-02 -8.228 -5.147 -5.308 -4.843
0.0152 0.01508 6.65000 28.0000000000 2.6318215644   27.080  5.216  4.5339  3.743    0  0.000  0.545     0.00     0.00     0.00     0.00     0.00 -1 -3.02e-07      0.00 7.092e-01 2.755e-01 2.746e-03 7.408e-04 6.719e-03 -1.000 1.527e-02 -8.269 -5.197 -5.358 -4.894
0.0152 0.01508 6.65000 28.9121971130 2.6319079530   27.842  5.254  4.5311  3.705    0  0.000  0.545     0.00     0.00     0.00     0.00     0.00 -1 -3.48e-07      0.00 7.092e-01 2.755e-01 2.746e-03 7.408e-04 6.719e-03 -1.000 1.527e-02 -8.365 -5.318 -5.478 -5.017
0.0152 0.01508 6.65000 30.0000000000 2.6320031152   28.741  5.299  4.5264  3.655    0  0.000  0.545     0.00     0.00     0.00     0.00     0.00 -1 -4.07e-07      0.00 7.092e-01 2.755e-01 2.746e-03 7.408e-04 6.719e-03 -1.000 1.527e-02 -8.477 -5.468 -5.627 -5.170
0.0152 0.01508 6.65000 31.4242267609 2.6321163270   29.886  5.352  4.5178  3.584    0  0.000  0.545     0.00     0.00     0.00     0.00     0.00 -1 -4.79e-07      0.00 7.092e-01 2.755e-01 2.746e-03 7.408e-04 6.719e-03 -1.000 1.527e-02 -8.610 -5.668 -5.825 -5.373
0.0152 0.01508 6.65000 32.5616302490 2.6321986070   30.783  5.393  4.5091  3.522    0  0.000  0.545     0.00     0.00     0.00     0.00     0.00 -1 -5.35e-07      0.00 7.092e-01 2.755e-01 2.746e-03 7.408e-04 6.719e-03 -1.000 1.527e-02 -8.713 -5.836 -5.992 -5.544
0.0152 0.01508 6.65000 33.5618171692 2.6322656862   31.561  5.428  4.4998  3.460    0  0.000  0.545     0.00     0.00     0.00     0.00     0.00 -1  -5.8e-07      0.00 7.092e-01 2.755e-01 2.746e-03 7.408e-04 6.719e-03 -1.000 1.527e-02 -8.800 -5.985 -6.140 -5.696
0.0152 0.01508 6.65000 34.4849395752 2.6323236427   32.271  5.460  4.4894  3.396    0  0.000  0.545     0.00     0.00     0.00     0.00     0.00 -1 -6.14e-07      0.00 7.092e-01 2.755e-01 2.746e-03 7.408e-04 6.719e-03 -1.000 1.527e-02 -8.880 -6.120 -6.273 -5.835
0.0152 0.01508 6.65000 35.0000000000 2.6323544560   32.665  5.477  4.4825  3.356    0  0.000  0.545     0.00     0.00     0.00     0.00     0.00 -1 -6.25e-07      0.00 7.092e-01 2.755e-01 2.746e-03 7.408e-04 6.719e-03 -1.000 1.527e-02 -8.924 -6.203 -6.354 -5.921
0.0152 0.01508 6.65000 35.3752822876 2.6323762585   32.944  5.489  4.4772  3.327    0  0.000  0.545     0.00     0.00     0.00     0.00     0.00 -1 -6.27e-07      0.00 7.092e-01 2.755e-01 2.746e-03 7.408e-04 6.719e-03 -1.000 1.527e-02 -8.954 -6.263 -6.413 -5.983
0.0152 0.01508 6.65000 36.0990486145 2.6324168381   33.482  5.512  4.4661  3.267    0  0.000  0.545     0.00     0.00     0.00     0.00     0.00 -1 -6.22e-07      0.00 7.092e-01 2.755e-01 2.746e-03 7.408e-04 6.719e-03 -1.000 1.527e-02 -9.010 -6.397 -6.544 -6.126
0.0152 0.01508 6.65000 36.7565650940 2.6324521146   33.969  5.532  4.4550  3.209    0  0.000  0.545     0.00     0.00     0.00     0.00     0.00 -1 -6.09e-07      0.00 7.092e-01 2.755e-01 2.746e-03 7.408e-04 6.719e-03 -1.000 1.527e-02 -9.061 -6.540 -6.683 -6.280
0.0152 0.01508 6.65000 37.4030418396 2.6324854119   34.447  5.552  4.4431  3.147    0  0.000  0.545     0.00     0.00     0.00     0.00     0.00 -1 -5.89e-07      0.00 7.092e-01 2.755e-01 2.746e-03 7.408e-04 6.719e-03 -1.000 1.527e-02 -9.110 -6.686 -6.825 -6.435
0.0152 0.01508 6.65000 38.0386238098 2.6325168824   34.916  5.571  4.4303  3.083    0  0.000  0.545     0.00     0.00     0.00     0.00     0.00 -1 -5.57e-07      0.00 7.092e-01 2.755e-01 2.746e-03 7.408e-04 6.719e-03 -1.000 1.527e-02 -9.158 -6.824 -6.961 -6.579
0.0152 0.01508 6.65000 38.6126708984 2.6325442844   35.339  5.588  4.4177  3.021    0  0.000  0.545     0.00     0.00     0.00     0.00     0.00 -1 -5.83e-07      0.00 7.092e-01 2.755e-01 2.746e-03 7.408e-04 6.719e-03 -1.000 1.527e-02 -9.200 -6.945 -7.078 -6.707
0.0152 0.01508 6.65000 39.1768646240 2.6325703181   35.746  5.604  4.4040  2.955    0  0.000  0.545     0.00     0.00     0.00     0.00     0.00 -1  -1.3e-06      0.00 7.092e-01 2.755e-01 2.746e-03 7.408e-04 6.719e-03 -1.000 1.527e-02 -9.241 -6.982 -7.114 -6.750
0.0152 0.01508 6.65000 39.5200233459 2.6325857352   35.923  5.614  4.3930  2.903    0  0.000  0.545     0.00     0.00     0.00     0.00     0.00 -1 -1.37e-06      0.00 7.092e-01 2.755e-01 2.746e-03 7.408e-04 6.719e-03 -1.000 1.527e-02 -9.265 -7.083 -7.208 -6.867
0.0152 0.01508 6.65000 39.8795661926 2.6326015615   36.072  5.624  4.3798  2.842    0  0.000  0.545     0.00     0.00     0.00     0.00     0.00 -1 -2.04e-06      0.00 7.092e-01 2.755e-01 2.746e-03 7.408e-04 6.719e-03 -1.000 1.527e-02 -9.290 -7.182 -7.305 -6.971
0.0152 0.01508 6.65000 40.0000000000 2.6326067896   36.114  5.627  4.3749  2.820    0  0.000  0.545     0.00     0.00     0.00     0.00     0.00 -1 -2.79e-06      0.00 7.092e-01 2.755e-01 2.746e-03 7.408e-04 6.719e-03 -1.000 1.527e-02 -9.298 -7.218 -7.341 -7.008
0.0152 0.01508 6.65000 40.1792488098 2.6326145042   36.145  5.632  4.3669  2.784    0  0.000  0.545     0.00     0.00     0.00     0.00     0.00 -1 -4.56e-06      0.00 7.092e-01 2.755e-01 2.746e-03 7.408e-04 6.719e-03 -1.000 1.527e-02 -9.309 -7.290 -7.411 -7.084
0.0152 0.01508 6.65000 40.4285278320 2.6326251022   36.171  5.638  4.3548  2.730    0  0.000  0.545     0.00     0.00     0.00     0.00     0.00 -1 -7.42e-06      0.00 7.092e-01 2.755e-01 2.746e-03 7.408e-04 6.719e-03 -1.000 1.527e-02 -9.324 -7.404 -7.521 -7.207
0.0152 0.01508 6.65000 40.6615562439 2.6326348743   36.188  5.643  4.3427  2.676    0  0.000  0.545     0.00     0.00     0.00     0.00     0.00 -1 -7.39e-06      0.00 7.092e-01 2.755e-01 2.746e-03 7.408e-04 6.719e-03 -1.000 1.527e-02 -9.338 -7.503 -7.616 -7.314
0.0152 0.01508 6.65000 40.8799591064 2.6326439168   36.204  5.649  4.3305  2.622    0  0.000  0.545     0.00     0.00     0.00     0.00     0.00 -1 -7.34e-06      0.00 7.092e-01 2.755e-01 2.746e-03 7.408e-04 6.719e-03 -1.000 1.527e-02 -9.351 -7.596 -7.706 -7.416
0.0152 0.01508 6.65000 41.0835418701 2.6326522463   36.219  5.654  4.3184  2.569    0  0.000  0.545     0.00     0.00     0.00     0.00     0.00 -1 -7.29e-06      0.00 7.092e-01 2.755e-01 2.746e-03 7.408e-04 6.719e-03 -1.000 1.527e-02 -9.364 -7.678 -7.784 -7.504
0.0152 0.01508 6.65000 41.2738952637 2.6326599490   36.234  5.658  4.3066  2.517    0  0.000  0.545     0.00     0.00     0.00     0.00     0.00 -1 -7.24e-06      0.00 7.092e-01 2.755e-01 2.746e-03 7.408e-04 6.719e-03 -1.000 1.527e-02 -9.375 -7.745 -7.849 -7.577
0.0152 0.01508 6.65000 41.3449020386 2.6326628015   36.183  5.659  4.3011  2.494    0  0.000  0.545     0.00     0.00     0.00     0.00     0.00 -1 -9.79e-06      0.00 7.092e-01 2.755e-01 2.745e-03 7.409e-04 6.719e-03 -1.000 1.527e-02 -9.378 -7.778 -7.880 -7.613
0.0152 0.01508 6.65000 41.3859939575 2.6326644470   36.152  5.660  4.2972  2.477    0  0.000  0.545     0.00     0.00     0.00     0.00     0.00 -1 -9.85e-06      0.00 7.092e-01 2.755e-01 2.745e-03 7.409e-04 6.719e-03 -1.000 1.527e-02 -9.381 -7.583 -7.694 -7.382
0.0152 0.01508 6.65000 41.4278488159 2.6326661193   36.119  5.661  4.2930  2.459    0  0.000  0.545     0.00     0.00     0.00     0.00     0.00 -1  -9.9e-06      0.00 7.092e-01 2.755e-01 2.744e-03 7.409e-04 6.719e-03 -1.000 1.527e-02 -9.383 -7.612 -7.722 -7.416
0.0152 0.01508 6.65000 41.4705429077 2.6326678211   36.083  5.662  4.2886  2.440    0  0.000  0.544     0.00     0.00     0.00     0.00     0.00 -1 -9.96e-06      0.00 7.092e-01 2.755e-01 2.743e-03 7.410e-04 6.719e-03 -1.000 1.527e-02 -9.385 -7.643 -7.751 -7.452
0.0152 0.01508 6.65000 41.5031700134 2.6326691189   36.057  5.663  4.2850  2.424    0  0.000  0.544     0.00     0.00     0.00     0.00     0.00 -1    -1e-05      0.00 7.092e-01 2.755e-01 2.743e-03 7.410e-04 6.719e-03 -1.000 1.527e-02 -9.387 -7.667 -7.774 -7.481
0.0152 0.01508 6.65000 41.5475692749 2.6326708813   36.019  5.664  4.2800  2.403    0  0.000  0.544     0.00     0.00     0.00     0.00     0.00 -1    -1e-05      0.00 7.092e-01 2.755e-01 2.742e-03 7.411e-04 6.719e-03 -1.000 1.527e-02 -9.389 -7.702 -7.806 -7.521
0.0152 0.01508 6.65000 41.5815887451 2.6326722287   35.989  5.664  4.2761  2.386    0  0.000  0.544     0.00     0.00     0.00     0.00     0.00 -1 -1.01e-05      0.00 7.092e-01 2.755e-01 2.741e-03 7.412e-04 6.719e-03 -1.000 1.527e-02 -9.391 -7.725 -7.828 -7.546
0.0152 0.01508 6.65000 41.6162910461 2.6326736005   35.958  5.665  4.2720  2.369    0  0.000  0.544     0.00     0.00     0.00     0.00     0.00 -1 -1.01e-05      0.00 7.092e-01 2.755e-01 2.740e-03 7.414e-04 6.719e-03 -1.000 1.527e-02 -9.393 -7.749 -7.851 -7.572
0.0152 0.01508 6.65000 41.6517257690 2.6326749985   35.925  5.666  4.2676  2.350    0  0.000  0.544     0.00     0.00     0.00     0.00     0.00 -1 -1.01e-05      0.00 7.092e-01 2.755e-01 2.738e-03 7.415e-04 6.719e-03 -1.000 1.527e-02 -9.395 -7.774 -7.875 -7.598
0.0152 0.01508 6.65000 41.6879806519 2.6326764261   35.893  5.667  4.2630  2.330    0  0.000  0.543     0.00     0.00     0.00     0.00     0.00 -1 -1.01e-05      0.00 7.092e-01 2.755e-01 2.737e-03 7.418e-04 6.719e-03 -1.000 1.527e-02 -9.397 -7.800 -7.900 -7.626
0.0152 0.01508 6.65000 41.7251167297 2.6326778855   35.858  5.667  4.2581  2.310    0  0.000  0.543     0.00     0.00     0.00     0.00     0.00 -1 -1.02e-05      0.00 7.092e-01 2.755e-01 2.735e-03 7.421e-04 6.719e-03 -1.000 1.527e-02 -9.399 -7.827 -7.927 -7.656
0.0152 0.01508 6.65000 41.7503967285 2.6326788772   35.835  5.668  4.2546  2.295    0  0.000  0.543     0.00     0.00     0.00     0.00     0.00 -1 -1.02e-05      0.00 7.092e-01 2.755e-01 2.733e-03 7.423e-04 6.719e-03 -1.000 1.527e-02 -9.400 -7.847 -7.945 -7.677
0.0152 0.01508 6.65000 41.7761459351 2.6326798859   35.811  5.668  4.2511  2.280    0  0.000  0.542     0.00     0.00     0.00     0.00     0.00 -1 -1.02e-05      0.00 7.092e-01 2.755e-01 2.732e-03 7.426e-04 6.719e-03 -1.000 1.527e-02 -9.401 -7.867 -7.965 -7.699
0.0152 0.01508 6.65000 41.8023834229 2.6326809123   35.786  5.669  4.2473  2.264    0  0.000  0.542     0.00     0.00     0.00     0.00     0.00 -1 -1.02e-05      0.00 7.092e-01 2.755e-01 2.730e-03 7.430e-04 6.719e-03 -1.000 1.527e-02 -9.403 -7.889 -7.985 -7.722
0.0152 0.01508 6.65000 41.8291587830 2.6326819582   35.760  5.670  4.2434  2.248    0  0.000  0.542     0.00     0.00     0.00     0.00     0.00 -1 -1.02e-05      0.00 7.092e-01 2.755e-01 2.727e-03 7.434e-04 6.719e-03 -1.000 1.527e-02 -9.404 -7.911 -8.006 -7.746
0.0152 0.01508 6.65000 41.8564910889 2.6326830242   35.734  5.670  4.2394  2.230    0  0.000  0.541     0.00     0.00     0.00     0.00     0.00 -1 -1.02e-05      0.00 7.092e-01 2.755e-01 2.725e-03 7.439e-04 6.719e-03 -1.000 1.527e-02 -9.406 -7.934 -8.028 -7.772
0.0152 0.01508 6.65000 41.8844604492 2.6326841135   35.708  5.671  4.2350  2.212    0  0.000  0.541     0.00     0.00     0.00     0.00     0.00 -1 -1.02e-05      0.00 7.092e-01 2.755e-01 2.722e-03 7.446e-04 6.719e-03 -1.000 1.527e-02 -9.407 -7.959 -8.051 -7.798
0.0152 0.01508 6.65000 41.9130897522 2.6326852267   35.681  5.671  4.2305  2.193    0  0.000  0.540     0.00     0.00     0.00     0.00     0.00 -1 -1.02e-05      0.00 7.092e-01 2.755e-01 2.719e-03 7.453e-04 6.719e-03 -1.000 1.527e-02 -9.409 -7.984 -8.076 -7.826
0.0152 0.01508 6.65000 41.9424591064 2.6326863668   35.653  5.672  4.2257  2.173    0  0.000  0.540     0.00     0.00     0.00     0.00     0.00 -1 -1.02e-05      0.00 7.092e-01 2.755e-01 2.716e-03 7.463e-04 6.719e-03 -1.000 1.527e-02 -9.410 -8.012 -8.102 -7.857
0.0152 0.01508 6.65000 41.9726219177 2.6326875359   35.625  5.673  4.2207  2.152    0  0.000  0.539     0.00     0.00     0.00     0.00     0.00 -1 -1.02e-05      0.00 7.092e-01 2.755e-01 2.712e-03 7.474e-04 6.719e-03 -1.000 1.527e-02 -9.412 -8.041 -8.130 -7.889
0.0152 0.01508 6.65000 42.0036544800 2.6326887367   35.596  5.673  4.2154  2.130    0  0.000  0.538     0.00     0.00     0.00     0.00     0.00 -1 -1.02e-05      0.00 7.092e-01 2.755e-01 2.708e-03 7.487e-04 6.719e-03 -1.000 1.527e-02 -9.414 -8.072 -8.159 -7.922
0.0152 0.01508 6.65000 42.0356369019 2.6326899720   35.566  5.674  4.2100  2.107    0  0.000  0.537     0.00     0.00     0.00     0.00     0.00 -1 -1.02e-05      0.00 7.092e-01 2.755e-01 2.704e-03 7.502e-04 6.719e-03 -1.000 1.527e-02 -9.415 -8.103 -8.188 -7.957
0.0152 0.01508 6.65000 42.0685997009 2.6326912430   35.535  5.675  4.2046  2.084    0  0.000  0.537     0.00     0.00     0.00     0.00     0.00 -1 -1.02e-05      0.00 7.092e-01 2.755e-01 2.699e-03 7.521e-04 6.719e-03 -1.000 1.529e-02 -9.417 -8.134 -8.218 -7.991
0.0152 0.01508 6.65000 42.1024894714 2.6326925474   35.503  5.676  4.1994  2.062    0  0.000  0.536     0.00     0.00     0.00     0.00     0.00 -1 -1.01e-05      0.00 7.092e-01 2.755e-01 2.693e-03 7.543e-04 6.719e-03 -1.000 1.529e-02 -9.419 -8.165 -8.247 -8.025
0.0152 0.01508 6.65000 42.1547622681 2.6326945545   35.456  5.677  4.1918  2.030    0  0.000  0.534     0.00     0.00     0.00     0.00     0.00 -1 -1.02e-05      0.00 7.092e-01 2.755e-01 2.684e-03 7.584e-04 6.719e-03 -1.000 1.529e-02 -9.422 -8.210 -8.289 -8.074
0.0152 0.01508 6.65000 42.2084350586 2.6326966095   35.404  5.678  4.1843  1.998    0  0.000  0.532     0.00     0.00     0.00     0.00     0.00 -1 -1.02e-05      0.00 7.092e-01 2.755e-01 2.674e-03 7.637e-04 6.719e-03 -1.000 1.529e-02 -9.425 -8.254 -8.332 -8.123
0.0152 0.01508 6.65000 42.2631912231 2.6326986997   35.345  5.679  4.1767  1.966    0  0.000  0.482     0.00     0.00     0.00     0.00     0.00 -1 -1.12e-05      0.00 7.088e-01 2.759e-01 2.376e-03 1.228e-03 6.627e-03 -1.000 1.531e-02 -9.428 -8.298 -8.373 -8.172
0.0152 0.01508 6.65000 42.3003997803 2.6327001166   35.297  5.680  4.1747  1.957    0  0.000  0.438     0.00     0.00     0.00     0.00     0.00 -1 -1.35e-05      0.00 7.077e-01 2.770e-01 2.141e-03 1.766e-03 6.362e-03 -1.000 1.533e-02 -9.429 -8.310 -8.384 -8.187
0.0152 0.01508 6.65000 42.3372039795 2.6327015152   35.248  5.680  4.1749  1.956    0  0.000  0.437     0.00     0.00     0.00     0.00     0.00 -1 -1.63e-05      0.00 7.065e-01 2.782e-01 2.133e-03 1.959e-03 6.152e-03 -1.000 1.531e-02 -9.431 -8.311 -8.385 -8.187
0.0152 0.01508 6.65000 42.3890075684 2.6327034791   35.160  5.681  4.1723  1.944    0  0.000  0.435     0.00     0.00     0.00     0.00     0.00 -1 -2.03e-05      0.00 7.052e-01 2.795e-01 2.120e-03 2.117e-03 5.989e-03 -1.000 1.529e-02 -9.433 -8.327 -8.399 -8.205
0.0152 0.01508 6.65000 42.4221801758 2.6327047338   35.078  5.682  4.1719  1.941    0  0.000  0.435     0.00     0.00     0.00     0.00     0.00 -1 -2.15e-05      0.00 7.039e-01 2.808e-01 2.112e-03 2.241e-03 5.857e-03 -1.000 1.527e-02 -9.434 -8.330 -8.403 -8.209
0.0152 0.01508 6.65000 42.4382057190 2.6327053391   35.038  5.682  4.1723  1.942    0  0.000  0.435     0.00     0.00     0.00     0.00     0.00 -1 -2.22e-05      0.00 7.032e-01 2.815e-01 2.109e-03 2.299e-03 5.795e-03 -1.000 1.527e-02 -9.435 -8.328 -8.401 -8.207
0.0152 0.01508 6.65000 42.4537696838 2.6327059265   34.997  5.682  4.1731  1.944    0  0.000  0.435     0.00     0.00     0.00     0.00     0.00 -1 -2.29e-05      0.00 7.025e-01 2.823e-01 2.105e-03 2.353e-03 5.739e-03 -1.000 1.527e-02 -9.435 -8.325 -8.398 -8.202
0.0152 0.01508 6.65000 42.4687919617 2.6327064930   34.954  5.682  4.1733  1.944    0  0.000  0.435     0.00     0.00     0.00     0.00     0.00 -1 -2.31e-05      0.00 7.018e-01 2.830e-01 2.101e-03 2.400e-03 5.690e-03 -1.000 1.525e-02 -9.436 -8.324 -8.397 -8.202
0.0152 0.01508 6.65000 42.4832496643 2.6327070377   34.913  5.683  4.1735  1.944    0  0.000  0.435     0.00     0.00     0.00     0.00     0.00 -1 -2.35e-05      0.00 7.011e-01 2.837e-01 2.098e-03 2.444e-03 5.645e-03 -1.000 1.525e-02 -9.436 -8.324 -8.397 -8.201
0.0152 0.01508 6.65000 42.4972305298 2.6327075641   34.872  5.683  4.1735  1.944    0  0.000  0.435     0.00     0.00     0.00     0.00     0.00 -1 -2.37e-05      0.00 7.004e-01 2.843e-01 2.094e-03 2.484e-03 5.604e-03 -1.000 1.525e-02 -9.437 -8.324 -8.398 -8.202
0.0152 0.01508 6.65000 42.5365295410 2.6327090416   34.751  5.683  4.1705  1.930    0  0.000  0.434     0.00     0.00     0.00     0.00     0.00 -1 -2.43e-05      0.00 6.991e-01 2.856e-01 2.084e-03 2.563e-03 5.526e-03 -1.000 1.525e-02 -9.438 -8.342 -8.414 -8.222
0.0152 0.01508 6.65000 42.5490379333 2.6327095112   34.711  5.683  4.1710  1.931    0  0.000  0.435     0.00     0.00     0.00     0.00     0.00 -1 -2.44e-05      0.00 6.983e-01 2.865e-01 2.081e-03 2.598e-03 5.490e-03 -1.000 1.523e-02 -9.439 -8.339 -8.412 -8.219
0.0152 0.01508 6.65000 42.5614471436 2.6327099767   34.672  5.684  4.1730  1.938    0  0.000  0.436     0.00     0.00     0.00     0.00     0.00 -1 -2.47e-05      0.00 6.970e-01 2.877e-01 2.078e-03 2.645e-03 5.440e-03 -1.000 1.523e-02 -9.439 -8.329 -8.402 -8.207
0.0152 0.01508 6.65000 42.5734367371 2.6327104263   34.632  5.684  4.1761  1.950    0  0.000  0.437     0.00     0.00     0.00     0.00     0.00 -1  -2.5e-05      0.00 6.955e-01 2.893e-01 2.075e-03 2.700e-03 5.381e-03 -1.000 1.523e-02 -9.440 -8.314 -8.388 -8.189
0.0152 0.01508 6.65000 42.5955619812 2.6327112550   34.557  5.684  4.1755  1.947    0  0.000  0.438     0.00     0.00     0.00     0.00     0.00 -1 -2.56e-05      0.00 6.943e-01 2.905e-01 2.069e-03 2.743e-03 5.339e-03 -1.000 1.523e-02 -9.440 -8.317 -8.391 -8.193
0.0152 0.01508 6.65000 42.6264381409 2.6327124100   34.447  5.684  4.1726  1.933    0  0.000  0.438     0.00     0.00     0.00     0.00     0.00 -1  -2.6e-05      0.00 6.930e-01 2.918e-01 2.061e-03 2.791e-03 5.295e-03 -1.000 1.520e-02 -9.441 -8.333 -8.406 -8.212
0.0152 0.01508 6.65000 42.6463584900 2.6327131541   34.375  5.685  4.1716  1.928    0  0.000  0.439     0.00     0.00     0.00     0.00     0.00 -1 -2.63e-05      0.00 6.919e-01 2.929e-01 2.056e-03 2.826e-03 5.262e-03 -1.000 1.520e-02 -9.442 -8.340 -8.412 -8.219
0.0152 0.01508 6.65000 42.6657638550 2.6327138782   34.303  5.685  4.1720  1.928    0  0.000  0.441     0.00     0.00     0.00     0.00     0.00 -1 -2.67e-05      0.00 6.902e-01 2.946e-01 2.051e-03 2.867e-03 5.221e-03 -1.000 1.520e-02 -9.443 -8.338 -8.411 -8.217
0.0152 0.01508 6.65000 42.6842498779 2.6327145672   34.236  5.685  4.1719  1.927    0  0.000  0.444     0.00     0.00     0.00     0.00     0.00 -1 -2.71e-05      0.00 6.886e-01 2.962e-01 2.046e-03 2.905e-03 5.185e-03 -1.000 1.520e-02 -9.443 -8.339 -8.412 -8.218
0.0152 0.01508 6.65000 42.7018775940 2.6327152237   34.171  5.685  4.1715  1.924    0  0.000  0.446     0.00     0.00     0.00     0.00     0.00 -1 -2.75e-05      0.00 6.870e-01 2.978e-01 2.041e-03 2.938e-03 5.153e-03 -1.000 1.520e-02 -9.444 -8.342 -8.414 -8.221
0.0152 0.01508 6.65000 42.7270011902 2.6327161582   34.076  5.686  4.1693  1.914    0  0.000  0.448     0.00     0.00     0.00     0.00     0.00 -1 -2.77e-05      0.00 6.853e-01 2.995e-01 2.033e-03 2.974e-03 5.121e-03 -1.000 1.520e-02 -9.444 -8.354 -8.425 -8.236
0.0152 0.01508 6.65000 42.7431716919 2.6327167590   34.013  5.686  4.1692  1.912    0  0.000  0.452     0.00     0.00     0.00     0.00     0.00 -1 -2.81e-05      0.00 6.836e-01 3.012e-01 2.029e-03 3.002e-03 5.094e-03 -1.000 1.520e-02 -9.445 -8.355 -8.426 -8.237
0.0152 0.01508 6.65000 42.7587051392 2.6327173357   33.950  5.686  4.1692  1.911    0  0.000  0.455     0.00     0.00     0.00     0.00     0.00 -1 -2.84e-05      0.00 6.820e-01 3.028e-01 2.024e-03 3.028e-03 5.070e-03 -1.000 1.520e-02 -9.445 -8.356 -8.427 -8.237
0.0152 0.01508 6.65000 42.7808685303 2.6327181577   33.857  5.686  4.1686  1.908    0  0.000  0.460     0.00     0.00     0.00     0.00     0.00 -1 -2.88e-05      0.00 6.797e-01 3.051e-01 2.018e-03 3.061e-03 5.040e-03 -1.000 1.520e-02 -9.446 -8.359 -8.430 -8.241
0.0152 0.01508 6.65000 42.7949943542 2.6327186810   33.796  5.687  4.1685  1.906    0  0.000  0.464     0.00     0.00     0.00     0.00     0.00 -1 -2.92e-05      0.00 6.781e-01 3.067e-01 2.014e-03 3.082e-03 5.021e-03 -1.000 1.520e-02 -9.446 -8.360 -8.431 -8.243
0.0152 0.01508 6.65000 42.8086166382 2.6327191854   33.736  5.687  4.1684  1.905    0  0.000  0.468     0.00     0.00     0.00     0.00     0.00 -1 -2.94e-05      0.00 6.764e-01 3.084e-01 2.010e-03 3.100e-03 5.004e-03 -1.000 1.520e-02 -9.447 -8.361 -8.432 -8.243
0.0152 0.01508 6.65000 42.8217773438 2.6327196723   33.676  5.687  4.1683  1.904    0  0.000  0.473     0.00     0.00     0.00     0.00     0.00 -1 -2.96e-05      0.00 6.748e-01 3.100e-01 2.006e-03 3.118e-03 4.988e-03 -1.000 1.517e-02 -9.447 -8.362 -8.433 -8.245
0.0152 0.01508 6.65000 42.8406906128 2.6327203714   33.588  5.687  4.1681  1.901    0  0.000  0.479     0.00     0.00     0.00     0.00     0.00 -1 -3.01e-05      0.00 6.724e-01 3.124e-01 2.001e-03 3.144e-03 4.967e-03 -1.000 1.520e-02 -9.447 -8.363 -8.434 -8.246
0.0152 0.01508 6.65000 42.8587341309 2.6327210377   33.501  5.687  4.1678  1.899    0  0.000  0.486     0.00     0.00     0.00     0.00     0.00 -1 -3.05e-05      0.00 6.700e-01 3.148e-01 1.996e-03 3.166e-03 4.947e-03 -1.000 1.517e-02 -9.448 -8.365 -8.436 -8.248
0.0152 0.01508 6.65000 42.8815345764 2.6327218787   33.382  5.687  4.1677  1.897    0  0.000  0.496     0.00     0.00     0.00     0.00     0.00 -1  -3.2e-05      0.00 6.666e-01 3.183e-01 1.989e-03 3.192e-03 4.924e-03 -1.000 1.517e-02 -9.448 -8.365 -8.436 -8.249
0.0152 0.01508 6.65000 42.8977317810 2.6327224756   33.307  5.687  4.1654  1.887    0  0.000  0.500     0.00     0.00     0.00     0.00     0.00 -1 -1.78e-05      0.00 6.649e-01 3.199e-01 1.984e-03 3.211e-03 4.910e-03 -1.000 1.520e-02 -9.449 -8.378 -8.447 -8.264
0.0152 0.01508 6.65000 42.9650306702 2.6327249499   33.103  5.688  4.1501  1.822    0  0.000  0.502     0.00     0.00     0.00     0.00     0.00 -1 -2.23e-05      0.00 6.628e-01 3.221e-01 1.964e-03 3.269e-03 4.867e-03 -1.000 1.517e-02 -9.451 -8.458 -8.520 -8.363
0.0152 0.01508 6.65000 42.9832038879 2.6327256165   33.017  5.688  4.1496  1.819    0  0.000  0.510     0.00     0.00     0.00     0.00     0.00 -1 -2.37e-05      0.00 6.598e-01 3.250e-01 1.958e-03 3.289e-03 4.851e-03 -1.000 1.519e-02 -9.451 -8.461 -8.522 -8.366
0.0152 0.01508 6.65000 43.2417106628 2.6327350293   32.315  5.693  4.0853  1.548    0  0.000  0.504     0.00     0.00     0.00     0.00     0.00 -1 -2.29e-05      0.00 6.554e-01 3.295e-01 1.874e-03 3.505e-03 4.694e-03 -1.000 1.519e-02 -9.462 -8.838 -8.884 -8.766
0.0152 0.01508 6.65000 43.2520675659 2.6327354038   32.253  5.693  4.0909  1.569    0  0.000  0.517     0.00     0.00     0.00     0.00     0.00 -1 -4.75e-05      0.00 6.506e-01 3.342e-01 1.871e-03 3.520e-03 4.681e-03 -1.000 1.516e-02 -9.462 -8.808 -8.856 -8.732
0.0152 0.01508 6.65000 43.6007347107 2.6327478895   31.402  5.700  4.0303  1.308    0  0.000  0.505     0.00     0.00     0.00     0.00     0.00 -1 -2.21e-05      0.00 6.437e-01 3.412e-01 1.715e-03 3.896e-03 4.428e-03 -1.000 1.516e-02 -9.480 -9.125 -9.146 -9.101
0.0152 0.01508 6.65000 44.1444892883 2.6327669095   30.162  5.724  4.0017  1.153    0  0.000  0.472     0.00     0.00     0.00     0.00     0.00 -1 -2.54e-05      0.00 6.290e-01 3.559e-01 1.312e-03 4.926e-03 3.766e-03 -1.000 1.514e-02 -9.539 -9.318 -9.329 -9.311
0.0152 0.01508 6.65000 44.2113761902 2.6327692120   30.003  5.730  4.0054  1.159    0  0.000  0.466     0.00     0.00     0.00     0.00     0.00 -1 -2.67e-05      0.00 6.269e-01 3.580e-01 1.245e-03 5.104e-03 3.652e-03 -1.000 1.513e-02 -9.554 -9.316 -9.329 -9.307
0.0152 0.01508 6.65000 44.2471961975 2.6327704417   29.916  5.736  4.0100  1.170    0  0.000  0.463     0.00     0.00     0.00     0.00     0.00 -1 -2.81e-05      0.00 6.257e-01 3.592e-01 1.208e-03 5.204e-03 3.588e-03 -1.000 1.513e-02 -9.570 -9.311 -9.325 -9.299
0.0152 0.01508 6.65000 44.2561874390 2.6327707501   29.894  5.741  4.0114  1.170    0  0.000  0.462     0.00     0.00     0.00     0.00     0.00 -1  -2.9e-05      0.00 6.254e-01 3.595e-01 1.199e-03 5.229e-03 3.572e-03 -1.000 1.516e-02 -9.582 -9.317 -9.331 -9.304
0.0152 0.01508 6.65000 44.2627143860 2.6327709738   29.874  5.746  4.0093  1.157    0  0.000  0.461     0.00     0.00     0.00     0.00     0.00 -1 -3.23e-05      0.00 6.249e-01 3.600e-01 1.185e-03 5.275e-03 3.540e-03 -1.000 1.514e-02 -9.594 -9.339 -9.353 -9.328
0.0152 0.01508 6.65000 44.2826995850 2.6327716584   29.764  5.754  4.0006  1.112    1  0.000  0.462     0.00     0.00     0.00     0.00     0.00 -1 -7.82e-05      0.00 6.213e-01 3.636e-01 1.139e-03 5.425e-03 3.436e-03 -1.000 1.512e-02 -9.616 -9.400 -9.411 -9.394
0.0152 0.01508 6.65000 44.2917976379 2.6327719698   29.685  5.754  3.9928  1.079    1  0.000  0.464     0.00     0.00     0.00     0.00     0.00 -1 -7.85e-05      0.00 6.183e-01 3.665e-01 1.116e-03 5.500e-03 3.381e-03 -1.000 1.514e-02 -9.616 -9.436 -9.444 -9.434
0.0152 0.01508 6.65000 44.2958526611 2.6327721085   29.648  5.755  3.9815  1.033    1  0.000  0.465     0.00     0.00     0.00     0.00     0.00 -1 -7.72e-05      0.00 6.169e-01 3.680e-01 1.106e-03 5.535e-03 3.357e-03 -1.000 1.513e-02 -9.617 -9.486 -9.490 -9.491
0.0152 0.01508 6.65000 44.2986145020 2.6327722030   29.624  5.755  3.9692  0.983    1  0.000  0.466     0.00     0.00     0.00     0.00     0.00 -1 -9.26e-05      0.00 6.160e-01 3.689e-01 1.098e-03 5.560e-03 3.341e-03 -1.000 1.512e-02 -9.619 -9.539 -9.538 -9.552
0.0152 0.01508 6.65000 44.3009605408 2.6327722833   29.603  5.756  3.9555  0.927    1  0.000  0.467     0.00     0.00     0.00     0.00     0.00 -1 -8.99e-05      0.00 6.152e-01 3.697e-01 1.092e-03 5.580e-03 3.326e-03 -1.000 1.515e-02 -9.621 -9.584 -9.570 -9.623
0.0152 0.01508 6.65000 44.3026008606 2.6327723394   29.589  5.757  3.9429  0.876    1  0.000  0.467     0.00     0.00     0.00     0.00     0.00 -1 -8.79e-05      0.00 6.146e-01 3.702e-01 1.087e-03 5.597e-03 3.314e-03 -1.000 1.515e-02 -9.622 -9.632 -9.612 -9.684
0.0152 0.01508 6.65000 44.3042869568 2.6327723970   29.575  5.757  3.9270  0.811    1  0.000  0.467     0.00     0.00     0.00     0.00     0.00 -1 -8.51e-05      0.00 6.139e-01 3.709e-01 1.077e-03 5.629e-03 3.291e-03 -1.000 1.513e-02 -9.624 -9.687 -9.658 -9.756
0.0152 0.01508 6.65000 44.3060073853 2.6327724559   29.562  5.758  3.9052  0.724    1  0.000  0.466     0.00     0.00     0.00     0.00     0.00 -1 -8.17e-05      0.00 6.132e-01 3.717e-01 1.061e-03 5.685e-03 3.250e-03 -1.000 1.514e-02 -9.625 -9.743 -9.694 -9.849
0.0152 0.01508 6.65000 44.3077468872 2.6327725154   29.551  5.759  3.8762  0.607    1  0.000  0.465     0.00     0.00     0.00     0.00     0.00 -1 -7.74e-05      0.00 6.124e-01 3.725e-01 1.045e-03 5.742e-03 3.209e-03 -1.000 1.513e-02 -9.627 -9.803 -9.729 -9.953
0.0152 0.01508 6.65000 44.3086357117 2.6327725457   29.545  5.759  3.8567  0.529    1  0.000  0.465     0.00     0.00     0.00     0.00     0.00 -1 -7.47e-05      0.00 6.120e-01 3.729e-01 1.036e-03 5.771e-03 3.188e-03 -1.000 1.515e-02 -9.627 -9.825 -9.730 -10.009
0.0152 0.01508 6.65000 44.3095512390 2.6327725770   29.539  5.759  3.8365  0.447    1  0.000  0.464     0.00     0.00     0.00     0.00     0.00 -1 -7.09e-05      0.00 6.116e-01 3.733e-01 1.028e-03 5.801e-03 3.167e-03 -1.000 1.513e-02 -9.627 -9.833 -9.704 -10.071
0.0152 0.01508 6.65000 44.3104705811 2.6327726085   29.534  5.759  3.8219  0.389    1  0.000  0.464     0.00     0.00     0.00     0.00     0.00 -1 -6.76e-05      0.00 6.112e-01 3.736e-01 1.019e-03 5.831e-03 3.145e-03 -1.000 1.512e-02 -9.628 -9.833 -9.674 -10.116
0.0152 0.01508 6.65000 44.3113517761 2.6327726386   29.530  5.759  3.8130  0.353    1  0.000  0.463     0.00     0.00     0.00     0.00     0.00 -1 -6.52e-05      0.00 6.109e-01 3.740e-01 1.011e-03 5.860e-03 3.124e-03 -1.000 1.512e-02 -9.628 -9.831 -9.652 -10.143
0.0152 0.01508 6.65000 44.3122329712 2.6327726687   29.525  5.759  3.8070  0.329    1  0.000  0.463     0.00     0.00     0.00     0.00     0.00 -1 -6.39e-05      0.00 6.106e-01 3.743e-01 1.003e-03 5.889e-03 3.104e-03 -1.000 1.512e-02 -9.628 -9.831 -9.635 -10.164
0.0152 0.01508 6.65000 44.3131637573 2.6327727005   29.520  5.759  3.8017  0.308    1  0.000  0.462     0.00     0.00     0.00     0.00     0.00 -1  -6.3e-05      0.00 6.103e-01 3.746e-01 9.947e-04 5.916e-03 3.084e-03 -1.000 1.512e-02 -9.628 -9.829 -9.619 -10.182
0.0152 0.01508 6.65000 44.3140449524 2.6327727307   29.516  5.760  3.7979  0.292    1  0.000  0.462     0.00     0.00     0.00     0.00     0.00 -1 -6.24e-05      0.00 6.100e-01 3.749e-01 9.888e-04 5.936e-03 3.070e-03 -1.000 1.513e-02 -9.629 -9.829 -9.608 -10.195
0.0152 0.01508 6.65000 44.3149261475 2.6327727608   29.511  5.760  3.7945  0.277    1  0.000  0.462     0.00     0.00     0.00     0.00     0.00 -1  -6.2e-05      0.00 6.099e-01 3.750e-01 9.880e-04 5.937e-03 3.069e-03 -1.000 1.514e-02 -9.631 -9.829 -9.599 -10.207
0.0152 0.01508 6.65000 44.3158111572 2.6327727910   29.507  5.761  3.7910  0.263    1  0.000  0.462     0.00     0.00     0.00     0.00     0.00 -1 -6.15e-05      0.00 6.098e-01 3.751e-01 9.871e-04 5.938e-03 3.069e-03 -1.000 1.515e-02 -9.633 -9.830 -9.590 -10.220
0.0152 0.01508 6.65000 44.3167533875 2.6327728232   29.502  5.762  3.7874  0.248    1  0.000  0.462     0.00     0.00     0.00     0.00     0.00 -1 -6.13e-05      0.00 6.097e-01 3.752e-01 9.859e-04 5.940e-03 3.068e-03 -1.000 1.515e-02 -9.635 -9.830 -9.580 -10.233
0.0152 0.01508 6.65000 44.3176345825 2.6327728533   29.498  5.763  3.7840  0.233    1  0.000  0.462     0.00     0.00     0.00     0.00     0.00 -1 -6.09e-05      0.00 6.095e-01 3.753e-01 9.840e-04 5.943e-03 3.066e-03 -1.000 1.514e-02 -9.637 -9.830 -9.570 -10.245
0.0152 0.01508 6.65000 44.3185195923 2.6327728836   29.493  5.763  3.7806  0.219    1  0.000  0.462     0.00     0.00     0.00     0.00     0.00 -1 -6.06e-05      0.00 6.094e-01 3.754e-01 9.821e-04 5.946e-03 3.064e-03 -1.000 1.514e-02 -9.638 -9.830 -9.560 -10.257
0.0152 0.01508 6.65000 44.3194160461 2.6327729142   29.489  5.764  3.7772  0.204    1  0.000  0.462     0.00     0.00     0.00     0.00     0.00 -1 -6.03e-05      0.00 6.093e-01 3.756e-01 9.801e-04 5.949e-03 3.063e-03 -1.000 1.514e-02 -9.640 -9.828 -9.547 -10.268
0.0152 0.01508 6.65000 44.3202972412 2.6327729443   29.485  5.765  3.7740  0.191    1  0.000  0.462     0.00     0.00     0.00     0.00     0.00 -1    -6e-05      0.00 6.092e-01 3.757e-01 9.775e-04 5.954e-03 3.061e-03 -1.000 1.513e-02 -9.641 -9.827 -9.535 -10.279
0.0152 0.01508 6.65000 44.3212013245 2.6327729752   29.480  5.765  3.7709  0.178    1  0.000  0.462     0.00     0.00     0.00     0.00     0.00 -1 -5.96e-05      0.00 6.090e-01 3.758e-01 9.746e-04 5.959e-03 3.058e-03 -1.000 1.513e-02 -9.643 -9.825 -9.522 -10.289
0.0152 0.01508 6.65000 44.3221015930 2.6327730060   29.476  5.766  3.7679  0.165    1  0.000  0.461     0.00     0.00     0.00     0.00     0.00 -1 -5.93e-05      0.00 6.089e-01 3.760e-01 9.718e-04 5.964e-03 3.055e-03 -1.000 1.513e-02 -9.645 -9.823 -9.510 -10.298
0.0152 0.01508 6.65000 44.3230056763 2.6327730369   29.471  5.766  3.7648  0.153    1  0.000  0.461     0.00     0.00     0.00     0.00     0.00 -1  -5.9e-05      0.00 6.088e-01 3.761e-01 9.682e-04 5.972e-03 3.051e-03 -1.000 1.512e-02 -9.645 -9.820 -9.497 -10.306
0.0152 0.01508 6.65000 44.3239021301 2.6327730675   29.467  5.766  3.7621  0.142    1  0.000  0.461     0.00     0.00     0.00     0.00     0.00 -1 -5.88e-05      0.00 6.086e-01 3.763e-01 9.638e-04 5.983e-03 3.044e-03 -1.000 1.512e-02 -9.645 -9.816 -9.484 -10.312
0.0152 0.01508 6.65000 44.3248214722 2.6327730989   29.463  5.766  3.7594  0.131    1  0.000  0.460     0.00     0.00     0.00     0.00     0.00 -1 -5.86e-05      0.00 6.084e-01 3.765e-01 9.591e-04 5.994e-03 3.037e-03 -1.000 1.512e-02 -9.645 -9.812 -9.471 -10.318
0.0152 0.01508 6.65000 44.3286094666 2.6327732283   29.445  5.762  3.7468  0.084    1  0.000  0.449     0.00     0.00     0.00     0.00     0.00 -1 -5.45e-05      0.00 6.025e-01 3.825e-01 8.147e-04 6.523e-03 2.646e-03 -1.000 1.508e-02 -9.635 -9.782 -9.398 -10.331
0.0152 0.01508 6.65000 44.3333587646 2.6327733905   29.422  5.768  3.7353  0.032    1  0.000  0.441     0.00     0.00     0.00     0.00     0.00 -1 -5.51e-05      0.00 5.951e-01 3.898e-01 6.778e-04 7.049e-03 2.247e-03 -1.000 1.507e-02 -9.651 -9.776 -9.356 -10.360
0.0152 0.01508 6.65000 44.3381004333 2.6327735524   29.400  5.772  3.7256 -0.012    1  0.000  0.436     0.00     0.00     0.00     0.00     0.00 -1 -5.49e-05      0.00 5.875e-01 3.974e-01 5.850e-04 7.438e-03 1.942e-03 -1.000 1.505e-02 -9.661 -9.765 -9.315 -10.377
0.0152 0.01508 6.65000 44.3452148438 2.6327737952   29.366  5.779  3.7133 -0.068    1  0.000  0.438     0.00     0.00     0.00     0.00     0.00 -1 -5.51e-05      0.00 5.725e-01 4.125e-01 4.964e-04 7.838e-03 1.617e-03 -1.000 1.502e-02 -9.678 -9.752 -9.264 -10.396
0.0152 0.01508 6.65000 44.3542213440 2.6327741025   29.321  5.794  3.6999 -0.137    1  0.000  0.448     0.00     0.00     0.00     0.00     0.00 -1 -5.73e-05      0.00 5.493e-01 4.357e-01 4.242e-04 8.176e-03 1.336e-03 -1.000 1.502e-02 -9.714 -9.753 -9.226 -10.430
0.0152 0.01508 6.65000 44.3657951355 2.6327744972   29.261  5.821  3.6867 -0.217    1  0.000  0.462     0.00     0.00     0.00     0.00     0.00 -1 -6.43e-05      0.00 5.182e-01 4.668e-01 3.569e-04 8.465e-03 1.101e-03 -1.000 1.502e-02 -9.782 -9.778 -9.213 -10.486
0.0152 0.01508 6.65000 44.4606742859 2.6327777236   28.625  5.870  3.6819 -0.296    1  0.000  0.476     0.00     0.00     0.00     0.00     0.00 -1  -8.3e-05      0.00 4.744e-01 5.106e-01 2.514e-04 8.864e-03 7.949e-04 -1.000 1.498e-02 -9.906 -9.889 -9.312 -10.605
0.0152 0.01508 6.65000 44.9690513611 2.6327947450   25.159  5.871  4.2143  1.777    1  0.000  0.518     0.00     0.00     0.00     0.00     0.00 -1 -6.41e-05      0.00 3.458e-01 6.392e-01 1.508e-04 9.272e-03 4.853e-04 -1.000 1.497e-02 -9.908 -8.571 -8.658 -8.423
0.0152 0.01508 6.65000 45.0000000000 2.6327957669   24.998  5.867  4.2276  1.832    1  0.000  0.525     0.00     0.00     0.00     0.00     0.00 -1 -6.42e-05      0.00 3.438e-01 6.412e-01 1.460e-04 9.294e-03 4.691e-04 -1.000 1.497e-02 -9.897 -8.488 -8.579 -8.332
0.0152 0.01508 6.65000 45.0047988892 2.6327959252   24.978  5.866  4.2298  1.841    1  0.000  0.527     0.00     0.00     0.00     0.00     0.00 -1 -6.41e-05      0.00 3.435e-01 6.415e-01 1.460e-04 9.294e-03 4.688e-04 -1.000 1.497e-02 -9.895 -8.475 -8.566 -8.317
0.0152 0.01508 6.65000 45.0416908264 2.6327971410   24.827  5.861  4.2450  1.904    1  0.000  0.542     0.00     0.00     0.00     0.00     0.00 -1 -6.34e-05      0.00 3.410e-01 6.440e-01 1.469e-04 9.296e-03 4.657e-04 -1.000 1.497e-02 -9.881 -8.380 -8.475 -8.215
0.0152 0.01508 6.65000 45.0994377136 2.6327990395   24.595  5.852  4.2667  1.996    1  0.000  0.562     0.00     0.00     0.00     0.00     0.00 -1 -6.27e-05      0.00 3.376e-01 6.475e-01 1.478e-04 9.299e-03 4.612e-04 -1.000 1.497e-02 -9.860 -8.243 -8.345 -8.069
0.0152 0.01508 6.65000 45.1585197449 2.6328009761   24.368  5.844  4.2860  2.077    1  0.000  0.576     0.00     0.00     0.00     0.00     0.00 -1 -6.16e-05      0.00 3.335e-01 6.515e-01 1.481e-04 9.300e-03 4.567e-04 -1.000 1.497e-02 -9.839 -8.113 -8.220 -7.925
0.0152 0.01508 6.65000 45.2175903320 2.6328029065   24.134  5.837  4.3044  2.153    1  0.000  0.589     0.00     0.00     0.00     0.00     0.00 -1 -6.08e-05      0.00 3.283e-01 6.568e-01 1.482e-04 9.306e-03 4.519e-04 -1.000 1.499e-02 -9.822 -7.529 -7.656 -7.327
0.0152 0.01508 6.65000 45.2954254150 2.6328054412   23.827  5.831  4.3280  2.248    1  0.000  0.610     0.00     0.00     0.00     0.00     0.00 -1 -6.11e-05      0.00 3.185e-01 6.665e-01 1.480e-04 9.314e-03 4.446e-04 -1.000 1.500e-02 -9.807 -7.525 -7.650 -7.330
0.0152 0.01508 6.65000 45.3897552490 2.6328084998   23.446  5.826  4.3592  2.371    1  0.000  0.651     0.00     0.00     0.00     0.00     0.00 -1 -6.28e-05      0.00 3.004e-01 6.846e-01 1.474e-04 9.326e-03 4.319e-04 -1.000 1.497e-02 -9.795 -7.523 -7.645 -7.335
0.0152 0.01508 6.65000 46.1166191101 2.6328315858   21.260  5.776  5.0434  5.116    1  0.000  2.021     0.00     0.00     0.00     0.00     0.00 -1 -3.33e-05      0.00 7.554e-02 9.058e-01 3.562e-03 9.501e-03 2.949e-04  9.567 1.868e-02 -9.669 -4.178 -4.284 -4.023
0.0152 0.01508 6.65000 46.7971038818 2.6328524529   20.149  5.742  5.0912  5.317    1  0.000  7.369     0.00     0.00     0.00     0.00     0.00 -1 -2.98e-05      0.00 5.119e-02 8.961e-01 3.511e-02 8.141e-03 2.024e-03 10.738 5.275e-02 -9.584 -3.806 -3.909 -3.659
0.0152 0.01508 6.65000 47.6029663086 2.6328762796   18.976  5.719  5.1169  5.416    1  0.000 18.274     0.00     0.00     0.00     0.00     0.00 -1 -2.25e-05      0.00 1.000e-33 8.036e-01 1.681e-01 2.443e-03 9.414e-03 43.128 1.964e-01 -9.529 -4.372 -4.516 -3.804
0.0152 0.01508 6.65000 48.0124816895 2.6328880357   18.576  5.714  5.1191  5.422    1  0.000 17.115     0.00     0.00     0.00     0.00     0.00 -1 -2.04e-05      0.00 1.000e-33 7.676e-01 1.996e-01 2.001e-03 1.367e-02 43.198 2.324e-01 -9.515 -4.239 -4.380 -3.703
0.0152 0.01508 6.65000 48.5708045959 2.6329036970   18.100  5.708  5.1228  5.431    2  0.000 15.211     0.00     0.00     0.00     0.00     0.00 -1 -1.77e-05      0.00 1.000e-33 7.151e-01 2.453e-01 1.415e-03 2.011e-02 43.283 2.849e-01 -9.500 -4.012 -4.149 -3.556
0.0152 0.01508 6.65000 49.0789871216 2.6329175962   17.773  5.706  5.1250  5.433    2  0.000 14.005     0.00     0.00     0.00     0.00     0.00 -1 -1.38e-05      0.00 1.000e-33 6.152e-01 3.317e-01 2.760e-06 3.273e-02 43.408 3.848e-01 -9.496 -3.669 -3.802 -3.321
0.0152 0.01508 6.65000 50.0000000000 2.6329419605   17.334  5.708  5.1333  5.454    3  0.000 11.556     0.00     0.01     0.01     0.01     0.00  0 -1.22e-05      0.00 1.000e-33 5.705e-01 3.667e-01 2.266e-29 4.245e-02 43.446 4.295e-01 -9.499 -3.486 -3.618 -3.187
0.0152 0.01508 6.65000 50.0217018127 2.6329425222   17.327  5.708  5.1335  5.455    3  0.000 11.487     0.00     0.01     0.01     0.01     0.00  0 -1.22e-05      0.00 1.000e-33 5.691e-01 3.677e-01 2.162e-29 4.275e-02 43.447 4.309e-01 -9.499 -3.482 -3.614 -3.184
0.0152 0.01508 6.65000 50.0356864929 2.6329428838   17.322  5.708  5.1336  5.455    3  0.000 11.449     0.00     0.01     0.01     0.01     0.00  0 -1.22e-05      0.00 1.000e-33 5.683e-01 3.683e-01 2.137e-29 4.294e-02 43.447 4.317e-01 -9.500 -3.480 -3.612 -3.182
0.0152 0.01508 6.65000 50.3754577637 2.6329515994   17.225  5.711  5.1391  5.472    3  0.000 10.522     0.00     0.01     0.01     0.01     0.00  0 -1.14e-05      0.00 1.000e-33 5.465e-01 3.839e-01 3.585e-29 4.912e-02 43.461 4.535e-01 -9.507 -3.381 -3.514 -3.107
0.0152 0.01508 6.65000 50.9856948853 2.6329669177   17.072  5.717  5.1530  5.517    3  0.000  8.994     0.00     0.01     0.01     0.01     0.00  0 -1.03e-05      0.00 1.000e-33 5.076e-01 4.107e-01 6.842e-29 6.121e-02 43.483 4.924e-01 -9.524 -3.207 -3.342 -2.966
0.0152 0.01508 6.65000 51.2558479309 2.6329735654   17.017  5.724  5.1660  5.561    3  0.000  8.445     0.00     0.01     0.01     0.00     0.00  0 -9.85e-06      0.00 1.000e-33 4.921e-01 4.207e-01 5.977e-27 6.678e-02 43.490 5.079e-01 -9.539 -3.116 -3.256 -2.870
0.0152 0.01508 6.65000 51.2621765137 2.6329737202   17.016  5.724  5.1665  5.563    3  0.000  8.432     0.00     0.01     0.01     0.00     0.00  0 -9.85e-06      0.00 1.000e-33 4.917e-01 4.209e-01 6.447e-27 6.691e-02 43.490 5.083e-01 -9.539 -3.114 -3.254 -2.867
0.0152 0.01508 6.65000 51.3470916748 2.6329757925   16.999  5.728  5.1767  5.599    3  0.000  8.277     0.00     0.01     0.01     0.00     0.00  0 -9.86e-06      0.00 1.000e-33 4.872e-01 4.236e-01 1.773e-26 6.864e-02 43.492 5.128e-01 -9.551 -3.064 -3.207 -2.817
0.0152 0.01508 6.65000 51.4002952576 2.6329770869   16.989  5.734  5.1879  5.638    3  0.000  8.184     0.00     0.01     0.01     0.00     0.00  0 -9.91e-06      0.00 1.000e-33 4.845e-01 4.253e-01 2.046e-26 6.970e-02 43.493 5.155e-01 -9.565 -3.012 -3.158 -2.765
0.0152 0.01508 6.65000 51.4224433899 2.6329776248   16.984  5.740  5.1980  5.672    3  0.000  8.150     0.00     0.01     0.01     0.00     0.00  0 -1.01e-05      0.00 1.000e-33 4.835e-01 4.259e-01 2.067e-26 7.009e-02 43.493 5.165e-01 -9.580 -2.977 -3.124 -2.732
0.0152 0.01508 6.65000 51.4338989258 2.6329779028   16.982  5.746  5.2079  5.705    3  0.000  8.134     0.00     0.01     0.01     0.00     0.00  0 -1.02e-05      0.00 1.000e-33 4.831e-01 4.261e-01 2.075e-26 7.026e-02 43.493 5.169e-01 -9.596 -3.022 -3.164 -2.788
0.0152 0.01508 6.65000 51.4445304871 2.6329781607   16.979  5.755  5.2209  5.748    3  0.000  8.123     0.00     0.01     0.01     0.00     0.00  0 -1.05e-05      0.00 1.000e-33 4.828e-01 4.263e-01 2.083e-26 7.039e-02 43.493 5.172e-01 -9.618 -3.090 -3.224 -2.874
0.0152 0.01508 6.65000 51.4534530640 2.6329783771   16.977  5.763  5.2318  5.784    3  0.000  8.112     0.00     0.01     0.01     0.00     0.00  0 -1.07e-05      0.00 1.000e-33 4.824e-01 4.265e-01 2.089e-26 7.053e-02 43.493 5.176e-01 -9.636 -3.119 -3.249 -2.914
0.0152 0.01508 6.65000 51.4650573730 2.6329786583   16.975  5.772  5.2451  5.828    3  0.000  8.096     0.00     0.00     0.00     0.00     0.00  0  -1.1e-05      0.00 1.000e-33 4.819e-01 4.268e-01 2.096e-26 7.071e-02 43.493 5.181e-01 -9.660 -3.125 -3.251 -2.931
0.0152 0.01508 6.65000 51.4781570435 2.6329789756   16.971  5.782  5.2593  5.875    3  0.000  8.077     0.00     0.00     0.00     0.00     0.00  0 -1.14e-05      0.00 1.000e-33 4.814e-01 4.271e-01 2.103e-26 7.093e-02 43.494 5.186e-01 -9.686 -3.190 -3.311 -3.006
0.0152 0.01508 6.65000 51.4913978577 2.6329792962   16.968  5.793  5.2729  5.918    3  0.000  8.058     0.00     0.00     0.00     0.00     0.00  0 -1.17e-05      0.00 1.000e-33 4.809e-01 4.275e-01 2.110e-26 7.116e-02 43.494 5.191e-01 -9.712 -3.279 -3.396 -3.105
0.0152 0.01508 6.65000 51.5053787231 2.6329796344   16.963  5.804  5.2867  5.962    3  0.000  8.036     0.00     0.00     0.00     0.00     0.00  0 -1.21e-05      0.00 1.000e-33 4.802e-01 4.279e-01 2.116e-26 7.142e-02 43.494 5.198e-01 -9.741 -3.341 -3.454 -3.175
0.0152 0.01508 6.65000 51.5171203613 2.6329799183   16.960  5.815  5.2988  6.000    3  0.000  8.018     0.00     0.00     0.00     0.00     0.00  0 -1.27e-05      0.00 1.000e-33 4.797e-01 4.281e-01 2.120e-26 7.162e-02 43.494 5.203e-01 -9.767 -3.366 -3.476 -3.206
0.0152 0.01508 6.65000 51.5268058777 2.6329801524   16.956  5.828  5.3123  6.041    3  0.000  8.005     0.00     0.00     0.00     0.00     0.00  0 -1.36e-05      0.00 1.000e-33 4.793e-01 4.284e-01 2.124e-26 7.179e-02 43.494 5.207e-01 -9.799 -3.355 -3.467 -3.195
0.0152 0.01508 6.65000 51.5309486389 2.6329802525   16.955  5.839  5.3251  6.081    3  0.000  7.999     0.00     0.00     0.00     0.00     0.00  0 -1.46e-05      0.00 1.000e-33 4.791e-01 4.285e-01 2.127e-26 7.186e-02 43.494 5.209e-01 -9.828 -3.342 -3.455 -3.181
0.0152 0.01508 6.65000 51.5318870544 2.6329802752   16.956  5.846  5.3324  6.103    3  0.000  7.998     0.00     0.00     0.00     0.00     0.00  0 -1.54e-05      0.00 1.000e-33 4.791e-01 4.285e-01 2.128e-26 7.187e-02 43.494 5.209e-01 -9.844 -3.896 -4.081 -3.537
# Zini     MH   logAge Mini        int_IMF         Mass   logL    logTe  logg  label   McoreTP C_O  period0  period1  period2  period3  period4  pmode  Mloss  tau1m   X   Y   Xc  Xn  Xo  Cexcess  Z 	 mbolmag  Gmag    G_BPmag  G_RPmag
0.0152 0.01508 6.70000 0.0954854935 1.1322488363    0.095 -1.778  3.4084  3.781    0  0.000  0.545     0.00     0.00     0.00     0.00     0.00 -1 -8.77e-15      0.00 7.092e-01 2.755e-01 2.746e-03 7.408e-04 6.719e-03 -1.000 1.527e-02 9.215 11.241 13.760 9.794
0.0152 0.01508 6.70000 0.0993756130 1.1658694183    0.099 -1.762  3.4100  3.789    0  0.000  0.545     0.00     0.00     0.00     0.00     0.00 -1 -8.86e-15      0.00 7.092e-01 2.755e-01 2.746e-03 7.408e-04 6.719e-03 -1.000 1.527e-02 9.174 11.200 13.720 9.753
0.0152 0.01508 6.70000 0.1033613160 1.1985865031    0.103 -1.739  3.4124  3.793    0  0.000  0.545     0.00     0.00     0.00     0.00     0.00 -1 -9.14e-15      0.00 7.092e-01 2.755e-01 2.746e-03 7.408e-04 6.719e-03 -1.000 1.527e-02 9.117 11.143 13.663 9.696
0.0152 0.01508 6.70000 0.1126936153 1.2691626722    0.113 -1.691  3.4172  3.802    0  0.000  0.545     0.00     0.00     0.00     0.00     0.00 -1 -9.67e-15      0.00 7.092e-01 2.755e-01 2.746e-03 7.408e-04 6.719e-03 -1.000 1.527e-02 8.998 11.007 13.512 9.563
0.0152 0.01508 6.70000 0.1260427088 1.3578852365    0.126 -1.636  3.4229  3.818    0  0.000  0.545     0.00     0.00     0.00     0.00     0.00 -1 -1.02e-14      0.00 7.092e-01 2.755e-01 2.746e-03 7.408e-04 6.719e-03 -1.000 1.527e-02 8.860 10.807 13.246 9.377
0.0152 0.01508 6.70000 0.1349180490 1.4103764292    0.135 -1.599  3.4268  3.825    0  0.000  0.545     0.00     0.00     0.00     0.00     0.00 -1 -1.07e-14      0.00 7.092e-01 2.755e-01 2.746e-03 7.408e-04 6.719e-03 -1.000 1.527e-02 8.766 10.658 13.038 9.240
0.0152 0.01508 6.70000 0.1477548629 1.4788358579    0.148 -1.547  3.4326  3.837    0  0.000  0.545     0.00     0.00     0.00     0.00     0.00 -1 -1.13e-14      0.00 7.092e-01 2.755e-01 2.746e-03 7.408e-04 6.719e-03 -1.000 1.527e-02 8.638 10.451 12.749 9.050
0.0152 0.01508 6.70000 0.1568779051 1.5229545869    0.157 -1.514  3.4363  3.845    0  0.000  0.545     0.00     0.00     0.00     0.00     0.00 -1 -1.17e-14      0.00 7.092e-01 2.755e-01 2.746e-03 7.408e-04 6.719e-03 -1.000 1.527e-02 8.555 10.322 12.573 8.932
0.0152 0.01508 6.70000 0.1696143001 1.5792587049    0.170 -1.461  3.4429  3.852    0  0.000  0.545     0.00     0.00     0.00     0.00     0.00 -1 -1.27e-14      0.00 7.092e-01 2.755e-01 2.746e-03 7.408e-04 6.719e-03 -1.000 1.527e-02 8.423 10.110 12.277 8.737
0.0152 0.01508 6.70000 0.1819072068 1.6286193310    0.182 -1.416  3.4482  3.858    0  0.000  0.545     0.00     0.00     0.00     0.00     0.00 -1 -1.35e-14      0.00 7.092e-01 2.755e-01 2.746e-03 7.408e-04 6.719e-03 -1.000 1.527e-02 8.309 9.932 12.034 8.575
0.0152 0.01508 6.70000 0.1965359449 1.6819931589    0.196 -1.375  3.4526  3.868    0  0.000  0.545     0.00     0.00     0.00     0.00     0.00 -1 -1.41e-14      0.00 7.092e-01 2.755e-01 2.746e-03 7.408e-04 6.719e-03 -1.000 1.527e-02 8.207 9.778 11.826 8.433
0.0152 0.01508 6.70000 0.2138345689 1.7388085727    0.214 -1.322  3.4590  3.878    0  0.000  0.545     0.00     0.00     0.00     0.00     0.00 -1 -1.51e-14      0.00 7.092e-01 2.755e-01 2.746e-03 7.408e-04 6.719e-03 -1.000 1.527e-02 8.075 9.573 11.541 8.247
0.0152 0.01508 6.70000 0.2316038758 1.7912639318    0.232 -1.272  3.4649  3.886    0  0.000  0.545     0.00     0.00     0.00     0.00     0.00 -1 -1.61e-14      0.00 7.092e-01 2.755e-01 2.746e-03 7.408e-04 6.719e-03 -1.000 1.527e-02 7.951 9.390 11.296 8.079
0.0152 0.01508 6.70000 0.2496651709 1.8394751727    0.250 -1.232  3.4693  3.897    0  0.000  0.545     0.00     0.00     0.00     0.00     0.00 -1 -1.68e-14      0.00 7.092e-01 2.755e-01 2.746e-03 7.408e-04 6.719e-03 -1.000 1.527e-02 7.851 9.246 11.106 7.946
0.0152 0.01508 6.70000 0.2693659961 1.8871450120    0.269 -1.183  3.4756  3.906    0  0.000  0.545     0.00     0.00     0.00     0.00     0.00 -1 -1.79e-14      0.00 7.092e-01 2.755e-01 2.746e-03 7.408e-04 6.719e-03 -1.000 1.527e-02 7.728 9.064 10.863 7.781
0.0152 0.01508 6.70000 0.2961864769 1.9452131290    0.296 -1.124  3.4830  3.917    0  0.000  0.545     0.00     0.00     0.00     0.00     0.00 -1 -1.93e-14      0.00 7.092e-01 2.755e-01 2.746e-03 7.408e-04 6.719e-03 -1.000 1.527e-02 7.580 8.850 10.576 7.587
0.0152 0.01508 6.70000 0.3000000119 1.9529139769    0.300 -1.117  3.4839  3.919    0  0.000  0.545     0.00     0.00     0.00     0.00     0.00 -1 -1.95e-14      0.00 7.092e-01 2.755e-01 2.746e-03 7.408e-04 6.719e-03 -1.000 1.527e-02 7.562 8.823 10.540 7.563
0.0152 0.01508 6.70000 0.3175385892 1.9867597450    0.317 -1.081  3.4888  3.927    0  0.000  0.545     0.00     0.00     0.00     0.00     0.00 -1 -2.04e-14      0.00 7.092e-01 2.755e-01 2.746e-03 7.408e-04 6.719e-03 -1.000 1.527e-02 7.471 8.690 10.358 7.443
0.0152 0.01508 6.70000 0.3500000238 2.0434175133    0.350 -1.018  3.4969  3.940    0  0.000  0.545     0.00     0.00     0.00     0.00     0.00 -1 -2.21e-14      0.00 7.092e-01 2.755e-01 2.746e-03 7.408e-04 6.719e-03 -1.000 1.527e-02 7.315 8.471 10.072 7.245
0.0152 0.01508 6.70000 0.3558316529 2.0528731744    0.356 -1.008  3.4983  3.943    0  0.000  0.545     0.00     0.00     0.00     0.00     0.00 -1 -2.23e-14      0.00 7.092e-01 2.755e-01 2.746e-03 7.408e-04 6.719e-03 -1.000 1.527e-02 7.291 8.436 10.026 7.213
0.0152 0.01508 6.70000 0.4000000358 2.1185024810    0.400 -0.935  3.5082  3.960    0  0.000  0.545     0.00     0.00     0.00     0.00     0.00 -1 -2.44e-14      0.00 7.092e-01 2.755e-01 2.746e-03 7.408e-04 6.719e-03 -1.000 1.527e-02 7.107 8.180 9.694 6.981
0.0152 0.01508 6.70000 0.4069979787 2.1280359550    0.407 -0.924  3.5098  3.963    0  0.000  0.545     0.00     0.00     0.00     0.00     0.00 -1 -2.48e-14      0.00 7.092e-01 2.755e-01 2.746e-03 7.408e-04 6.719e-03 -1.000 1.527e-02 7.079 8.140 9.642 6.946
0.0152 0.01508 6.70000 0.4500000477 2.1822809714    0.450 -0.855  3.5199  3.978    0  0.000  0.545     0.00     0.00     0.00     0.00     0.00 -1 -2.71e-14      0.00 7.092e-01 2.755e-01 2.746e-03 7.408e-04 6.719e-03 -1.000 1.527e-02 6.908 7.897 9.321 6.728
0.0152 0.01508 6.70000 0.4643700719 2.1989247162    0.464 -0.835  3.5232  3.984    0  0.000  0.545     0.00     0.00     0.00     0.00     0.00 -1 -2.78e-14      0.00 7.092e-01 2.755e-01 2.746e-03 7.408e-04 6.719e-03 -1.000 1.527e-02 6.856 7.823 9.222 6.663
0.0152 0.01508 6.70000 0.5000000000 2.2374541529    0.500 -0.784  3.5312  3.997    0  0.000  0.545     0.00     0.00     0.00     0.00     0.00 -1 -2.97e-14      0.00 7.092e-01 2.755e-01 2.746e-03 7.408e-04 6.719e-03 -1.000 1.527e-02 6.729 7.639 8.978 6.502
0.0152 0.01508 6.70000 0.5198227167 2.2569958696    0.520 -0.756  3.5359  4.005    0  0.000  0.545     0.00     0.00     0.00     0.00     0.00 -1 -3.07e-14      0.00 7.092e-01 2.755e-01 2.746e-03 7.408e-04 6.719e-03 -1.000 1.527e-02 6.660 7.538 8.843 6.414
0.0152 0.01508 6.70000 0.5426017046 2.2774367800    0.542 -0.727  3.5405  4.013    0  0.000  0.545     0.00     0.00     0.00     0.00     0.00 -1 -3.18e-14      0.00 7.092e-01 2.755e-01 2.746e-03 7.408e-04 6.719e-03 -1.000 1.527e-02 6.588 7.435 8.706 6.324
0.0152 0.01508 6.70000 0.5500000119 2.2836582633    0.550 -0.718  3.5419  4.015    0  0.000  0.545     0.00     0.00     0.00     0.00     0.00 -1 -3.22e-14      0.00 7.092e-01 2.755e-01 2.746e-03 7.408e-04 6.719e-03 -1.000 1.527e-02 6.564 7.402 8.663 6.295
0.0152 0.01508 6.70000 0.5686686635 2.2985330683    0.568 -0.692  3.5465  4.023    0  0.000  0.545     0.00     0.00     0.00     0.00     0.00 -1 -3.33e-14      0.00 7.092e-01 2.755e-01 2.746e-03 7.408e-04 6.719e-03 -1.000 1.527e-02 6.501 7.308 8.536 6.214
0.0152 0.01508 6.70000 0.5963234305 2.3186117653    0.596 -0.658  3.5524  4.033    0  0.000  0.545     0.00     0.00     0.00     0.00     0.00 -1 -3.49e-14      0.00 7.092e-01 2.755e-01 2.746e-03 7.408e-04 6.719e-03 -1.000 1.527e-02 6.414 7.182 8.368 6.106
0.0152 0.01508 6.70000 0.6000000238 2.3211213258    0.600 -0.653  3.5531  4.034    0  0.000  0.545     0.00     0.00     0.00     0.00     0.00 -1  -3.5e-14      0.00 7.092e-01 2.755e-01 2.746e-03 7.408e-04 6.719e-03 -1.000 1.527e-02 6.403 7.167 8.348 6.093
0.0152 0.01508 6.70000 0.6072256565 2.3259517002    0.607 -0.644  3.5549  4.037    0  0.000  0.545     0.00     0.00     0.00     0.00     0.00 -1 -3.54e-14      0.00 7.092e-01 2.755e-01 2.746e-03 7.408e-04 6.719e-03 -1.000 1.527e-02 6.381 7.133 8.302 6.065
0.0152 0.01508 6.70000 0.6346616745 2.3431465717    0.635 -0.610  3.5611  4.047    0  0.000  0.545     0.00     0.00     0.00     0.00     0.00 -1 -3.71e-14      0.00 7.092e-01 2.755e-01 2.746e-03 7.408e-04 6.719e-03 -1.000 1.527e-02 6.296 7.005 8.130 5.957
0.0152 0.01508 6.70000 0.6499999762 2.3520353107    0.650 -0.593  3.5643  4.053    0  0.000  0.545     0.00     0.00     0.00     0.00     0.00 -1 -3.79e-14      0.00 7.092e-01 2.755e-01 2.746e-03 7.408e-04 6.719e-03 -1.000 1.527e-02 6.252 6.940 8.043 5.902
0.0152 0.01508 6.70000 0.6555466056 2.3551321261    0.656 -0.586  3.5656  4.055    0  0.000  0.545     0.00     0.00     0.00     0.00     0.00 -1 -3.82e-14      0.00 7.092e-01 2.755e-01 2.746e-03 7.408e-04 6.719e-03 -1.000 1.527e-02 6.235 6.914 8.008 5.880
0.0152 0.01508 6.70000 0.6841186285 2.3701738702    0.684 -0.550  3.5722  4.064    0  0.000  0.545     0.00     0.00     0.00     0.00     0.00 -1 -4.02e-14      0.00 7.092e-01 2.755e-01 2.746e-03 7.408e-04 6.719e-03 -1.000 1.527e-02 6.145 6.779 7.828 5.767
0.0152 0.01508 6.70000 0.7000000477 2.3779267258    0.700 -0.531  3.5755  4.069    0  0.000  0.545     0.00     0.00     0.00     0.00     0.00 -1 -4.13e-14      0.00 7.092e-01 2.755e-01 2.746e-03 7.408e-04 6.719e-03 -1.000 1.527e-02 6.099 6.709 7.735 5.709
0.0152 0.01508 6.70000 0.7179589868 2.3862202869    0.718 -0.483  3.5915  4.095    0  0.000  0.542     0.00     0.00     0.00     0.00     0.00 -1 -4.43e-14      0.00 7.092e-01 2.755e-01 2.733e-03 7.405e-04 6.719e-03 -1.000 1.527e-02 5.976 6.482 7.408 5.533
0.0152 0.01508 6.70000 0.7500000000 2.3998889087    0.750 -0.394  3.6201  4.139    0  0.000  0.538     0.00     0.00     0.00     0.00     0.00 -1 -5.06e-14      0.00 7.092e-01 2.755e-01 2.710e-03 7.399e-04 6.720e-03 -1.000 1.527e-02 5.754 6.081 6.854 5.224
0.0152 0.01508 6.70000 0.7654376030 2.4060067479    0.765 -0.380  3.6220  4.142    0  0.000  0.538     0.00     0.00     0.00     0.00     0.00 -1 -5.15e-14      0.00 7.092e-01 2.755e-01 2.710e-03 7.399e-04 6.720e-03 -1.000 1.527e-02 5.720 6.037 6.801 5.185
0.0152 0.01508 6.70000 0.8000000119 2.4187244405    0.800 -0.348  3.6260  4.145    0  0.000  0.538     0.00     0.00     0.00     0.00     0.00 -1  -5.4e-14      0.00 7.092e-01 2.755e-01 2.710e-03 7.399e-04 6.720e-03 -1.000 1.527e-02 5.640 5.934 6.679 5.094
0.0152 0.01508 6.70000 0.8167662024 2.4244498107    0.817 -0.334  3.6279  4.148    0  0.000  0.538     0.00     0.00     0.00     0.00     0.00 -1  -5.5e-14      0.00 7.092e-01 2.755e-01 2.710e-03 7.399e-04 6.720e-03 -1.000 1.527e-02 5.605 5.889 6.625 5.054
0.0152 0.01508 6.70000 0.8500000238 2.4350346840    0.850 -0.304  3.6317  4.150    0  0.000  0.538     0.00     0.00     0.00     0.00     0.00 -1 -5.77e-14      0.00 7.092e-01 2.755e-01 2.710e-03 7.399e-04 6.720e-03 -1.000 1.527e-02 5.530 5.792 6.510 4.969
0.0152 0.01508 6.70000 0.8605390191 2.4381955996    0.860 -0.295  3.6329  4.151    0  0.000  0.538     0.00     0.00     0.00     0.00     0.00 -1 -5.85e-14      0.00 7.092e-01 2.755e-01 2.710e-03 7.399e-04 6.720e-03 -1.000 1.527e-02 5.507 5.763 6.476 4.944
0.0152 0.01508 6.70000 0.9000000358 2.4492786175    0.899 -0.260  3.6373  4.153    0  0.000  0.538     0.00     0.00     0.00     0.00     0.00 -1 -6.18e-14      0.00 7.092e-01 2.755e-01 2.710e-03 7.399e-04 6.720e-03 -1.000 1.527e-02 5.420 5.652 6.345 4.846
0.0152 0.01508 6.70000 0.9037825465 2.4502826729    0.903 -0.257  3.6378  4.154    0  0.000  0.538     0.00     0.00     0.00     0.00     0.00 -1 -6.21e-14      0.00 7.092e-01 2.755e-01 2.710e-03 7.399e-04 6.720e-03 -1.000 1.527e-02 5.412 5.642 6.334 4.838
0.0152 0.01508 6.70000 0.9500000477 2.4618122009    0.950 -0.218  3.6429  4.157    0  0.000  0.538     0.00     0.00     0.00     0.00     0.00 -1  -6.6e-14      0.00 7.092e-01 2.755e-01 2.710e-03 7.399e-04 6.720e-03 -1.000 1.527e-02 5.314 5.518 6.187 4.728
0.0152 0.01508 6.70000 1.0000000000 2.4729154477    1.000 -0.174  3.6486  4.158    0  0.000  0.538     0.00     0.00     0.00     0.00     0.00 -1 -7.11e-14      0.00 7.092e-01 2.755e-01 2.710e-03 7.399e-04 6.720e-03 -1.000 1.527e-02 5.205 5.379 6.024 4.606
0.0152 0.01508 6.70000 1.0499999523 2.4828114860    1.050 -0.129  3.6544  4.158    0  0.000  0.538     0.00     0.00     0.00     0.00     0.00 -1 -7.15e-14      0.00 7.092e-01 2.755e-01 2.710e-03 7.399e-04 6.720e-03 -1.000 1.527e-02 5.093 5.239 5.861 4.483
0.0152 0.01508 6.70000 1.0990312099 2.4915171032    1.098 -0.086  3.6603  4.158    0  0.000  0.538     0.00     0.00     0.00     0.00     0.00 -1 -7.13e-14      0.00 7.092e-01 2.755e-01 2.710e-03 7.399e-04 6.720e-03 -1.000 1.527e-02 4.985 5.104 5.703 4.364
0.0152 0.01508 6.70000 1.1000000238 2.4916801480    1.099 -0.085  3.6604  4.158    0  0.000  0.538     0.00     0.00     0.00     0.00     0.00 -1 -7.13e-14      0.00 7.092e-01 2.755e-01 2.710e-03 7.399e-04 6.720e-03 -1.000 1.527e-02 4.983 5.102 5.700 4.362
0.0152 0.01508 6.70000 1.1411784887 2.4983169449    1.140 -0.049  3.6653  4.158    0  0.000  0.538     0.00     0.00     0.00     0.00     0.00 -1 -7.07e-14      0.00 7.092e-01 2.755e-01 2.710e-03 7.399e-04 6.720e-03 -1.000 1.527e-02 4.893 4.992 5.573 4.265
0.0152 0.01508 6.70000 1.1499999762 2.4996678137    1.149 -0.041  3.6664  4.157    0  0.000  0.538     0.00     0.00     0.00     0.00     0.00 -1 -7.07e-14      0.00 7.092e-01 2.755e-01 2.710e-03 7.399e-04 6.720e-03 -1.000 1.527e-02 4.873 4.967 5.544 4.244
0.0152 0.01508 6.70000 1.1880393028 2.5052296454    1.187 -0.008  3.6711  4.157    0  0.000  0.538     0.00     0.00     0.00     0.00     0.00 -1 -6.99e-14      0.00 7.092e-01 2.755e-01 2.710e-03 7.399e-04 6.720e-03 -1.000 1.527e-02 4.790 4.865 5.426 4.154
0.0152 0.01508 6.70000 1.2000000477 2.5068948796    1.200  0.003  3.6726  4.156    0  0.000  0.538     0.00     0.00     0.00     0.00     0.00 -1 -6.97e-14      0.00 7.092e-01 2.755e-01 2.710e-03 7.399e-04 6.720e-03 -1.000 1.527e-02 4.762 4.832 5.389 4.125
0.0152 0.01508 6.70000 1.2398735285 2.5121803637    1.240  0.034  3.6771  4.158    0  0.000  0.538     0.00     0.00     0.00     0.00     0.00 -1 -6.76e-14      0.00 7.092e-01 2.755e-01 2.710e-03 7.399e-04 6.720e-03 -1.000 1.527e-02 4.686 4.740 5.281 4.044
0.0152 0.01508 6.70000 1.2500000000 2.5134610955    1.250  0.043  3.6784  4.157    0  0.000  0.538     0.00     0.00     0.00     0.00     0.00 -1 -6.75e-14      0.00 7.092e-01 2.755e-01 2.710e-03 7.399e-04 6.720e-03 -1.000 1.527e-02 4.662 4.710 5.247 4.019
0.0152 0.01508 6.70000 1.2999999523 2.5194498592    1.300  0.095  3.6850  4.149    0  0.000  0.538     0.00     0.00     0.00     0.00     0.00 -1 -6.67e-14      0.00 7.092e-01 2.755e-01 2.710e-03 7.399e-04 6.720e-03 -1.000 1.527e-02 4.533 4.559 5.076 3.885
0.0152 0.01508 6.70000 1.3162328005 2.5212820003    1.316  0.107  3.6868  4.150    0  0.000  0.538     0.00     0.00     0.00     0.00     0.00 -1 -6.52e-14      0.00 7.092e-01 2.755e-01 2.710e-03 7.399e-04 6.720e-03 -1.000 1.527e-02 4.503 4.524 5.035 3.853
0.0152 0.01508 6.70000 1.3500001431 2.5249313723    1.350  0.137  3.6909  4.147    0  0.000  0.538     0.00     0.00     0.00     0.00     0.00 -1 -6.32e-14      0.00 7.092e-01 2.755e-01 2.710e-03 7.399e-04 6.720e-03 -1.000 1.527e-02 4.428 4.436 4.935 3.776
0.0152 0.01508 6.70000 1.4000000954 2.5299650415    1.400  0.183  3.6972  4.141    0  0.000  0.538     0.00     0.00     0.00     0.00     0.00 -1 -5.94e-14      0.00 7.092e-01 2.755e-01 2.710e-03 7.399e-04 6.720e-03 -1.000 1.527e-02 4.311 4.301 4.783 3.657
0.0152 0.01508 6.70000 1.4411243200 2.5338055080    1.441  0.219  3.7021  4.138    0  0.000  0.538     0.00     0.00     0.00     0.00     0.00 -1 -5.48e-14      0.00 7.092e-01 2.755e-01 2.710e-03 7.399e-04 6.720e-03 -1.000 1.527e-02 4.222 4.199 4.666 3.566
0.0152 0.01508 6.70000 1.4500000477 2.5346015836    1.450  0.229  3.7033  4.136    0  0.000  0.538     0.00     0.00     0.00     0.00     0.00 -1 -5.43e-14      0.00 7.092e-01 2.755e-01 2.710e-03 7.399e-04 6.720e-03 -1.000 1.527e-02 4.197 4.171 4.636 3.541
0.0152 0.01508 6.70000 1.5000000000 2.5388844597    1.500  0.283  3.7101  4.124    0  0.000  0.538     0.00     0.00     0.00     0.00     0.00 -1 -4.88e-14      0.00 7.092e-01 2.755e-01 2.710e-03 7.399e-04 6.720e-03 -1.000 1.527e-02 4.063 4.021 4.468 3.407
0.0152 0.01508 6.70000 1.5499999523 2.5428511323    1.550  0.336  3.7168  4.112    0  0.000  0.538     0.00     0.00     0.00     0.00     0.00 -1 -4.12e-14      0.00 7.092e-01 2.755e-01 2.710e-03 7.399e-04 6.720e-03 -1.000 1.527e-02 3.931 3.874 4.306 3.275
0.0152 0.01508 6.70000 1.5900280476 2.5458207862    1.590  0.380  3.7222  4.100    0  0.000  0.538     0.00     0.00     0.00     0.00     0.00 -1  -3.3e-14      0.00 7.092e-01 2.755e-01 2.710e-03 7.399e-04 6.720e-03 -1.000 1.527e-02 3.819 3.751 4.170 3.164
0.0152 0.01508 6.70000 1.6000000238 2.5465340628    1.600  0.392  3.7236  4.096    0  0.000  0.538     0.00     0.00     0.00     0.00     0.00 -1 -3.13e-14      0.00 7.092e-01 2.755e-01 2.710e-03 7.399e-04 6.720e-03 -1.000 1.527e-02 3.789 3.719 4.134 3.135
0.0152 0.01508 6.70000 1.6458668709 2.5496872278    1.645  0.445  3.7299  4.081    0  0.000  0.538     0.00     0.00     0.00     0.00     0.00 -1 -1.87e-14      0.00 7.092e-01 2.755e-01 2.710e-03 7.399e-04 6.720e-03 -1.000 1.527e-02 3.659 3.577 3.977 3.006
0.0152 0.01508 6.70000 1.6500000954 2.5499614852    1.649  0.450  3.7305  4.079    0  0.000  0.538     0.00     0.00     0.00     0.00     0.00 -1 -1.79e-14      0.00 7.092e-01 2.755e-01 2.710e-03 7.399e-04 6.720e-03 -1.000 1.527e-02 3.645 3.562 3.962 2.993
0.0152 0.01508 6.70000 1.7000000477 2.5531580802    1.699  0.516  3.7378  4.055    0  0.000  0.538     0.00     0.00     0.00     0.00     0.00 -1    -1e-30      0.00 7.092e-01 2.755e-01 2.710e-03 7.399e-04 6.720e-03 -1.000 1.527e-02 3.479 3.385 3.767 2.832
0.0152 0.01508 6.70000 1.7453943491 2.5558785623    1.744  0.584  3.7449  4.027    0  0.000  0.538     0.00     0.00     0.00     0.00     0.00 -1    -1e-30      0.00 7.092e-01 2.755e-01 2.710e-03 7.399e-04 6.720e-03 -1.000 1.527e-02 3.310 3.206 3.574 2.669
0.0152 0.01508 6.70000 1.7500000000 2.5561455243    1.749  0.591  3.7456  4.024    0  0.000  0.538     0.00     0.00     0.00     0.00     0.00 -1    -1e-30      0.00 7.092e-01 2.755e-01 2.710e-03 7.399e-04 6.720e-03 -1.000 1.527e-02 3.292 3.188 3.554 2.652
0.0152 0.01508 6.70000 1.7549645901 2.5564314880    1.754  0.599  3.7464  4.021    0  0.000  0.538     0.00     0.00     0.00     0.00     0.00 -1    -1e-30      0.00 7.092e-01 2.755e-01 2.710e-03 7.399e-04 6.720e-03 -1.000 1.527e-02 3.273 3.168 3.532 2.634
0.0152 0.01508 6.70000 1.7999999523 2.5589429085    1.799  0.679  3.7541  3.982    0  0.000  0.538     0.00     0.00     0.00     0.00     0.00 -1    -1e-30      0.00 7.092e-01 2.755e-01 2.710e-03 7.399e-04 6.720e-03 -1.000 1.527e-02 3.072 2.959 3.306 2.443
0.0152 0.01508 6.70000 1.8011628389 2.5590058472    1.800  0.681  3.7544  3.981    0  0.000  0.538     0.00     0.00     0.00     0.00     0.00 -1    -1e-30      0.00 7.092e-01 2.755e-01 2.710e-03 7.399e-04 6.720e-03 -1.000 1.527e-02 3.066 2.953 3.300 2.438
0.0152 0.01508 6.70000 1.8323303461 2.5606585518    1.831  0.746  3.7603  3.948    0  0.000  0.538     0.00     0.00     0.00     0.00     0.00 -1    -1e-30      0.00 7.092e-01 2.755e-01 2.710e-03 7.399e-04 6.720e-03 -1.000 1.527e-02 2.904 2.786 3.119 2.285
0.0152 0.01508 6.70000 1.8500000238 2.5615671203    1.849  0.786  3.7639  3.926    0  0.000  0.538     0.00     0.00     0.00     0.00     0.00 -1    -1e-30      0.00 7.092e-01 2.755e-01 2.710e-03 7.399e-04 6.720e-03 -1.000 1.527e-02 2.804 2.683 3.008 2.190
0.0152 0.01508 6.70000 1.8585450649 2.5619993828    1.857  0.806  3.7657  3.915    0  0.000  0.538     0.00     0.00     0.00     0.00     0.00 -1    -1e-30      0.00 7.092e-01 2.755e-01 2.710e-03 7.399e-04 6.720e-03 -1.000 1.527e-02 2.755 2.632 2.953 2.144
0.0152 0.01508 6.70000 1.8847473860 2.5632968063    1.884  0.870  3.7714  3.881    0  0.000  0.538     0.00     0.00     0.00     0.00     0.00 -1    -1e-30      0.00 7.092e-01 2.755e-01 2.710e-03 7.399e-04 6.720e-03 -1.000 1.527e-02 2.596 2.470 2.778 1.995
0.0152 0.01508 6.70000 1.9000000954 2.5640331317    1.899  0.907  3.7750  3.861    0  0.000  0.538     0.00     0.00     0.00     0.00     0.00 -1    -1e-30      0.00 7.092e-01 2.755e-01 2.710e-03 7.399e-04 6.720e-03 -1.000 1.527e-02 2.502 2.373 2.674 1.908
0.0152 0.01508 6.70000 1.9241539240 2.5651717424    1.923  0.967  3.7809  3.831    0  0.000  0.538     0.00     0.00     0.00     0.00     0.00 -1    -1e-30      0.00 7.092e-01 2.755e-01 2.710e-03 7.399e-04 6.720e-03 -1.000 1.527e-02 2.353 2.222 2.509 1.771
0.0152 0.01508 6.70000 1.9500001669 2.5663542767    1.950  1.030  3.7877  3.801    0  0.000  0.538     0.00     0.00     0.00     0.00     0.00 -1    -1e-30      0.00 7.092e-01 2.755e-01 2.710e-03 7.399e-04 6.720e-03 -1.000 1.527e-02 2.196 2.062 2.336 1.628
0.0152 0.01508 6.70000 1.9623838663 2.5669081868    1.962  1.060  3.7912  3.788    0  0.000  0.538     0.00     0.00     0.00     0.00     0.00 -1    -1e-30      0.00 7.092e-01 2.755e-01 2.710e-03 7.399e-04 6.720e-03 -1.000 1.527e-02 2.121 1.986 2.252 1.560
0.0152 0.01508 6.70000 1.9883867502 2.5680454890    1.989  1.123  3.7994  3.763    0  0.000  0.538     0.00     0.00     0.00     0.00     0.00 -1    -1e-30      0.00 7.092e-01 2.755e-01 2.710e-03 7.399e-04 6.720e-03 -1.000 1.527e-02 1.964 1.828 2.077 1.423
0.0152 0.01508 6.70000 2.0000000000 2.5685424513    2.000  1.151  3.8035  3.754    0  0.000  0.538     0.00     0.00     0.00     0.00     0.00 -1    -1e-30      0.00 7.092e-01 2.755e-01 2.709e-03 7.399e-04 6.720e-03 -1.000 1.527e-02 1.893 1.757 1.998 1.362
0.0152 0.01508 6.70000 2.0060980320 2.5688007546    2.006  1.165  3.8056  3.749    0  0.000  0.538     0.00     0.00     0.00     0.00     0.00 -1    -1e-30      0.00 7.092e-01 2.755e-01 2.709e-03 7.399e-04 6.720e-03 -1.000 1.527e-02 1.856 1.720 1.956 1.331
0.0152 0.01508 6.70000 2.0236389637 2.5695337908    2.024  1.208  3.8130  3.740    0  0.000  0.538     0.00     0.00     0.00     0.00     0.00 -1    -1e-30      0.00 7.092e-01 2.755e-01 2.709e-03 7.399e-04 6.720e-03 -1.000 1.527e-02 1.750 1.614 1.835 1.244
0.0152 0.01508 6.70000 2.0410647392 2.5702476860    2.041  1.250  3.8221  3.738    0  0.000  0.538     0.00     0.00     0.00     0.00     0.00 -1    -1e-30      0.00 7.092e-01 2.755e-01 2.709e-03 7.399e-04 6.720e-03 -1.000 1.527e-02 1.644 1.507 1.713 1.159
0.0152 0.01508 6.70000 2.0499999523 2.5706083333    2.050  1.272  3.8275  3.740    0  0.000  0.538     0.00     0.00     0.00     0.00     0.00 -1    -1e-30      0.00 7.092e-01 2.755e-01 2.709e-03 7.399e-04 6.720e-03 -1.000 1.527e-02 1.589 1.453 1.648 1.117
0.0152 0.01508 6.70000 2.0644197464 2.5711827867    2.064  1.308  3.8383  3.750    0  0.000  0.538     0.00     0.00     0.00     0.00     0.00 -1    -1e-30      0.00 7.092e-01 2.755e-01 2.709e-03 7.399e-04 6.720e-03 -1.000 1.527e-02 1.501 1.366 1.543 1.057
0.0152 0.01508 6.70000 2.0777859688 2.5717070872    2.077  1.340  3.8500  3.767    0  0.000  0.538     0.00     0.00     0.00     0.00     0.00 -1    -1e-30      0.00 7.092e-01 2.755e-01 2.709e-03 7.399e-04 6.720e-03 -1.000 1.527e-02 1.419 1.287 1.445 1.007
0.0152 0.01508 6.70000 2.0896639824 2.5721665445    2.089  1.369  3.8612  3.786    0  0.000  0.538     0.00     0.00     0.00     0.00     0.00 -1    -1e-30      0.00 7.092e-01 2.755e-01 2.709e-03 7.399e-04 6.720e-03 -1.000 1.527e-02 1.347 1.219 1.359 0.967
0.0152 0.01508 6.70000 2.0999999046 2.5725614918    2.099  1.394  3.8713  3.803    0  0.000  0.538     0.00     0.00     0.00     0.00     0.00 -1    -1e-30      0.00 7.092e-01 2.755e-01 2.709e-03 7.399e-04 6.720e-03 -1.000 1.527e-02 1.285 1.162 1.287 0.936
0.0152 0.01508 6.70000 2.1028344631 2.5726690237    2.102  1.401  3.8741  3.808    0  0.000  0.538     0.00     0.00     0.00     0.00     0.00 -1    -1e-30      0.00 7.092e-01 2.755e-01 2.709e-03 7.399e-04 6.720e-03 -1.000 1.527e-02 1.268 1.147 1.267 0.928
0.0152 0.01508 6.70000 2.1154761314 2.5731445662    2.114  1.431  3.8868  3.832    0  0.000  0.538     0.00     0.00     0.00     0.00     0.00 -1    -1e-30      0.00 7.092e-01 2.755e-01 2.709e-03 7.398e-04 6.720e-03 -1.000 1.527e-02 1.194 1.082 1.183 0.896
0.0152 0.01508 6.70000 2.1279649734 2.5736079852    2.127  1.459  3.8996  3.857    0  0.000  0.538     0.00     0.00     0.00     0.00     0.00 -1    -1e-30      0.00 7.092e-01 2.755e-01 2.709e-03 7.398e-04 6.720e-03 -1.000 1.527e-02 1.123 1.024 1.106 0.871
0.0152 0.01508 6.70000 2.1404223442 2.5740640463    2.139  1.486  3.9123  3.883    0  0.000  0.538     0.00     0.00     0.00     0.00     0.00 -1    -1e-30      0.00 7.092e-01 2.755e-01 2.709e-03 7.398e-04 6.720e-03 -1.000 1.527e-02 1.055 0.975 1.039 0.854
0.0152 0.01508 6.70000 2.1500000954 2.5744105556    2.149  1.505  3.9220  3.905    0  0.000  0.538     0.00     0.00     0.00     0.00     0.00 -1    -1e-30      0.00 7.092e-01 2.755e-01 2.709e-03 7.398e-04 6.720e-03 -1.000 1.527e-02 1.006 0.944 0.995 0.846
0.0152 0.01508 6.70000 2.1613793373 2.5748176532    2.160  1.527  3.9334  3.931    0  0.000  0.538     0.00     0.00     0.00     0.00     0.00 -1    -1e-30      0.00 7.092e-01 2.755e-01 2.709e-03 7.398e-04 6.720e-03 -1.000 1.527e-02 0.953 0.916 0.954 0.842
0.0152 0.01508 6.70000 2.1766855717 2.5753575280    2.175  1.550  3.9477  3.969    0  0.000  0.538     0.00     0.00     0.00     0.00     0.00 -1    -1e-30      0.00 7.092e-01 2.755e-01 2.709e-03 7.398e-04 6.720e-03 -1.000 1.527e-02 0.896 0.899 0.923 0.852
0.0152 0.01508 6.70000 2.1897099018 2.5758100878    2.188  1.564  3.9588  4.001    0  0.000  0.538     0.00     0.00     0.00     0.00     0.00 -1    -1e-30      0.00 7.092e-01 2.755e-01 2.709e-03 7.398e-04 6.720e-03 -1.000 1.527e-02 0.860 0.900 0.915 0.871
0.0152 0.01508 6.70000 2.1946339607 2.5759795770    2.193  1.564  3.9617  4.014    0  0.000  0.538     0.00     0.00     0.00     0.00     0.00 -1    -1e-30      0.00 7.092e-01 2.755e-01 2.709e-03 7.398e-04 6.720e-03 -1.000 1.527e-02 0.860 0.911 0.924 0.886
0.0152 0.01508 6.70000 2.2000000477 2.5761632879    2.199  1.561  3.9640  4.027    0  0.000  0.538     0.00     0.00     0.00     0.00     0.00 -1    -1e-30      0.00 7.092e-01 2.755e-01 2.709e-03 7.398e-04 6.720e-03 -1.000 1.527e-02 0.867 0.927 0.938 0.905
0.0152 0.01508 6.70000 2.2179331779 2.5767698285    2.216  1.548  3.9711  4.072    0  0.000  0.538     0.00     0.00     0.00     0.00     0.00 -1    -1e-30      0.00 7.092e-01 2.755e-01 2.709e-03 7.398e-04 6.720e-03 -1.000 1.527e-02 0.901 0.988 0.995 0.976
0.0152 0.01508 6.70000 2.2356817722 2.5773591228    2.234  1.518  3.9730  4.113    0  0.000  0.538     0.00     0.00     0.00     0.00     0.00 -1    -1e-30      0.00 7.092e-01 2.755e-01 2.709e-03 7.398e-04 6.720e-03 -1.000 1.527e-02 0.976 1.072 1.078 1.061
0.0152 0.01508 6.70000 2.2492544651 2.5778025582    2.248  1.488  3.9718  4.141    0  0.000  0.538     0.00     0.00     0.00     0.00     0.00 -1    -1e-30      0.00 7.092e-01 2.755e-01 2.709e-03 7.398e-04 6.720e-03 -1.000 1.527e-02 1.049 1.141 1.148 1.128
0.0152 0.01508 6.70000 2.2500000000 2.5778267375    2.249  1.487  3.9717  4.142    0  0.000  0.538     0.00     0.00     0.00     0.00     0.00 -1    -1e-30      0.00 7.092e-01 2.755e-01 2.709e-03 7.398e-04 6.720e-03 -1.000 1.527e-02 1.053 1.144 1.151 1.131
0.0152 0.01508 6.70000 2.2606809139 2.5781711298    2.259  1.464  3.9701  4.160    0  0.000  0.538     0.00     0.00     0.00     0.00     0.00 -1    -1e-30      0.00 7.092e-01 2.755e-01 2.709e-03 7.398e-04 6.720e-03 -1.000 1.527e-02 1.111 1.195 1.203 1.179
0.0152 0.01508 6.70000 2.2745425701 2.5786125396    2.273  1.439  3.9679  4.179    0  0.000  0.538     0.00     0.00     0.00     0.00     0.00 -1    -1e-30      0.00 7.092e-01 2.755e-01 2.709e-03 7.398e-04 6.720e-03 -1.000 1.527e-02 1.172 1.248 1.258 1.228
0.0152 0.01508 6.70000 2.2989320755 2.5793743571    2.297  1.424  3.9670  4.195    0  0.000  0.538     0.00     0.00     0.00     0.00     0.00 -1    -1e-30      0.00 7.092e-01 2.755e-01 2.709e-03 7.398e-04 6.720e-03 -1.000 1.527e-02 1.210 1.284 1.295 1.263
0.0152 0.01508 6.70000 2.2999999523 2.5794072884    2.299  1.424  3.9671  4.196    0  0.000  0.538     0.00     0.00     0.00     0.00     0.00 -1    -1e-30      0.00 7.092e-01 2.755e-01 2.709e-03 7.398e-04 6.720e-03 -1.000 1.527e-02 1.210 1.284 1.295 1.263
0.0152 0.01508 6.70000 2.3203246593 2.5800274243    2.319  1.425  3.9684  4.204    0  0.000  0.538     0.00     0.00     0.00     0.00     0.00 -1    -1e-30      0.00 7.092e-01 2.755e-01 2.709e-03 7.398e-04 6.720e-03 -1.000 1.527e-02 1.207 1.286 1.296 1.267
0.0152 0.01508 6.70000 2.3549275398 2.5810549424    2.354  1.473  3.9795  4.207    0  0.000  0.538     0.00     0.00     0.00     0.00     0.00 -1    -1e-30      0.00 7.092e-01 2.755e-01 2.709e-03 7.398e-04 6.720e-03 -1.000 1.527e-02 1.088 1.211 1.214 1.207
0.0152 0.01508 6.70000 2.3843498230 2.5819016987    2.383  1.521  3.9919  4.213    0  0.000  0.538     0.00     0.00     0.00     0.00     0.00 -1    -1e-30      0.00 7.092e-01 2.755e-01 2.709e-03 7.398e-04 6.719e-03 -1.000 1.527e-02 0.967 1.144 1.138 1.155
0.0152 0.01508 6.70000 2.4000000954 2.5823423892    2.399  1.550  3.9997  4.219    0  0.000  0.538     0.00     0.00     0.00     0.00     0.00 -1    -1e-30      0.00 7.092e-01 2.755e-01 2.709e-03 7.398e-04 6.719e-03 -1.000 1.527e-02 0.895 1.107 1.097 1.127
0.0152 0.01508 6.70000 2.4159815311 2.5827856359    2.415  1.582  4.0090  4.227    0  0.000  0.538     0.00     0.00     0.00     0.00     0.00 -1    -1e-30      0.00 7.092e-01 2.755e-01 2.709e-03 7.399e-04 6.719e-03 -1.000 1.527e-02 0.814 1.070 1.055 1.099
0.0152 0.01508 6.70000 2.4345788956 2.5832930199    2.434  1.624  4.0218  4.240    0  0.000  0.538     0.00     0.00     0.00     0.00     0.00 -1    -1e-30      0.00 7.092e-01 2.755e-01 2.709e-03 7.399e-04 6.719e-03 -1.000 1.527e-02 0.711 1.028 1.007 1.068
0.0152 0.01508 6.70000 2.4497132301 2.5836993918    2.449  1.655  4.0326  4.254    0  0.000  0.538     0.00     0.00     0.00     0.00     0.00 -1    -1e-30      0.00 7.092e-01 2.755e-01 2.709e-03 7.399e-04 6.719e-03 -1.000 1.527e-02 0.631 1.001 0.975 1.051
0.0152 0.01508 6.70000 2.4635736942 2.5840665261    2.463  1.676  4.0409  4.269    0  0.000  0.538     0.00     0.00     0.00     0.00     0.00 -1    -1e-30      0.00 7.092e-01 2.755e-01 2.709e-03 7.399e-04 6.719e-03 -1.000 1.527e-02 0.580 0.991 0.962 1.047
0.0152 0.01508 6.70000 2.4846806526 2.5846165667    2.484  1.693  4.0503  4.293    0  0.000  0.538     0.00     0.00     0.00     0.00     0.00 -1    -1e-30      0.00 7.092e-01 2.755e-01 2.710e-03 7.399e-04 6.720e-03 -1.000 1.527e-02 0.537 0.996 0.963 1.058
0.0152 0.01508 6.70000 2.5211017132 2.5855408283    2.521  1.692  4.0580  4.331    0  0.000  0.538     0.00     0.00     0.00     0.00     0.00 -1    -1e-30      0.00 7.092e-01 2.755e-01 2.710e-03 7.399e-04 6.720e-03 -1.000 1.527e-02 0.540 1.038 1.002 1.106
0.0152 0.01508 6.70000 2.5496068001 2.5862430602    2.549  1.684  4.0599  4.353    0  0.000  0.538     0.00     0.00     0.00     0.00     0.00 -1    -1e-30      0.00 7.092e-01 2.755e-01 2.710e-03 7.399e-04 6.720e-03 -1.000 1.527e-02 0.561 1.069 1.033 1.138
0.0152 0.01508 6.70000 2.5999999046 2.5874412955    2.600  1.706  4.0644  4.357    0  0.000  0.538     0.00     0.00     0.00     0.00     0.00 -1    -1e-30      0.00 7.092e-01 2.755e-01 2.710e-03 7.399e-04 6.720e-03 -1.000 1.527e-02 0.506 1.037 0.999 1.109
0.0152 0.01508 6.70000 2.6554045677 2.5886985176    2.655  1.724  4.0684  4.364    0  0.000  0.538     0.00     0.00     0.00     0.00     0.00 -1    -1e-30      0.00 7.092e-01 2.755e-01 2.710e-03 7.399e-04 6.720e-03 -1.000 1.527e-02 0.459 1.011 0.972 1.086
0.0152 0.01508 6.70000 2.6853513718 2.5893532746    2.686  1.736  4.0706  4.366    0  0.000  0.538     0.00     0.00     0.00     0.00     0.00 -1    -1e-30      0.00 7.092e-01 2.755e-01 2.710e-03 7.399e-04 6.720e-03 -1.000 1.527e-02 0.431 0.994 0.954 1.070
0.0152 0.01508 6.70000 2.8000001907 2.5917117867    2.800  1.806  4.0833  4.365    0  0.000  0.538     0.00     0.00     0.00     0.00     0.00 -1    -1e-30      0.00 7.092e-01 2.755e-01 2.710e-03 7.399e-04 6.720e-03 -1.000 1.527e-02 0.255 0.886 0.841 0.969
0.0152 0.01508 6.70000 3.0000000000 2.5953341962    3.000  1.920  4.1038  4.362    0  0.000  0.538     0.00     0.00     0.00     0.00     0.00 -1    -1e-30      0.00 7.092e-01 2.755e-01 2.710e-03 7.399e-04 6.720e-03 -1.000 1.527e-02 -0.031 0.708 0.657 0.804
0.0152 0.01508 6.70000 3.2000000477 2.5984409005    3.199  2.027  4.1226  4.358    0  0.000  0.538     0.00     0.00     0.00     0.00     0.00 -1    -1e-30      0.00 7.092e-01 2.755e-01 2.710e-03 7.399e-04 6.720e-03 -1.000 1.527e-02 -0.298 0.545 0.488 0.652
0.0152 0.01508 6.70000 3.4000000954 2.6011310876    3.398  2.127  4.1399  4.354    0  0.000  0.538     0.00     0.00     0.00     0.00     0.00 -1    -1e-30      0.00 7.092e-01 2.755e-01 2.710e-03 7.399e-04 6.720e-03 -1.000 1.527e-02 -0.546 0.393 0.331 0.509
0.0152 0.01508 6.70000 3.6000001431 2.6034804607    3.598  2.220  4.1558  4.350    0  0.000  0.538     0.00     0.00     0.00     0.00     0.00 -1    -1e-30      0.00 7.092e-01 2.755e-01 2.710e-03 7.399e-04 6.720e-03 -1.000 1.527e-02 -0.779 0.251 0.184 0.376
0.0152 0.01508 6.70000 3.8000001907 2.6055477311    3.798  2.308  4.1708  4.345    0  0.000  0.538     0.00     0.00     0.00     0.00     0.00 -1    -1e-30      0.00 7.092e-01 2.755e-01 2.710e-03 7.399e-04 6.720e-03 -1.000 1.527e-02 -0.999 0.117 0.045 0.251
0.0152 0.01508 6.70000 4.0000000000 2.6073790840    4.001  2.390  4.1847  4.341    1  0.000  0.538     0.00     0.00     0.00     0.00     0.00 -1    -1e-30      0.00 7.092e-01 2.755e-01 2.710e-03 7.399e-04 6.720e-03 -1.000 1.527e-02 -1.205 -0.008 -0.084 0.134
0.0152 0.01508 6.70000 4.1999998093 2.6090113217    4.198  2.469  4.1978  4.336    1  0.000  0.538     0.00     0.00     0.00     0.00     0.00 -1    -1e-30      0.00 7.092e-01 2.755e-01 2.710e-03 7.399e-04 6.720e-03 -1.000 1.527e-02 -1.401 -0.127 -0.207 0.022
0.0152 0.01508 6.70000 4.4000000954 2.6104741055    4.397  2.543  4.2099  4.330    1  0.000  0.538     0.00     0.00     0.00     0.00     0.00 -1    -1e-30      0.00 7.092e-01 2.755e-01 2.710e-03 7.399e-04 6.720e-03 -1.000 1.527e-02 -1.587 -0.241 -0.324 -0.085
0.0152 0.01508 6.70000 4.5999999046 2.6117915791    4.597  2.613  4.2214  4.325    1  0.000  0.538     0.00     0.00     0.00     0.00     0.00 -1    -1e-30      0.00 7.092e-01 2.755e-01 2.710e-03 7.399e-04 6.720e-03 -1.000 1.527e-02 -1.763 -0.350 -0.436 -0.188
0.0152 0.01508 6.70000 4.7129774094 2.6124792299    4.711  2.652  4.2278  4.322    1  0.000  0.538     0.00     0.00     0.00     0.00     0.00 -1    -1e-30      0.00 7.092e-01 2.755e-01 2.710e-03 7.399e-04 6.720e-03 -1.000 1.527e-02 -1.860 -0.409 -0.497 -0.243
0.0152 0.01508 6.70000 4.8000001907 2.6129836005    4.798  2.681  4.2326  4.320    1  0.000  0.538     0.00     0.00     0.00     0.00     0.00 -1    -1e-30      0.00 7.092e-01 2.755e-01 2.710e-03 7.399e-04 6.720e-03 -1.000 1.527e-02 -1.932 -0.453 -0.543 -0.285
0.0152 0.01508 6.70000 4.8343129158 2.6131767409    4.833  2.692  4.2344  4.320    1  0.000  0.538     0.00     0.00     0.00     0.00     0.00 -1    -1e-30      0.00 7.092e-01 2.755e-01 2.710e-03 7.399e-04 6.720e-03 -1.000 1.527e-02 -1.960 -0.470 -0.561 -0.301
0.0152 0.01508 6.70000 5.0000000000 2.6140666223    4.999  2.745  4.2429  4.315    1  0.000  0.538     0.00     0.00     0.00     0.00     0.00 -1    -1e-30      0.00 7.092e-01 2.755e-01 2.710e-03 7.399e-04 6.720e-03 -1.000 1.527e-02 -2.093 -0.553 -0.646 -0.378
0.0152 0.01508 6.70000 5.1999998093 2.6150544000    5.200  2.806  4.2524  4.309    1  0.000  0.538     0.00     0.00     0.00     0.00     0.00 -1    -1e-30      0.00 7.092e-01 2.755e-01 2.710e-03 7.399e-04 6.720e-03 -1.000 1.527e-02 -2.246 -0.650 -0.746 -0.470
0.0152 0.01508 6.70000 5.3999996185 2.6159585084    5.401  2.865  4.2618  4.304    1  0.000  0.538     0.00     0.00     0.00     0.00     0.00 -1    -1e-30      0.00 7.092e-01 2.755e-01 2.710e-03 7.399e-04 6.720e-03 -1.000 1.527e-02 -2.393 -0.743 -0.841 -0.558
0.0152 0.01508 6.70000 5.5758547783 2.6166921547    5.577  2.916  4.2699  4.300    1  0.000  0.538     0.00     0.00     0.00     0.00     0.00 -1    -1e-30      0.00 7.092e-01 2.755e-01 2.710e-03 7.399e-04 6.720e-03 -1.000 1.527e-02 -2.519 -0.821 -0.922 -0.631
0.0152 0.01508 6.70000 5.5999994278 2.6167887546    5.601  2.922  4.2710  4.300    1  0.000  0.538     0.00     0.00     0.00     0.00     0.00 -1    -1e-30      0.00 7.092e-01 2.755e-01 2.710e-03 7.399e-04 6.720e-03 -1.000 1.527e-02 -2.536 -0.831 -0.933 -0.641
0.0152 0.01508 6.70000 5.8000001907 2.6175535027    5.801  2.977  4.2792  4.294    1  0.000  0.538     0.00     0.00     0.00     0.00     0.00 -1    -1e-30      0.00 7.092e-01 2.755e-01 2.710e-03 7.399e-04 6.720e-03 -1.000 1.527e-02 -2.671 -0.919 -1.023 -0.725
0.0152 0.01508 6.70000 6.0000000000 2.6182599138    6.000  3.029  4.2874  4.288    1  0.000  0.538     0.00     0.00     0.00     0.00     0.00 -1    -1e-30      0.00 7.092e-01 2.755e-01 2.710e-03 7.399e-04 6.720e-03 -1.000 1.527e-02 -2.803 -1.004 -1.110 -0.804
0.0152 0.01508 6.70000 6.1999998093 2.6189141709    6.200  3.080  4.2956  4.285    1  0.000  0.538     0.00     0.00     0.00     0.00     0.00 -1    -1e-30      0.00 7.092e-01 2.755e-01 2.710e-03 7.399e-04 6.720e-03 -1.000 1.527e-02 -2.931 -1.084 -1.192 -0.880
0.0152 0.01508 6.70000 6.4000000954 2.6195216279    6.399  3.129  4.3029  4.279    1  0.000  0.538     0.00     0.00     0.00     0.00     0.00 -1    -1e-30      0.00 7.092e-01 2.755e-01 2.710e-03 7.399e-04 6.720e-03 -1.000 1.527e-02 -3.052 -1.164 -1.274 -0.955
0.0152 0.01508 6.70000 7.0000000000 2.6211069280    6.996  3.266  4.3240  4.264    1  0.000  0.538     0.00     0.00     0.00     0.00     0.00 -1    -1e-30      0.00 7.092e-01 2.755e-01 2.710e-03 7.399e-04 6.720e-03 -1.000 1.527e-02 -3.396 -1.388 -1.504 -1.168
0.0152 0.01508 6.70000 7.5554375648 2.6223194133    7.554  3.382  4.3414  4.252    1  0.000  0.538     0.00     0.00     0.00     0.00     0.00 -1    -1e-30      0.00 7.092e-01 2.755e-01 2.710e-03 7.399e-04 6.720e-03 -1.000 1.527e-02 -3.686 -1.580 -1.701 -1.351
0.0152 0.01508 6.70000 8.0000000000 2.6231516585    8.001  3.470  4.3545  4.241    1  0.000  0.538     0.00     0.00     0.00     0.00     0.00 -1    -1e-30      0.00 7.092e-01 2.755e-01 2.710e-03 7.399e-04 6.720e-03 -1.000 1.527e-02 -3.904 -1.726 -1.850 -1.490
0.0152 0.01508 6.70000 8.0282850266 2.6232010346    8.029  3.475  4.3553  4.241    1  0.000  0.538     0.00     0.00     0.00     0.00     0.00 -1    -1e-30      0.00 7.092e-01 2.755e-01 2.710e-03 7.399e-04 6.720e-03 -1.000 1.527e-02 -3.918 -1.735 -1.859 -1.499
0.0152 0.01508 6.70000 9.0000000000 2.6246829947    8.995  3.647  4.3806  4.219    1  0.000  0.538     0.00     0.00     0.00     0.00     0.00 -1    -1e-30      0.00 7.092e-01 2.755e-01 2.710e-03 7.399e-04 6.720e-03 -1.000 1.527e-02 -4.349 -2.028 -2.158 -1.779
0.0152 0.01508 6.70000 9.2347021103 2.6249876017    9.230  3.686  4.3861  4.214    1  0.000  0.538     0.00     0.00     0.00     0.00     0.00 -1    -1e-30      0.00 7.092e-01 2.755e-01 2.710e-03 7.399e-04 6.720e-03 -1.000 1.527e-02 -4.445 -2.094 -2.226 -1.843
0.0152 0.01508 6.70000 10.0000000000 2.6258676431    9.998  3.805  4.4031  4.197    1  0.000  0.538     0.00     0.00     0.00     0.00     0.00 -1    -1e-30      0.00 7.092e-01 2.755e-01 2.710e-03 7.399e-04 6.720e-03 -1.000 1.527e-02 -4.743 -2.268 -2.405 -2.016
0.0152 0.01508 6.70000 10.6718502045 2.6265217961   10.672  3.902  4.4166  4.183    1  0.000  0.538     0.00     0.00     0.00     0.00     0.00 -1    -1e-30      0.00 7.092e-01 2.755e-01 2.710e-03 7.399e-04 6.720e-03 -1.000 1.527e-02 -4.984 -2.431 -2.574 -2.164
0.0152 0.01508 6.70000 11.0000000000 2.6268081058   11.001  3.947  4.4228  4.176    1  0.000  0.538     0.00     0.00     0.00     0.00     0.00 -1    -1e-30      0.00 7.092e-01 2.755e-01 2.710e-03 7.399e-04 6.720e-03 -1.000 1.527e-02 -5.098 -2.510 -2.655 -2.235
0.0152 0.01508 6.70000 11.4808578491 2.6271938481   11.482  4.010  4.4313  4.165    1  0.000  0.538     0.00     0.00     0.00     0.00     0.00 -1    -1e-30      0.00 7.092e-01 2.755e-01 2.710e-03 7.399e-04 6.720e-03 -1.000 1.527e-02 -5.255 -2.637 -2.783 -2.363
0.0152 0.01508 6.70000 12.0000000000 2.6275706487   12.001  4.076  4.4401  4.154    1  0.000  0.538     0.00     0.00     0.00     0.00     0.00 -1    -1e-30      0.00 7.092e-01 2.755e-01 2.710e-03 7.399e-04 6.720e-03 -1.000 1.527e-02 -5.420 -2.776 -2.921 -2.505
0.0152 0.01508 6.70000 12.0202636719 2.6275845991   12.021  4.078  4.4404  4.153    1  0.000  0.538     0.00     0.00     0.00     0.00     0.00 -1 -1.72e-30      0.00 7.092e-01 2.755e-01 2.710e-03 7.400e-04 6.720e-03 -1.000 1.527e-02 -5.426 -2.781 -2.926 -2.511
0.0152 0.01508 6.70000 13.0121583939 2.6282068579   13.000  4.193  4.4550  4.131    1  0.000  0.541     0.00     0.00     0.00     0.00     0.00 -1 -2.28e-19      0.00 7.092e-01 2.755e-01 2.729e-03 7.404e-04 6.719e-03 -1.000 1.527e-02 -5.714 -3.005 -3.152 -2.733
0.0152 0.01508 6.70000 13.8829030991 2.6286696852   13.857  4.289  4.4668  4.110    1  0.000  0.544     0.00     0.00     0.00     0.00     0.00 -1 -2.89e-10      0.00 7.092e-01 2.755e-01 2.744e-03 7.408e-04 6.719e-03 -1.000 1.527e-02 -5.953 -3.168 -3.321 -2.877
0.0152 0.01508 6.70000 14.0000000000 2.6287268957   13.974  4.302  4.4682  4.107    0  0.000  0.545     0.00     0.00     0.00     0.00     0.00 -1 -4.39e-09      0.00 7.092e-01 2.755e-01 2.746e-03 7.408e-04 6.719e-03 -1.000 1.527e-02 -5.984 -3.190 -3.344 -2.897
0.0152 0.01508 6.70000 14.0898008347 2.6287700301   14.063  4.311  4.4693  4.105    0  0.000  0.545     0.00     0.00     0.00     0.00     0.00 -1  -4.6e-09      0.00 7.092e-01 2.755e-01 2.746e-03 7.408e-04 6.719e-03 -1.000 1.527e-02 -6.007 -3.205 -3.360 -2.910
0.0152 0.01508 6.70000 15.0163774490 2.6291806795   14.982  4.402  4.4799  4.083    0  0.000  0.545     0.00     0.00     0.00     0.00     0.00 -1 -7.32e-09      0.00 7.092e-01 2.755e-01 2.746e-03 7.408e-04 6.719e-03 -1.000 1.527e-02 -6.235 -3.378 -3.537 -3.072
0.0152 0.01508 6.70000 15.8847618103 2.6295159563   15.842  4.484  4.4889  4.062    0  0.000  0.545     0.00     0.00     0.00     0.00     0.00 -1 -1.11e-08      0.00 7.092e-01 2.755e-01 2.746e-03 7.408e-04 6.719e-03 -1.000 1.527e-02 -6.439 -3.548 -3.709 -3.239
0.0152 0.01508 6.70000 16.0000000000 2.6295573144   15.956  4.494  4.4900  4.059    0  0.000  0.545     0.00     0.00     0.00     0.00     0.00 -1 -1.17e-08      0.00 7.092e-01 2.755e-01 2.746e-03 7.408e-04 6.719e-03 -1.000 1.527e-02 -6.465 -3.570 -3.732 -3.260
0.0152 0.01508 6.70000 16.2485561371 2.6296442269   16.198  4.516  4.4923  4.053    0  0.000  0.545     0.00     0.00     0.00     0.00     0.00 -1  -1.3e-08      0.00 7.092e-01 2.755e-01 2.746e-03 7.408e-04 6.719e-03 -1.000 1.527e-02 -6.519 -3.616 -3.778 -3.305
0.0152 0.01508 6.70000 17.1627101898 2.6299391276   17.083  4.593  4.4999  4.029    0  0.000  0.545     0.00     0.00     0.00     0.00     0.00 -1  -1.9e-08      0.00 7.092e-01 2.755e-01 2.746e-03 7.408e-04 6.719e-03 -1.000 1.527e-02 -6.712 -3.783 -3.947 -3.469
0.0152 0.01508 6.70000 17.9358615875 2.6301617477   17.829  4.656  4.5056  4.007    0  0.000  0.545     0.00     0.00     0.00     0.00     0.00 -1 -2.57e-08      0.00 7.092e-01 2.755e-01 2.746e-03 7.408e-04 6.719e-03 -1.000 1.527e-02 -6.870 -3.911 -4.075 -3.598
0.0152 0.01508 6.70000 18.0000000000 2.6301792302   17.892  4.661  4.5060  4.005    0  0.000  0.545     0.00     0.00     0.00     0.00     0.00 -1 -2.64e-08      0.00 7.092e-01 2.755e-01 2.746e-03 7.408e-04 6.719e-03 -1.000 1.527e-02 -6.883 -3.922 -4.085 -3.609
0.0152 0.01508 6.70000 18.7380943298 2.6303705519   18.604  4.717  4.5105  3.984    0  0.000  0.545     0.00     0.00     0.00     0.00     0.00 -1 -3.43e-08      0.00 7.092e-01 2.755e-01 2.746e-03 7.408e-04 6.719e-03 -1.000 1.527e-02 -7.023 -4.037 -4.200 -3.727
0.0152 0.01508 6.70000 19.6006088257 2.6305732629   19.431  4.780  4.5150  3.959    0  0.000  0.545     0.00     0.00     0.00     0.00     0.00 -1 -4.61e-08      0.00 7.092e-01 2.755e-01 2.746e-03 7.408e-04 6.719e-03 -1.000 1.527e-02 -7.180 -4.171 -4.333 -3.864
0.0152 0.01508 6.70000 20.0000000000 2.6306603470   19.812  4.808  4.5168  3.946    0  0.000  0.545     0.00     0.00     0.00     0.00     0.00 -1 -5.25e-08      0.00 7.092e-01 2.755e-01 2.746e-03 7.408e-04 6.719e-03 -1.000 1.527e-02 -7.250 -4.233 -4.395 -3.927
0.0152 0.01508 6.70000 20.3565349579 2.6307347759   20.147  4.832  4.5182  3.935    0  0.000  0.545     0.00     0.00     0.00     0.00     0.00 -1 -5.81e-08      0.00 7.092e-01 2.755e-01 2.746e-03 7.408e-04 6.719e-03 -1.000 1.527e-02 -7.309 -4.286 -4.447 -3.980
0.0152 0.01508 6.70000 21.6476478577 2.6309808747   21.351  4.913  4.5219  3.894    0  0.000  0.545     0.00     0.00     0.00     0.00     0.00 -1  -8.3e-08      0.00 7.092e-01 2.755e-01 2.746e-03 7.408e-04 6.719e-03 -1.000 1.527e-02 -7.514 -4.477 -4.637 -4.174
0.0152 0.01508 6.70000 22.7816047668 2.6311707702   22.394  4.983  4.5235  3.851    0  0.000  0.545     0.00     0.00     0.00     0.00     0.00 -1 -1.12e-07      0.00 7.092e-01 2.755e-01 2.746e-03 7.408e-04 6.719e-03 -1.000 1.527e-02 -7.687 -4.673 -4.836 -4.364
0.0152 0.01508 6.70000 23.9008522034 2.6313380283   23.409  5.049  4.5236  3.805    0  0.000  0.545     0.00     0.00     0.00     0.00     0.00 -1 -1.48e-07      0.00 7.092e-01 2.755e-01 2.746e-03 7.408e-04 6.719e-03 -1.000 1.527e-02 -7.851 -4.840 -5.001 -4.533
0.0152 0.01508 6.70000 24.0000000000 2.6313519822   23.498  5.054  4.5235  3.801    0  0.000  0.545     0.00     0.00     0.00     0.00     0.00 -1 -1.51e-07      0.00 7.092e-01 2.755e-01 2.746e-03 7.408e-04 6.719e-03 -1.000 1.527e-02 -7.866 -4.855 -5.016 -4.549
0.0152 0.01508 6.70000 24.4624958038 2.6314153579   23.904  5.078  4.5229  3.782    0  0.000  0.545     0.00     0.00     0.00     0.00     0.00 -1 -1.66e-07      0.00 7.092e-01 2.755e-01 2.746e-03 7.408e-04 6.719e-03 -1.000 1.527e-02 -7.926 -4.920 -5.081 -4.615
0.0152 0.01508 6.70000 25.6452884674 2.6315655447   24.928  5.138  4.5199  3.728    0  0.000  0.545     0.00     0.00     0.00     0.00     0.00 -1  -2.1e-07      0.00 7.092e-01 2.755e-01 2.746e-03 7.408e-04 6.719e-03 -1.000 1.527e-02 -8.076 -5.095 -5.255 -4.793
0.0152 0.01508 6.70000 26.9412250519 2.6317128116   26.029  5.202  4.5137  3.658    0  0.000  0.545     0.00     0.00     0.00     0.00     0.00 -1 -2.62e-07      0.00 7.092e-01 2.755e-01 2.746e-03 7.408e-04 6.719e-03 -1.000 1.527e-02 -8.236 -5.303 -5.462 -5.005
0.0152 0.01508 6.70000 28.0000000000 2.6318215644   26.913  5.253  4.5066  3.594    0  0.000  0.545     0.00     0.00     0.00     0.00     0.00 -1  -3.1e-07      0.00 7.092e-01 2.755e-01 2.746e-03 7.408e-04 6.719e-03 -1.000 1.527e-02 -8.362 -5.485 -5.642 -5.189
0.0152 0.01508 6.70000 29.1412239075 2.6319286682   27.835  5.302  4.4969  3.520    0  0.000  0.545     0.00     0.00     0.00     0.00     0.00 -1 -3.54e-07      0.00 7.092e-01 2.755e-01 2.746e-03 7.408e-04 6.719e-03 -1.000 1.527e-02 -8.486 -5.677 -5.833 -5.385
0.0152 0.01508 6.70000 29.9281387329 2.6319970737   28.462  5.336  4.4881  3.461    0  0.000  0.545     0.00     0.00     0.00     0.00     0.00 -1 -3.82e-07      0.00 7.092e-01 2.755e-01 2.746e-03 7.408e-04 6.719e-03 -1.000 1.527e-02 -8.570 -5.810 -5.964 -5.523
0.0152 0.01508 6.70000 30.0000000000 2.6320031152   28.523  5.339  4.4872  3.455    0  0.000  0.545     0.00     0.00     0.00     0.00     0.00 -1 -3.84e-07      0.00 7.092e-01 2.755e-01 2.746e-03 7.408e-04 6.719e-03 -1.000 1.527e-02 -8.577 -5.824 -5.977 -5.536
0.0152 0.01508 6.70000 30.5608215332 2.6320491439   28.964  5.361  4.4795  3.408    0  0.000  0.545     0.00     0.00     0.00     0.00     0.00 -1 -3.95e-07      0.00 7.092e-01 2.755e-01 2.746e-03 7.408e-04 6.719e-03 -1.000 1.527e-02 -8.633 -5.923 -6.075 -5.641
0.0152 0.01508 6.70000 31.2356910706 2.6321020210   29.491  5.388  4.4689  3.347    0  0.000  0.545     0.00     0.00     0.00     0.00     0.00 -1 -4.02e-07      0.00 7.092e-01 2.755e-01 2.746e-03 7.408e-04 6.719e-03 -1.000 1.527e-02 -8.700 -6.055 -6.204 -5.780
0.0152 0.01508 6.70000 31.8519783020 2.6321480638   29.971  5.412  4.4580  3.287    0  0.000  0.545     0.00     0.00     0.00     0.00     0.00 -1 -4.03e-07      0.00 7.092e-01 2.755e-01 2.746e-03 7.408e-04 6.719e-03 -1.000 1.527e-02 -8.760 -6.193 -6.338 -5.926
0.0152 0.01508 6.70000 32.4153671265 2.6321883978   30.408  5.433  4.4471  3.228    0  0.000  0.545     0.00     0.00     0.00     0.00     0.00 -1 -3.98e-07      0.00 7.092e-01 2.755e-01 2.746e-03 7.408e-04 6.719e-03 -1.000 1.527e-02 -8.814 -6.333 -6.475 -6.074
0.0152 0.01508 6.70000 32.9666213989 2.6322263325   30.834  5.454  4.4352  3.166    0  0.000  0.545     0.00     0.00     0.00     0.00     0.00 -1 -3.84e-07      0.00 7.092e-01 2.755e-01 2.746e-03 7.408e-04 6.719e-03 -1.000 1.527e-02 -8.865 -6.470 -6.609 -6.217
0.0152 0.01508 6.70000 33.4676246643 2.6322595654   31.223  5.473  4.4233  3.105    0  0.000  0.545     0.00     0.00     0.00     0.00     0.00 -1 -3.65e-07      0.00 7.092e-01 2.755e-01 2.746e-03 7.408e-04 6.719e-03 -1.000 1.527e-02 -8.912 -6.596 -6.732 -6.349
0.0152 0.01508 6.70000 33.9161453247 2.6322883612   31.569  5.490  4.4109  3.043    0  0.000  0.545     0.00     0.00     0.00     0.00     0.00 -1 -3.56e-07      0.00 7.092e-01 2.755e-01 2.746e-03 7.408e-04 6.719e-03 -1.000 1.527e-02 -8.954 -6.706 -6.839 -6.466
0.0152 0.01508 6.70000 34.3141899109 2.6323131926   31.856  5.505  4.3980  2.980    0  0.000  0.545     0.00     0.00     0.00     0.00     0.00 -1 -6.68e-07      0.00 7.092e-01 2.755e-01 2.746e-03 7.408e-04 6.719e-03 -1.000 1.527e-02 -8.991 -6.822 -6.952 -6.590
0.0152 0.01508 6.70000 34.7126350403 2.6323373942   32.077  5.519  4.3824  2.907    0  0.000  0.545     0.00     0.00     0.00     0.00     0.00 -1 -1.29e-06      0.00 7.092e-01 2.755e-01 2.746e-03 7.408e-04 6.719e-03 -1.000 1.527e-02 -9.027 -6.889 -7.015 -6.671
0.0152 0.01508 6.70000 35.0000000000 2.6323544560   32.183  5.529  4.3694  2.847    0  0.000  0.545     0.00     0.00     0.00     0.00     0.00 -1 -3.55e-06      0.00 7.092e-01 2.755e-01 2.746e-03 7.408e-04 6.719e-03 -1.000 1.527e-02 -9.051 -7.002 -7.126 -6.789
0.0152 0.01508 6.70000 35.2138366699 2.6323669446   32.227  5.535  4.3584  2.797    0  0.000  0.545     0.00     0.00     0.00     0.00     0.00 -1 -5.17e-06      0.00 7.092e-01 2.755e-01 2.746e-03 7.408e-04 6.719e-03 -1.000 1.527e-02 -9.068 -7.101 -7.221 -6.896
0.0152 0.01508 6.70000 35.4088783264 2.6323781844   32.254  5.541  4.3477  2.748    0  0.000  0.545     0.00     0.00     0.00     0.00     0.00 -1 -5.18e-06      0.00 7.092e-01 2.755e-01 2.746e-03 7.408e-04 6.719e-03 -1.000 1.527e-02 -9.082 -7.194 -7.311 -6.996
0.0152 0.01508 6.70000 35.6039848328 2.6323892864   32.280  5.547  4.3363  2.697    0  0.000  0.545     0.00     0.00     0.00     0.00     0.00 -1 -5.17e-06      0.00 7.092e-01 2.755e-01 2.746e-03 7.408e-04 6.719e-03 -1.000 1.527e-02 -9.097 -7.281 -7.394 -7.090
0.0152 0.01508 6.70000 35.7948837280 2.6324000143   32.306  5.553  4.3246  2.645    0  0.000  0.545     0.00     0.00     0.00     0.00     0.00 -1 -5.21e-06      0.00 7.092e-01 2.755e-01 2.746e-03 7.408e-04 6.719e-03 -1.000 1.527e-02 -9.112 -7.372 -7.482 -7.189
0.0152 0.01508 6.70000 35.9644012451 2.6324094309   32.328  5.558  4.3136  2.596    0  0.000  0.545     0.00     0.00     0.00     0.00     0.00 -1  -5.2e-06      0.00 7.092e-01 2.755e-01 2.746e-03 7.408e-04 6.719e-03 -1.000 1.527e-02 -9.125 -7.439 -7.547 -7.262
0.0152 0.01508 6.70000 36.1400146484 2.6324190792   32.351  5.563  4.3017  2.543    0  0.000  0.545     0.00     0.00     0.00     0.00     0.00 -1 -5.16e-06      0.00 7.092e-01 2.755e-01 2.746e-03 7.408e-04 6.719e-03 -1.000 1.527e-02 -9.139 -7.510 -7.614 -7.338
0.0152 0.01508 6.70000 36.3037528992 2.6324279783   32.370  5.569  4.2902  2.492    0  0.000  0.545     0.00     0.00     0.00     0.00     0.00 -1 -5.19e-06      0.00 7.092e-01 2.755e-01 2.746e-03 7.408e-04 6.719e-03 -1.000 1.527e-02 -9.151 -7.399 -7.507 -7.206
0.0152 0.01508 6.70000 36.4015121460 2.6324332477   32.341  5.571  4.2821  2.457    0  0.000  0.545     0.00     0.00     0.00     0.00     0.00 -1 -6.77e-06      0.00 7.092e-01 2.755e-01 2.745e-03 7.408e-04 6.719e-03 -1.000 1.527e-02 -9.158 -7.457 -7.563 -7.274
0.0152 0.01508 6.70000 36.4376792908 2.6324351889   32.317  5.572  4.2780  2.439    0  0.000  0.545     0.00     0.00     0.00     0.00     0.00 -1 -6.84e-06      0.00 7.092e-01 2.755e-01 2.745e-03 7.409e-04 6.719e-03 -1.000 1.527e-02 -9.161 -7.484 -7.589 -7.304
0.0152 0.01508 6.70000 36.4742889404 2.6324371493   32.292  5.573  4.2737  2.420    0  0.000  0.545     0.00     0.00     0.00     0.00     0.00 -1 -6.92e-06      0.00 7.092e-01 2.755e-01 2.745e-03 7.409e-04 6.719e-03 -1.000 1.527e-02 -9.163 -7.510 -7.613 -7.332
0.0152 0.01508 6.70000 36.5011215210 2.6324385834   32.272  5.574  4.2705  2.407    0  0.000  0.545     0.00     0.00     0.00     0.00     0.00 -1 -6.99e-06      0.00 7.092e-01 2.755e-01 2.745e-03 7.409e-04 6.719e-03 -1.000 1.527e-02 -9.165 -7.529 -7.632 -7.353
0.0152 0.01508 6.70000 36.5355911255 2.6324404220   32.245  5.575  4.2663  2.389    0  0.000  0.545     0.00     0.00     0.00     0.00     0.00 -1 -7.07e-06      0.00 7.092e-01 2.755e-01 2.744e-03 7.409e-04 6.719e-03 -1.000 1.527e-02 -9.167 -7.554 -7.655 -7.379
0.0152 0.01508 6.70000 36.5687065125 2.6324421846   32.219  5.576  4.2622  2.371    0  0.000  0.545     0.00     0.00     0.00     0.00     0.00 -1 -7.15e-06      0.00 7.092e-01 2.755e-01 2.744e-03 7.409e-04 6.719e-03 -1.000 1.527e-02 -9.170 -7.577 -7.678 -7.404
0.0152 0.01508 6.70000 36.5926933289 2.6324434591   32.199  5.577  4.2591  2.358    0  0.000  0.545     0.00     0.00     0.00     0.00     0.00 -1  -7.2e-06      0.00 7.092e-01 2.755e-01 2.744e-03 7.409e-04 6.719e-03 -1.000 1.527e-02 -9.171 -7.595 -7.694 -7.423
0.0152 0.01508 6.70000 36.6235847473 2.6324450975   32.177  5.578  4.2544  2.338    0  0.000  0.544     0.00     0.00     0.00     0.00     0.00 -1 -7.21e-06      0.00 7.092e-01 2.755e-01 2.744e-03 7.410e-04 6.719e-03 -1.000 1.527e-02 -9.174 -7.622 -7.720 -7.452
0.0152 0.01508 6.70000 36.6532440186 2.6324466677   32.155  5.578  4.2498  2.318    0  0.000  0.544     0.00     0.00     0.00     0.00     0.00 -1 -7.22e-06      0.00 7.092e-01 2.755e-01 2.743e-03 7.410e-04 6.719e-03 -1.000 1.527e-02 -9.176 -7.649 -7.746 -7.481
0.0152 0.01508 6.70000 36.6746444702 2.6324477988   32.139  5.579  4.2465  2.304    0  0.000  0.544     0.00     0.00     0.00     0.00     0.00 -1 -7.23e-06      0.00 7.092e-01 2.755e-01 2.743e-03 7.411e-04 6.719e-03 -1.000 1.527e-02 -9.178 -7.668 -7.764 -7.502
0.0152 0.01508 6.70000 36.7021636963 2.6324492510   32.117  5.580  4.2422  2.286    0  0.000  0.544     0.00     0.00     0.00     0.00     0.00 -1 -7.23e-06      0.00 7.092e-01 2.755e-01 2.742e-03 7.411e-04 6.719e-03 -1.000 1.527e-02 -9.180 -7.693 -7.788 -7.529
0.0152 0.01508 6.70000 36.7285919189 2.6324506434   32.095  5.581  4.2380  2.268    0  0.000  0.544     0.00     0.00     0.00     0.00     0.00 -1 -7.23e-06      0.00 7.092e-01 2.755e-01 2.742e-03 7.412e-04 6.719e-03 -1.000 1.527e-02 -9.182 -7.718 -7.811 -7.556
0.0152 0.01508 6.70000 36.7477073669 2.6324516490   32.080  5.581  4.2349  2.254    0  0.000  0.544     0.00     0.00     0.00     0.00     0.00 -1 -7.24e-06      0.00 7.092e-01 2.755e-01 2.741e-03 7.412e-04 6.719e-03 -1.000 1.527e-02 -9.183 -7.736 -7.829 -7.576
0.0152 0.01508 6.70000 36.7722129822 2.6324529365   32.059  5.582  4.2308  2.237    0  0.000  0.544     0.00     0.00     0.00     0.00     0.00 -1 -7.24e-06      0.00 7.092e-01 2.755e-01 2.741e-03 7.413e-04 6.719e-03 -1.000 1.527e-02 -9.185 -7.759 -7.851 -7.601
0.0152 0.01508 6.70000 36.7957382202 2.6324541706   32.039  5.583  4.2269  2.221    0  0.000  0.544     0.00     0.00     0.00     0.00     0.00 -1 -7.24e-06      0.00 7.092e-01 2.755e-01 2.740e-03 7.413e-04 6.719e-03 -1.000 1.527e-02 -9.187 -7.782 -7.873 -7.626
0.0152 0.01508 6.70000 36.8183174133 2.6324553533   32.019  5.583  4.2231  2.204    0  0.000  0.544     0.00     0.00     0.00     0.00     0.00 -1 -7.24e-06      0.00 7.092e-01 2.755e-01 2.740e-03 7.414e-04 6.719e-03 -1.000 1.527e-02 -9.189 -7.805 -7.894 -7.651
0.0152 0.01508 6.70000 36.8346481323 2.6324562078   32.004  5.584  4.2203  2.193    0  0.000  0.544     0.00     0.00     0.00     0.00     0.00 -1 -7.24e-06      0.00 7.092e-01 2.755e-01 2.739e-03 7.414e-04 6.719e-03 -1.000 1.527e-02 -9.190 -7.821 -7.910 -7.669
0.0152 0.01508 6.70000 36.8555946350 2.6324573024   31.985  5.585  4.2168  2.177    0  0.000  0.544     0.00     0.00     0.00     0.00     0.00 -1 -7.24e-06      0.00 7.092e-01 2.755e-01 2.739e-03 7.414e-04 6.719e-03 -1.000 1.527e-02 -9.192 -7.842 -7.930 -7.692
0.0152 0.01508 6.70000 36.8756713867 2.6324583502   31.969  5.586  4.2142  2.166    0  0.000  0.544     0.00     0.00     0.00     0.00     0.00 -1 -7.26e-06      0.00 7.092e-01 2.755e-01 2.738e-03 7.415e-04 6.719e-03 -1.000 1.527e-02 -9.194 -7.858 -7.945 -7.710
0.0152 0.01508 6.70000 36.8949546814 2.6324593554   31.956  5.586  4.2121  2.156    0  0.000  0.543     0.00     0.00     0.00     0.00     0.00 -1 -7.29e-06      0.00 7.092e-01 2.755e-01 2.738e-03 7.416e-04 6.719e-03 -1.000 1.527e-02 -9.196 -7.873 -7.958 -7.725
0.0152 0.01508 6.70000 36.9134635925 2.6324603191   31.944  5.587  4.2100  2.147    0  0.000  0.543     0.00     0.00     0.00     0.00     0.00 -1 -7.32e-06      0.00 7.092e-01 2.755e-01 2.737e-03 7.417e-04 6.719e-03 -1.000 1.527e-02 -9.198 -7.886 -7.972 -7.740
0.0152 0.01508 6.70000 36.9398384094 2.6324616904   31.925  5.589  4.2069  2.133    0  0.000  0.543     0.00     0.00     0.00     0.00     0.00 -1 -7.36e-06      0.00 7.092e-01 2.755e-01 2.736e-03 7.419e-04 6.719e-03 -1.000 1.527e-02 -9.202 -7.906 -7.990 -7.761
0.0152 0.01508 6.70000 36.9646530151 2.6324629786   31.907  5.590  4.2040  2.120    0  0.000  0.543     0.00     0.00     0.00     0.00     0.00 -1 -7.39e-06      0.00 7.092e-01 2.755e-01 2.736e-03 7.420e-04 6.719e-03 -1.000 1.527e-02 -9.205 -7.925 -8.009 -7.782
0.0152 0.01508 6.70000 36.9917449951 2.6324643826   31.887  5.591  4.2009  2.106    0  0.000  0.543     0.00     0.00     0.00     0.00     0.00 -1 -7.43e-06      0.00 7.092e-01 2.755e-01 2.735e-03 7.422e-04 6.719e-03 -1.000 1.527e-02 -9.208 -7.946 -8.028 -7.805
0.0152 0.01508 6.70000 37.0202903748 2.6324658595   31.866  5.593  4.1974  2.090    0  0.000  0.543     0.00     0.00     0.00     0.00     0.00 -1 -7.47e-06      0.00 7.092e-01 2.755e-01 2.734e-03 7.423e-04 6.719e-03 -1.000 1.527e-02 -9.212 -7.968 -8.050 -7.829
0.0152 0.01508 6.70000 37.0527992249 2.6324675382   31.841  5.594  4.1935  2.073    0  0.000  0.543     0.00     0.00     0.00     0.00     0.00 -1 -7.52e-06      0.00 7.092e-01 2.755e-01 2.733e-03 7.425e-04 6.719e-03 -1.000 1.527e-02 -9.216 -7.994 -8.074 -7.857
0.0152 0.01508 6.70000 37.0957527161 2.6324697511   31.807  5.596  4.1882  2.049    0  0.000  0.542     0.00     0.00     0.00     0.00     0.00 -1 -7.58e-06      0.00 7.092e-01 2.755e-01 2.731e-03 7.428e-04 6.719e-03 -1.000 1.527e-02 -9.221 -8.029 -8.107 -7.895
0.0152 0.01508 6.70000 37.1458244324 2.6324723233   31.767  5.599  4.1832  2.025    0  0.000  0.542     0.00     0.00     0.00     0.00     0.00 -1  -7.7e-06      0.00 7.092e-01 2.755e-01 2.730e-03 7.431e-04 6.719e-03 -1.000 1.527e-02 -9.229 -8.064 -8.141 -7.933
0.0152 0.01508 6.70000 37.1976203918 2.6324749757   31.723  5.603  4.1778  2.000    0  0.000  0.542     0.00     0.00     0.00     0.00     0.00 -1 -7.82e-06      0.00 7.092e-01 2.755e-01 2.728e-03 7.435e-04 6.719e-03 -1.000 1.527e-02 -9.236 -8.101 -8.177 -7.975
0.0152 0.01508 6.70000 37.2647361755 2.6324784000   31.664  5.607  4.1704  1.966    0  0.000  0.541     0.00     0.00     0.00     0.00     0.00 -1 -7.97e-06      0.00 7.092e-01 2.755e-01 2.725e-03 7.439e-04 6.719e-03 -1.000 1.527e-02 -9.247 -8.150 -8.222 -8.030
0.0152 0.01508 6.70000 37.3585395813 2.6324831622   31.581  5.625  4.1754  1.966    0  0.000  0.540     0.00     0.00     0.00     0.00     0.00 -1 -9.07e-06      0.00 7.092e-01 2.755e-01 2.721e-03 7.450e-04 6.719e-03 -1.000 1.527e-02 -9.292 -8.170 -8.244 -8.045
0.0152 0.01508 6.70000 37.3634223938 2.6324834093   31.576  5.629  4.1772  1.969    0  0.000  0.540     0.00     0.00     0.00     0.00     0.00 -1 -9.29e-06      0.00 7.092e-01 2.755e-01 2.721e-03 7.451e-04 6.719e-03 -1.000 1.527e-02 -9.302 -8.170 -8.245 -8.044
0.0152 0.01508 6.70000 37.3758773804 2.6324840394   31.562  5.633  4.1807  1.979    0  0.000  0.540     0.00     0.00     0.00     0.00     0.00 -1  -9.7e-06      0.00 7.092e-01 2.755e-01 2.720e-03 7.454e-04 6.719e-03 -1.000 1.527e-02 -9.313 -8.162 -8.238 -8.033
0.0152 0.01508 6.70000 37.3894844055 2.6324847272   31.548  5.630  4.1704  1.940    1  0.000  0.540     0.00     0.00     0.00     0.00     0.00 -1 -9.43e-06      0.00 7.092e-01 2.755e-01 2.718e-03 7.461e-04 6.719e-03 -1.000 1.527e-02 -9.305 -8.209 -8.281 -8.090
0.0152 0.01508 6.70000 37.3932113647 2.6324849155   31.543  5.629  4.1614  1.906    1  0.000  0.540     0.00     0.00     0.00     0.00     0.00 -1 -9.12e-06      0.00 7.092e-01 2.755e-01 2.716e-03 7.466e-04 6.719e-03 -1.000 1.527e-02 -9.302 -8.251 -8.319 -8.143
0.0152 0.01508 6.70000 37.3951148987 2.6324850116   31.541  5.629  4.1534  1.874    1  0.000  0.539     0.00     0.00     0.00     0.00     0.00 -1 -8.98e-06      0.00 7.092e-01 2.755e-01 2.715e-03 7.471e-04 6.719e-03 -1.000 1.527e-02 -9.302 -8.292 -8.356 -8.193
0.0152 0.01508 6.70000 37.3970947266 2.6324851116   31.538  5.629  4.1434  1.833    1  0.000  0.539     0.00     0.00     0.00     0.00     0.00 -1 -1.24e-05      0.00 7.092e-01 2.755e-01 2.713e-03 7.477e-04 6.719e-03 -1.000 1.527e-02 -9.302 -8.347 -8.407 -8.256
0.0152 0.01508 6.70000 37.3984451294 2.6324851798   31.536  5.629  4.1355  1.802    1  0.000  0.539     0.00     0.00     0.00     0.00     0.00 -1 -1.82e-05      0.00 7.092e-01 2.755e-01 2.712e-03 7.480e-04 6.719e-03 -1.000 1.527e-02 -9.303 -8.394 -8.452 -8.304
0.0152 0.01508 6.70000 37.3998565674 2.6324852511   31.532  5.629  4.1258  1.763    1  0.000  0.539     0.00     0.00     0.00     0.00     0.00 -1 -1.78e-05      0.00 7.092e-01 2.755e-01 2.711e-03 7.484e-04 6.719e-03 -1.000 1.527e-02 -9.304 -8.453 -8.510 -8.363
0.0152 0.01508 6.70000 37.4012527466 2.6324853215   31.529  5.630  4.1154  1.721    1  0.000  0.539     0.00     0.00     0.00     0.00     0.00 -1 -1.75e-05      0.00 7.092e-01 2.755e-01 2.710e-03 7.487e-04 6.719e-03 -1.000 1.527e-02 -9.304 -8.516 -8.570 -8.427
0.0152 0.01508 6.70000 37.4025955200 2.6324853893   31.523  5.630  4.1045  1.677    1  0.000  0.539     0.00     0.00     0.00     0.00     0.00 -1 -2.95e-05      0.00 7.092e-01 2.755e-01 2.710e-03 7.488e-04 6.719e-03 -1.000 1.527e-02 -9.305 -8.577 -8.629 -8.493
0.0152 0.01508 6.70000 37.4039916992 2.6324854598   31.518  5.630  4.0923  1.628    1  0.000  0.539     0.00     0.00     0.00     0.00     0.00 -1 -2.88e-05      0.00 7.092e-01 2.755e-01 2.710e-03 7.488e-04 6.719e-03 -1.000 1.527e-02 -9.305 -8.644 -8.692 -8.567
0.0152 0.01508 6.70000 37.4053535461 2.6324855286   31.512  5.630  4.0796  1.577    1  0.000  0.538     0.00     0.00     0.00     0.00     0.00 -1 -2.79e-05      0.00 7.092e-01 2.755e-01 2.710e-03 7.488e-04 6.719e-03 -1.000 1.527e-02 -9.305 -8.711 -8.755 -8.643
0.0152 0.01508 6.70000 37.4067497253 2.6324855990   31.507  5.629  4.0657  1.522    1  0.000  0.538     0.00     0.00     0.00     0.00     0.00 -1  -2.7e-05      0.00 7.092e-01 2.755e-01 2.710e-03 7.488e-04 6.719e-03 -1.000 1.527e-02 -9.303 -8.768 -8.802 -8.724
0.0152 0.01508 6.70000 37.4081153870 2.6324856680   31.502  5.628  4.0512  1.465    1  0.000  0.538     0.00     0.00     0.00     0.00     0.00 -1 -2.61e-05      0.00 7.092e-01 2.755e-01 2.710e-03 7.488e-04 6.719e-03 -1.000 1.527e-02 -9.300 -8.840 -8.869 -8.804
0.0152 0.01508 6.70000 37.4087982178 2.6324857024   31.500  5.627  4.0436  1.435    1  0.000  0.538     0.00     0.00     0.00     0.00     0.00 -1 -2.57e-05      0.00 7.092e-01 2.755e-01 2.710e-03 7.488e-04 6.719e-03 -1.000 1.527e-02 -9.298 -8.877 -8.903 -8.846
0.0152 0.01508 6.70000 37.4094848633 2.6324857371   31.497  5.627  4.0355  1.404    1  0.000  0.538     0.00     0.00     0.00     0.00     0.00 -1 -2.88e-05      0.00 7.092e-01 2.755e-01 2.710e-03 7.488e-04 6.719e-03 -1.000 1.527e-02 -9.296 -8.915 -8.938 -8.888
0.0152 0.01508 6.70000 37.4101676941 2.6324857715   31.494  5.626  4.0273  1.372    1  0.000  0.538     0.00     0.00     0.00     0.00     0.00 -1 -3.91e-05      0.00 7.092e-01 2.755e-01 2.710e-03 7.488e-04 6.719e-03 -1.000 1.527e-02 -9.294 -8.954 -8.974 -8.932
0.0152 0.01508 6.70000 37.4108543396 2.6324858062   31.491  5.626  4.0185  1.337    1  0.000  0.538     0.00     0.00     0.00     0.00     0.00 -1 -4.86e-05      0.00 7.092e-01 2.755e-01 2.709e-03 7.493e-04 6.719e-03 -1.000 1.527e-02 -9.294 -8.995 -9.012 -8.978
0.0152 0.01508 6.70000 37.4115409851 2.6324858408   31.487  5.626  4.0091  1.299    1  0.000  0.538     0.00     0.00     0.00     0.00     0.00 -1 -4.98e-05      0.00 7.092e-01 2.755e-01 2.707e-03 7.500e-04 6.719e-03 -1.000 1.527e-02 -9.294 -9.039 -9.053 -9.028
0.0152 0.01508 6.70000 37.4122314453 2.6324858757   31.484  5.626  3.9991  1.259    1  0.000  0.538     0.00     0.00     0.00     0.00     0.00 -1 -4.85e-05      0.00 7.092e-01 2.755e-01 2.705e-03 7.508e-04 6.719e-03 -1.000 1.527e-02 -9.295 -9.086 -9.096 -9.080
0.0152 0.01508 6.70000 37.4129600525 2.6324859124   31.481  5.626  3.9879  1.214    1  0.000  0.537     0.00     0.00     0.00     0.00     0.00 -1 -4.72e-05      0.00 7.092e-01 2.755e-01 2.702e-03 7.529e-04 6.718e-03 -1.000 1.527e-02 -9.295 -9.136 -9.142 -9.137
0.0152 0.01508 6.70000 37.4136428833 2.6324859469   31.478  5.626  3.9768  1.169    1  0.000  0.536     0.00     0.00     0.00     0.00     0.00 -1 -4.58e-05      0.00 7.092e-01 2.756e-01 2.698e-03 7.584e-04 6.716e-03 -1.000 1.527e-02 -9.295 -9.184 -9.187 -9.192
0.0152 0.01508 6.70000 37.4143218994 2.6324859811   31.475  5.626  3.9649  1.121    1  0.000  0.536     0.00     0.00     0.00     0.00     0.00 -1 -4.45e-05      0.00 7.092e-01 2.756e-01 2.692e-03 7.659e-04 6.713e-03 -1.000 1.527e-02 -9.295 -9.229 -9.224 -9.251
0.0152 0.01508 6.70000 37.4150123596 2.6324860160   31.472  5.626  3.9524  1.071    1  0.000  0.535     0.00     0.00     0.00     0.00     0.00 -1 -4.31e-05      0.00 7.091e-01 2.756e-01 2.686e-03 7.736e-04 6.711e-03 -1.000 1.527e-02 -9.296 -9.268 -9.252 -9.313
0.0152 0.01508 6.70000 37.4156990051 2.6324860506   31.469  5.626  3.9397  1.020    1  0.000  0.534     0.00     0.00     0.00     0.00     0.00 -1 -4.19e-05      0.00 7.091e-01 2.756e-01 2.679e-03 7.834e-04 6.707e-03 -1.000 1.527e-02 -9.296 -9.318 -9.297 -9.371
0.0152 0.01508 6.70000 37.4163894653 2.6324860854   31.467  5.626  3.9272  0.970    1  0.000  0.533     0.00     0.00     0.00     0.00     0.00 -1 -4.07e-05      0.00 7.091e-01 2.756e-01 2.671e-03 7.973e-04 6.701e-03 -1.000 1.527e-02 -9.296 -9.359 -9.330 -9.427
0.0152 0.01508 6.70000 37.4170837402 2.6324861204   31.464  5.626  3.9149  0.921    1  0.000  0.531     0.00     0.00     0.00     0.00     0.00 -1 -3.91e-05      0.00 7.091e-01 2.757e-01 2.661e-03 8.123e-04 6.695e-03 -1.000 1.527e-02 -9.296 -9.384 -9.339 -9.483
0.0152 0.01508 6.70000 37.4177780151 2.6324861555   31.462  5.626  3.9030  0.873    1  0.000  0.530     0.00     0.00     0.00     0.00     0.00 -1  -3.8e-05      0.00 7.090e-01 2.757e-01 2.652e-03 8.275e-04 6.688e-03 -1.000 1.527e-02 -9.296 -9.421 -9.371 -9.527
0.0152 0.01508 6.70000 37.4184761047 2.6324861907   31.460  5.626  3.8913  0.827    1  0.000  0.529     0.00     0.00     0.00     0.00     0.00 -1 -3.69e-05      0.00 7.090e-01 2.757e-01 2.643e-03 8.427e-04 6.682e-03 -1.000 1.527e-02 -9.296 -9.451 -9.397 -9.564
0.0152 0.01508 6.70000 37.4191818237 2.6324862263   31.457  5.626  3.8805  0.783    1  0.000  0.528     0.00     0.00     0.00     0.00     0.00 -1  -3.6e-05      0.00 7.090e-01 2.758e-01 2.633e-03 8.585e-04 6.675e-03 -1.000 1.527e-02 -9.295 -9.467 -9.401 -9.604
0.0152 0.01508 6.70000 37.4198875427 2.6324862619   31.455  5.626  3.8698  0.741    1  0.000  0.526     0.00     0.00     0.00     0.00     0.00 -1 -3.49e-05      0.00 7.089e-01 2.758e-01 2.624e-03 8.751e-04 6.668e-03 -1.000 1.527e-02 -9.295 -9.480 -9.400 -9.639
0.0152 0.01508 6.70000 37.4226799011 2.6324864027   31.446  5.626  3.8342  0.598    1  0.000  0.521     0.00     0.00     0.00     0.00     0.00 -1  -3.2e-05      0.00 7.087e-01 2.760e-01 2.585e-03 9.538e-04 6.629e-03 -1.000 1.529e-02 -9.295 -9.499 -9.365 -9.746
0.0152 0.01508 6.70000 37.4261703491 2.6324865786   31.437  5.624  3.7983  0.457    1  0.000  0.515     0.00     0.00     0.00     0.00     0.00 -1 -2.88e-05      0.00 7.072e-01 2.775e-01 2.499e-03 1.215e-03 6.455e-03 -1.000 1.527e-02 -9.289 -9.488 -9.268 -9.853
0.0152 0.01508 6.70000 37.4296646118 2.6324867548   31.428  5.617  3.7642  0.328    1  0.000  0.512     0.00     0.00     0.00     0.00     0.00 -1 -2.56e-05      0.00 7.048e-01 2.800e-01 2.428e-03 1.474e-03 6.265e-03 -1.000 1.527e-02 -9.271 -9.442 -9.118 -9.929
0.0152 0.01508 6.70000 37.4348983765 2.6324870185   31.416  5.612  3.7182  0.148    1  0.000  0.510     0.00     0.00     0.00     0.00     0.00 -1 -2.26e-05      0.00 7.001e-01 2.847e-01 2.357e-03 1.760e-03 6.044e-03 -1.000 1.525e-02 -9.259 -9.342 -8.875 -9.969
0.0152 0.01508 6.70000 37.4415359497 2.6324873529   31.403  5.614  3.6798 -0.008    1  0.000  0.508     0.00     0.00     0.00     0.00     0.00 -1 -2.02e-05      0.00 6.934e-01 2.913e-01 2.294e-03 1.990e-03 5.862e-03 -1.000 1.523e-02 -9.264 -9.233 -8.656 -9.949
0.0152 0.01508 6.70000 37.4500503540 2.6324877816   31.386  5.648  3.6477 -0.170    1  0.000  0.489     0.00     0.00     0.00     0.00     0.00 -1 -2.17e-05      0.00 6.697e-01 3.151e-01 1.936e-03 3.033e-03 5.130e-03 -1.000 1.521e-02 -9.349 -9.185 -8.508 -9.974
0.0152 0.01508 6.70000 37.5198364258 2.6324912869   31.160  5.719  3.6220 -0.348    1  0.000  0.473     0.00     0.00     0.00     0.00     0.00 -1 -2.83e-05      0.00 6.398e-01 3.450e-01 1.607e-03 4.046e-03 4.405e-03 -1.000 1.520e-02 -9.528 -9.219 -8.453 -10.069
0.0152 0.01508 6.70000 37.8920478821 2.6325097324   29.802  5.745  3.6256 -0.378    1  0.000  0.467     0.00     0.00     0.00     0.00     0.00 -1 -3.62e-05      0.00 6.310e-01 3.538e-01 1.506e-03 4.360e-03 4.178e-03 -1.000 1.520e-02 -9.592 -9.304 -8.552 -10.145
0.0152 0.01508 6.70000 38.1490783691 2.6325222286   28.684  5.754  3.6307 -0.384    1  0.000  0.463     0.00     0.00     0.00     0.00     0.00 -1 -4.11e-05      0.00 6.264e-01 3.584e-01 1.448e-03 4.546e-03 4.043e-03 -1.000 1.518e-02 -9.616 -9.358 -8.625 -10.187
0.0152 0.01508 6.70000 38.2973785400 2.6325293509   27.962  5.758  3.6356 -0.379    1  0.000  0.461     0.00     0.00     0.00     0.00     0.00 -1 -4.38e-05      0.00 6.239e-01 3.609e-01 1.415e-03 4.650e-03 3.969e-03 -1.000 1.518e-02 -9.625 -9.396 -8.679 -10.213
0.0152 0.01508 6.70000 38.3942031860 2.6325339669   27.461  5.761  3.6403 -0.371    1  0.000  0.460     0.00     0.00     0.00     0.00     0.00 -1  -4.6e-05      0.00 6.223e-01 3.626e-01 1.394e-03 4.717e-03 3.920e-03 -1.000 1.514e-02 -9.631 -9.428 -8.728 -10.234
0.0152 0.01508 6.70000 38.4660644531 2.6325373755   27.068  5.762  3.6452 -0.359    1  0.000  0.459     0.00     0.00     0.00     0.00     0.00 -1 -4.77e-05      0.00 6.210e-01 3.638e-01 1.379e-03 4.767e-03 3.884e-03 -1.000 1.517e-02 -9.636 -9.458 -8.773 -10.253
0.0152 0.01508 6.70000 38.5170707703 2.6325397861   26.775  5.763  3.6502 -0.345    1  0.000  0.459     0.00     0.00     0.00     0.00     0.00 -1 -4.94e-05      0.00 6.201e-01 3.647e-01 1.368e-03 4.802e-03 3.858e-03 -1.000 1.517e-02 -9.639 -9.487 -8.819 -10.270
0.0152 0.01508 6.70000 38.5571250916 2.6325416739   26.537  5.762  3.6546 -0.330    1  0.000  0.459     0.00     0.00     0.00     0.00     0.00 -1 -5.04e-05      0.00 6.034e-01 3.815e-01 1.318e-03 5.014e-03 3.691e-03 -1.000 1.516e-02 -9.636 -9.505 -8.851 -10.279
0.0152 0.01508 6.70000 38.5945053101 2.6325434316   26.310  5.760  3.6600 -0.310    1  0.000  0.461     0.00     0.00     0.00     0.00     0.00 -1  -5.1e-05      0.00 5.850e-01 3.998e-01 1.270e-03 5.221e-03 3.526e-03 -1.000 1.513e-02 -9.630 -9.525 -8.886 -10.288
0.0152 0.01508 6.70000 38.6172447205 2.6325444989   26.170  5.761  3.6636 -0.298    1  0.000  0.461     0.00     0.00     0.00     0.00     0.00 -1 -5.17e-05      0.00 5.824e-01 4.025e-01 1.260e-03 5.259e-03 3.497e-03 -1.000 1.513e-02 -9.631 -9.542 -8.913 -10.297
0.0152 0.01508 6.70000 38.6432037354 2.6325457156   26.005  5.761  3.6687 -0.281    1  0.000  0.461     0.00     0.00     0.00     0.00     0.00 -1 -5.29e-05      0.00 5.811e-01 4.038e-01 1.252e-03 5.286e-03 3.477e-03 -1.000 1.516e-02 -9.632 -9.565 -8.950 -10.310
0.0152 0.01508 6.70000 38.6523780823 2.6325461452   25.945  5.763  3.6822 -0.231    1  0.000  0.468     0.00     0.00     0.00     0.00     0.00 -1 -5.38e-05      0.00 5.552e-01 4.297e-01 1.193e-03 5.551e-03 3.266e-03 -1.000 1.513e-02 -9.639 -9.621 -9.046 -10.336
0.0152 0.01508 6.70000 38.6553039551 2.6325462821   25.924  5.766  3.7095 -0.125    1  0.000  0.526     0.00     0.00     0.00     0.00     0.00 -1 -5.59e-05      0.00 5.328e-01 4.521e-01 1.143e-03 5.774e-03 3.085e-03 -1.000 1.513e-02 -9.646 -9.710 -9.210 -10.365
0.0152 0.01508 6.70000 38.6575355530 2.6325463866   25.905  5.765  3.8113  0.284    1  0.000  0.526     0.00     0.00     0.00     0.00     0.00 -1 -6.07e-05      0.00 5.326e-01 4.523e-01 1.143e-03 5.776e-03 3.084e-03 -1.000 1.513e-02 -9.643 -9.846 -9.662 -10.163
0.0152 0.01508 6.70000 38.6584091187 2.6325464274   25.892  5.766  3.8954  0.618    1  0.000  0.539     0.00     0.00     0.00     0.00     0.00 -1 -7.75e-05      0.00 5.231e-01 4.617e-01 1.144e-03 5.777e-03 3.083e-03 -1.000 1.513e-02 -9.646 -9.792 -9.740 -9.902
0.0152 0.01508 6.70000 38.6587905884 2.6325464453   25.890  5.766  3.8997  0.636    1  0.000  0.539     0.00     0.00     0.00     0.00     0.00 -1 -3.39e-05      0.00 5.231e-01 4.618e-01 1.143e-03 5.777e-03 3.082e-03 -1.000 1.513e-02 -9.645 -9.781 -9.731 -9.888
0.0152 0.01508 6.70000 38.6611557007 2.6325465559   25.882  5.765  3.9068  0.665    1  0.000  0.539     0.00     0.00     0.00     0.00     0.00 -1 -3.37e-05      0.00 5.230e-01 4.619e-01 1.143e-03 5.779e-03 3.081e-03 -1.000 1.513e-02 -9.644 -9.757 -9.708 -9.862
0.0152 0.01508 6.70000 38.6867179871 2.6325477509   25.793  5.766  3.9122  0.684    1  0.000  0.539     0.00     0.00     0.00     0.00     0.00 -1 -3.38e-05      0.00 5.219e-01 4.630e-01 1.136e-03 5.802e-03 3.063e-03 -1.000 1.513e-02 -9.645 -9.742 -9.695 -9.844
0.0152 0.01508 6.70000 38.6969451904 2.6325482285   25.757  5.766  3.9192  0.712    1  0.000  0.539     0.00     0.00     0.00     0.00     0.00 -1 -3.39e-05      0.00 5.215e-01 4.634e-01 1.133e-03 5.812e-03 3.057e-03 -1.000 1.513e-02 -9.645 -9.722 -9.679 -9.815
0.0152 0.01508 6.70000 38.7081031799 2.6325487493   25.718  5.766  3.9270  0.742    1  0.000  0.539     0.00     0.00     0.00     0.00     0.00 -1  -3.4e-05      0.00 5.210e-01 4.638e-01 1.131e-03 5.822e-03 3.049e-03 -1.000 1.512e-02 -9.645 -9.709 -9.679 -9.777
0.0152 0.01508 6.70000 38.7197303772 2.6325492915   25.678  5.766  3.9349  0.773    1  0.000  0.539     0.00     0.00     0.00     0.00     0.00 -1 -3.41e-05      0.00 5.206e-01 4.643e-01 1.128e-03 5.832e-03 3.041e-03 -1.000 1.512e-02 -9.645 -9.685 -9.663 -9.741
0.0152 0.01508 6.70000 38.7316284180 2.6325498460   25.636  5.766  3.9426  0.804    1  0.000  0.539     0.00     0.00     0.00     0.00     0.00 -1 -3.41e-05      0.00 5.201e-01 4.648e-01 1.124e-03 5.843e-03 3.033e-03 -1.000 1.512e-02 -9.644 -9.655 -9.635 -9.707
0.0152 0.01508 6.70000 38.7436676025 2.6325504067   25.595  5.766  3.9499  0.832    1  0.000  0.539     0.00     0.00     0.00     0.00     0.00 -1  -3.4e-05      0.00 5.196e-01 4.653e-01 1.121e-03 5.854e-03 3.025e-03 -1.000 1.512e-02 -9.644 -9.625 -9.606 -9.673
0.0152 0.01508 6.70000 38.7558288574 2.6325509727   25.552  5.765  3.9569  0.860    1  0.000  0.540     0.00     0.00     0.00     0.00     0.00 -1  -3.4e-05      0.00 5.191e-01 4.658e-01 1.118e-03 5.865e-03 3.017e-03 -1.000 1.512e-02 -9.643 -9.602 -9.590 -9.639
0.0152 0.01508 6.70000 38.7679862976 2.6325515381   25.510  5.765  3.9636  0.886    1  0.000  0.540     0.00     0.00     0.00     0.00     0.00 -1 -3.41e-05      0.00 5.186e-01 4.663e-01 1.115e-03 5.876e-03 3.009e-03 -1.000 1.512e-02 -9.643 -9.581 -9.575 -9.605
0.0152 0.01508 6.70000 38.7804908752 2.6325521192   25.467  5.765  3.9700  0.911    1  0.000  0.540     0.00     0.00     0.00     0.00     0.00 -1 -3.42e-05      0.00 5.181e-01 4.668e-01 1.112e-03 5.887e-03 3.000e-03 -1.000 1.512e-02 -9.642 -9.560 -9.560 -9.572
0.0152 0.01508 6.70000 38.7943305969 2.6325527618   25.420  5.765  3.9769  0.938    1  0.000  0.540     0.00     0.00     0.00     0.00     0.00 -1 -3.43e-05      0.00 5.175e-01 4.674e-01 1.108e-03 5.900e-03 2.991e-03 -1.000 1.512e-02 -9.641 -9.530 -9.533 -9.538
0.0152 0.01508 6.70000 38.8074226379 2.6325533693   25.375  5.764  3.9831  0.963    1  0.000  0.540     0.00     0.00     0.00     0.00     0.00 -1 -3.41e-05      0.00 5.170e-01 4.679e-01 1.105e-03 5.912e-03 2.982e-03 -1.000 1.512e-02 -9.641 -9.502 -9.507 -9.506
0.0152 0.01508 6.70000 38.8202552795 2.6325539642   25.331  5.764  3.9890  0.986    1  0.000  0.540     0.00     0.00     0.00     0.00     0.00 -1 -3.42e-05      0.00 5.164e-01 4.684e-01 1.101e-03 5.923e-03 2.974e-03 -1.000 1.512e-02 -9.640 -9.476 -9.483 -9.477
0.0152 0.01508 6.70000 38.8333969116 2.6325545730   25.286  5.764  3.9948  1.009    1  0.000  0.540     0.00     0.00     0.00     0.00     0.00 -1 -3.43e-05      0.00 5.159e-01 4.690e-01 1.098e-03 5.935e-03 2.965e-03 -1.000 1.512e-02 -9.639 -9.449 -9.458 -9.446
0.0152 0.01508 6.70000 38.8465080261 2.6325551799   25.241  5.763  4.0005  1.031    1  0.000  0.540     0.00     0.00     0.00     0.00     0.00 -1 -3.41e-05      0.00 5.154e-01 4.695e-01 1.095e-03 5.947e-03 2.956e-03 -1.000 1.512e-02 -9.638 -9.423 -9.434 -9.417
0.0152 0.01508 6.70000 38.8591995239 2.6325557670   25.198  5.763  4.0057  1.051    1  0.000  0.540     0.00     0.00     0.00     0.00     0.00 -1 -3.42e-05      0.00 5.148e-01 4.700e-01 1.091e-03 5.958e-03 2.947e-03 -1.000 1.512e-02 -9.637 -9.398 -9.411 -9.389
0.0152 0.01508 6.70000 38.8733329773 2.6325564202   25.150  5.763  4.0115  1.074    1  0.000  0.541     0.00     0.00     0.00     0.00     0.00 -1 -3.43e-05      0.00 5.142e-01 4.707e-01 1.088e-03 5.971e-03 2.938e-03 -1.000 1.512e-02 -9.636 -9.370 -9.385 -9.358
0.0152 0.01508 6.70000 38.8865509033 2.6325570306   25.104  5.762  4.0168  1.095    1  0.000  0.542     0.00     0.00     0.00     0.00     0.00 -1 -3.44e-05      0.00 5.136e-01 4.713e-01 1.084e-03 5.983e-03 2.929e-03 -1.000 1.512e-02 -9.635 -9.345 -9.361 -9.329
0.0152 0.01508 6.70000 38.8993721008 2.6325576222   25.059  5.762  4.0217  1.114    1  0.000  0.542     0.00     0.00     0.00     0.00     0.00 -1 -3.42e-05      0.00 5.131e-01 4.718e-01 1.081e-03 5.994e-03 2.921e-03 -1.000 1.508e-02 -9.634 -9.320 -9.338 -9.302
0.0152 0.01508 6.70000 38.9131660461 2.6325582583   25.010  5.761  4.0268  1.134    1  0.000  0.543     0.00     0.00     0.00     0.00     0.00 -1 -3.43e-05      0.00 5.125e-01 4.724e-01 1.078e-03 6.007e-03 2.911e-03 -1.000 1.508e-02 -9.633 -9.294 -9.314 -9.273
0.0152 0.01508 6.70000 38.9263496399 2.6325588657   24.965  5.761  4.0316  1.153    1  0.000  0.543     0.00     0.00     0.00     0.00     0.00 -1 -3.44e-05      0.00 5.120e-01 4.729e-01 1.074e-03 6.019e-03 2.903e-03 -1.000 1.508e-02 -9.632 -9.270 -9.292 -9.246
0.0152 0.01508 6.70000 38.9525299072 2.6325600704   24.873  5.760  4.0407  1.189    1  0.000  0.543     0.00     0.00     0.00     0.00     0.00 -1 -3.43e-05      0.00 5.109e-01 4.740e-01 1.067e-03 6.042e-03 2.885e-03 -1.000 1.508e-02 -9.629 -9.223 -9.248 -9.193
0.0152 0.01508 6.70000 38.9782791138 2.6325612536   24.783  5.759  4.0492  1.222    1  0.000  0.543     0.00     0.00     0.00     0.00     0.00 -1 -3.44e-05      0.00 5.099e-01 4.751e-01 1.061e-03 6.065e-03 2.868e-03 -1.000 1.508e-02 -9.627 -9.177 -9.205 -9.143
0.0152 0.01508 6.70000 39.0042839050 2.6325624466   24.693  5.758  4.0574  1.254    1  0.000  0.542     0.00     0.00     0.00     0.00     0.00 -1 -3.44e-05      0.00 5.088e-01 4.761e-01 1.054e-03 6.089e-03 2.850e-03 -1.000 1.508e-02 -9.625 -9.133 -9.163 -9.093
0.0152 0.01508 6.70000 39.0303344727 2.6325636399   24.603  5.757  4.0653  1.285    1  0.000  0.541     0.00     0.00     0.00     0.00     0.00 -1 -3.42e-05      0.00 5.077e-01 4.772e-01 1.047e-03 6.112e-03 2.833e-03 -1.000 1.508e-02 -9.622 -9.090 -9.123 -9.046
0.0152 0.01508 6.70000 39.0555839539 2.6325647948   24.516  5.756  4.0726  1.314    1  0.000  0.539     0.00     0.00     0.00     0.00     0.00 -1 -3.44e-05      0.00 5.067e-01 4.782e-01 1.040e-03 6.135e-03 2.816e-03 -1.000 1.508e-02 -9.620 -9.053 -9.090 -9.000
0.0152 0.01508 6.70000 39.0813255310 2.6325659704   24.429  5.755  4.0798  1.342    1  0.000  0.536     0.00     0.00     0.00     0.00     0.00 -1 -3.43e-05      0.00 5.057e-01 4.793e-01 1.033e-03 6.158e-03 2.799e-03 -1.000 1.508e-02 -9.618 -9.024 -9.067 -8.955
0.0152 0.01508 6.70000 39.1191368103 2.6325676940   24.301  5.754  4.0902  1.382    1  0.000  0.529     0.00     0.00     0.00     0.00     0.00 -1 -3.45e-05      0.00 5.041e-01 4.808e-01 1.022e-03 6.195e-03 2.774e-03 -1.000 1.507e-02 -9.616 -8.966 -9.013 -8.890
0.0152 0.01508 6.70000 39.1440773010 2.6325688288   24.217  5.754  4.0972  1.409    1  0.000  0.523     0.00     0.00     0.00     0.00     0.00 -1 -3.44e-05      0.00 5.031e-01 4.818e-01 1.015e-03 6.218e-03 2.757e-03 -1.000 1.507e-02 -9.614 -8.927 -8.976 -8.847
0.0152 0.01508 6.70000 39.1683235168 2.6325699304   24.132  5.753  4.1050  1.439    1  0.000  0.519     0.00     0.00     0.00     0.00     0.00 -1 -3.46e-05      0.00 5.021e-01 4.828e-01 1.009e-03 6.239e-03 2.741e-03 -1.000 1.507e-02 -9.613 -8.883 -8.935 -8.799
0.0152 0.01508 6.70000 39.1804580688 2.6325704812   24.084  5.753  4.1106  1.461    1  0.000  0.519     0.00     0.00     0.00     0.00     0.00 -1 -3.47e-05      0.00 5.016e-01 4.833e-01 1.005e-03 6.250e-03 2.733e-03 -1.000 1.511e-02 -9.613 -8.852 -8.906 -8.764
0.0152 0.01508 6.70000 39.2046089172 2.6325715761   23.987  5.753  4.1246  1.516    1  0.000  0.540     0.00     0.00     0.00     0.00     0.00 -1 -3.72e-05      0.00 4.694e-01 5.155e-01 1.001e-03 6.275e-03 2.714e-03 -1.000 1.511e-02 -9.611 -8.768 -8.825 -8.678
0.0152 0.01508 6.70000 39.3301467896 2.6325772429   23.476  5.752  4.1469  1.596    1  0.000  0.551     0.00     0.00     0.00     0.00     0.00 -1  -3.8e-05      0.00 4.628e-01 5.221e-01 9.700e-04 6.383e-03 2.632e-03 -1.000 1.510e-02 -9.610 -8.634 -8.695 -8.541
0.0152 0.01508 6.70000 39.4089889526 2.6325807806   23.156  5.753  4.1623  1.651    1  0.000  0.563     0.00     0.00     0.00     0.00     0.00 -1 -3.88e-05      0.00 4.556e-01 5.293e-01 9.517e-04 6.453e-03 2.580e-03 -1.000 1.510e-02 -9.612 -8.556 -8.624 -8.447
0.0152 0.01508 6.70000 39.4540710449 2.6325827961   22.973  5.753  4.1725  1.688    1  0.000  0.565     0.00     0.00     0.00     0.00     0.00 -1 -3.96e-05      0.00 4.492e-01 5.358e-01 9.404e-04 6.493e-03 2.551e-03 -1.000 1.506e-02 -9.613 -8.505 -8.578 -8.384
0.0152 0.01508 6.70000 39.4983100891 2.6325847688   22.793  5.754  4.1843  1.731    1  0.000  0.574     0.00     0.00     0.00     0.00     0.00 -1 -4.04e-05      0.00 4.385e-01 5.464e-01 9.295e-04 6.532e-03 2.520e-03 -1.000 1.506e-02 -9.614 -8.443 -8.521 -8.312
0.0152 0.01508 6.70000 39.5307312012 2.6325862113   22.659  5.754  4.1940  1.767    1  0.000  0.593     0.00     0.00     0.00     0.00     0.00 -1 -4.14e-05      0.00 4.265e-01 5.584e-01 9.222e-04 6.564e-03 2.497e-03 -1.000 1.510e-02 -9.614 -8.390 -8.471 -8.253
0.0152 0.01508 6.70000 39.5623016357 2.6325876134   22.527  5.754  4.2038  1.804    1  0.000  0.616     0.00     0.00     0.00     0.00     0.00 -1 -4.29e-05      0.00 4.116e-01 5.733e-01 9.152e-04 6.591e-03 2.473e-03 -1.000 1.508e-02 -9.614 -8.336 -8.419 -8.193
0.0152 0.01508 6.70000 39.6023674011 2.6325893890   22.356  5.753  4.2143  1.843    1  0.000  0.663     0.00     0.00     0.00     0.00     0.00 -1 -4.46e-05      0.00 3.934e-01 5.915e-01 9.077e-04 6.630e-03 2.444e-03 -1.000 1.509e-02 -9.613 -8.278 -8.365 -8.129
0.0152 0.01508 6.70000 39.6216239929 2.6325902409   22.273  5.753  4.2180  1.857    1  0.000  0.698     0.00     0.00     0.00     0.00     0.00 -1 -4.52e-05      0.00 3.877e-01 5.972e-01 9.051e-04 6.643e-03 2.430e-03 -1.000 1.510e-02 -9.613 -8.257 -8.344 -8.106
0.0152 0.01508 6.70000 39.8244705200 2.6325991576   21.302  5.751  4.2500  1.967    2  0.000  0.920     0.00     0.00     0.00     0.00     0.00 -1 -4.75e-05      0.00 3.733e-01 6.116e-01 8.686e-04 6.809e-03 2.288e-03 -1.000 1.509e-02 -9.608 -8.080 -8.177 -7.913
0.0152 0.01508 6.70000 39.9575500488 2.6326049510   20.627  5.750  4.2739  2.050    2  0.000  1.056     0.00     0.00     0.00     0.00     0.00 -1    -5e-05      0.00 3.643e-01 6.206e-01 8.479e-04 6.907e-03 2.204e-03 -1.000 1.509e-02 -9.605 -7.951 -8.054 -7.773
0.0152 0.01508 6.70000 40.0000000000 2.6326067896   20.399  5.750  4.2828  2.081    2  0.000  1.062     0.00     0.00     0.00     0.00     0.00 -1 -5.09e-05      0.00 3.619e-01 6.230e-01 8.400e-04 6.938e-03 2.180e-03 -1.000 1.509e-02 -9.604 -7.899 -8.005 -7.715
0.0152 0.01508 6.70000 40.0564994812 2.6326092298   20.125  5.748  4.2976  2.136    2  0.000  1.176     0.00     0.00     0.00     0.00     0.00 -1 -5.13e-05      0.00 3.575e-01 6.260e-01 2.124e-03 6.916e-03 2.243e-03  8.012 1.649e-02 -9.600 -7.799 -7.911 -7.598
0.0152 0.01508 6.70000 40.1245422363 2.6326121582   19.784  5.746  4.3177  2.212    2  0.000  1.306     0.00     0.00     0.00     0.00     0.00 -1 -5.24e-05      0.00 3.523e-01 6.294e-01 3.739e-03 6.890e-03 2.329e-03  8.673 1.827e-02 -9.594 -7.330 -7.454 -7.140
0.0152 0.01508 6.70000 40.1627006531 2.6326137954   19.589  5.742  4.3309  2.263    2  0.000  1.374     0.00     0.00     0.00     0.00     0.00 -1 -5.32e-05      0.00 3.405e-01 6.402e-01 4.645e-03 6.991e-03 2.295e-03  8.855 1.930e-02 -9.586 -7.327 -7.449 -7.140
0.0152 0.01508 6.70000 40.1997184753 2.6326153802   19.400  5.735  4.3438  2.318    2  0.000  1.440     0.00     0.00     0.00     0.00     0.00 -1 -5.21e-05      0.00 2.933e-01 6.864e-01 5.442e-03 7.486e-03 1.963e-03  9.052 2.033e-02 -9.568 -7.284 -7.408 -7.091
0.0152 0.01508 6.70000 40.2244796753 2.6326164384   19.276  5.730  4.3538  2.360    2  0.000  1.483     0.00     0.00     0.00     0.00     0.00 -1 -5.17e-05      0.00 2.672e-01 7.119e-01 6.006e-03 7.751e-03 1.793e-03  9.163 2.098e-02 -9.555 -7.257 -7.382 -7.061
0.0152 0.01508 6.70000 40.2550010681 2.6326177408   19.123  5.729  4.3647  2.401    2  0.000  1.532     0.00     0.00     0.00     0.00     0.00 -1 -5.19e-05      0.00 2.596e-01 7.186e-01 6.789e-03 7.798e-03 1.798e-03  9.242 2.186e-02 -9.553 -7.256 -7.380 -7.062
0.0152 0.01508 6.70000 40.2897033691 2.6326192188   18.945  5.728  4.3781  2.452    2  0.000  1.606     0.00     0.00     0.00     0.00     0.00 -1 -5.26e-05      0.00 2.569e-01 7.189e-01 8.870e-03 7.759e-03 2.025e-03  9.377 2.428e-02 -9.550 -7.260 -7.383 -7.070
0.0152 0.01508 6.70000 40.3019561768 2.6326197399   18.882  5.727  4.3885  2.492    2  0.000  1.636     0.00     0.00     0.00     0.00     0.00 -1  -5.3e-05      0.00 2.401e-01 7.347e-01 9.725e-03 7.922e-03 1.993e-03  9.456 2.525e-02 -9.548 -7.252 -7.375 -7.062
0.0152 0.01508 6.70000 40.3157539368 2.6326203264   18.808  5.726  4.4008  2.542    2  0.000  1.670     0.00     0.00     0.00     0.00     0.00 -1 -5.47e-05      0.00 2.247e-01 7.488e-01 1.075e-02 8.063e-03 1.995e-03  9.536 2.647e-02 -9.544 -7.246 -7.368 -7.058
0.0152 0.01508 6.70000 40.3282279968 2.6326208561   18.739  5.739  4.9066  4.550    2  0.000  1.949     0.00     0.00     0.00     0.00     0.00 -1 -5.57e-05      0.00 1.162e-01 8.562e-01 1.144e-02 9.260e-03 1.188e-03  9.879 2.758e-02 -9.577 -5.191 -5.268 -5.112
0.0152 0.01508 6.70000 40.3290786743 2.6326208923   18.737  5.737  4.9147  4.585    2  0.000  1.951     0.00     0.00     0.00     0.00     0.00 -1 -2.66e-05      0.00 1.162e-01 8.562e-01 1.151e-02 9.258e-03 1.197e-03  9.882 2.766e-02 -9.572 -4.522 -4.629 -4.376
0.0152 0.01508 6.70000 40.3493385315 2.6326217518   18.688  5.733  4.9247  4.627    2  0.000  1.999     0.00     0.00     0.00     0.00     0.00 -1 -2.61e-05      0.00 1.156e-01 8.547e-01 1.327e-02 9.213e-03 1.416e-03  9.944 2.966e-02 -9.562 -4.459 -4.565 -4.311
0.0152 0.01508 6.70000 40.3788070679 2.6326230004   18.617  5.731  4.9328  4.660    2  0.000  2.072     0.00     0.00     0.00     0.00     0.00 -1 -2.58e-05      0.00 1.149e-01 8.523e-01 1.604e-02 9.144e-03 1.767e-03 10.028 3.282e-02 -9.557 -4.416 -4.523 -4.268
0.0152 0.01508 6.70000 40.4009323120 2.6326239364   18.564  5.729  4.9403  4.691    2  0.000  2.128     0.00     0.00     0.00     0.00     0.00 -1 -2.54e-05      0.00 1.143e-01 8.503e-01 1.828e-02 9.088e-03 2.054e-03 10.087 3.539e-02 -9.552 -4.367 -4.474 -4.217
0.0152 0.01508 6.70000 40.4233741760 2.6326248846   18.512  5.727  4.9478  4.722    2  0.000  2.186     0.00     0.00     0.00     0.00     0.00 -1 -2.52e-05      0.00 1.137e-01 8.481e-01 2.071e-02 9.028e-03 2.367e-03 10.142 3.816e-02 -9.547 -4.327 -4.434 -4.177
0.0152 0.01508 6.70000 40.4458045959 2.6326258312   18.459  5.725  4.9549  4.751    2  0.000  2.246     0.00     0.00     0.00     0.00     0.00 -1  -2.5e-05      0.00 1.131e-01 8.458e-01 2.328e-02 8.966e-03 2.701e-03 10.195 4.110e-02 -9.542 -4.291 -4.398 -4.141
0.0152 0.01508 6.70000 40.4701690674 2.6326268579   18.403  5.723  4.9622  4.781    2  0.000  2.312     0.00     0.00     0.00     0.00     0.00 -1 -2.47e-05      0.00 1.125e-01 8.430e-01 2.624e-02 8.895e-03 3.088e-03 10.249 4.449e-02 -9.537 -4.253 -4.361 -4.104
0.0152 0.01508 6.70000 40.4956398010 2.6326279298   18.344  5.720  4.9694  4.810    2  0.000  2.384     0.00     0.00     0.00     0.00     0.00 -1 -2.42e-05      0.00 1.118e-01 8.400e-01 2.952e-02 8.817e-03 3.520e-03 10.302 4.825e-02 -9.531 -4.207 -4.315 -4.056
0.0152 0.01508 6.70000 40.5336380005 2.6326295260   18.259  5.717  4.9794  4.852    2  0.000  2.490     0.00     0.00     0.00     0.00     0.00 -1 -2.38e-05      0.00 1.108e-01 8.349e-01 3.476e-02 8.694e-03 4.215e-03 10.376 5.431e-02 -9.523 -4.151 -4.260 -4.000
0.0152 0.01508 6.70000 40.5596504211 2.6326306167   18.201  5.715  4.9858  4.878    2  0.000  2.560     0.00     0.00     0.00     0.00     0.00 -1 -2.33e-05      0.00 1.101e-01 8.312e-01 3.859e-02 8.605e-03 4.726e-03 10.424 5.871e-02 -9.518 -4.106 -4.215 -3.952
0.0152 0.01508 6.70000 40.5964736938 2.6326321580   18.120  5.712  4.9942  4.913    2  0.000  2.656     0.00     0.00     0.00     0.00     0.00 -1 -2.28e-05      0.00 1.091e-01 8.256e-01 4.435e-02 8.475e-03 5.498e-03 10.487 6.526e-02 -9.510 -4.055 -4.164 -3.900
0.0152 0.01508 6.70000 40.6217308044 2.6326332133   18.065  5.710  4.9994  4.934    2  0.000  2.716     0.00     0.00     0.00     0.00     0.00 -1 -2.26e-05      0.00 1.085e-01 8.215e-01 4.852e-02 8.381e-03 6.060e-03 10.529 7.006e-02 -9.506 -4.021 -4.131 -3.865
0.0152 0.01508 6.70000 40.6456947327 2.6326342132   18.014  5.709  5.0043  4.954    3  0.000  2.733     0.00     0.02     0.02     0.01     0.01  2 -2.22e-05      0.00 1.076e-01 8.200e-01 5.055e-02 8.335e-03 6.353e-03 10.550 7.241e-02 -9.501 -4.818 -4.978 -4.159
0.0152 0.01508 6.70000 40.6916236877 2.6326361258   17.918  5.706  5.0126  4.988    3  0.000  2.750     0.00     0.02     0.02     0.01     0.01  2 -2.19e-05      0.00 1.063e-01 8.167e-01 5.446e-02 8.250e-03 6.927e-03 10.587 7.696e-02 -9.494 -4.783 -4.944 -4.115
0.0152 0.01508 6.70000 40.7593727112 2.6326389380   17.780  5.702  5.0231  5.030    3  0.000  2.814     0.00     0.02     0.02     0.01     0.01  2 -2.15e-05      0.00 1.045e-01 8.117e-01 6.031e-02 8.119e-03 7.804e-03 10.638 8.377e-02 -9.485 -4.746 -4.908 -4.057
0.0152 0.01508 6.70000 40.8372612000 2.6326421577   17.653  5.699  5.0344  5.075    3  0.000  5.434     0.00     0.02     0.02     0.01     0.01  2 -1.99e-05      0.00 1.024e-01 7.496e-01 1.150e-01 6.783e-03 1.660e-02 10.922 1.481e-01 -9.479 -4.677 -4.841 -3.950
0.0152 0.01508 6.70000 40.9029884338 2.6326448638   17.564  5.699  5.0423  5.105    3  0.000  5.386     0.00     0.02     0.02     0.01     0.01  2 -1.83e-05      0.00 1.002e-01 7.249e-01 1.371e-01 6.296e-03 2.100e-02 11.004 1.749e-01 -9.477 -4.604 -4.770 -3.855
0.0152 0.01508 6.70000 40.9569702148 2.6326470789   17.492  5.698  5.0495  5.133    3  0.000  5.341     0.00     0.02     0.02     0.01     0.01  2 -1.71e-05      0.00 9.786e-02 7.058e-01 1.549e-01 5.907e-03 2.454e-02 11.065 1.964e-01 -9.476 -4.539 -4.706 -3.775
0.0152 0.01508 6.70000 41.0102005005 2.6326492565   17.421  5.698  5.0583  5.166    3  0.000  5.296     0.00     0.02     0.02     0.01     0.01  2 -1.62e-05      0.00 9.424e-02 6.886e-01 1.720e-01 5.531e-03 2.797e-02 11.126 2.172e-01 -9.475 -4.404 -4.566 -3.700
0.0152 0.01508 6.70000 41.0417633057 2.6326505447   17.379  5.698  5.0645  5.190    3  0.000  5.269     0.00     0.01     0.01     0.01     0.01  2 -1.56e-05      0.00 9.089e-02 6.798e-01 1.820e-01 5.313e-03 2.997e-02 11.165 2.293e-01 -9.474 -4.304 -4.462 -3.647
0.0152 0.01508 6.70000 41.0730285645 2.6326518184   17.338  5.698  5.0719  5.219    3  0.000  5.245     0.00     0.01     0.01     0.01     0.01  2 -1.52e-05      0.00 8.620e-02 6.726e-01 1.918e-01 5.101e-03 3.194e-02 11.210 2.412e-01 -9.474 -4.204 -4.358 -3.599
0.0152 0.01508 6.70000 41.0936927795 2.6326526591   17.310  5.697  5.0775  5.241    3  0.000  5.230     0.00     0.01     0.01     0.01     0.01  2  -1.5e-05      0.00 8.199e-02 6.690e-01 1.983e-01 4.962e-03 3.322e-02 11.246 2.490e-01 -9.474 -4.137 -4.288 -3.569
0.0152 0.01508 6.70000 41.1142311096 2.6326534937   17.283  5.697  5.0835  5.264    3  0.000  5.218     0.00     0.01     0.01     0.01     0.01  2 -1.46e-05      0.00 7.673e-02 6.666e-01 2.046e-01 4.827e-03 3.449e-02 11.288 2.567e-01 -9.473 -4.056 -4.203 -3.528
0.0152 0.01508 6.70000 41.1346282959 2.6326543215   17.255  5.697  5.0898  5.289    3  0.000  5.208     0.00     0.01     0.01     0.01     0.01  2 -1.46e-05      0.00 6.998e-02 6.657e-01 2.108e-01 4.693e-03 3.574e-02 11.341 2.643e-01 -9.472 -3.997 -4.141 -3.506
0.0152 0.01508 6.70000 41.1548995972 2.6326551434   17.227  5.697  5.0965  5.315    3  0.000  5.200     0.00     0.01     0.01     0.01     0.01  2 -1.44e-05      0.00 6.159e-02 6.667e-01 2.169e-01 4.562e-03 3.697e-02 11.408 2.717e-01 -9.472 -3.927 -4.067 -3.474
0.0152 0.01508 6.70000 41.1750335693 2.6326559587   17.199  5.696  5.1031  5.342    3  0.000  5.195     0.00     0.01     0.01     0.01     0.01  2 -1.43e-05      0.00 5.156e-02 6.694e-01 2.230e-01 4.433e-03 3.819e-02 11.497 2.791e-01 -9.471 -3.877 -4.015 -3.449
0.0152 0.01508 6.70000 41.1950416565 2.6326567681   17.170  5.696  5.1097  5.367    3  0.000  5.189     0.00     0.01     0.01     0.01     0.01  2 -1.43e-05      0.00 3.989e-02 6.738e-01 2.290e-01 4.306e-03 3.939e-02 11.620 2.863e-01 -9.470 -3.833 -3.969 -3.419
0.0152 0.01508 6.70000 41.2149238586 2.6326575714   17.141  5.696  5.1157  5.391    3  0.000  5.188     0.00     0.01     0.01     0.01     0.01  2 -1.43e-05      0.00 2.755e-02 6.790e-01 2.348e-01 4.181e-03 4.057e-02 11.791 2.935e-01 -9.469 -3.792 -3.927 -3.391
0.0152 0.01508 6.70000 41.2346420288 2.6326583673   17.111  5.695  5.1204  5.410    3  0.000  5.192     0.00     0.01     0.01     0.01     0.01  2 -1.42e-05      0.00 1.608e-02 6.835e-01 2.406e-01 4.057e-03 4.174e-02 12.035 3.005e-01 -9.467 -3.756 -3.890 -3.368
0.0152 0.01508 6.70000 41.2831611633 2.6326603219   17.036  5.693  5.1257  5.431    3  0.000  5.242     0.00     0.01     0.01     0.01     0.00  2 -1.39e-05      0.00 1.349e-03 6.811e-01 2.547e-01 3.753e-03 4.457e-02 13.136 3.175e-01 -9.463 -3.683 -3.816 -3.321
0.0152 0.01508 6.70000 41.6109771729 2.6326733906   16.567  5.685  5.1358  5.467    3  0.000  5.584     0.00     0.01     0.01     0.01     0.00  2 -1.27e-05      0.00 1.000e-33 6.564e-01 2.753e-01 3.388e-03 4.987e-02 43.297 3.436e-01 -9.443 -3.498 -3.628 -3.194
0.0152 0.01508 6.70000 41.8353919983 2.6326822014   16.280  5.681  5.1451  5.501    3  0.000  5.605     0.00     0.01     0.01     0.01     0.00  2 -1.19e-05      0.00 1.000e-33 6.378e-01 2.899e-01 3.155e-03 5.370e-02 43.318 3.622e-01 -9.433 -3.357 -3.484 -3.100
0.0152 0.01508 6.70000 41.9813957214 2.6326878756   16.108  5.680  5.1532  5.530    3  0.000  5.588     0.00     0.01     0.01     0.01     0.00  2 -1.14e-05      0.00 1.000e-33 6.255e-01 2.995e-01 3.003e-03 5.631e-02 43.331 3.745e-01 -9.430 -3.258 -3.385 -3.024
0.0152 0.01508 6.70000 42.0941314697 2.6326922259   15.983  5.680  5.1627  5.564    3  0.000  5.592     0.00     0.01     0.01     0.00     0.00  2 -1.11e-05      0.00 1.000e-33 6.156e-01 3.071e-01 2.886e-03 5.859e-02 43.341 3.844e-01 -9.430 -3.184 -3.315 -2.948
0.0152 0.01508 6.70000 42.1074943542 2.6326927398   15.968  5.680  5.1640  5.569    3  0.000  5.592     0.00     0.01     0.01     0.00     0.00  2  -1.1e-05      0.00 1.000e-33 6.144e-01 3.080e-01 2.873e-03 5.887e-02 43.342 3.856e-01 -9.430 -3.175 -3.307 -2.938
0.0152 0.01508 6.70000 42.1632499695 2.6326948799   15.908  5.683  5.1745  5.607    3  0.000  5.608     0.00     0.01     0.01     0.00     0.00  0  -1.1e-05      0.00 1.000e-33 6.100e-01 3.114e-01 2.815e-03 5.972e-02 43.347 3.900e-01 -9.437 -3.120 -3.255 -2.882
0.0152 0.01508 6.70000 42.2006797791 2.6326963129   15.868  5.688  5.1870  5.651    3  0.000  5.620     0.00     0.01     0.01     0.00     0.00  0 -1.11e-05      0.00 1.000e-33 6.072e-01 3.137e-01 2.776e-03 6.026e-02 43.350 3.928e-01 -9.450 -3.070 -3.206 -2.834
0.0152 0.01508 6.70000 42.2156600952 2.6326968856   15.852  5.694  5.1978  5.688    3  0.000  5.624     0.00     0.01     0.01     0.00     0.00  0 -1.12e-05      0.00 1.000e-33 6.059e-01 3.146e-01 2.760e-03 6.055e-02 43.351 3.941e-01 -9.464 -3.027 -3.164 -2.797
0.0152 0.01508 6.70000 42.2239685059 2.6326972031   15.843  5.700  5.2086  5.724    3  0.000  5.624     0.00     0.01     0.01     0.00     0.00  0 -1.14e-05      0.00 1.000e-33 6.052e-01 3.152e-01 2.752e-03 6.074e-02 43.352 3.948e-01 -9.479 -3.049 -3.182 -2.831
0.0152 0.01508 6.70000 42.2294158936 2.6326974111   15.837  5.706  5.2187  5.758    3  0.000  5.623     0.00     0.01     0.01     0.00     0.00  0 -1.18e-05      0.00 1.000e-33 6.047e-01 3.156e-01 2.746e-03 6.087e-02 43.352 3.953e-01 -9.496 -3.075 -3.203 -2.867
0.0152 0.01508 6.70000 42.2375869751 2.6326977231   15.828  5.716  5.2337  5.808    3  0.000  5.621     0.00     0.00     0.00     0.00     0.00  0 -1.23e-05      0.00 1.000e-33 6.039e-01 3.161e-01 2.737e-03 6.109e-02 43.353 3.961e-01 -9.520 -3.092 -3.217 -2.895
0.0152 0.01508 6.70000 42.2432785034 2.6326979403   15.822  5.723  5.2437  5.841    3  0.000  5.619     0.00     0.00     0.00     0.00     0.00  0 -1.27e-05      0.00 1.000e-33 6.033e-01 3.166e-01 2.732e-03 6.126e-02 43.353 3.967e-01 -9.537 -3.084 -3.206 -2.893
0.0152 0.01508 6.70000 42.2490959167 2.6326981622   15.815  5.729  5.2535  5.874    3  0.000  5.617     0.00     0.00     0.00     0.00     0.00  0  -1.3e-05      0.00 1.000e-33 6.027e-01 3.170e-01 2.726e-03 6.144e-02 43.354 3.973e-01 -9.554 -3.087 -3.208 -2.902
0.0152 0.01508 6.70000 42.2558479309 2.6326984198   15.807  5.737  5.2646  5.910    3  0.000  5.614     0.00     0.00     0.00     0.00     0.00  0 -1.36e-05      0.00 1.000e-33 6.020e-01 3.175e-01 2.718e-03 6.164e-02 43.354 3.980e-01 -9.573 -3.136 -3.254 -2.958
0.0152 0.01508 6.70000 42.2618064880 2.6326986469   15.799  5.744  5.2741  5.941    3  0.000  5.611     0.00     0.00     0.00     0.00     0.00  0 -1.42e-05      0.00 1.000e-33 6.013e-01 3.180e-01 2.712e-03 6.182e-02 43.355 3.987e-01 -9.589 -3.179 -3.294 -3.007
0.0152 0.01508 6.70000 42.2685356140 2.6326989034   15.790  5.751  5.2846  5.975    3  0.000  5.608     0.00     0.00     0.00     0.00     0.00  0 -1.49e-05      0.00 1.000e-33 6.006e-01 3.185e-01 2.706e-03 6.203e-02 43.355 3.994e-01 -9.608 -3.189 -3.302 -3.022
0.0152 0.01508 6.70000 42.2778129578 2.6326992568   15.778  5.762  5.2993  6.023    3  0.000  5.603     0.00     0.00     0.00     0.00     0.00  0  -1.6e-05      0.00 1.000e-33 5.996e-01 3.192e-01 2.696e-03 6.232e-02 43.356 4.004e-01 -9.635 -3.118 -3.232 -2.956
0.0152 0.01508 6.70000 42.2851142883 2.6326995349   15.767  5.772  5.3130  6.068    3  0.000  5.598     0.00     0.00     0.00     0.00     0.00  0 -1.71e-05      0.00 1.000e-33 5.988e-01 3.198e-01 2.688e-03 6.256e-02 43.357 4.012e-01 -9.660 -3.169 -3.282 -3.008
0.0152 0.01508 6.70000 42.2887992859 2.6326996751   15.762  5.779  5.3230  6.100    3  0.000  5.596     0.00     0.00     0.00     0.00     0.00  0 -1.79e-05      0.00 1.000e-33 5.984e-01 3.200e-01 2.684e-03 6.268e-02 43.357 4.016e-01 -9.678 -3.731 -3.915 -3.371
0.0152 0.01508 6.70000 42.2907905579 2.6326997509   15.759  5.786  5.3326  6.132    3  0.000  5.595     0.00     0.00     0.00     0.00     0.00  0 -1.87e-05      0.00 1.000e-33 5.981e-01 3.202e-01 2.682e-03 6.274e-02 43.357 4.019e-01 -9.694 -3.747 -3.931 -3.387
0.0152 0.01508 6.70000 42.2917671204 2.6326997881   15.759  5.792  5.3437  6.170    3  0.000  5.595     0.00     0.00     0.00     0.00     0.00  0 -1.94e-05      0.00 1.000e-33 5.981e-01 3.202e-01 2.681e-03 6.276e-02 43.357 4.019e-01 -9.710 -3.763 -3.947 -3.403
# Zini     MH   logAge Mini        int_IMF         Mass   logL    logTe  logg  label   McoreTP C_O  period0  period1  period2  period3  period4  pmode  Mloss  tau1m   X   Y   Xc  Xn  Xo  Cexcess  Z 	 mbolmag  Gmag    G_BPmag  G_RPmag
0.0152 0.01508 6.75000 0.0900000036 1.0816895926    0.090 -1.858  3.4026  3.813    0  0.000  0.545     0.00     0.00     0.00     0.00     0.00 -1 -7.27e-15      0.00 7.092e-01 2.755e-01 2.746e-03 7.408e-04 6.719e-03 -1.000 1.527e-02 9.416 11.441 13.965 9.993
0.0152 0.01508 6.75000 0.1051542759 1.2127739812    0.105 -1.779  3.4109  3.834    0  0.000  0.545     0.00     0.00     0.00     0.00     0.00 -1 -7.84e-15      0.00 7.092e-01 2.755e-01 2.746e-03 7.408e-04 6.719e-03 -1.000 1.527e-02 9.218 11.241 13.768 9.793
0.0152 0.01508 6.75000 0.1077253670 1.2325789145    0.108 -1.765  3.4124  3.837    0  0.000  0.545     0.00     0.00     0.00     0.00     0.00 -1 -7.99e-15      0.00 7.092e-01 2.755e-01 2.746e-03 7.408e-04 6.719e-03 -1.000 1.527e-02 9.182 11.206 13.734 9.758
0.0152 0.01508 6.75000 0.1117207035 1.2621656944    0.112 -1.745  3.4144  3.840    0  0.000  0.545     0.00     0.00     0.00     0.00     0.00 -1 -8.21e-15      0.00 7.092e-01 2.755e-01 2.746e-03 7.408e-04 6.719e-03 -1.000 1.527e-02 9.132 11.156 13.684 9.708
0.0152 0.01508 6.75000 0.1240708232 1.3455679359    0.124 -1.690  3.4200  3.853    0  0.000  0.545     0.00     0.00     0.00     0.00     0.00 -1 -8.73e-15      0.00 7.092e-01 2.755e-01 2.746e-03 7.408e-04 6.719e-03 -1.000 1.527e-02 8.994 10.981 13.471 9.541
0.0152 0.01508 6.75000 0.1334847510 1.4022083820    0.133 -1.647  3.4244  3.860    0  0.000  0.545     0.00     0.00     0.00     0.00     0.00 -1  -9.2e-15      0.00 7.092e-01 2.755e-01 2.746e-03 7.408e-04 6.719e-03 -1.000 1.527e-02 8.888 10.812 13.234 9.386
0.0152 0.01508 6.75000 0.1454583704 1.4671694169    0.145 -1.599  3.4297  3.870    0  0.000  0.545     0.00     0.00     0.00     0.00     0.00 -1 -9.75e-15      0.00 7.092e-01 2.755e-01 2.746e-03 7.408e-04 6.719e-03 -1.000 1.527e-02 8.767 10.614 12.954 9.205
0.0152 0.01508 6.75000 0.1551489830 1.5148537259    0.155 -1.559  3.4341  3.877    0  0.000  0.545     0.00     0.00     0.00     0.00     0.00 -1 -1.03e-14      0.00 7.092e-01 2.755e-01 2.746e-03 7.408e-04 6.719e-03 -1.000 1.527e-02 8.668 10.461 12.743 9.064
0.0152 0.01508 6.75000 0.1651908010 1.5603451673    0.165 -1.521  3.4388  3.884    0  0.000  0.545     0.00     0.00     0.00     0.00     0.00 -1 -1.08e-14      0.00 7.092e-01 2.755e-01 2.746e-03 7.408e-04 6.719e-03 -1.000 1.527e-02 8.572 10.306 12.527 8.922
0.0152 0.01508 6.75000 0.1782048196 1.6142202581    0.178 -1.468  3.4454  3.890    0  0.000  0.545     0.00     0.00     0.00     0.00     0.00 -1 -1.16e-14      0.00 7.092e-01 2.755e-01 2.746e-03 7.408e-04 6.719e-03 -1.000 1.527e-02 8.440 10.093 12.232 8.728
0.0152 0.01508 6.75000 0.1911203414 1.6628547007    0.191 -1.427  3.4499  3.898    0  0.000  0.545     0.00     0.00     0.00     0.00     0.00 -1 -1.22e-14      0.00 7.092e-01 2.755e-01 2.746e-03 7.408e-04 6.719e-03 -1.000 1.527e-02 8.337 9.936 12.018 8.584
0.0152 0.01508 6.75000 0.2041252106 1.7076891715    0.204 -1.391  3.4539  3.907    0  0.000  0.545     0.00     0.00     0.00     0.00     0.00 -1 -1.27e-14      0.00 7.092e-01 2.755e-01 2.746e-03 7.408e-04 6.719e-03 -1.000 1.527e-02 8.248 9.801 11.833 8.460
0.0152 0.01508 6.75000 0.2259263247 1.7750888158    0.226 -1.323  3.4622  3.916    0  0.000  0.545     0.00     0.00     0.00     0.00     0.00 -1  -1.4e-14      0.00 7.092e-01 2.755e-01 2.746e-03 7.408e-04 6.719e-03 -1.000 1.527e-02 8.078 9.539 11.472 8.222
0.0152 0.01508 6.75000 0.2447004467 1.8266856911    0.245 -1.277  3.4674  3.925    0  0.000  0.545     0.00     0.00     0.00     0.00     0.00 -1 -1.48e-14      0.00 7.092e-01 2.755e-01 2.746e-03 7.408e-04 6.719e-03 -1.000 1.527e-02 7.962 9.372 11.252 8.068
0.0152 0.01508 6.75000 0.2603496015 1.8659106725    0.260 -1.240  3.4720  3.933    0  0.000  0.545     0.00     0.00     0.00     0.00     0.00 -1 -1.55e-14      0.00 7.092e-01 2.755e-01 2.746e-03 7.408e-04 6.719e-03 -1.000 1.527e-02 7.869 9.236 11.069 7.944
0.0152 0.01508 6.75000 0.2879616618 1.9281567090    0.288 -1.174  3.4801  3.944    0  0.000  0.545     0.00     0.00     0.00     0.00     0.00 -1 -1.69e-14      0.00 7.092e-01 2.755e-01 2.746e-03 7.408e-04 6.719e-03 -1.000 1.527e-02 7.706 8.998 10.750 7.727
0.0152 0.01508 6.75000 0.3048611283 1.9625477482    0.305 -1.140  3.4845  3.952    0  0.000  0.545     0.00     0.00     0.00     0.00     0.00 -1 -1.76e-14      0.00 7.092e-01 2.755e-01 2.746e-03 7.408e-04 6.719e-03 -1.000 1.527e-02 7.621 8.873 10.582 7.615
0.0152 0.01508 6.75000 0.3452464342 2.0355570145    0.345 -1.059  3.4951  3.968    0  0.000  0.545     0.00     0.00     0.00     0.00     0.00 -1 -1.96e-14      0.00 7.092e-01 2.755e-01 2.746e-03 7.408e-04 6.719e-03 -1.000 1.527e-02 7.418 8.582 10.194 7.352
0.0152 0.01508 6.75000 0.3500000238 2.0434175133    0.350 -1.050  3.4963  3.969    0  0.000  0.545     0.00     0.00     0.00     0.00     0.00 -1 -1.99e-14      0.00 7.092e-01 2.755e-01 2.746e-03 7.408e-04 6.719e-03 -1.000 1.527e-02 7.395 8.551 10.154 7.324
0.0152 0.01508 6.75000 0.3908415139 2.1056928442    0.391 -0.982  3.5053  3.985    0  0.000  0.545     0.00     0.00     0.00     0.00     0.00 -1 -2.15e-14      0.00 7.092e-01 2.755e-01 2.746e-03 7.408e-04 6.719e-03 -1.000 1.527e-02 7.225 8.313 9.845 7.109
0.0152 0.01508 6.75000 0.4000000358 2.1185024810    0.400 -0.967  3.5073  3.988    0  0.000  0.545     0.00     0.00     0.00     0.00     0.00 -1  -2.2e-14      0.00 7.092e-01 2.755e-01 2.746e-03 7.408e-04 6.719e-03 -1.000 1.527e-02 7.188 8.261 9.778 7.062
0.0152 0.01508 6.75000 0.4544418156 2.1874985014    0.454 -0.883  3.5195  4.009    0  0.000  0.545     0.00     0.00     0.00     0.00     0.00 -1 -2.44e-14      0.00 7.092e-01 2.755e-01 2.746e-03 7.408e-04 6.719e-03 -1.000 1.527e-02 6.978 7.965 9.389 6.797
0.0152 0.01508 6.75000 0.4930532575 2.2302276629    0.493 -0.828  3.5280  4.023    0  0.000  0.545     0.00     0.00     0.00     0.00     0.00 -1 -2.62e-14      0.00 7.092e-01 2.755e-01 2.746e-03 7.408e-04 6.719e-03 -1.000 1.527e-02 6.840 7.768 9.127 6.623
0.0152 0.01508 6.75000 0.5000000000 2.2374541529    0.500 -0.818  3.5295  4.025    0  0.000  0.545     0.00     0.00     0.00     0.00     0.00 -1 -2.65e-14      0.00 7.092e-01 2.755e-01 2.746e-03 7.408e-04 6.719e-03 -1.000 1.527e-02 6.815 7.732 9.080 6.591
0.0152 0.01508 6.75000 0.5036926270 2.2412286569    0.504 -0.813  3.5304  4.027    0  0.000  0.545     0.00     0.00     0.00     0.00     0.00 -1 -2.67e-14      0.00 7.092e-01 2.755e-01 2.746e-03 7.408e-04 6.719e-03 -1.000 1.527e-02 6.803 7.714 9.056 6.576
0.0152 0.01508 6.75000 0.5257648230 2.2625246322    0.526 -0.783  3.5353  4.035    0  0.000  0.545     0.00     0.00     0.00     0.00     0.00 -1 -2.77e-14      0.00 7.092e-01 2.755e-01 2.746e-03 7.408e-04 6.719e-03 -1.000 1.527e-02 6.729 7.606 8.912 6.482
0.0152 0.01508 6.75000 0.5496632457 2.2833792467    0.549 -0.754  3.5399  4.043    0  0.000  0.545     0.00     0.00     0.00     0.00     0.00 -1 -2.87e-14      0.00 7.092e-01 2.755e-01 2.746e-03 7.408e-04 6.719e-03 -1.000 1.527e-02 6.655 7.502 8.774 6.390
0.0152 0.01508 6.75000 0.5500000119 2.2836582633    0.550 -0.754  3.5400  4.044    0  0.000  0.545     0.00     0.00     0.00     0.00     0.00 -1 -2.87e-14      0.00 7.092e-01 2.755e-01 2.746e-03 7.408e-04 6.719e-03 -1.000 1.527e-02 6.654 7.500 8.772 6.389
0.0152 0.01508 6.75000 0.5756081343 2.3037802216    0.575 -0.719  3.5460  4.053    0  0.000  0.545     0.00     0.00     0.00     0.00     0.00 -1 -3.01e-14      0.00 7.092e-01 2.755e-01 2.746e-03 7.408e-04 6.719e-03 -1.000 1.527e-02 6.568 7.374 8.604 6.280
0.0152 0.01508 6.75000 0.6000000238 2.3211213258    0.600 -0.690  3.5509  4.061    0  0.000  0.545     0.00     0.00     0.00     0.00     0.00 -1 -3.12e-14      0.00 7.092e-01 2.755e-01 2.746e-03 7.408e-04 6.719e-03 -1.000 1.527e-02 6.494 7.269 8.464 6.189
0.0152 0.01508 6.75000 0.6133336425 2.3299330017    0.613 -0.673  3.5540  4.067    0  0.000  0.545     0.00     0.00     0.00     0.00     0.00 -1 -3.19e-14      0.00 7.092e-01 2.755e-01 2.746e-03 7.408e-04 6.719e-03 -1.000 1.527e-02 6.453 7.207 8.380 6.137
0.0152 0.01508 6.75000 0.6415886283 2.3472213568    0.642 -0.640  3.5601  4.077    0  0.000  0.545     0.00     0.00     0.00     0.00     0.00 -1 -3.33e-14      0.00 7.092e-01 2.755e-01 2.746e-03 7.408e-04 6.719e-03 -1.000 1.527e-02 6.369 7.081 8.211 6.030
0.0152 0.01508 6.75000 0.6499999762 2.3520353107    0.650 -0.630  3.5618  4.080    0  0.000  0.545     0.00     0.00     0.00     0.00     0.00 -1 -3.37e-14      0.00 7.092e-01 2.755e-01 2.746e-03 7.408e-04 6.719e-03 -1.000 1.527e-02 6.345 7.046 8.164 6.000
0.0152 0.01508 6.75000 0.6611968279 2.3582254236    0.661 -0.616  3.5644  4.084    0  0.000  0.545     0.00     0.00     0.00     0.00     0.00 -1 -3.43e-14      0.00 7.092e-01 2.755e-01 2.746e-03 7.408e-04 6.719e-03 -1.000 1.527e-02 6.311 6.994 8.094 5.957
0.0152 0.01508 6.75000 0.6907706857 2.3734711192    0.691 -0.580  3.5710  4.093    0  0.000  0.545     0.00     0.00     0.00     0.00     0.00 -1 -3.61e-14      0.00 7.092e-01 2.755e-01 2.746e-03 7.408e-04 6.719e-03 -1.000 1.527e-02 6.220 6.858 7.913 5.843
0.0152 0.01508 6.75000 0.7000000477 2.3779267258    0.700 -0.569  3.5730  4.096    0  0.000  0.545     0.00     0.00     0.00     0.00     0.00 -1 -3.67e-14      0.00 7.092e-01 2.755e-01 2.746e-03 7.408e-04 6.719e-03 -1.000 1.527e-02 6.193 6.817 7.859 5.808
0.0152 0.01508 6.75000 0.7371274233 2.3945616407    0.737 -0.466  3.6072  4.152    0  0.000  0.539     0.00     0.00     0.00     0.00     0.00 -1 -4.25e-14      0.00 7.092e-01 2.755e-01 2.719e-03 7.401e-04 6.720e-03 -1.000 1.527e-02 5.935 6.336 7.174 5.439
0.0152 0.01508 6.75000 0.7500000000 2.3998889087    0.750 -0.429  3.6191  4.171    0  0.000  0.538     0.00     0.00     0.00     0.00     0.00 -1  -4.5e-14      0.00 7.092e-01 2.755e-01 2.710e-03 7.399e-04 6.720e-03 -1.000 1.527e-02 5.843 6.175 6.954 5.314
0.0152 0.01508 6.75000 0.7760844231 2.4100633316    0.776 -0.405  3.6223  4.174    0  0.000  0.538     0.00     0.00     0.00     0.00     0.00 -1 -4.65e-14      0.00 7.092e-01 2.755e-01 2.710e-03 7.399e-04 6.720e-03 -1.000 1.527e-02 5.783 6.098 6.862 5.246
0.0152 0.01508 6.75000 0.8000000119 2.4187244405    0.800 -0.383  3.6251  4.176    0  0.000  0.538     0.00     0.00     0.00     0.00     0.00 -1 -4.81e-14      0.00 7.092e-01 2.755e-01 2.710e-03 7.399e-04 6.720e-03 -1.000 1.527e-02 5.727 6.026 6.776 5.182
0.0152 0.01508 6.75000 0.8277329206 2.4280508051    0.827 -0.358  3.6284  4.179    0  0.000  0.538     0.00     0.00     0.00     0.00     0.00 -1 -4.99e-14      0.00 7.092e-01 2.755e-01 2.710e-03 7.399e-04 6.720e-03 -1.000 1.527e-02 5.665 5.946 6.682 5.112
0.0152 0.01508 6.75000 0.8500000238 2.4350346840    0.850 -0.336  3.6310  4.180    0  0.000  0.538     0.00     0.00     0.00     0.00     0.00 -1 -5.18e-14      0.00 7.092e-01 2.755e-01 2.710e-03 7.399e-04 6.720e-03 -1.000 1.527e-02 5.611 5.877 6.600 5.051
0.0152 0.01508 6.75000 0.8853374124 2.4452930449    0.885 -0.305  3.6351  4.182    0  0.000  0.538     0.00     0.00     0.00     0.00     0.00 -1 -5.43e-14      0.00 7.092e-01 2.755e-01 2.710e-03 7.399e-04 6.720e-03 -1.000 1.527e-02 5.532 5.777 6.481 4.963
0.0152 0.01508 6.75000 0.9000000358 2.4492786175    0.899 -0.291  3.6368  4.183    0  0.000  0.538     0.00     0.00     0.00     0.00     0.00 -1 -5.56e-14      0.00 7.092e-01 2.755e-01 2.710e-03 7.399e-04 6.720e-03 -1.000 1.527e-02 5.498 5.734 6.431 4.925
0.0152 0.01508 6.75000 0.9241406322 2.4555247154    0.924 -0.271  3.6396  4.184    0  0.000  0.538     0.00     0.00     0.00     0.00     0.00 -1 -5.74e-14      0.00 7.092e-01 2.755e-01 2.710e-03 7.399e-04 6.720e-03 -1.000 1.527e-02 5.447 5.668 6.352 4.867
0.0152 0.01508 6.75000 0.9500000477 2.4618122009    0.950 -0.247  3.6426  4.185    0  0.000  0.538     0.00     0.00     0.00     0.00     0.00 -1 -5.97e-14      0.00 7.092e-01 2.755e-01 2.710e-03 7.399e-04 6.720e-03 -1.000 1.527e-02 5.388 5.594 6.265 4.802
0.0152 0.01508 6.75000 0.9635877609 2.4649608298    0.963 -0.236  3.6441  4.186    0  0.000  0.538     0.00     0.00     0.00     0.00     0.00 -1 -6.08e-14      0.00 7.092e-01 2.755e-01 2.710e-03 7.399e-04 6.720e-03 -1.000 1.527e-02 5.360 5.557 6.222 4.770
0.0152 0.01508 6.75000 1.0000000000 2.4729154477    1.000 -0.202  3.6485  4.186    0  0.000  0.538     0.00     0.00     0.00     0.00     0.00 -1 -6.45e-14      0.00 7.092e-01 2.755e-01 2.710e-03 7.399e-04 6.720e-03 -1.000 1.527e-02 5.276 5.451 6.097 4.677
0.0152 0.01508 6.75000 1.0179495811 2.4765967610    1.018 -0.186  3.6507  4.187    0  0.000  0.538     0.00     0.00     0.00     0.00     0.00 -1 -6.45e-14      0.00 7.092e-01 2.755e-01 2.710e-03 7.399e-04 6.720e-03 -1.000 1.527e-02 5.236 5.400 6.037 4.632
0.0152 0.01508 6.75000 1.0499999523 2.4828114860    1.050 -0.158  3.6546  4.187    0  0.000  0.538     0.00     0.00     0.00     0.00     0.00 -1 -6.46e-14      0.00 7.092e-01 2.755e-01 2.710e-03 7.399e-04 6.720e-03 -1.000 1.527e-02 5.165 5.310 5.932 4.554
0.0152 0.01508 6.75000 1.0521739721 2.4832172980    1.052 -0.156  3.6549  4.187    0  0.000  0.538     0.00     0.00     0.00     0.00     0.00 -1 -6.46e-14      0.00 7.092e-01 2.755e-01 2.710e-03 7.399e-04 6.720e-03 -1.000 1.527e-02 5.160 5.305 5.925 4.549
0.0152 0.01508 6.75000 1.1000000238 2.4916801480    1.099 -0.110  3.6611  4.186    0  0.000  0.538     0.00     0.00     0.00     0.00     0.00 -1 -6.52e-14      0.00 7.092e-01 2.755e-01 2.710e-03 7.399e-04 6.720e-03 -1.000 1.527e-02 5.045 5.161 5.758 4.423
0.0152 0.01508 6.75000 1.1499999762 2.4996678137    1.149 -0.063  3.6677  4.184    0  0.000  0.538     0.00     0.00     0.00     0.00     0.00 -1 -6.51e-14      0.00 7.092e-01 2.755e-01 2.710e-03 7.399e-04 6.720e-03 -1.000 1.527e-02 4.927 5.016 5.590 4.296
0.0152 0.01508 6.75000 1.2000000477 2.5068948796    1.200 -0.016  3.6744  4.182    0  0.000  0.538     0.00     0.00     0.00     0.00     0.00 -1 -6.48e-14      0.00 7.092e-01 2.755e-01 2.710e-03 7.399e-04 6.720e-03 -1.000 1.527e-02 4.809 4.872 5.423 4.170
0.0152 0.01508 6.75000 1.2500000000 2.5134610955    1.250  0.033  3.6812  4.179    0  0.000  0.538     0.00     0.00     0.00     0.00     0.00 -1 -6.42e-14      0.00 7.092e-01 2.755e-01 2.710e-03 7.399e-04 6.720e-03 -1.000 1.527e-02 4.687 4.726 5.255 4.041
0.0152 0.01508 6.75000 1.2999999523 2.5194498592    1.300  0.083  3.6881  4.173    0  0.000  0.538     0.00     0.00     0.00     0.00     0.00 -1 -6.31e-14      0.00 7.092e-01 2.755e-01 2.710e-03 7.399e-04 6.720e-03 -1.000 1.527e-02 4.562 4.579 5.087 3.911
0.0152 0.01508 6.75000 1.3500001431 2.5249313723    1.350  0.129  3.6947  4.170    0  0.000  0.538     0.00     0.00     0.00     0.00     0.00 -1 -6.01e-14      0.00 7.092e-01 2.755e-01 2.710e-03 7.399e-04 6.720e-03 -1.000 1.527e-02 4.448 4.446 4.935 3.794
0.0152 0.01508 6.75000 1.3671768904 2.5267083842    1.367  0.145  3.6970  4.169    0  0.000  0.538     0.00     0.00     0.00     0.00     0.00 -1 -5.88e-14      0.00 7.092e-01 2.755e-01 2.710e-03 7.399e-04 6.720e-03 -1.000 1.527e-02 4.408 4.399 4.881 3.753
0.0152 0.01508 6.75000 1.3956122398 2.5295398786    1.396  0.176  3.7012  4.163    0  0.000  0.538     0.00     0.00     0.00     0.00     0.00 -1 -5.76e-14      0.00 7.092e-01 2.755e-01 2.710e-03 7.399e-04 6.720e-03 -1.000 1.527e-02 4.330 4.309 4.780 3.674
0.0152 0.01508 6.75000 1.4000000954 2.5299650415    1.400  0.181  3.7018  4.162    0  0.000  0.538     0.00     0.00     0.00     0.00     0.00 -1 -5.74e-14      0.00 7.092e-01 2.755e-01 2.710e-03 7.399e-04 6.720e-03 -1.000 1.527e-02 4.318 4.295 4.765 3.662
0.0152 0.01508 6.75000 1.4168388844 2.5315685696    1.417  0.200  3.7043  4.159    0  0.000  0.538     0.00     0.00     0.00     0.00     0.00 -1 -5.63e-14      0.00 7.092e-01 2.755e-01 2.710e-03 7.399e-04 6.720e-03 -1.000 1.527e-02 4.270 4.242 4.705 3.614
0.0152 0.01508 6.75000 1.4500000477 2.5346015836    1.450  0.238  3.7093  4.150    0  0.000  0.538     0.00     0.00     0.00     0.00     0.00 -1 -5.43e-14      0.00 7.092e-01 2.755e-01 2.710e-03 7.399e-04 6.720e-03 -1.000 1.527e-02 4.175 4.134 4.584 3.518
0.0152 0.01508 6.75000 1.4792326689 2.5371459947    1.479  0.271  3.7136  4.143    0  0.000  0.538     0.00     0.00     0.00     0.00     0.00 -1 -5.12e-14      0.00 7.092e-01 2.755e-01 2.710e-03 7.399e-04 6.720e-03 -1.000 1.527e-02 4.093 4.043 4.482 3.436
0.0152 0.01508 6.75000 1.5000000000 2.5388844597    1.500  0.294  3.7166  4.138    0  0.000  0.538     0.00     0.00     0.00     0.00     0.00 -1 -4.93e-14      0.00 7.092e-01 2.755e-01 2.710e-03 7.399e-04 6.720e-03 -1.000 1.527e-02 4.034 3.977 4.409 3.377
0.0152 0.01508 6.75000 1.5499999523 2.5428511323    1.550  0.356  3.7243  4.121    0  0.000  0.538     0.00     0.00     0.00     0.00     0.00 -1 -4.27e-14      0.00 7.092e-01 2.755e-01 2.710e-03 7.399e-04 6.720e-03 -1.000 1.527e-02 3.879 3.807 4.221 3.225
0.0152 0.01508 6.75000 1.5922126770 2.5459779277    1.592  0.412  3.7310  4.104    0  0.000  0.538     0.00     0.00     0.00     0.00     0.00 -1 -3.46e-14      0.00 7.092e-01 2.755e-01 2.710e-03 7.399e-04 6.720e-03 -1.000 1.527e-02 3.739 3.655 4.054 3.087
0.0152 0.01508 6.75000 1.6000000238 2.5465340628    1.600  0.423  3.7323  4.100    0  0.000  0.538     0.00     0.00     0.00     0.00     0.00 -1 -3.34e-14      0.00 7.092e-01 2.755e-01 2.710e-03 7.399e-04 6.720e-03 -1.000 1.527e-02 3.712 3.626 4.022 3.061
0.0152 0.01508 6.75000 1.6169116497 2.5477206216    1.617  0.446  3.7350  4.092    0  0.000  0.538     0.00     0.00     0.00     0.00     0.00 -1 -2.79e-14      0.00 7.092e-01 2.755e-01 2.710e-03 7.399e-04 6.720e-03 -1.000 1.527e-02 3.654 3.564 3.954 3.005
0.0152 0.01508 6.75000 1.6500000954 2.5499614852    1.649  0.497  3.7406  4.073    0  0.000  0.538     0.00     0.00     0.00     0.00     0.00 -1 -2.01e-14      0.00 7.092e-01 2.755e-01 2.710e-03 7.399e-04 6.720e-03 -1.000 1.527e-02 3.527 3.428 3.805 2.882
0.0152 0.01508 6.75000 1.6651456356 2.5509530907    1.664  0.521  3.7432  4.063    0  0.000  0.538     0.00     0.00     0.00     0.00     0.00 -1  -2.1e-19      0.00 7.092e-01 2.755e-01 2.710e-03 7.399e-04 6.720e-03 -1.000 1.527e-02 3.467 3.366 3.737 2.825
0.0152 0.01508 6.75000 1.7000000477 2.5531580802    1.699  0.582  3.7495  4.036    0  0.000  0.538     0.00     0.00     0.00     0.00     0.00 -1    -1e-30      0.00 7.092e-01 2.755e-01 2.710e-03 7.399e-04 6.720e-03 -1.000 1.527e-02 3.314 3.205 3.563 2.678
0.0152 0.01508 6.75000 1.7036890984 2.5533853958    1.703  0.589  3.7502  4.033    0  0.000  0.538     0.00     0.00     0.00     0.00     0.00 -1    -1e-30      0.00 7.092e-01 2.755e-01 2.710e-03 7.399e-04 6.720e-03 -1.000 1.527e-02 3.297 3.188 3.545 2.662
0.0152 0.01508 6.75000 1.7385556698 2.5554791627    1.737  0.659  3.7569  3.999    0  0.000  0.538     0.00     0.00     0.00     0.00     0.00 -1    -1e-30      0.00 7.092e-01 2.755e-01 2.710e-03 7.399e-04 6.720e-03 -1.000 1.527e-02 3.122 3.007 3.347 2.497
0.0152 0.01508 6.75000 1.7500000000 2.5561455243    1.749  0.685  3.7593  3.985    0  0.000  0.538     0.00     0.00     0.00     0.00     0.00 -1    -1e-30      0.00 7.092e-01 2.755e-01 2.710e-03 7.399e-04 6.720e-03 -1.000 1.527e-02 3.058 2.940 3.275 2.437
0.0152 0.01508 6.75000 1.7685670853 2.5572055499    1.767  0.728  3.7634  3.963    0  0.000  0.538     0.00     0.00     0.00     0.00     0.00 -1    -1e-30      0.00 7.092e-01 2.755e-01 2.710e-03 7.399e-04 6.720e-03 -1.000 1.527e-02 2.951 2.830 3.156 2.336
0.0152 0.01508 6.75000 1.7962791920 2.5587409007    1.795  0.797  3.7698  3.926    0  0.000  0.538     0.00     0.00     0.00     0.00     0.00 -1    -1e-30      0.00 7.092e-01 2.755e-01 2.710e-03 7.399e-04 6.720e-03 -1.000 1.527e-02 2.778 2.653 2.965 2.174
0.0152 0.01508 6.75000 1.7999999523 2.5589429085    1.799  0.806  3.7707  3.921    0  0.000  0.538     0.00     0.00     0.00     0.00     0.00 -1    -1e-30      0.00 7.092e-01 2.755e-01 2.710e-03 7.399e-04 6.720e-03 -1.000 1.527e-02 2.754 2.629 2.939 2.152
0.0152 0.01508 6.75000 1.8194671869 2.5599843532    1.818  0.857  3.7754  3.895    0  0.000  0.538     0.00     0.00     0.00     0.00     0.00 -1    -1e-30      0.00 7.092e-01 2.755e-01 2.710e-03 7.399e-04 6.720e-03 -1.000 1.527e-02 2.629 2.500 2.800 2.035
0.0152 0.01508 6.75000 1.8420891762 2.5611628254    1.841  0.915  3.7813  3.865    0  0.000  0.538     0.00     0.00     0.00     0.00     0.00 -1    -1e-30      0.00 7.092e-01 2.755e-01 2.710e-03 7.399e-04 6.720e-03 -1.000 1.527e-02 2.482 2.351 2.638 1.901
0.0152 0.01508 6.75000 1.8500000238 2.5615671203    1.849  0.935  3.7835  3.856    0  0.000  0.538     0.00     0.00     0.00     0.00     0.00 -1    -1e-30      0.00 7.092e-01 2.755e-01 2.710e-03 7.399e-04 6.720e-03 -1.000 1.527e-02 2.432 2.300 2.582 1.855
0.0152 0.01508 6.75000 1.8639138937 2.5622686421    1.863  0.971  3.7874  3.839    0  0.000  0.538     0.00     0.00     0.00     0.00     0.00 -1    -1e-30      0.00 7.092e-01 2.755e-01 2.710e-03 7.399e-04 6.720e-03 -1.000 1.527e-02 2.343 2.210 2.484 1.774
0.0152 0.01508 6.75000 1.8887695074 2.5634923024    1.888  1.034  3.7949  3.811    0  0.000  0.538     0.00     0.00     0.00     0.00     0.00 -1    -1e-30      0.00 7.092e-01 2.755e-01 2.710e-03 7.399e-04 6.720e-03 -1.000 1.527e-02 2.185 2.050 2.308 1.633
0.0152 0.01508 6.75000 1.9000000954 2.5640331317    1.899  1.063  3.7988  3.801    0  0.000  0.538     0.00     0.00     0.00     0.00     0.00 -1    -1e-30      0.00 7.092e-01 2.755e-01 2.709e-03 7.399e-04 6.720e-03 -1.000 1.527e-02 2.114 1.979 2.229 1.571
0.0152 0.01508 6.75000 1.9014302492 2.5641014762    1.901  1.066  3.7992  3.800    0  0.000  0.538     0.00     0.00     0.00     0.00     0.00 -1    -1e-30      0.00 7.092e-01 2.755e-01 2.709e-03 7.399e-04 6.720e-03 -1.000 1.527e-02 2.105 1.969 2.219 1.563
0.0152 0.01508 6.75000 1.9260535240 2.5652598975    1.925  1.128  3.8087  3.781    0  0.000  0.538     0.00     0.00     0.00     0.00     0.00 -1    -1e-30      0.00 7.092e-01 2.755e-01 2.709e-03 7.399e-04 6.720e-03 -1.000 1.527e-02 1.949 1.813 2.044 1.431
0.0152 0.01508 6.75000 1.9445923567 2.5661098445    1.944  1.175  3.8174  3.773    0  0.000  0.538     0.00     0.00     0.00     0.00     0.00 -1    -1e-30      0.00 7.092e-01 2.755e-01 2.709e-03 7.399e-04 6.720e-03 -1.000 1.527e-02 1.832 1.696 1.910 1.336
0.0152 0.01508 6.75000 1.9500001669 2.5663542767    1.950  1.189  3.8202  3.772    0  0.000  0.538     0.00     0.00     0.00     0.00     0.00 -1    -1e-30      0.00 7.092e-01 2.755e-01 2.709e-03 7.399e-04 6.720e-03 -1.000 1.527e-02 1.797 1.662 1.871 1.308
0.0152 0.01508 6.75000 1.9633065462 2.5669491357    1.963  1.223  3.8287  3.775    0  0.000  0.538     0.00     0.00     0.00     0.00     0.00 -1    -1e-30      0.00 7.092e-01 2.755e-01 2.709e-03 7.399e-04 6.720e-03 -1.000 1.527e-02 1.713 1.577 1.772 1.244
0.0152 0.01508 6.75000 1.9755038023 2.5674863240    1.975  1.253  3.8382  3.785    0  0.000  0.538     0.00     0.00     0.00     0.00     0.00 -1    -1e-30      0.00 7.092e-01 2.755e-01 2.709e-03 7.399e-04 6.720e-03 -1.000 1.527e-02 1.636 1.502 1.680 1.192
0.0152 0.01508 6.75000 1.9866123199 2.5679689676    1.987  1.281  3.8482  3.799    0  0.000  0.538     0.00     0.00     0.00     0.00     0.00 -1    -1e-30      0.00 7.092e-01 2.755e-01 2.709e-03 7.398e-04 6.720e-03 -1.000 1.527e-02 1.566 1.435 1.596 1.149
0.0152 0.01508 6.75000 2.0000000000 2.5685424513    2.000  1.315  3.8613  3.822    0  0.000  0.538     0.00     0.00     0.00     0.00     0.00 -1    -1e-30      0.00 7.092e-01 2.755e-01 2.709e-03 7.398e-04 6.720e-03 -1.000 1.527e-02 1.484 1.357 1.497 1.104
0.0152 0.01508 6.75000 2.0073039532 2.5688516219    2.007  1.332  3.8687  3.835    0  0.000  0.538     0.00     0.00     0.00     0.00     0.00 -1    -1e-30      0.00 7.092e-01 2.755e-01 2.709e-03 7.398e-04 6.720e-03 -1.000 1.527e-02 1.439 1.316 1.445 1.082
0.0152 0.01508 6.75000 2.0200591087 2.5693853772    2.020  1.363  3.8818  3.860    0  0.000  0.538     0.00     0.00     0.00     0.00     0.00 -1    -1e-30      0.00 7.092e-01 2.755e-01 2.709e-03 7.398e-04 6.720e-03 -1.000 1.527e-02 1.364 1.249 1.358 1.049
0.0152 0.01508 6.75000 2.0326726437 2.5699056377    2.032  1.391  3.8949  3.887    0  0.000  0.538     0.00     0.00     0.00     0.00     0.00 -1    -1e-30      0.00 7.092e-01 2.755e-01 2.709e-03 7.398e-04 6.720e-03 -1.000 1.527e-02 1.292 1.190 1.280 1.023
0.0152 0.01508 6.75000 2.0453455448 2.5704209221    2.045  1.418  3.9080  3.915    0  0.000  0.538     0.00     0.00     0.00     0.00     0.00 -1    -1e-30      0.00 7.092e-01 2.755e-01 2.709e-03 7.398e-04 6.720e-03 -1.000 1.527e-02 1.226 1.141 1.212 1.007
0.0152 0.01508 6.75000 2.0499999523 2.5706083333    2.050  1.427  3.9127  3.926    0  0.000  0.538     0.00     0.00     0.00     0.00     0.00 -1    -1e-30      0.00 7.092e-01 2.755e-01 2.709e-03 7.398e-04 6.720e-03 -1.000 1.527e-02 1.203 1.126 1.190 1.004
0.0152 0.01508 6.75000 2.0624382496 2.5711043955    2.062  1.448  3.9250  3.956    0  0.000  0.538     0.00     0.00     0.00     0.00     0.00 -1    -1e-30      0.00 7.092e-01 2.755e-01 2.709e-03 7.398e-04 6.720e-03 -1.000 1.527e-02 1.149 1.094 1.142 1.001
0.0152 0.01508 6.75000 2.0777094364 2.5717041073    2.077  1.468  3.9388  3.994    0  0.000  0.538     0.00     0.00     0.00     0.00     0.00 -1    -1e-30      0.00 7.092e-01 2.755e-01 2.709e-03 7.398e-04 6.720e-03 -1.000 1.527e-02 1.099 1.076 1.110 1.012
0.0152 0.01508 6.75000 2.0819783211 2.5718699414    2.081  1.473  3.9424  4.005    0  0.000  0.538     0.00     0.00     0.00     0.00     0.00 -1    -1e-30      0.00 7.092e-01 2.755e-01 2.709e-03 7.398e-04 6.720e-03 -1.000 1.527e-02 1.088 1.076 1.106 1.018
0.0152 0.01508 6.75000 2.0912938118 2.5722291203    2.090  1.470  3.9472  4.029    0  0.000  0.538     0.00     0.00     0.00     0.00     0.00 -1    -1e-30      0.00 7.092e-01 2.755e-01 2.709e-03 7.398e-04 6.720e-03 -1.000 1.527e-02 1.094 1.097 1.122 1.047
0.0152 0.01508 6.75000 2.0999999046 2.5725614918    2.099  1.467  3.9514  4.051    0  0.000  0.538     0.00     0.00     0.00     0.00     0.00 -1    -1e-30      0.00 7.092e-01 2.755e-01 2.709e-03 7.398e-04 6.720e-03 -1.000 1.527e-02 1.104 1.119 1.141 1.077
0.0152 0.01508 6.75000 2.1024744511 2.5726553847    2.102  1.465  3.9526  4.057    0  0.000  0.538     0.00     0.00     0.00     0.00     0.00 -1    -1e-30      0.00 7.092e-01 2.755e-01 2.709e-03 7.398e-04 6.720e-03 -1.000 1.527e-02 1.106 1.126 1.147 1.086
0.0152 0.01508 6.75000 2.1218149662 2.5733805631    2.121  1.439  3.9568  4.105    0  0.000  0.538     0.00     0.00     0.00     0.00     0.00 -1    -1e-30      0.00 7.092e-01 2.755e-01 2.709e-03 7.398e-04 6.720e-03 -1.000 1.527e-02 1.173 1.208 1.226 1.173
0.0152 0.01508 6.75000 2.1355955601 2.5738880651    2.134  1.410  3.9565  4.135    0  0.000  0.538     0.00     0.00     0.00     0.00     0.00 -1    -1e-30      0.00 7.092e-01 2.755e-01 2.709e-03 7.398e-04 6.720e-03 -1.000 1.527e-02 1.244 1.279 1.298 1.243
0.0152 0.01508 6.75000 2.1483061314 2.5743495290    2.147  1.383  3.9548  4.158    0  0.000  0.538     0.00     0.00     0.00     0.00     0.00 -1    -1e-30      0.00 7.092e-01 2.755e-01 2.709e-03 7.398e-04 6.720e-03 -1.000 1.527e-02 1.314 1.343 1.364 1.303
0.0152 0.01508 6.75000 2.1500000954 2.5744105556    2.149  1.379  3.9545  4.162    0  0.000  0.538     0.00     0.00     0.00     0.00     0.00 -1    -1e-30      0.00 7.092e-01 2.755e-01 2.709e-03 7.398e-04 6.720e-03 -1.000 1.527e-02 1.323 1.352 1.373 1.311
0.0152 0.01508 6.75000 2.1504523754 2.5744268307    2.149  1.378  3.9545  4.162    0  0.000  0.538     0.00     0.00     0.00     0.00     0.00 -1    -1e-30      0.00 7.092e-01 2.755e-01 2.709e-03 7.398e-04 6.720e-03 -1.000 1.527e-02 1.326 1.354 1.375 1.314
0.0152 0.01508 6.75000 2.1643710136 2.5749238649    2.163  1.353  3.9523  4.181    0  0.000  0.538     0.00     0.00     0.00     0.00     0.00 -1    -1e-30      0.00 7.092e-01 2.755e-01 2.709e-03 7.398e-04 6.720e-03 -1.000 1.527e-02 1.388 1.409 1.433 1.365
0.0152 0.01508 6.75000 2.1868588924 2.5757115529    2.185  1.336  3.9512  4.198    0  0.000  0.538     0.00     0.00     0.00     0.00     0.00 -1    -1e-30      0.00 7.092e-01 2.755e-01 2.709e-03 7.398e-04 6.720e-03 -1.000 1.527e-02 1.429 1.448 1.472 1.401
0.0152 0.01508 6.75000 2.2000000477 2.5761632879    2.199  1.335  3.9517  4.204    0  0.000  0.538     0.00     0.00     0.00     0.00     0.00 -1    -1e-30      0.00 7.092e-01 2.755e-01 2.709e-03 7.398e-04 6.720e-03 -1.000 1.527e-02 1.432 1.452 1.476 1.406
0.0152 0.01508 6.75000 2.2067501545 2.5763929230    2.205  1.335  3.9521  4.207    0  0.000  0.538     0.00     0.00     0.00     0.00     0.00 -1    -1e-30      0.00 7.092e-01 2.755e-01 2.709e-03 7.398e-04 6.720e-03 -1.000 1.527e-02 1.432 1.453 1.477 1.408
0.0152 0.01508 6.75000 2.2500000000 2.5778267375    2.249  1.396  3.9662  4.211    0  0.000  0.538     0.00     0.00     0.00     0.00     0.00 -1    -1e-30      0.00 7.092e-01 2.755e-01 2.709e-03 7.398e-04 6.719e-03 -1.000 1.527e-02 1.279 1.350 1.362 1.327
0.0152 0.01508 6.75000 2.2825191021 2.5788637510    2.281  1.453  3.9808  4.218    0  0.000  0.538     0.00     0.00     0.00     0.00     0.00 -1    -1e-30      0.00 7.092e-01 2.755e-01 2.709e-03 7.398e-04 6.719e-03 -1.000 1.527e-02 1.137 1.266 1.268 1.264
0.0152 0.01508 6.75000 2.2999999523 2.5794072884    2.299  1.488  3.9904  4.225    0  0.000  0.538     0.00     0.00     0.00     0.00     0.00 -1    -1e-30      0.00 7.092e-01 2.755e-01 2.709e-03 7.398e-04 6.719e-03 -1.000 1.527e-02 1.051 1.222 1.217 1.231
0.0152 0.01508 6.75000 2.3012654781 2.5794462693    2.300  1.490  3.9911  4.226    0  0.000  0.538     0.00     0.00     0.00     0.00     0.00 -1    -1e-30      0.00 7.092e-01 2.755e-01 2.709e-03 7.398e-04 6.719e-03 -1.000 1.527e-02 1.045 1.219 1.214 1.228
0.0152 0.01508 6.75000 2.3195092678 2.5800027861    2.318  1.528  4.0026  4.237    0  0.000  0.538     0.00     0.00     0.00     0.00     0.00 -1    -1e-30      0.00 7.092e-01 2.755e-01 2.709e-03 7.398e-04 6.719e-03 -1.000 1.527e-02 0.949 1.175 1.164 1.198
0.0152 0.01508 6.75000 2.3341248035 2.5804414145    2.333  1.559  4.0125  4.249    0  0.000  0.538     0.00     0.00     0.00     0.00     0.00 -1    -1e-30      0.00 7.092e-01 2.755e-01 2.709e-03 7.398e-04 6.719e-03 -1.000 1.527e-02 0.873 1.145 1.128 1.177
0.0152 0.01508 6.75000 2.3520159721 2.5809698235    2.351  1.591  4.0240  4.266    0  0.000  0.538     0.00     0.00     0.00     0.00     0.00 -1    -1e-30      0.00 7.092e-01 2.755e-01 2.709e-03 7.398e-04 6.719e-03 -1.000 1.527e-02 0.793 1.120 1.098 1.162
0.0152 0.01508 6.75000 2.3815603256 2.5818224505    2.380  1.618  4.0375  4.299    0  0.000  0.538     0.00     0.00     0.00     0.00     0.00 -1    -1e-30      0.00 7.092e-01 2.755e-01 2.709e-03 7.398e-04 6.719e-03 -1.000 1.527e-02 0.726 1.120 1.093 1.173
0.0152 0.01508 6.75000 2.4000000954 2.5823423892    2.399  1.618  4.0413  4.317    0  0.000  0.538     0.00     0.00     0.00     0.00     0.00 -1    -1e-30      0.00 7.092e-01 2.755e-01 2.709e-03 7.398e-04 6.719e-03 -1.000 1.527e-02 0.724 1.137 1.108 1.193
0.0152 0.01508 6.75000 2.4211094379 2.5829264337    2.420  1.615  4.0449  4.338    0  0.000  0.538     0.00     0.00     0.00     0.00     0.00 -1    -1e-30      0.00 7.092e-01 2.755e-01 2.709e-03 7.398e-04 6.719e-03 -1.000 1.527e-02 0.731 1.163 1.133 1.221
0.0152 0.01508 6.75000 2.4501752853 2.5837117076    2.449  1.608  4.0463  4.356    0  0.000  0.538     0.00     0.00     0.00     0.00     0.00 -1    -1e-30      0.00 7.092e-01 2.755e-01 2.709e-03 7.398e-04 6.719e-03 -1.000 1.527e-02 0.750 1.189 1.158 1.248
0.0152 0.01508 6.75000 2.5783705711 2.5869335954    2.578  1.668  4.0581  4.366    0  0.000  0.538     0.00     0.00     0.00     0.00     0.00 -1    -1e-30      0.00 7.092e-01 2.755e-01 2.710e-03 7.399e-04 6.720e-03 -1.000 1.527e-02 0.601 1.100 1.065 1.168
0.0152 0.01508 6.75000 2.5999999046 2.5874412955    2.600  1.682  4.0607  4.366    0  0.000  0.538     0.00     0.00     0.00     0.00     0.00 -1    -1e-30      0.00 7.092e-01 2.755e-01 2.710e-03 7.399e-04 6.720e-03 -1.000 1.527e-02 0.566 1.078 1.042 1.148
0.0152 0.01508 6.75000 2.8000001907 2.5917117867    2.800  1.806  4.0832  4.364    0  0.000  0.538     0.00     0.00     0.00     0.00     0.00 -1    -1e-30      0.00 7.092e-01 2.755e-01 2.710e-03 7.399e-04 6.720e-03 -1.000 1.527e-02 0.255 0.884 0.840 0.968
0.0152 0.01508 6.75000 3.0000000000 2.5953341962    3.000  1.921  4.1036  4.361    0  0.000  0.538     0.00     0.00     0.00     0.00     0.00 -1    -1e-30      0.00 7.092e-01 2.755e-01 2.710e-03 7.399e-04 6.720e-03 -1.000 1.527e-02 -0.032 0.707 0.655 0.802
0.0152 0.01508 6.75000 3.2000000477 2.5984409005    3.199  2.027  4.1224  4.357    0  0.000  0.538     0.00     0.00     0.00     0.00     0.00 -1    -1e-30      0.00 7.092e-01 2.755e-01 2.710e-03 7.399e-04 6.720e-03 -1.000 1.527e-02 -0.298 0.543 0.486 0.650
0.0152 0.01508 6.75000 3.4000000954 2.6011310876    3.398  2.127  4.1396  4.353    0  0.000  0.538     0.00     0.00     0.00     0.00     0.00 -1    -1e-30      0.00 7.092e-01 2.755e-01 2.710e-03 7.399e-04 6.720e-03 -1.000 1.527e-02 -0.547 0.391 0.328 0.507
0.0152 0.01508 6.75000 3.6000001431 2.6034804607    3.598  2.220  4.1555  4.348    0  0.000  0.538     0.00     0.00     0.00     0.00     0.00 -1    -1e-30      0.00 7.092e-01 2.755e-01 2.710e-03 7.399e-04 6.720e-03 -1.000 1.527e-02 -0.780 0.248 0.181 0.373
0.0152 0.01508 6.75000 3.8000001907 2.6055477311    3.798  2.308  4.1704  4.343    1  0.000  0.538     0.00     0.00     0.00     0.00     0.00 -1    -1e-30      0.00 7.092e-01 2.755e-01 2.710e-03 7.399e-04 6.720e-03 -1.000 1.527e-02 -1.001 0.114 0.042 0.247
0.0152 0.01508 6.75000 4.0000000000 2.6073790840    4.001  2.391  4.1842  4.338    1  0.000  0.538     0.00     0.00     0.00     0.00     0.00 -1    -1e-30      0.00 7.092e-01 2.755e-01 2.710e-03 7.399e-04 6.720e-03 -1.000 1.527e-02 -1.206 -0.012 -0.088 0.129
0.0152 0.01508 6.75000 4.1999998093 2.6090113217    4.198  2.469  4.1973  4.333    1  0.000  0.538     0.00     0.00     0.00     0.00     0.00 -1    -1e-30      0.00 7.092e-01 2.755e-01 2.710e-03 7.399e-04 6.720e-03 -1.000 1.527e-02 -1.403 -0.131 -0.211 0.017
0.0152 0.01508 6.75000 4.4000000954 2.6104741055    4.397  2.543  4.2094  4.327    1  0.000  0.538     0.00     0.00     0.00     0.00     0.00 -1    -1e-30      0.00 7.092e-01 2.755e-01 2.710e-03 7.399e-04 6.720e-03 -1.000 1.527e-02 -1.588 -0.246 -0.329 -0.091
0.0152 0.01508 6.75000 4.5044245720 2.6111787712    4.502  2.581  4.2154  4.324    1  0.000  0.538     0.00     0.00     0.00     0.00     0.00 -1    -1e-30      0.00 7.092e-01 2.755e-01 2.710e-03 7.399e-04 6.720e-03 -1.000 1.527e-02 -1.681 -0.304 -0.389 -0.145
0.0152 0.01508 6.75000 4.5999999046 2.6117915791    4.597  2.614  4.2209  4.322    1  0.000  0.538     0.00     0.00     0.00     0.00     0.00 -1    -1e-30      0.00 7.092e-01 2.755e-01 2.710e-03 7.399e-04 6.720e-03 -1.000 1.527e-02 -1.765 -0.355 -0.442 -0.193
0.0152 0.01508 6.75000 4.8000001907 2.6129836005    4.798  2.682  4.2321  4.317    1  0.000  0.538     0.00     0.00     0.00     0.00     0.00 -1    -1e-30      0.00 7.092e-01 2.755e-01 2.710e-03 7.399e-04 6.720e-03 -1.000 1.527e-02 -1.935 -0.459 -0.549 -0.291
0.0152 0.01508 6.75000 5.0000000000 2.6140666223    4.999  2.746  4.2422  4.312    1  0.000  0.538     0.00     0.00     0.00     0.00     0.00 -1    -1e-30      0.00 7.092e-01 2.755e-01 2.710e-03 7.399e-04 6.720e-03 -1.000 1.527e-02 -2.095 -0.559 -0.652 -0.386
0.0152 0.01508 6.75000 5.1999998093 2.6150544000    5.200  2.807  4.2516  4.305    1  0.000  0.538     0.00     0.00     0.00     0.00     0.00 -1    -1e-30      0.00 7.092e-01 2.755e-01 2.710e-03 7.399e-04 6.720e-03 -1.000 1.527e-02 -2.248 -0.657 -0.753 -0.478
0.0152 0.01508 6.75000 5.3113789558 2.6155675532    5.312  2.841  4.2569  4.302    1  0.000  0.538     0.00     0.00     0.00     0.00     0.00 -1    -1e-30      0.00 7.092e-01 2.755e-01 2.710e-03 7.399e-04 6.720e-03 -1.000 1.527e-02 -2.332 -0.710 -0.807 -0.528
0.0152 0.01508 6.75000 5.3999996185 2.6159585084    5.401  2.867  4.2611  4.300    1  0.000  0.538     0.00     0.00     0.00     0.00     0.00 -1    -1e-30      0.00 7.092e-01 2.755e-01 2.710e-03 7.399e-04 6.720e-03 -1.000 1.527e-02 -2.397 -0.750 -0.849 -0.566
0.0152 0.01508 6.75000 5.5999994278 2.6167887546    5.601  2.924  4.2703  4.295    1  0.000  0.538     0.00     0.00     0.00     0.00     0.00 -1    -1e-30      0.00 7.092e-01 2.755e-01 2.710e-03 7.399e-04 6.720e-03 -1.000 1.527e-02 -2.540 -0.840 -0.941 -0.650
0.0152 0.01508 6.75000 5.8000001907 2.6175535027    5.801  2.978  4.2786  4.289    1  0.000  0.538     0.00     0.00     0.00     0.00     0.00 -1    -1e-30      0.00 7.092e-01 2.755e-01 2.710e-03 7.399e-04 6.720e-03 -1.000 1.527e-02 -2.676 -0.928 -1.031 -0.733
0.0152 0.01508 6.75000 6.0000000000 2.6182599138    6.000  3.031  4.2868  4.284    1  0.000  0.538     0.00     0.00     0.00     0.00     0.00 -1    -1e-30      0.00 7.092e-01 2.755e-01 2.710e-03 7.399e-04 6.720e-03 -1.000 1.527e-02 -2.808 -1.013 -1.118 -0.814
0.0152 0.01508 6.75000 6.1999998093 2.6189141709    6.200  3.082  4.2947  4.279    1  0.000  0.538     0.00     0.00     0.00     0.00     0.00 -1    -1e-30      0.00 7.092e-01 2.755e-01 2.710e-03 7.399e-04 6.720e-03 -1.000 1.527e-02 -2.936 -1.094 -1.202 -0.891
0.0152 0.01508 6.75000 6.2552561760 2.6190864691    6.255  3.096  4.2968  4.277    1  0.000  0.538     0.00     0.00     0.00     0.00     0.00 -1    -1e-30      0.00 7.092e-01 2.755e-01 2.710e-03 7.399e-04 6.720e-03 -1.000 1.527e-02 -2.970 -1.117 -1.225 -0.912
0.0152 0.01508 6.75000 6.4000000954 2.6195216279    6.399  3.131  4.3023  4.274    1  0.000  0.538     0.00     0.00     0.00     0.00     0.00 -1    -1e-30      0.00 7.092e-01 2.755e-01 2.710e-03 7.399e-04 6.720e-03 -1.000 1.527e-02 -3.059 -1.174 -1.284 -0.966
0.0152 0.01508 6.75000 7.0000000000 2.6211069280    6.996  3.270  4.3233  4.258    1  0.000  0.538     0.00     0.00     0.00     0.00     0.00 -1    -1e-30      0.00 7.092e-01 2.755e-01 2.710e-03 7.399e-04 6.720e-03 -1.000 1.527e-02 -3.404 -1.400 -1.516 -1.181
0.0152 0.01508 6.75000 7.1465525627 2.6214479282    7.143  3.301  4.3280  4.255    1  0.000  0.538     0.00     0.00     0.00     0.00     0.00 -1    -1e-30      0.00 7.092e-01 2.755e-01 2.710e-03 7.399e-04 6.720e-03 -1.000 1.527e-02 -3.483 -1.452 -1.570 -1.230
0.0152 0.01508 6.75000 8.0000000000 2.6231516585    8.001  3.474  4.3539  4.234    1  0.000  0.538     0.00     0.00     0.00     0.00     0.00 -1    -1e-30      0.00 7.092e-01 2.755e-01 2.710e-03 7.399e-04 6.720e-03 -1.000 1.527e-02 -3.916 -1.741 -1.865 -1.506
0.0152 0.01508 6.75000 8.9116134644 2.6245634891    8.906  3.638  4.3777  4.212    1  0.000  0.538     0.00     0.00     0.00     0.00     0.00 -1    -1e-30      0.00 7.092e-01 2.755e-01 2.710e-03 7.399e-04 6.720e-03 -1.000 1.527e-02 -4.326 -2.021 -2.151 -1.774
0.0152 0.01508 6.75000 9.0000000000 2.6246829947    8.995  3.653  4.3799  4.210    1  0.000  0.538     0.00     0.00     0.00     0.00     0.00 -1    -1e-30      0.00 7.092e-01 2.755e-01 2.710e-03 7.399e-04 6.720e-03 -1.000 1.527e-02 -4.363 -2.047 -2.177 -1.799
0.0152 0.01508 6.75000 9.8835010529 2.6257437617    9.881  3.795  4.3999  4.189    1  0.000  0.538     0.00     0.00     0.00     0.00     0.00 -1    -1e-30      0.00 7.092e-01 2.755e-01 2.710e-03 7.399e-04 6.720e-03 -1.000 1.527e-02 -4.717 -2.293 -2.429 -2.036
0.0152 0.01508 6.75000 10.0000000000 2.6258676431    9.998  3.813  4.4023  4.187    1  0.000  0.538     0.00     0.00     0.00     0.00     0.00 -1    -1e-30      0.00 7.092e-01 2.755e-01 2.710e-03 7.399e-04 6.720e-03 -1.000 1.527e-02 -4.762 -2.293 -2.430 -2.041
0.0152 0.01508 6.75000 10.9575052261 2.6267721395   10.959  3.950  4.4211  4.164    1  0.000  0.538     0.00     0.00     0.00     0.00     0.00 -1    -1e-30      0.00 7.092e-01 2.755e-01 2.710e-03 7.399e-04 6.720e-03 -1.000 1.527e-02 -5.106 -2.532 -2.677 -2.258
0.0152 0.01508 6.75000 11.0000000000 2.6268081058   11.001  3.956  4.4219  4.163    1  0.000  0.538     0.00     0.00     0.00     0.00     0.00 -1    -1e-30      0.00 7.092e-01 2.755e-01 2.710e-03 7.399e-04 6.720e-03 -1.000 1.527e-02 -5.120 -2.542 -2.688 -2.268
0.0152 0.01508 6.75000 11.6467437744 2.6273184533   11.648  4.042  4.4331  4.147    1  0.000  0.538     0.00     0.00     0.00     0.00     0.00 -1    -1e-30      0.00 7.092e-01 2.755e-01 2.710e-03 7.399e-04 6.720e-03 -1.000 1.527e-02 -5.335 -2.716 -2.862 -2.441
0.0152 0.01508 6.75000 12.0000000000 2.6275706487   12.001  4.087  4.4389  4.138    1  0.000  0.538     0.00     0.00     0.00     0.00     0.00 -1    -1e-30      0.00 7.092e-01 2.755e-01 2.710e-03 7.399e-04 6.720e-03 -1.000 1.527e-02 -5.448 -2.811 -2.957 -2.540
0.0152 0.01508 6.75000 12.0658407211 2.6276157797   12.066  4.095  4.4399  4.136    1  0.000  0.538     0.00     0.00     0.00     0.00     0.00 -1 -5.85e-30      0.00 7.092e-01 2.755e-01 2.711e-03 7.400e-04 6.720e-03 -1.000 1.527e-02 -5.468 -2.828 -2.974 -2.557
0.0152 0.01508 6.75000 12.8729705811 2.6281261715   12.862  4.191  4.4517  4.115    1  0.000  0.541     0.00     0.00     0.00     0.00     0.00 -1 -7.21e-21      0.00 7.092e-01 2.755e-01 2.726e-03 7.403e-04 6.719e-03 -1.000 1.527e-02 -5.707 -3.023 -3.168 -2.757
0.0152 0.01508 6.75000 13.7146644592 2.6285855181   13.690  4.285  4.4629  4.092    1  0.000  0.544     0.00     0.00     0.00     0.00     0.00 -1 -5.85e-12      0.00 7.092e-01 2.755e-01 2.741e-03 7.407e-04 6.719e-03 -1.000 1.527e-02 -5.944 -3.188 -3.339 -2.903
0.0152 0.01508 6.75000 14.0000000000 2.6287268957   13.971  4.317  4.4664  4.084    0  0.000  0.545     0.00     0.00     0.00     0.00     0.00 -1 -4.66e-09      0.00 7.092e-01 2.755e-01 2.746e-03 7.408e-04 6.719e-03 -1.000 1.527e-02 -6.022 -3.243 -3.396 -2.952
0.0152 0.01508 6.75000 14.6203393936 2.6290124800   14.586  4.380  4.4734  4.068    0  0.000  0.545     0.00     0.00     0.00     0.00     0.00 -1 -6.43e-09      0.00 7.092e-01 2.755e-01 2.746e-03 7.408e-04 6.719e-03 -1.000 1.527e-02 -6.179 -3.356 -3.514 -3.053
0.0152 0.01508 6.75000 15.4228115082 2.6293430065   15.379  4.458  4.4816  4.045    0  0.000  0.545     0.00     0.00     0.00     0.00     0.00 -1 -9.58e-09      0.00 7.092e-01 2.755e-01 2.746e-03 7.408e-04 6.719e-03 -1.000 1.527e-02 -6.375 -3.518 -3.678 -3.209
0.0152 0.01508 6.75000 16.0000000000 2.6295573144   15.948  4.513  4.4870  4.028    0  0.000  0.545     0.00     0.00     0.00     0.00     0.00 -1 -1.27e-08      0.00 7.092e-01 2.755e-01 2.746e-03 7.408e-04 6.719e-03 -1.000 1.527e-02 -6.513 -3.637 -3.798 -3.326
0.0152 0.01508 6.75000 16.3836498260 2.6296901950   16.319  4.547  4.4900  4.016    0  0.000  0.545     0.00     0.00     0.00     0.00     0.00 -1  -1.5e-08      0.00 7.092e-01 2.755e-01 2.746e-03 7.408e-04 6.719e-03 -1.000 1.527e-02 -6.598 -3.713 -3.874 -3.400
0.0152 0.01508 6.75000 17.0982513428 2.6299195191   17.008  4.610  4.4952  3.992    0  0.000  0.545     0.00     0.00     0.00     0.00     0.00 -1    -2e-08      0.00 7.092e-01 2.755e-01 2.746e-03 7.408e-04 6.719e-03 -1.000 1.527e-02 -6.754 -3.852 -4.015 -3.538
0.0152 0.01508 6.75000 18.0000000000 2.6301792302   17.875  4.685  4.5008  3.960    0  0.000  0.545     0.00     0.00     0.00     0.00     0.00 -1 -2.88e-08      0.00 7.092e-01 2.755e-01 2.746e-03 7.408e-04 6.719e-03 -1.000 1.527e-02 -6.943 -4.024 -4.187 -3.711
0.0152 0.01508 6.75000 18.8445434570 2.6303967262   18.683  4.750  4.5049  3.931    0  0.000  0.545     0.00     0.00     0.00     0.00     0.00 -1 -3.88e-08      0.00 7.092e-01 2.755e-01 2.746e-03 7.408e-04 6.719e-03 -1.000 1.527e-02 -7.106 -4.167 -4.330 -3.857
0.0152 0.01508 6.75000 19.8514518738 2.6306284277   19.637  4.825  4.5083  3.891    0  0.000  0.545     0.00     0.00     0.00     0.00     0.00 -1 -5.44e-08      0.00 7.092e-01 2.755e-01 2.746e-03 7.408e-04 6.719e-03 -1.000 1.527e-02 -7.293 -4.342 -4.503 -4.035
0.0152 0.01508 6.75000 20.0000000000 2.6306603470   19.778  4.836  4.5086  3.885    0  0.000  0.545     0.00     0.00     0.00     0.00     0.00 -1 -5.71e-08      0.00 7.092e-01 2.755e-01 2.746e-03 7.408e-04 6.719e-03 -1.000 1.527e-02 -7.320 -4.369 -4.530 -4.062
0.0152 0.01508 6.75000 20.4352760315 2.6307508115   20.183  4.866  4.5094  3.867    0  0.000  0.545     0.00     0.00     0.00     0.00     0.00 -1 -6.49e-08      0.00 7.092e-01 2.755e-01 2.746e-03 7.408e-04 6.719e-03 -1.000 1.527e-02 -7.394 -4.442 -4.602 -4.136
0.0152 0.01508 6.75000 21.4387607574 2.6309433652   21.105  4.932  4.5099  3.822    0  0.000  0.545     0.00     0.00     0.00     0.00     0.00 -1 -8.58e-08      0.00 7.092e-01 2.755e-01 2.746e-03 7.408e-04 6.719e-03 -1.000 1.527e-02 -7.560 -4.614 -4.774 -4.310
0.0152 0.01508 6.75000 22.3889732361 2.6311075206   21.968  4.992  4.5090  3.775    0  0.000  0.545     0.00     0.00     0.00     0.00     0.00 -1  -1.1e-07      0.00 7.092e-01 2.755e-01 2.746e-03 7.408e-04 6.719e-03 -1.000 1.527e-02 -7.711 -4.790 -4.950 -4.490
0.0152 0.01508 6.75000 23.2898006439 2.6312490058   22.775  5.048  4.5063  3.725    0  0.000  0.545     0.00     0.00     0.00     0.00     0.00 -1 -1.36e-07      0.00 7.092e-01 2.755e-01 2.746e-03 7.408e-04 6.719e-03 -1.000 1.527e-02 -7.850 -4.953 -5.111 -4.654
0.0152 0.01508 6.75000 24.0000000000 2.6313519822   23.403  5.091  4.5028  3.679    0  0.000  0.545     0.00     0.00     0.00     0.00     0.00 -1 -1.59e-07      0.00 7.092e-01 2.755e-01 2.746e-03 7.408e-04 6.719e-03 -1.000 1.527e-02 -7.958 -5.089 -5.247 -4.792
0.0152 0.01508 6.75000 24.9317455292 2.6314769035   24.197  5.142  4.4964  3.618    0  0.000  0.545     0.00     0.00     0.00     0.00     0.00 -1 -1.87e-07      0.00 7.092e-01 2.755e-01 2.746e-03 7.408e-04 6.719e-03 -1.000 1.527e-02 -8.085 -5.260 -5.416 -4.965
0.0152 0.01508 6.75000 25.6926231384 2.6315712250   24.836  5.182  4.4897  3.562    0  0.000  0.545     0.00     0.00     0.00     0.00     0.00 -1 -2.12e-07      0.00 7.092e-01 2.755e-01 2.746e-03 7.408e-04 6.719e-03 -1.000 1.527e-02 -8.185 -5.400 -5.556 -5.108
0.0152 0.01508 6.75000 26.3905105591 2.6316522613   25.416  5.218  4.4820  3.505    0  0.000  0.545     0.00     0.00     0.00     0.00     0.00 -1 -2.33e-07      0.00 7.092e-01 2.755e-01 2.746e-03 7.408e-04 6.719e-03 -1.000 1.527e-02 -8.275 -5.537 -5.692 -5.245
0.0152 0.01508 6.75000 26.9681968689 2.6317157042   25.892  5.248  4.4736  3.450    0  0.000  0.545     0.00     0.00     0.00     0.00     0.00 -1 -2.46e-07      0.00 7.092e-01 2.755e-01 2.746e-03 7.408e-04 6.719e-03 -1.000 1.527e-02 -8.350 -5.661 -5.814 -5.377
0.0152 0.01508 6.75000 27.5258808136 2.6317740542   26.348  5.277  4.4641  3.391    0  0.000  0.545     0.00     0.00     0.00     0.00     0.00 -1 -2.56e-07      0.00 7.092e-01 2.755e-01 2.746e-03 7.408e-04 6.719e-03 -1.000 1.527e-02 -8.421 -5.794 -5.943 -5.517
0.0152 0.01508 6.75000 28.0000000000 2.6318215644   26.735  5.300  4.4549  3.336    0  0.000  0.545     0.00     0.00     0.00     0.00     0.00 -1 -2.59e-07      0.00 7.092e-01 2.755e-01 2.746e-03 7.408e-04 6.719e-03 -1.000 1.527e-02 -8.481 -5.918 -6.064 -5.648
0.0152 0.01508 6.75000 28.3861293793 2.6318589119   27.043  5.318  4.4469  3.291    0  0.000  0.545     0.00     0.00     0.00     0.00     0.00 -1 -2.58e-07      0.00 7.092e-01 2.755e-01 2.746e-03 7.408e-04 6.719e-03 -1.000 1.527e-02 -8.526 -6.021 -6.165 -5.756
0.0152 0.01508 6.75000 28.8572692871 2.6319029286   27.418  5.340  4.4363  3.233    0  0.000  0.545     0.00     0.00     0.00     0.00     0.00 -1 -2.54e-07      0.00 7.092e-01 2.755e-01 2.746e-03 7.408e-04 6.719e-03 -1.000 1.527e-02 -8.581 -6.151 -6.293 -5.893
0.0152 0.01508 6.75000 29.2863388062 2.6319416010   27.760  5.360  4.4252  3.174    0  0.000  0.545     0.00     0.00     0.00     0.00     0.00 -1 -2.46e-07      0.00 7.092e-01 2.755e-01 2.746e-03 7.408e-04 6.719e-03 -1.000 1.527e-02 -8.630 -6.276 -6.415 -6.024
0.0152 0.01508 6.75000 29.6507968903 2.6319734410   28.049  5.377  4.4141  3.117    0  0.000  0.545     0.00     0.00     0.00     0.00     0.00 -1 -2.34e-07      0.00 7.092e-01 2.755e-01 2.746e-03 7.408e-04 6.719e-03 -1.000 1.527e-02 -8.673 -6.381 -6.517 -6.135
0.0152 0.01508 6.75000 30.0000000000 2.6320031152   28.330  5.394  4.4021  3.057    0  0.000  0.545     0.00     0.00     0.00     0.00     0.00 -1 -2.17e-07      0.00 7.092e-01 2.755e-01 2.746e-03 7.408e-04 6.719e-03 -1.000 1.527e-02 -8.714 -6.486 -6.620 -6.246
0.0152 0.01508 6.75000 30.0645065308 2.6320085100   28.379  5.396  4.3998  3.046    0  0.000  0.545     0.00     0.00     0.00     0.00     0.00 -1 -2.19e-07      0.00 7.092e-01 2.755e-01 2.746e-03 7.408e-04 6.719e-03 -1.000 1.527e-02 -8.721 -6.505 -6.639 -6.266
0.0152 0.01508 6.75000 30.3378391266 2.6320310772   28.578  5.408  4.3895  2.996    0  0.000  0.545     0.00     0.00     0.00     0.00     0.00 -1 -2.64e-07      0.00 7.092e-01 2.755e-01 2.746e-03 7.408e-04 6.719e-03 -1.000 1.527e-02 -8.751 -6.601 -6.733 -6.367
0.0152 0.01508 6.75000 30.5736370087 2.6320501731   28.701  5.418  4.3791  2.946    0  0.000  0.545     0.00     0.00     0.00     0.00     0.00 -1    -6e-07      0.00 7.092e-01 2.755e-01 2.746e-03 7.408e-04 6.719e-03 -1.000 1.527e-02 -8.775 -6.690 -6.819 -6.459
0.0152 0.01508 6.75000 30.8066844940 2.6320687163   28.807  5.427  4.3680  2.894    0  0.000  0.545     0.00     0.00     0.00     0.00     0.00 -1 -8.75e-07      0.00 7.092e-01 2.755e-01 2.746e-03 7.408e-04 6.719e-03 -1.000 1.527e-02 -8.799 -6.771 -6.899 -6.544
0.0152 0.01508 6.75000 31.0159301758 2.6320850928   28.859  5.436  4.3567  2.842    0  0.000  0.545     0.00     0.00     0.00     0.00     0.00 -1 -2.18e-06      0.00 7.092e-01 2.755e-01 2.746e-03 7.408e-04 6.719e-03 -1.000 1.527e-02 -8.819 -6.838 -6.960 -6.627
0.0152 0.01508 6.75000 31.2213745117 2.6321009265   28.901  5.444  4.3450  2.787    0  0.000  0.545     0.00     0.00     0.00     0.00     0.00 -1 -3.62e-06      0.00 7.092e-01 2.755e-01 2.746e-03 7.408e-04 6.719e-03 -1.000 1.527e-02 -8.839 -6.946 -7.064 -6.743
0.0152 0.01508 6.75000 31.4335975647 2.6321170330   28.942  5.452  4.3326  2.730    0  0.000  0.545     0.00     0.00     0.00     0.00     0.00 -1 -3.64e-06      0.00 7.092e-01 2.755e-01 2.746e-03 7.408e-04 6.719e-03 -1.000 1.527e-02 -8.860 -7.045 -7.160 -6.851
0.0152 0.01508 6.75000 31.6450252533 2.6321328323   28.980  5.461  4.3210  2.676    0  0.000  0.545     0.00     0.00     0.00     0.00     0.00 -1  -3.7e-06      0.00 7.092e-01 2.755e-01 2.746e-03 7.408e-04 6.719e-03 -1.000 1.527e-02 -8.882 -7.138 -7.249 -6.951
0.0152 0.01508 6.75000 31.9172611237 2.6321528215   29.025  5.475  4.3138  2.634    0  0.000  0.545     0.00     0.00     0.00     0.00     0.00 -1 -3.89e-06      0.00 7.092e-01 2.755e-01 2.746e-03 7.408e-04 6.719e-03 -1.000 1.527e-02 -8.916 -7.213 -7.321 -7.031
0.0152 0.01508 6.75000 32.1187324524 2.6321673640   29.052  5.495  4.3255  2.660    0  0.000  0.545     0.00     0.00     0.00     0.00     0.00 -1 -4.46e-06      0.00 7.092e-01 2.755e-01 2.746e-03 7.408e-04 6.719e-03 -1.000 1.527e-02 -8.969 -7.216 -7.327 -7.031
0.0152 0.01508 6.75000 32.1396903992 2.6321688648   29.054  5.504  4.3338  2.684    0  0.000  0.545     0.00     0.00     0.00     0.00     0.00 -1 -4.76e-06      0.00 7.092e-01 2.755e-01 2.746e-03 7.408e-04 6.719e-03 -1.000 1.527e-02 -8.990 -7.189 -7.301 -6.999
0.0152 0.01508 6.75000 32.1485748291 2.6321695003   29.054  5.514  4.3421  2.708    0  0.000  0.545     0.00     0.00     0.00     0.00     0.00 -1  -5.1e-06      0.00 7.092e-01 2.755e-01 2.746e-03 7.408e-04 6.719e-03 -1.000 1.527e-02 -9.015 -7.165 -7.280 -6.972
0.0152 0.01508 6.75000 32.1585044861 2.6321702101   29.055  5.517  4.3469  2.724    1  0.000  0.545     0.00     0.00     0.00     0.00     0.00 -1 -3.56e-06      0.00 7.092e-01 2.755e-01 2.746e-03 7.408e-04 6.719e-03 -1.000 1.527e-02 -9.023 -7.137 -7.254 -6.940
0.0152 0.01508 6.75000 32.1693534851 2.6321709851   29.056  5.517  4.3329  2.668    1  0.000  0.545     0.00     0.00     0.00     0.00     0.00 -1 -5.02e-06      0.00 7.092e-01 2.755e-01 2.746e-03 7.408e-04 6.719e-03 -1.000 1.527e-02 -9.023 -7.232 -7.344 -7.044
0.0152 0.01508 6.75000 32.1723251343 2.6321711972   29.056  5.519  4.3194  2.612    1  0.000  0.545     0.00     0.00     0.00     0.00     0.00 -1 -4.96e-06      0.00 7.092e-01 2.755e-01 2.746e-03 7.408e-04 6.719e-03 -1.000 1.527e-02 -9.027 -7.314 -7.422 -7.135
0.0152 0.01508 6.75000 32.1738471985 2.6321713059   29.056  5.520  4.3096  2.572    1  0.000  0.545     0.00     0.00     0.00     0.00     0.00 -1 -4.88e-06      0.00 7.092e-01 2.755e-01 2.746e-03 7.408e-04 6.719e-03 -1.000 1.527e-02 -9.030 -7.364 -7.470 -7.189
0.0152 0.01508 6.75000 32.1754226685 2.6321714183   29.056  5.521  4.2985  2.526    1  0.000  0.545     0.00     0.00     0.00     0.00     0.00 -1 -4.79e-06      0.00 7.092e-01 2.755e-01 2.746e-03 7.408e-04 6.719e-03 -1.000 1.527e-02 -9.033 -7.227 -7.339 -7.025
0.0152 0.01508 6.75000 32.1764984131 2.6321714951   29.056  5.522  4.2903  2.492    1  0.000  0.545     0.00     0.00     0.00     0.00     0.00 -1 -4.73e-06      0.00 7.092e-01 2.755e-01 2.746e-03 7.408e-04 6.719e-03 -1.000 1.527e-02 -9.036 -7.282 -7.391 -7.089
0.0152 0.01508 6.75000 32.1776237488 2.6321715754   29.056  5.523  4.2811  2.455    1  0.000  0.545     0.00     0.00     0.00     0.00     0.00 -1 -4.64e-06      0.00 7.092e-01 2.755e-01 2.746e-03 7.408e-04 6.719e-03 -1.000 1.527e-02 -9.038 -7.343 -7.448 -7.161
0.0152 0.01508 6.75000 32.1787338257 2.6321716546   29.056  5.524  4.2718  2.417    1  0.000  0.545     0.00     0.00     0.00     0.00     0.00 -1 -4.56e-06      0.00 7.092e-01 2.755e-01 2.746e-03 7.408e-04 6.719e-03 -1.000 1.527e-02 -9.039 -7.396 -7.499 -7.220
0.0152 0.01508 6.75000 32.1798095703 2.6321717314   29.054  5.524  4.2625  2.379    1  0.000  0.545     0.00     0.00     0.00     0.00     0.00 -1 -7.36e-06      0.00 7.092e-01 2.755e-01 2.746e-03 7.408e-04 6.719e-03 -1.000 1.527e-02 -9.041 -7.447 -7.547 -7.274
0.0152 0.01508 6.75000 32.1809234619 2.6321718108   29.053  5.525  4.2522  2.337    1  0.000  0.545     0.00     0.00     0.00     0.00     0.00 -1 -7.22e-06      0.00 7.092e-01 2.755e-01 2.746e-03 7.408e-04 6.719e-03 -1.000 1.527e-02 -9.042 -7.502 -7.600 -7.333
0.0152 0.01508 6.75000 32.1820106506 2.6321718884   29.052  5.525  4.2418  2.295    1  0.000  0.545     0.00     0.00     0.00     0.00     0.00 -1 -7.05e-06      0.00 7.092e-01 2.755e-01 2.746e-03 7.408e-04 6.719e-03 -1.000 1.527e-02 -9.043 -7.559 -7.654 -7.395
0.0152 0.01508 6.75000 32.1831283569 2.6321719681   29.050  5.526  4.2304  2.249    1  0.000  0.545     0.00     0.00     0.00     0.00     0.00 -1 -6.88e-06      0.00 7.092e-01 2.755e-01 2.746e-03 7.408e-04 6.719e-03 -1.000 1.527e-02 -9.044 -7.620 -7.712 -7.463
0.0152 0.01508 6.75000 32.1842117310 2.6321720454   29.049  5.526  4.2189  2.203    1  0.000  0.545     0.00     0.00     0.00     0.00     0.00 -1 -6.72e-06      0.00 7.092e-01 2.755e-01 2.746e-03 7.408e-04 6.719e-03 -1.000 1.527e-02 -9.045 -7.684 -7.772 -7.533
0.0152 0.01508 6.75000 32.1847572327 2.6321720843   29.048  5.526  4.2127  2.178    1  0.000  0.545     0.00     0.00     0.00     0.00     0.00 -1 -6.63e-06      0.00 7.092e-01 2.755e-01 2.746e-03 7.408e-04 6.719e-03 -1.000 1.527e-02 -9.045 -7.718 -7.804 -7.570
0.0152 0.01508 6.75000 32.1853027344 2.6321721232   29.047  5.526  4.2065  2.153    1  0.000  0.545     0.00     0.00     0.00     0.00     0.00 -1 -7.33e-06      0.00 7.092e-01 2.755e-01 2.746e-03 7.408e-04 6.719e-03 -1.000 1.527e-02 -9.045 -7.752 -7.837 -7.608
0.0152 0.01508 6.75000 32.1858520508 2.6321721624   29.046  5.526  4.2001  2.127    1  0.000  0.545     0.00     0.00     0.00     0.00     0.00 -1 -9.72e-06      0.00 7.092e-01 2.755e-01 2.746e-03 7.408e-04 6.719e-03 -1.000 1.527e-02 -9.046 -7.787 -7.870 -7.647
0.0152 0.01508 6.75000 32.1863975525 2.6321722013   29.045  5.526  4.1935  2.101    1  0.000  0.545     0.00     0.00     0.00     0.00     0.00 -1 -1.19e-05      0.00 7.092e-01 2.755e-01 2.746e-03 7.408e-04 6.719e-03 -1.000 1.527e-02 -9.046 -7.824 -7.905 -7.687
0.0152 0.01508 6.75000 32.1869430542 2.6321722402   29.043  5.526  4.1866  2.073    1  0.000  0.545     0.00     0.00     0.00     0.00     0.00 -1 -1.23e-05      0.00 7.092e-01 2.755e-01 2.746e-03 7.408e-04 6.719e-03 -1.000 1.527e-02 -9.046 -7.863 -7.941 -7.730
0.0152 0.01508 6.75000 32.1874923706 2.6321722794   29.042  5.526  4.1795  2.044    1  0.000  0.545     0.00     0.00     0.00     0.00     0.00 -1 -1.22e-05      0.00 7.092e-01 2.755e-01 2.746e-03 7.408e-04 6.719e-03 -1.000 1.527e-02 -9.046 -7.902 -7.978 -7.774
0.0152 0.01508 6.75000 32.1880760193 2.6321723210   29.040  5.527  4.1715  2.012    1  0.000  0.545     0.00     0.00     0.00     0.00     0.00 -1 -1.19e-05      0.00 7.092e-01 2.755e-01 2.746e-03 7.408e-04 6.719e-03 -1.000 1.527e-02 -9.046 -7.945 -8.017 -7.824
0.0152 0.01508 6.75000 32.1886177063 2.6321723596   29.039  5.527  4.1638  1.982    1  0.000  0.545     0.00     0.00     0.00     0.00     0.00 -1 -1.17e-05      0.00 7.092e-01 2.755e-01 2.746e-03 7.408e-04 6.719e-03 -1.000 1.527e-02 -9.047 -7.984 -8.053 -7.872
0.0152 0.01508 6.75000 32.1891670227 2.6321723988   29.037  5.527  4.1556  1.949    1  0.000  0.545     0.00     0.00     0.00     0.00     0.00 -1 -1.15e-05      0.00 7.092e-01 2.755e-01 2.746e-03 7.408e-04 6.719e-03 -1.000 1.527e-02 -9.047 -8.025 -8.090 -7.924
0.0152 0.01508 6.75000 32.1897125244 2.6321724377   29.036  5.527  4.1472  1.915    1  0.000  0.545     0.00     0.00     0.00     0.00     0.00 -1 -1.13e-05      0.00 7.092e-01 2.755e-01 2.746e-03 7.408e-04 6.719e-03 -1.000 1.527e-02 -9.047 -8.070 -8.131 -7.977
0.0152 0.01508 6.75000 32.1902656555 2.6321724771   29.035  5.527  4.1382  1.879    1  0.000  0.545     0.00     0.00     0.00     0.00     0.00 -1 -1.11e-05      0.00 7.092e-01 2.755e-01 2.746e-03 7.408e-04 6.719e-03 -1.000 1.527e-02 -9.047 -8.122 -8.180 -8.032
0.0152 0.01508 6.75000 32.1908149719 2.6321725163   29.033  5.527  4.1289  1.842    1  0.000  0.545     0.00     0.00     0.00     0.00     0.00 -1 -1.34e-05      0.00 7.092e-01 2.755e-01 2.746e-03 7.408e-04 6.719e-03 -1.000 1.527e-02 -9.047 -8.178 -8.235 -8.088
0.0152 0.01508 6.75000 32.1913642883 2.6321725554   29.031  5.527  4.1196  1.805    1  0.000  0.545     0.00     0.00     0.00     0.00     0.00 -1  -1.8e-05      0.00 7.092e-01 2.755e-01 2.746e-03 7.408e-04 6.719e-03 -1.000 1.527e-02 -9.047 -8.234 -8.290 -8.144
0.0152 0.01508 6.75000 32.1919212341 2.6321725951   29.029  5.527  4.1103  1.767    1  0.000  0.545     0.00     0.00     0.00     0.00     0.00 -1 -1.87e-05      0.00 7.092e-01 2.755e-01 2.746e-03 7.408e-04 6.719e-03 -1.000 1.527e-02 -9.047 -8.288 -8.341 -8.200
0.0152 0.01508 6.75000 32.1924781799 2.6321726349   29.027  5.527  4.1011  1.730    1  0.000  0.545     0.00     0.00     0.00     0.00     0.00 -1 -1.83e-05      0.00 7.092e-01 2.755e-01 2.746e-03 7.408e-04 6.719e-03 -1.000 1.527e-02 -9.047 -8.338 -8.389 -8.256
0.0152 0.01508 6.75000 32.1930389404 2.6321726748   29.025  5.527  4.0916  1.693    1  0.000  0.545     0.00     0.00     0.00     0.00     0.00 -1 -1.79e-05      0.00 7.092e-01 2.755e-01 2.746e-03 7.408e-04 6.719e-03 -1.000 1.527e-02 -9.046 -8.389 -8.437 -8.313
0.0152 0.01508 6.75000 32.1935997009 2.6321727148   29.023  5.526  4.0820  1.654    1  0.000  0.545     0.00     0.00     0.00     0.00     0.00 -1 -1.75e-05      0.00 7.092e-01 2.755e-01 2.746e-03 7.408e-04 6.719e-03 -1.000 1.527e-02 -9.046 -8.440 -8.484 -8.369
0.0152 0.01508 6.75000 32.1942329407 2.6321727599   29.021  5.526  4.0715  1.612    1  0.000  0.545     0.00     0.00     0.00     0.00     0.00 -1 -1.71e-05      0.00 7.092e-01 2.755e-01 2.746e-03 7.408e-04 6.719e-03 -1.000 1.527e-02 -9.046 -8.482 -8.519 -8.432
0.0152 0.01508 6.75000 32.1947822571 2.6321727991   29.020  5.526  4.0624  1.576    1  0.000  0.545     0.00     0.00     0.00     0.00     0.00 -1 -1.67e-05      0.00 7.092e-01 2.755e-01 2.746e-03 7.408e-04 6.719e-03 -1.000 1.527e-02 -9.045 -8.527 -8.560 -8.485
0.0152 0.01508 6.75000 32.1953392029 2.6321728388   29.018  5.526  4.0529  1.538    1  0.000  0.545     0.00     0.00     0.00     0.00     0.00 -1 -1.63e-05      0.00 7.092e-01 2.755e-01 2.746e-03 7.408e-04 6.719e-03 -1.000 1.527e-02 -9.044 -8.576 -8.605 -8.539
0.0152 0.01508 6.75000 32.1959381104 2.6321728815   29.016  5.525  4.0428  1.498    1  0.000  0.545     0.00     0.00     0.00     0.00     0.00 -1 -1.78e-05      0.00 7.092e-01 2.755e-01 2.746e-03 7.408e-04 6.719e-03 -1.000 1.527e-02 -9.044 -8.626 -8.652 -8.595
0.0152 0.01508 6.75000 32.1965026855 2.6321729217   29.014  5.525  4.0334  1.461    1  0.000  0.545     0.00     0.00     0.00     0.00     0.00 -1  -2.6e-05      0.00 7.092e-01 2.755e-01 2.746e-03 7.408e-04 6.719e-03 -1.000 1.527e-02 -9.042 -8.672 -8.694 -8.646
0.0152 0.01508 6.75000 32.1970939636 2.6321729638   29.011  5.524  4.0235  1.422    1  0.000  0.545     0.00     0.00     0.00     0.00     0.00 -1  -3.4e-05      0.00 7.092e-01 2.755e-01 2.746e-03 7.408e-04 6.719e-03 -1.000 1.527e-02 -9.041 -8.719 -8.737 -8.699
0.0152 0.01508 6.75000 32.1977005005 2.6321730071   29.009  5.524  4.0131  1.381    1  0.000  0.545     0.00     0.00     0.00     0.00     0.00 -1  -3.3e-05      0.00 7.092e-01 2.755e-01 2.746e-03 7.408e-04 6.719e-03 -1.000 1.527e-02 -9.040 -8.766 -8.782 -8.753
0.0152 0.01508 6.75000 32.1983222961 2.6321730514   29.006  5.523  4.0022  1.338    1  0.000  0.545     0.00     0.00     0.00     0.00     0.00 -1 -3.21e-05      0.00 7.092e-01 2.755e-01 2.746e-03 7.408e-04 6.719e-03 -1.000 1.527e-02 -9.038 -8.815 -8.827 -8.808
0.0152 0.01508 6.75000 32.1989936829 2.6321730992   29.004  5.522  3.9901  1.291    1  0.000  0.545     0.00     0.00     0.00     0.00     0.00 -1  -3.1e-05      0.00 7.092e-01 2.755e-01 2.746e-03 7.408e-04 6.719e-03 -1.000 1.527e-02 -9.035 -8.867 -8.874 -8.866
0.0152 0.01508 6.75000 32.1996688843 2.6321731473   29.001  5.521  3.9776  1.242    1  0.000  0.545     0.00     0.00     0.00     0.00     0.00 -1    -3e-05      0.00 7.092e-01 2.755e-01 2.746e-03 7.408e-04 6.719e-03 -1.000 1.527e-02 -9.032 -8.917 -8.920 -8.924
0.0152 0.01508 6.75000 32.2003898621 2.6321731987   28.999  5.519  3.9639  1.189    1  0.000  0.545     0.00     0.00     0.00     0.00     0.00 -1 -2.88e-05      0.00 7.092e-01 2.755e-01 2.746e-03 7.408e-04 6.719e-03 -1.000 1.527e-02 -9.028 -8.965 -8.959 -8.988
0.0152 0.01508 6.75000 32.2011680603 2.6321732541   28.996  5.518  3.9486  1.129    1  0.000  0.545     0.00     0.00     0.00     0.00     0.00 -1 -2.75e-05      0.00 7.092e-01 2.755e-01 2.746e-03 7.408e-04 6.719e-03 -1.000 1.527e-02 -9.024 -9.010 -8.992 -9.060
0.0152 0.01508 6.75000 32.2020339966 2.6321733158   28.993  5.517  3.9320  1.064    1  0.000  0.545     0.00     0.00     0.00     0.00     0.00 -1 -2.65e-05      0.00 7.092e-01 2.755e-01 2.746e-03 7.408e-04 6.719e-03 -1.000 1.527e-02 -9.021 -9.073 -9.050 -9.130
0.0152 0.01508 6.75000 32.2030181885 2.6321733859   28.990  5.515  3.9120  0.985    1  0.000  0.545     0.00     0.00     0.00     0.00     0.00 -1 -2.52e-05      0.00 7.092e-01 2.755e-01 2.746e-03 7.408e-04 6.719e-03 -1.000 1.527e-02 -9.018 -9.115 -9.067 -9.217
0.0152 0.01508 6.75000 32.2042236328 2.6321734718   28.987  5.514  3.8864  0.884    1  0.000  0.545     0.00     0.00     0.00     0.00     0.00 -1 -2.38e-05      0.00 7.092e-01 2.755e-01 2.745e-03 7.408e-04 6.719e-03 -1.000 1.527e-02 -9.014 -9.178 -9.119 -9.300
0.0152 0.01508 6.75000 32.2057495117 2.6321735804   28.983  5.512  3.8549  0.760    1  0.000  0.545     0.00     0.00     0.00     0.00     0.00 -1 -2.22e-05      0.00 7.092e-01 2.755e-01 2.745e-03 7.409e-04 6.719e-03 -1.000 1.527e-02 -9.010 -9.207 -9.108 -9.397
0.0152 0.01508 6.75000 32.2077560425 2.6321737233   28.979  5.510  3.8164  0.608    1  0.000  0.544     0.00     0.00     0.00     0.00     0.00 -1 -2.01e-05      0.00 7.092e-01 2.755e-01 2.743e-03 7.413e-04 6.719e-03 -1.000 1.527e-02 -9.005 -9.207 -9.034 -9.511
0.0152 0.01508 6.75000 32.2090415955 2.6321738149   28.976  5.509  3.7931  0.516    1  0.000  0.544     0.00     0.00     0.00     0.00     0.00 -1 -1.87e-05      0.00 7.092e-01 2.755e-01 2.742e-03 7.415e-04 6.719e-03 -1.000 1.527e-02 -9.001 -9.197 -8.962 -9.581
0.0152 0.01508 6.75000 32.2110519409 2.6321739580   28.972  5.509  3.7599  0.382    1  0.000  0.542     0.00     0.00     0.00     0.00     0.00 -1 -1.72e-05      0.00 7.079e-01 2.768e-01 2.715e-03 8.112e-04 6.671e-03 -1.000 1.527e-02 -9.003 -9.166 -8.830 -9.668
0.0152 0.01508 6.75000 32.2128791809 2.6321740881   28.969  5.514  3.7369  0.285    1  0.000  0.539     0.00     0.00     0.00     0.00     0.00 -1 -1.62e-05      0.00 7.047e-01 2.800e-01 2.652e-03 9.862e-04 6.553e-03 -1.000 1.526e-02 -9.016 -9.141 -8.733 -9.714
0.0152 0.01508 6.75000 32.2143745422 2.6321741945   28.968  5.518  3.7210  0.218    1  0.000  0.536     0.00     0.00     0.00     0.00     0.00 -1 -1.57e-05      0.00 7.021e-01 2.827e-01 2.600e-03 1.130e-03 6.455e-03 -1.000 1.526e-02 -9.025 -9.114 -8.657 -9.732
0.0152 0.01508 6.75000 32.2163124084 2.6321743324   28.965  5.521  3.7036  0.145    1  0.000  0.532     0.00     0.00     0.00     0.00     0.00 -1 -1.49e-05      0.00 6.987e-01 2.861e-01 2.533e-03 1.316e-03 6.329e-03 -1.000 1.526e-02 -9.033 -9.077 -8.568 -9.739
0.0152 0.01508 6.75000 32.2178077698 2.6321744388   28.962  5.521  3.6956  0.113    1  0.000  0.530     0.00     0.00     0.00     0.00     0.00 -1 -1.43e-05      0.00 6.976e-01 2.871e-01 2.512e-03 1.374e-03 6.290e-03 -1.000 1.525e-02 -9.034 -9.053 -8.521 -9.735
0.0152 0.01508 6.75000 32.2196731567 2.6321745715   28.959  5.520  3.6879  0.083    1  0.000  0.530     0.00     0.00     0.00     0.00     0.00 -1 -1.39e-05      0.00 6.976e-01 2.872e-01 2.511e-03 1.377e-03 6.288e-03 -1.000 1.525e-02 -9.030 -9.024 -8.469 -9.724
0.0152 0.01508 6.75000 32.2216606140 2.6321747129   28.956  5.520  3.6800  0.052    1  0.000  0.530     0.00     0.00     0.00     0.00     0.00 -1 -1.37e-05      0.00 6.975e-01 2.872e-01 2.509e-03 1.380e-03 6.285e-03 -1.000 1.526e-02 -9.030 -8.999 -8.426 -9.714
0.0152 0.01508 6.75000 32.2238769531 2.6321748706   28.952  5.521  3.6718  0.018    1  0.000  0.530     0.00     0.00     0.00     0.00     0.00 -1 -1.35e-05      0.00 6.974e-01 2.873e-01 2.507e-03 1.384e-03 6.283e-03 -1.000 1.526e-02 -9.032 -8.973 -8.372 -9.708
0.0152 0.01508 6.75000 32.2270927429 2.6321750993   28.946  5.523  3.6611 -0.027    1  0.000  0.529     0.00     0.00     0.00     0.00     0.00 -1 -1.33e-05      0.00 6.973e-01 2.874e-01 2.505e-03 1.389e-03 6.279e-03 -1.000 1.526e-02 -9.038 -8.938 -8.303 -9.697
0.0152 0.01508 6.75000 32.2341194153 2.6321755988   28.935  5.535  3.6444 -0.106    1  0.000  0.529     0.00     0.00     0.00     0.00     0.00 -1 -1.35e-05      0.00 6.971e-01 2.876e-01 2.498e-03 1.401e-03 6.272e-03 -1.000 1.526e-02 -9.068 -8.886 -8.199 -9.683
0.0152 0.01508 6.75000 32.4439735413 2.6321904029   28.512  5.580  3.6271 -0.227    1  0.000  0.517     0.00     0.00     0.00     0.00     0.00 -1 -1.68e-05      0.00 6.932e-01 2.916e-01 2.390e-03 1.625e-03 6.130e-03 -1.000 1.528e-02 -9.181 -8.902 -8.155 -9.739
0.0152 0.01508 6.75000 33.3602371216 2.6322525387   26.327  5.621  3.6339 -0.275    1  0.000  0.505     0.00     0.00     0.00     0.00     0.00 -1 -2.34e-05      0.00 6.866e-01 2.982e-01 2.240e-03 1.990e-03 5.888e-03 -1.000 1.524e-02 -9.283 -9.044 -8.322 -9.865
0.0152 0.01508 6.75000 33.7557334900 2.6322781635   24.976  5.636  3.6432 -0.275    1  0.000  0.498     0.00     0.00     0.00     0.00     0.00 -1 -2.79e-05      0.00 6.835e-01 3.012e-01 2.169e-03 2.161e-03 5.776e-03 -1.000 1.524e-02 -9.319 -9.131 -8.440 -9.930
0.0152 0.01508 6.75000 33.8832054138 2.6322862762   24.479  5.640  3.6481 -0.269    1  0.000  0.496     0.00     0.00     0.00     0.00     0.00 -1 -2.99e-05      0.00 6.825e-01 3.022e-01 2.146e-03 2.215e-03 5.740e-03 -1.000 1.524e-02 -9.331 -9.168 -8.493 -9.957
0.0152 0.01508 6.75000 34.0315971375 2.6322956322   23.813  5.646  3.6564 -0.253    2  0.000  0.492     0.00     0.00     0.00     0.00     0.00 -1 -3.23e-05      0.00 6.776e-01 3.072e-01 2.071e-03 2.430e-03 5.592e-03 -1.000 1.523e-02 -9.344 -9.222 -8.572 -9.992
0.0152 0.01508 6.75000 34.1611022949 2.6323037212   23.163  5.650  3.6659 -0.232    2  0.000  0.484     0.00     0.00     0.00     0.00     0.00 -1 -3.49e-05      0.00 6.681e-01 3.167e-01 1.937e-03 2.826e-03 5.319e-03 -1.000 1.521e-02 -9.355 -9.275 -8.652 -10.025
0.0152 0.01508 6.75000 34.2440223694 2.6323088634   22.718  5.653  3.6739 -0.211    2  0.000  0.479     0.00     0.00     0.00     0.00     0.00 -1 -3.69e-05      0.00 6.620e-01 3.228e-01 1.851e-03 3.080e-03 5.144e-03 -1.000 1.523e-02 -9.362 -9.314 -8.717 -10.045
0.0152 0.01508 6.75000 34.3001708984 2.6323123293   22.385  5.655  3.6818 -0.187    2  0.000  0.475     0.00     0.00     0.00     0.00     0.00 -1 -3.88e-05      0.00 6.583e-01 3.264e-01 1.801e-03 3.228e-03 5.042e-03 -1.000 1.521e-02 -9.367 -9.346 -8.771 -10.062
0.0152 0.01508 6.75000 34.3418045044 2.6323148907   22.125  5.656  3.6895 -0.163    2  0.000  0.472     0.00     0.00     0.00     0.00     0.00 -1 -4.06e-05      0.00 6.553e-01 3.295e-01 1.759e-03 3.353e-03 4.956e-03 -1.000 1.524e-02 -9.371 -9.376 -8.819 -10.077
0.0152 0.01508 6.75000 34.3621025085 2.6323161369   21.994  5.658  3.6941 -0.149    2  0.000  0.470     0.00     0.00     0.00     0.00     0.00 -1 -4.16e-05      0.00 6.522e-01 3.325e-01 1.727e-03 3.448e-03 4.890e-03 -1.000 1.527e-02 -9.374 -9.394 -8.850 -10.084
0.0152 0.01508 6.75000 34.3884696960 2.6323177532   21.814  5.653  3.6994 -0.126    2  0.000  0.465     0.00     0.00     0.00     0.00     0.00 -1 -4.19e-05      0.00 6.116e-01 3.732e-01 1.522e-03 4.184e-03 4.338e-03 -1.000 1.519e-02 -9.362 -9.399 -8.871 -10.077
0.0152 0.01508 6.75000 34.4114265442 2.6323191582   21.657  5.649  3.7052 -0.103    2  0.000  0.461     0.00     0.00     0.00     0.00     0.00 -1 -4.21e-05      0.00 5.788e-01 4.061e-01 1.356e-03 4.776e-03 3.895e-03 -1.000 1.518e-02 -9.353 -9.405 -8.893 -10.070
0.0152 0.01508 6.75000 34.4265556335 2.6323200829   21.553  5.649  3.7096 -0.087    2  0.000  0.458     0.00     0.00     0.00     0.00     0.00 -1 -4.26e-05      0.00 5.653e-01 4.195e-01 1.282e-03 5.032e-03 3.706e-03 -1.000 1.517e-02 -9.352 -9.415 -8.916 -10.070
0.0152 0.01508 6.75000 34.4481239319 2.6323213996   21.398  5.649  3.7166 -0.062    2  0.000  0.454     0.00     0.00     0.00     0.00     0.00 -1 -4.36e-05      0.00 5.541e-01 4.307e-01 1.211e-03 5.265e-03 3.538e-03 -1.000 1.516e-02 -9.352 -9.434 -8.956 -10.070
0.0152 0.01508 6.75000 34.4584159851 2.6323220272   21.323  5.649  3.7215 -0.044    2  0.000  0.452     0.00     0.00     0.00     0.00     0.00 -1 -4.42e-05      0.00 5.455e-01 4.393e-01 1.164e-03 5.428e-03 3.418e-03 -1.000 1.516e-02 -9.352 -9.447 -8.983 -10.070
0.0152 0.01508 6.75000 34.4691581726 2.6323226818   21.241  5.649  3.7286 -0.017    2  0.000  0.450     0.00     0.00     0.00     0.00     0.00 -1 -4.54e-05      0.00 5.334e-01 4.515e-01 1.101e-03 5.649e-03 3.254e-03 -1.000 1.514e-02 -9.352 -9.463 -9.022 -10.067
0.0152 0.01508 6.75000 34.4769401550 2.6323231558   21.186  5.650  3.8202  0.347    2  0.000  0.488     0.00     0.00     0.00     0.00     0.00 -1 -3.93e-05      0.00 5.093e-01 4.755e-01 9.919e-04 6.056e-03 2.945e-03 -1.000 1.513e-02 -9.354 -9.559 -9.396 -9.848
0.0152 0.01508 6.75000 34.4837989807 2.6323235733   21.140  5.651  3.9603  0.905    2  0.000  0.548     0.00     0.00     0.00     0.00     0.00 -1  -3.1e-05      0.00 4.776e-01 5.072e-01 8.510e-04 6.584e-03 2.542e-03 -1.000 1.512e-02 -9.358 -9.306 -9.297 -9.336
0.0152 0.01508 6.75000 34.4841499329 2.6323235946   21.138  5.651  3.9676  0.934    2  0.000  0.551     0.00     0.00     0.00     0.00     0.00 -1 -3.06e-05      0.00 4.760e-01 5.089e-01 8.438e-04 6.611e-03 2.521e-03 -1.000 1.512e-02 -9.358 -9.283 -9.281 -9.300
0.0152 0.01508 6.75000 34.4845581055 2.6323236195   21.135  5.651  3.9759  0.967    2  0.000  0.554     0.00     0.00     0.00     0.00     0.00 -1 -3.02e-05      0.00 4.741e-01 5.107e-01 8.354e-04 6.643e-03 2.497e-03 -1.000 1.512e-02 -9.358 -9.251 -9.253 -9.259
0.0152 0.01508 6.75000 34.4860572815 2.6323237107   21.126  5.652  4.0066  1.090    2  0.000  0.567     0.00     0.00     0.00     0.00     0.00 -1 -2.87e-05      0.00 4.672e-01 5.177e-01 8.046e-04 6.758e-03 2.409e-03 -1.000 1.512e-02 -9.359 -9.116 -9.129 -9.106
0.0152 0.01508 6.75000 34.5089378357 2.6323251019   21.031  5.651  4.0783  1.375    2  0.000  0.591     0.00     0.00     0.00     0.00     0.00 -1 -2.58e-05      0.00 4.448e-01 5.401e-01 6.867e-04 7.172e-03 2.103e-03 -1.000 1.511e-02 -9.359 -8.770 -8.812 -8.704
0.0152 0.01508 6.75000 34.5201339722 2.6323257818   20.990  5.651  4.0834  1.394    2  0.000  0.588     0.00     0.00     0.00     0.00     0.00 -1 -2.58e-05      0.00 4.404e-01 5.445e-01 6.577e-04 7.265e-03 2.037e-03 -1.000 1.510e-02 -9.357 -8.744 -8.789 -8.673
0.0152 0.01508 6.75000 34.5299797058 2.6323263794   20.954  5.650  4.0883  1.414    2  0.000  0.586     0.00     0.00     0.00     0.00     0.00 -1 -2.58e-05      0.00 4.367e-01 5.482e-01 6.329e-04 7.344e-03 1.980e-03 -1.000 1.510e-02 -9.356 -8.716 -8.763 -8.642
0.0152 0.01508 6.75000 34.5422935486 2.6323271262   20.908  5.650  4.0936  1.435    2  0.000  0.583     0.00     0.00     0.00     0.00     0.00 -1 -2.58e-05      0.00 4.326e-01 5.523e-01 6.062e-04 7.430e-03 1.919e-03 -1.000 1.508e-02 -9.354 -8.686 -8.734 -8.608
0.0152 0.01508 6.75000 34.5561752319 2.6323279673   20.856  5.649  4.0995  1.458    2  0.000  0.579     0.00     0.00     0.00     0.00     0.00 -1 -2.57e-05      0.00 4.281e-01 5.568e-01 5.766e-04 7.525e-03 1.852e-03 -1.000 1.506e-02 -9.352 -8.652 -8.702 -8.571
0.0152 0.01508 6.75000 34.5713844299 2.6323288880   20.800  5.648  4.1057  1.483    2  0.000  0.574     0.00     0.00     0.00     0.00     0.00 -1 -2.57e-05      0.00 4.233e-01 5.617e-01 5.451e-04 7.627e-03 1.779e-03 -1.000 1.505e-02 -9.350 -8.616 -8.668 -8.531
0.0152 0.01508 6.75000 34.5877571106 2.6323298780   20.739  5.647  4.1118  1.507    2  0.000  0.568     0.00     0.00     0.00     0.00     0.00 -1 -2.56e-05      0.00 4.193e-01 5.656e-01 5.177e-04 7.711e-03 1.723e-03 -1.000 1.503e-02 -9.347 -8.579 -8.633 -8.492
0.0152 0.01508 6.75000 34.6026802063 2.6323307795   20.684  5.646  4.1171  1.528    3  0.000  0.562    11.56    11.69     8.63     5.99     4.97  2 -2.55e-05      0.00 4.158e-01 5.692e-01 4.926e-04 7.787e-03 1.671e-03 -1.000 1.504e-02 -9.345 -8.546 -8.602 -8.457
0.0152 0.01508 6.75000 34.6171989441 2.6323316557   20.631  5.645  4.1222  1.548    3  0.000  0.556    10.98    11.26     8.33     5.78     4.80  2 -2.53e-05      0.00 4.124e-01 5.726e-01 4.685e-04 7.860e-03 1.622e-03 -1.000 1.505e-02 -9.343 -8.514 -8.570 -8.424
0.0152 0.01508 6.75000 34.6386833191 2.6323329507   20.552  5.644  4.1288  1.574    3  0.000  0.543    10.27    10.73     7.95     5.51     4.58  2 -2.52e-05      0.00 4.081e-01 5.768e-01 4.363e-04 7.953e-03 1.563e-03 -1.000 1.505e-02 -9.340 -8.471 -8.528 -8.381
0.0152 0.01508 6.75000 34.6670074463 2.6323346552   20.449  5.642  4.1373  1.608    3  0.000  0.523     9.44    10.09     7.50     5.19     4.31  2 -2.49e-05      0.00 4.027e-01 5.823e-01 3.942e-04 8.072e-03 1.488e-03 -1.000 1.506e-02 -9.336 -8.416 -8.474 -8.326
0.0152 0.01508 6.75000 34.6880378723 2.6323359186   20.373  5.641  4.1429  1.630    3  0.000  0.504     8.92     9.69     7.21     4.99     4.14  2 -2.47e-05      0.00 3.987e-01 5.862e-01 3.636e-04 8.158e-03 1.436e-03 -1.000 1.508e-02 -9.333 -8.380 -8.440 -8.289
0.0152 0.01508 6.75000 34.7157745361 2.6323375823   20.273  5.640  4.1501  1.658    3  0.000  0.474     8.30     9.20     6.86     4.75     3.94  2 -2.46e-05      0.00 3.941e-01 5.908e-01 3.264e-04 8.261e-03 1.374e-03 -1.000 1.510e-02 -9.329 -8.336 -8.398 -8.241
0.0152 0.01508 6.75000 34.7431793213 2.6323392231   20.174  5.639  4.1567  1.683    3  0.000  0.435     7.79     8.78     6.56     4.54     3.76  2 -2.45e-05      0.00 3.905e-01 5.944e-01 2.965e-04 8.344e-03 1.325e-03 -1.000 1.509e-02 -9.327 -8.300 -8.365 -8.197
0.0152 0.01508 6.75000 34.7769584656 2.6323412414   20.053  5.638  4.1643  1.711    3  0.000  0.389     7.24     8.32     6.24     4.31     3.57  2 -2.45e-05      0.00 3.871e-01 5.978e-01 2.674e-04 8.425e-03 1.277e-03 -1.000 1.509e-02 -9.325 -8.260 -8.329 -8.147
0.0152 0.01508 6.75000 34.8101844788 2.6323432223   19.934  5.637  4.1712  1.737    3  0.000  0.370     6.78     7.93     5.96     4.11     3.41  2 -2.44e-05      0.00 3.838e-01 6.011e-01 2.435e-04 8.494e-03 1.232e-03 -1.000 1.509e-02 -9.324 -8.223 -8.295 -8.103
0.0152 0.01508 6.75000 34.8557357788 2.6323459310   19.772  5.637  4.1804  1.770    3  0.000  0.366     6.23     7.46     5.61     3.87     3.21  2 -2.45e-05      0.00 3.794e-01 6.055e-01 2.143e-04 8.585e-03 1.173e-03 -1.000 1.509e-02 -9.323 -8.175 -8.251 -8.045
0.0152 0.01508 6.75000 34.8938217163 2.6323481895   19.636  5.638  4.1885  1.799    3  0.000  0.364     5.79     7.06     5.33     3.68     3.05  2 -2.46e-05      0.00 3.759e-01 6.090e-01 1.938e-04 8.648e-03 1.129e-03 -1.000 1.508e-02 -9.324 -8.131 -8.209 -7.997
0.0152 0.01508 6.75000 34.9309844971 2.6323503878   19.502  5.638  4.1976  1.832    3  0.000  0.361     5.33     6.65     5.03     3.47     2.87  2 -2.46e-05      0.00 3.726e-01 6.124e-01 1.789e-04 8.699e-03 1.094e-03 -1.000 1.502e-02 -9.326 -8.082 -8.164 -7.943
0.0152 0.01508 6.75000 34.9552192688 2.6323518184   19.415  5.639  4.2043  1.856    3  0.000  0.359     5.01     6.35     4.81     3.32     2.75  2 -2.47e-05      0.00 3.699e-01 6.151e-01 1.695e-04 8.731e-03 1.071e-03 -1.000 1.500e-02 -9.327 -8.046 -8.130 -7.903
0.0152 0.01508 6.75000 34.9789848328 2.6323532192   19.329  5.640  4.2121  1.885    3  0.000  0.357     4.66     6.03     4.58     3.15     2.61  2 -2.49e-05      0.00 3.663e-01 6.187e-01 1.603e-04 8.763e-03 1.049e-03 -1.000 1.502e-02 -9.329 -8.005 -8.091 -7.858
0.0152 0.01508 6.75000 34.9848594666 2.6323535651   19.308  5.640  4.2140  1.892    3  0.000  0.357     4.58     5.95     4.52     3.11     2.58  2  -2.5e-05      0.00 3.654e-01 6.196e-01 1.581e-04 8.771e-03 1.044e-03 -1.000 1.503e-02 -9.329 -7.995 -8.082 -7.846
0.0152 0.01508 6.75000 34.9963188171 2.6323542395   19.265  5.640  4.2185  1.909    3  0.000  0.358     4.39     5.77     4.39     3.02     2.50  2 -2.51e-05      0.00 3.631e-01 6.219e-01 1.550e-04 8.782e-03 1.035e-03 -1.000 1.499e-02 -9.330 -7.971 -8.059 -7.820
0.0152 0.01508 6.75000 35.0000000000 2.6323544560   19.253  5.640  4.2201  1.915    3  0.000  0.358     4.33     5.70     4.34     2.99     2.48  2 -2.51e-05      0.00 3.622e-01 6.228e-01 1.540e-04 8.786e-03 1.033e-03 -1.000 1.500e-02 -9.331 -7.963 -8.051 -7.811
0.0152 0.01508 6.75000 35.0150947571 2.6323553433   19.201  5.641  4.2275  1.943    3  0.000  0.370     4.03     5.42     4.14     2.84     2.36  2 -2.54e-05      0.00 3.581e-01 6.261e-01 7.982e-04 8.778e-03 1.155e-03 -1.000 1.581e-02 -9.332 -7.924 -8.015 -7.768
0.0152 0.01508 6.75000 35.0279083252 2.6323560959   19.156  5.641  4.2341  1.968    3  0.000  0.382     3.78     5.17     3.96     2.72     2.25  2 -2.56e-05      0.00 3.538e-01 6.297e-01 1.346e-03 8.771e-03 1.259e-03  7.975 1.648e-02 -9.332 -7.889 -7.981 -7.729
0.0152 0.01508 6.75000 35.0407333374 2.6323568484   19.112  5.641  4.2413  1.995    3  0.000  0.395     3.53     4.92     3.77     2.59     2.15  2 -2.57e-05      0.00 3.486e-01 6.343e-01 1.894e-03 8.769e-03 1.364e-03  8.319 1.710e-02 -9.333 -7.851 -7.946 -7.688
0.0152 0.01508 6.75000 35.0535621643 2.6323576006   19.068  5.641  4.2490  2.025    3  0.000  0.410     3.28     4.66     3.58     2.46     2.03  2 -2.59e-05      0.00 3.425e-01 6.398e-01 2.444e-03 8.763e-03 1.470e-03  8.514 1.777e-02 -9.333 -7.810 -7.907 -7.643
0.0152 0.01508 6.75000 35.0663986206 2.6323583526   19.023  5.642  4.2572  2.057    3  0.000  0.427     3.03     4.40     3.39     2.32     1.92  2 -2.65e-05      0.00 3.349e-01 6.466e-01 2.995e-03 8.756e-03 1.576e-03  8.654 1.849e-02 -9.334 -7.767 -7.866 -7.597
0.0152 0.01508 6.75000 35.0792388916 2.6323591042   18.978  5.642  4.2657  2.089    3  0.000  0.445     2.79     4.14     3.20     2.19     1.82  2 -2.68e-05      0.00 3.256e-01 6.552e-01 3.547e-03 8.753e-03 1.683e-03  8.767 1.916e-02 -9.334 -7.723 -7.824 -7.549
0.0152 0.01508 6.75000 35.0920829773 2.6323598553   18.932  5.642  4.2742  2.122    3  0.000  0.465     2.57     3.90     3.02     2.07     1.71  2 -2.73e-05      0.00 3.146e-01 6.655e-01 4.100e-03 8.747e-03 1.790e-03  8.863 1.983e-02 -9.334 -7.678 -7.781 -7.500
0.0152 0.01508 6.75000 35.1049346924 2.6323606063   18.885  5.642  4.2826  2.155    3  0.000  0.487     2.37     3.68     2.86     1.95     1.62  2 -2.78e-05      0.00 3.020e-01 6.775e-01 4.654e-03 8.740e-03 1.899e-03  8.950 2.051e-02 -9.334 -7.631 -7.736 -7.447
0.0152 0.01508 6.75000 35.1242179871 2.6323617319   18.814  5.642  4.2943  2.200    3  0.000  0.526     2.12     3.38     2.64     1.80     1.49  2 -2.89e-05      0.00 2.820e-01 6.965e-01 5.487e-03 8.734e-03 2.063e-03  9.066 2.154e-02 -9.334 -7.555 -7.665 -7.357
0.0152 0.01508 6.75000 35.1435127258 2.6323628568   18.742  5.641  4.3028  2.233    3  0.000  0.579     1.95     3.19     2.49     1.70     1.41  2 -2.98e-05      0.00 2.660e-01 7.115e-01 6.324e-03 8.724e-03 2.230e-03  9.164 2.256e-02 -9.333 -6.968 -7.105 -6.736
0.0152 0.01508 6.75000 35.2854194641 2.6323710864   18.183  5.640  4.3331  2.342    3  0.000  0.973     1.49     2.60     2.05     1.39     1.15  2 -3.03e-05      0.00 2.487e-01 7.211e-01 1.253e-02 8.606e-03 3.525e-03  9.520 3.018e-02 -9.330 -6.966 -7.101 -6.740
0.0152 0.01508 6.75000 35.4474487305 2.6323803903   17.560  5.641  4.3685  2.468    3  0.000  1.081     1.09     2.05     1.63     1.11     0.92  2 -3.02e-05      0.00 2.387e-01 7.222e-01 1.967e-02 8.500e-03 5.122e-03  9.742 3.909e-02 -9.331 -6.976 -7.108 -6.757
0.0152 0.01508 6.75000 35.5396423340 2.6323856406   17.222  5.642  4.3914  2.550    3  0.000  1.138     0.89     1.76     1.41     0.96     0.79  2 -3.03e-05      0.00 2.331e-01 7.226e-01 2.380e-02 8.438e-03 6.123e-03  9.837 4.432e-02 -9.334 -6.987 -7.118 -6.773
0.0152 0.01508 6.75000 35.5455665588 2.6323859769   17.201  5.642  4.3931  2.556    3  0.000  1.141     0.88     1.74     1.39     0.95     0.78  2 -3.03e-05      0.00 2.328e-01 7.226e-01 2.407e-02 8.434e-03 6.191e-03  9.842 4.466e-02 -9.334 -6.988 -7.118 -6.774
0.0152 0.01508 6.75000 35.5844154358 2.6323881791   17.050  5.647  4.4047  2.594    3  0.000  1.167     0.80     1.62     1.30     0.88     0.73  2 -3.09e-05      0.00 2.302e-01 7.230e-01 2.578e-02 8.413e-03 6.575e-03  9.878 4.676e-02 -9.347 -6.998 -7.128 -6.787
0.0152 0.01508 6.75000 35.6104660034 2.6323896527   16.948  5.652  4.4154  2.629    3  0.000  1.184     0.73     1.52     1.22     0.83     0.68  2 -3.14e-05      0.00 2.286e-01 7.233e-01 2.692e-02 8.398e-03 6.831e-03  9.900 4.817e-02 -9.359 -6.999 -7.129 -6.790
0.0152 0.01508 6.75000 35.6208839417 2.6323902414   16.908  5.656  4.4227  2.653    3  0.000  1.171     0.69     1.45     1.17     0.79     0.66  2 -3.19e-05      0.00 2.279e-01 7.234e-01 2.738e-02 8.393e-03 6.946e-03  9.909 4.876e-02 -9.369 -7.003 -7.132 -6.795
0.0152 0.01508 6.75000 35.6266593933 2.6323905675   16.886  5.660  4.4295  2.676    3  0.000  1.162     0.65     1.39     1.13     0.76     0.63  2 -3.23e-05      0.00 2.275e-01 7.234e-01 2.765e-02 8.389e-03 7.020e-03  9.914 4.909e-02 -9.379 -7.008 -7.137 -6.803
0.0152 0.01508 6.75000 35.6304435730 2.6323907811   16.871  5.663  4.4352  2.695    3  0.000  1.163     0.62     1.35     1.09     0.74     0.61  2 -3.28e-05      0.00 2.273e-01 7.234e-01 2.783e-02 8.387e-03 7.069e-03  9.917 4.932e-02 -9.388 -7.014 -7.142 -6.810
0.0152 0.01508 6.75000 35.6361122131 2.6323911011   16.847  5.675  4.4427  2.712    3  0.000  1.165     0.60     1.30     1.06     0.72     0.59  2 -3.45e-05      0.00 2.267e-01 7.236e-01 2.809e-02 8.389e-03 7.142e-03  9.922 4.969e-02 -9.418 -7.042 -7.169 -6.843
0.0152 0.01508 6.75000 35.6400680542 2.6323913242   16.830  5.684  4.4476  2.723    3  0.000  1.166     0.58     1.28     1.04     0.70     0.58  2 -3.57e-05      0.00 2.263e-01 7.237e-01 2.828e-02 8.390e-03 7.194e-03  9.926 4.995e-02 -9.439 -7.063 -7.189 -6.867
0.0152 0.01508 6.75000 35.6441116333 2.6323915523   16.812  5.692  4.4525  2.734    3  0.000  1.168     0.57     1.25     1.02     0.69     0.57  2 -3.69e-05      0.00 2.259e-01 7.239e-01 2.847e-02 8.391e-03 7.248e-03  9.929 5.022e-02 -9.460 -7.072 -7.198 -6.878
0.0152 0.01508 6.75000 35.6487998962 2.6323918167   16.788  5.701  4.4588  2.749    3  0.000  1.170     0.55     1.22     0.99     0.67     0.55  2 -3.84e-05      0.00 2.254e-01 7.241e-01 2.869e-02 8.392e-03 7.308e-03  9.933 5.049e-02 -9.482 -7.066 -7.191 -6.874
0.0152 0.01508 6.75000 35.6529388428 2.6323920500   16.767  5.709  4.4642  2.763    3  0.000  1.173     0.53     1.19     0.97     0.65     0.54  2 -3.98e-05      0.00 2.250e-01 7.243e-01 2.888e-02 8.393e-03 7.359e-03  9.937 5.074e-02 -9.502 -7.063 -7.187 -6.873
0.0152 0.01508 6.75000 35.6576042175 2.6323923129   16.744  5.717  4.4702  2.777    3  0.000  1.176     0.51     1.16     0.94     0.64     0.53  2 -4.15e-05      0.00 2.245e-01 7.245e-01 2.910e-02 8.395e-03 7.414e-03  9.941 5.100e-02 -9.523 -7.059 -7.183 -6.872
0.0152 0.01508 6.75000 35.6640396118 2.6323926755   16.711  5.729  4.4786  2.798    3  0.000  1.181     0.48     1.11     0.91     0.61     0.51  2 -4.36e-05      0.00 2.238e-01 7.248e-01 2.939e-02 8.396e-03 7.492e-03  9.947 5.138e-02 -9.553 -7.053 -7.176 -6.869
0.0152 0.01508 6.75000 35.6691093445 2.6323929610   16.700  5.736  4.4864  2.822    3  0.000  1.184     0.46     1.07     0.87     0.59     0.49  2 -4.51e-05      0.00 2.233e-01 7.250e-01 2.963e-02 8.394e-03 7.557e-03  9.951 5.171e-02 -9.571 -7.035 -7.157 -6.853
0.0152 0.01508 6.75000 35.6716728210 2.6323931053   16.695  5.741  4.4921  2.840    3  0.000  1.186     0.44     1.03     0.85     0.57     0.47  2 -4.57e-05      0.00 2.231e-01 7.250e-01 2.975e-02 8.394e-03 7.588e-03  9.954 5.188e-02 -9.582 -7.019 -7.141 -6.837
0.0152 0.01508 6.75000 35.6730384827 2.6323931822   16.692  5.744  4.4974  2.858    3  0.000  1.187     0.42     1.00     0.82     0.55     0.46  2 -4.64e-05      0.00 2.230e-01 7.251e-01 2.981e-02 8.393e-03 7.605e-03  9.955 5.197e-02 -9.591 -7.003 -7.125 -6.822
0.0152 0.01508 6.75000 35.6737251282 2.6323932209   16.691  5.748  4.5035  2.879    3  0.000  1.187     0.40     0.96     0.79     0.53     0.44  2 -4.72e-05      0.00 2.229e-01 7.251e-01 2.984e-02 8.393e-03 7.611e-03  9.955 5.201e-02 -9.600 -6.983 -7.104 -6.804
# Zini     MH   logAge Mini        int_IMF         Mass   logL    logTe  logg  label   McoreTP C_O  period0  period1  period2  period3  period4  pmode  Mloss  tau1m   X   Y   Xc  Xn  Xo  Cexcess  Z 	 mbolmag  Gmag    G_BPmag  G_RPmag
0.0152 0.01508 6.80000 0.0900000036 1.0816895926    0.090 -1.908  3.4003  3.853    0  0.000  0.545     0.00     0.00     0.00     0.00     0.00 -1  -6.2e-15      0.00 7.092e-01 2.755e-01 2.746e-03 7.408e-04 6.719e-03 -1.000 1.527e-02 9.540 11.563 14.094 10.115
0.0152 0.01508 6.80000 0.1070077345 1.2271133562    0.107 -1.815  3.4100  3.874    0  0.000  0.545     0.00     0.00     0.00     0.00     0.00 -1 -6.86e-15      0.00 7.092e-01 2.755e-01 2.746e-03 7.408e-04 6.719e-03 -1.000 1.527e-02 9.307 11.330 13.863 9.881
0.0152 0.01508 6.80000 0.1142761484 1.2803777851    0.114 -1.778  3.4138  3.881    0  0.000  0.545     0.00     0.00     0.00     0.00     0.00 -1 -7.15e-15      0.00 7.092e-01 2.755e-01 2.746e-03 7.408e-04 6.719e-03 -1.000 1.527e-02 9.215 11.237 13.771 9.788
0.0152 0.01508 6.80000 0.1164377034 1.2953742275    0.116 -1.768  3.4147  3.883    0  0.000  0.545     0.00     0.00     0.00     0.00     0.00 -1 -7.22e-15      0.00 7.092e-01 2.755e-01 2.746e-03 7.408e-04 6.719e-03 -1.000 1.527e-02 9.191 11.213 13.748 9.764
0.0152 0.01508 6.80000 0.1213869005 1.3283878675    0.121 -1.746  3.4170  3.888    0  0.000  0.545     0.00     0.00     0.00     0.00     0.00 -1 -7.44e-15      0.00 7.092e-01 2.755e-01 2.746e-03 7.408e-04 6.719e-03 -1.000 1.527e-02 9.134 11.141 13.661 9.696
0.0152 0.01508 6.80000 0.1313964278 1.3901011889    0.131 -1.696  3.4224  3.894    0  0.000  0.545     0.00     0.00     0.00     0.00     0.00 -1 -7.98e-15      0.00 7.092e-01 2.755e-01 2.746e-03 7.408e-04 6.719e-03 -1.000 1.527e-02 9.010 10.962 13.422 9.529
0.0152 0.01508 6.80000 0.1424094737 1.4513053466    0.142 -1.652  3.4269  3.903    0  0.000  0.545     0.00     0.00     0.00     0.00     0.00 -1  -8.4e-15      0.00 7.092e-01 2.755e-01 2.746e-03 7.408e-04 6.719e-03 -1.000 1.527e-02 8.899 10.786 13.174 9.367
0.0152 0.01508 6.80000 0.1527375728 1.5033569741    0.153 -1.606  3.4322  3.909    0  0.000  0.545     0.00     0.00     0.00     0.00     0.00 -1 -8.95e-15      0.00 7.092e-01 2.755e-01 2.746e-03 7.408e-04 6.719e-03 -1.000 1.527e-02 8.785 10.601 12.913 9.198
0.0152 0.01508 6.80000 0.1606347412 1.5401638365    0.161 -1.579  3.4351  3.915    0  0.000  0.545     0.00     0.00     0.00     0.00     0.00 -1 -9.22e-15      0.00 7.092e-01 2.755e-01 2.746e-03 7.408e-04 6.719e-03 -1.000 1.527e-02 8.717 10.496 12.770 9.101
0.0152 0.01508 6.80000 0.1735572815 1.5955849876    0.174 -1.523  3.4423  3.922    0  0.000  0.545     0.00     0.00     0.00     0.00     0.00 -1    -1e-14      0.00 7.092e-01 2.755e-01 2.746e-03 7.408e-04 6.719e-03 -1.000 1.527e-02 8.579 10.268 12.449 8.894
0.0152 0.01508 6.80000 0.1872304231 1.6486674225    0.187 -1.474  3.4480  3.929    0  0.000  0.545     0.00     0.00     0.00     0.00     0.00 -1 -1.07e-14      0.00 7.092e-01 2.755e-01 2.746e-03 7.408e-04 6.719e-03 -1.000 1.527e-02 8.456 10.077 12.186 8.718
0.0152 0.01508 6.80000 0.2156679332 1.7444787423    0.216 -1.388  3.4579  3.944    0  0.000  0.545     0.00     0.00     0.00     0.00     0.00 -1 -1.19e-14      0.00 7.092e-01 2.755e-01 2.746e-03 7.408e-04 6.719e-03 -1.000 1.527e-02 8.241 9.745 11.728 8.416
0.0152 0.01508 6.80000 0.2387018353 1.8107752771    0.239 -1.324  3.4654  3.954    0  0.000  0.545     0.00     0.00     0.00     0.00     0.00 -1  -1.3e-14      0.00 7.092e-01 2.755e-01 2.746e-03 7.408e-04 6.719e-03 -1.000 1.527e-02 8.080 9.506 11.406 8.198
0.0152 0.01508 6.80000 0.2510628402 1.8430161439    0.251 -1.297  3.4684  3.960    0  0.000  0.545     0.00     0.00     0.00     0.00     0.00 -1 -1.34e-14      0.00 7.092e-01 2.755e-01 2.746e-03 7.408e-04 6.719e-03 -1.000 1.527e-02 8.012 9.409 11.277 8.108
0.0152 0.01508 6.80000 0.2783228159 1.9073433863    0.278 -1.229  3.4770  3.971    0  0.000  0.545     0.00     0.00     0.00     0.00     0.00 -1 -1.47e-14      0.00 7.092e-01 2.755e-01 2.746e-03 7.408e-04 6.719e-03 -1.000 1.527e-02 7.842 9.158 10.939 7.880
0.0152 0.01508 6.80000 0.3000000119 1.9529139769    0.300 -1.182  3.4828  3.980    0  0.000  0.545     0.00     0.00     0.00     0.00     0.00 -1 -1.56e-14      0.00 7.092e-01 2.755e-01 2.746e-03 7.408e-04 6.719e-03 -1.000 1.527e-02 7.725 8.988 10.712 7.726
0.0152 0.01508 6.80000 0.3314627409 2.0119450866    0.331 -1.117  3.4912  3.993    0  0.000  0.545     0.00     0.00     0.00     0.00     0.00 -1  -1.7e-14      0.00 7.092e-01 2.755e-01 2.746e-03 7.408e-04 6.719e-03 -1.000 1.527e-02 7.563 8.751 10.392 7.513
0.0152 0.01508 6.80000 0.3500000238 2.0434175133    0.350 -1.081  3.4958  3.999    0  0.000  0.545     0.00     0.00     0.00     0.00     0.00 -1 -1.79e-14      0.00 7.092e-01 2.755e-01 2.746e-03 7.408e-04 6.719e-03 -1.000 1.527e-02 7.474 8.627 10.230 7.400
0.0152 0.01508 6.80000 0.3738697469 2.0808909029    0.374 -1.041  3.5011  4.008    0  0.000  0.545     0.00     0.00     0.00     0.00     0.00 -1 -1.87e-14      0.00 7.092e-01 2.755e-01 2.746e-03 7.408e-04 6.719e-03 -1.000 1.527e-02 7.373 8.486 10.047 7.273
0.0152 0.01508 6.80000 0.4000000358 2.1185024810    0.400 -0.998  3.5067  4.017    0  0.000  0.545     0.00     0.00     0.00     0.00     0.00 -1 -1.98e-14      0.00 7.092e-01 2.755e-01 2.746e-03 7.408e-04 6.719e-03 -1.000 1.527e-02 7.266 8.339 9.857 7.139
0.0152 0.01508 6.80000 0.4344755411 2.1635054673    0.434 -0.946  3.5142  4.030    0  0.000  0.545     0.00     0.00     0.00     0.00     0.00 -1 -2.11e-14      0.00 7.092e-01 2.755e-01 2.746e-03 7.408e-04 6.719e-03 -1.000 1.527e-02 7.134 8.154 9.616 6.973
0.0152 0.01508 6.80000 0.4500000477 2.1822809714    0.450 -0.922  3.5175  4.035    0  0.000  0.545     0.00     0.00     0.00     0.00     0.00 -1 -2.18e-14      0.00 7.092e-01 2.755e-01 2.746e-03 7.408e-04 6.719e-03 -1.000 1.527e-02 7.075 8.072 9.508 6.899
0.0152 0.01508 6.80000 0.4825117290 2.2190050363    0.482 -0.877  3.5243  4.047    0  0.000  0.545     0.00     0.00     0.00     0.00     0.00 -1  -2.3e-14      0.00 7.092e-01 2.755e-01 2.746e-03 7.408e-04 6.719e-03 -1.000 1.527e-02 6.962 7.912 9.297 6.757
0.0152 0.01508 6.80000 0.5000000000 2.2374541529    0.500 -0.852  3.5280  4.053    0  0.000  0.545     0.00     0.00     0.00     0.00     0.00 -1 -2.38e-14      0.00 7.092e-01 2.755e-01 2.746e-03 7.408e-04 6.719e-03 -1.000 1.527e-02 6.900 7.823 9.180 6.679
0.0152 0.01508 6.80000 0.5094504356 2.2469887685    0.509 -0.840  3.5302  4.058    0  0.000  0.545     0.00     0.00     0.00     0.00     0.00 -1 -2.41e-14      0.00 7.092e-01 2.755e-01 2.746e-03 7.408e-04 6.719e-03 -1.000 1.527e-02 6.869 7.777 9.118 6.639
0.0152 0.01508 6.80000 0.5326072574 2.2687156785    0.532 -0.809  3.5352  4.066    0  0.000  0.545     0.00     0.00     0.00     0.00     0.00 -1 -2.51e-14      0.00 7.092e-01 2.755e-01 2.746e-03 7.408e-04 6.719e-03 -1.000 1.527e-02 6.792 7.667 8.972 6.543
0.0152 0.01508 6.80000 0.5500000119 2.2836582633    0.550 -0.788  3.5383  4.071    0  0.000  0.545     0.00     0.00     0.00     0.00     0.00 -1 -2.57e-14      0.00 7.092e-01 2.755e-01 2.746e-03 7.408e-04 6.719e-03 -1.000 1.527e-02 6.740 7.594 8.876 6.478
0.0152 0.01508 6.80000 0.5556124449 2.2882510609    0.555 -0.781  3.5396  4.074    0  0.000  0.545     0.00     0.00     0.00     0.00     0.00 -1 -2.59e-14      0.00 7.092e-01 2.755e-01 2.746e-03 7.408e-04 6.719e-03 -1.000 1.527e-02 6.722 7.567 8.839 6.455
0.0152 0.01508 6.80000 0.5828314424 2.3090896456    0.583 -0.746  3.5455  4.083    0  0.000  0.545     0.00     0.00     0.00     0.00     0.00 -1 -2.71e-14      0.00 7.092e-01 2.755e-01 2.746e-03 7.408e-04 6.719e-03 -1.000 1.527e-02 6.635 7.440 8.671 6.346
0.0152 0.01508 6.80000 0.6000000238 2.3211213258    0.600 -0.726  3.5487  4.089    0  0.000  0.545     0.00     0.00     0.00     0.00     0.00 -1 -2.78e-14      0.00 7.092e-01 2.755e-01 2.746e-03 7.408e-04 6.719e-03 -1.000 1.527e-02 6.585 7.369 8.577 6.284
0.0152 0.01508 6.80000 0.6200277805 2.3341929244    0.620 -0.701  3.5533  4.097    0  0.000  0.545     0.00     0.00     0.00     0.00     0.00 -1 -2.87e-14      0.00 7.092e-01 2.755e-01 2.746e-03 7.408e-04 6.719e-03 -1.000 1.527e-02 6.524 7.277 8.453 6.206
0.0152 0.01508 6.80000 0.6492443085 2.3516086911    0.649 -0.668  3.5593  4.107    0  0.000  0.545     0.00     0.00     0.00     0.00     0.00 -1 -2.99e-14      0.00 7.092e-01 2.755e-01 2.746e-03 7.408e-04 6.719e-03 -1.000 1.527e-02 6.439 7.153 8.287 6.100
0.0152 0.01508 6.80000 0.6499999762 2.3520353107    0.650 -0.667  3.5594  4.108    0  0.000  0.545     0.00     0.00     0.00     0.00     0.00 -1    -3e-14      0.00 7.092e-01 2.755e-01 2.746e-03 7.408e-04 6.719e-03 -1.000 1.527e-02 6.437 7.150 8.282 6.098
0.0152 0.01508 6.80000 0.6676260233 2.3616720475    0.668 -0.645  3.5635  4.114    0  0.000  0.545     0.00     0.00     0.00     0.00     0.00 -1 -3.09e-14      0.00 7.092e-01 2.755e-01 2.746e-03 7.408e-04 6.719e-03 -1.000 1.527e-02 6.383 7.068 8.173 6.029
0.0152 0.01508 6.80000 0.6983926892 2.3771604853    0.699 -0.608  3.5701  4.123    0  0.000  0.545     0.00     0.00     0.00     0.00     0.00 -1 -3.25e-14      0.00 7.092e-01 2.755e-01 2.746e-03 7.408e-04 6.719e-03 -1.000 1.527e-02 6.291 6.931 7.990 5.913
0.0152 0.01508 6.80000 0.7000000477 2.3779267258    0.700 -0.606  3.5705  4.123    0  0.000  0.545     0.00     0.00     0.00     0.00     0.00 -1 -3.26e-14      0.00 7.092e-01 2.755e-01 2.746e-03 7.408e-04 6.719e-03 -1.000 1.527e-02 6.286 6.923 7.980 5.907
0.0152 0.01508 6.80000 0.7500000000 2.3998889087    0.750 -0.464  3.6182  4.202    0  0.000  0.538     0.00     0.00     0.00     0.00     0.00 -1    -4e-14      0.00 7.092e-01 2.755e-01 2.710e-03 7.399e-04 6.720e-03 -1.000 1.527e-02 5.931 6.267 7.052 5.403
0.0152 0.01508 6.80000 0.7883071303 2.4145653275    0.788 -0.427  3.6230  4.206    0  0.000  0.538     0.00     0.00     0.00     0.00     0.00 -1 -4.23e-14      0.00 7.092e-01 2.755e-01 2.710e-03 7.399e-04 6.720e-03 -1.000 1.527e-02 5.838 6.149 6.911 5.298
0.0152 0.01508 6.80000 0.8000000119 2.4187244405    0.800 -0.417  3.6243  4.207    0  0.000  0.538     0.00     0.00     0.00     0.00     0.00 -1 -4.29e-14      0.00 7.092e-01 2.755e-01 2.710e-03 7.399e-04 6.720e-03 -1.000 1.527e-02 5.813 6.116 6.872 5.269
0.0152 0.01508 6.80000 0.8495827317 2.4349076700    0.849 -0.371  3.6303  4.211    0  0.000  0.538     0.00     0.00     0.00     0.00     0.00 -1 -4.61e-14      0.00 7.092e-01 2.755e-01 2.710e-03 7.399e-04 6.720e-03 -1.000 1.527e-02 5.697 5.967 6.694 5.138
0.0152 0.01508 6.80000 0.8500000238 2.4350346840    0.850 -0.370  3.6303  4.211    0  0.000  0.538     0.00     0.00     0.00     0.00     0.00 -1 -4.62e-14      0.00 7.092e-01 2.755e-01 2.710e-03 7.399e-04 6.720e-03 -1.000 1.527e-02 5.696 5.965 6.693 5.137
0.0152 0.01508 6.80000 0.9000000358 2.4492786175    0.899 -0.322  3.6364  4.212    0  0.000  0.538     0.00     0.00     0.00     0.00     0.00 -1 -5.01e-14      0.00 7.092e-01 2.755e-01 2.710e-03 7.399e-04 6.720e-03 -1.000 1.527e-02 5.575 5.813 6.512 5.002
0.0152 0.01508 6.80000 0.9493842721 2.4616670526    0.949 -0.276  3.6424  4.213    0  0.000  0.538     0.00     0.00     0.00     0.00     0.00 -1 -5.41e-14      0.00 7.092e-01 2.755e-01 2.710e-03 7.399e-04 6.720e-03 -1.000 1.527e-02 5.460 5.667 6.340 4.874
0.0152 0.01508 6.80000 0.9500000477 2.4618122009    0.950 -0.276  3.6425  4.213    0  0.000  0.538     0.00     0.00     0.00     0.00     0.00 -1 -5.42e-14      0.00 7.092e-01 2.755e-01 2.710e-03 7.399e-04 6.720e-03 -1.000 1.527e-02 5.459 5.665 6.338 4.873
0.0152 0.01508 6.80000 0.9859749675 2.4699315060    0.986 -0.242  3.6470  4.214    0  0.000  0.538     0.00     0.00     0.00     0.00     0.00 -1 -5.73e-14      0.00 7.092e-01 2.755e-01 2.710e-03 7.399e-04 6.720e-03 -1.000 1.527e-02 5.376 5.559 6.212 4.779
0.0152 0.01508 6.80000 1.0000000000 2.4729154477    1.000 -0.227  3.6488  4.213    0  0.000  0.538     0.00     0.00     0.00     0.00     0.00 -1  -5.9e-14      0.00 7.092e-01 2.755e-01 2.710e-03 7.399e-04 6.720e-03 -1.000 1.527e-02 5.339 5.512 6.158 4.738
0.0152 0.01508 6.80000 1.0499999523 2.4828114860    1.050 -0.180  3.6554  4.213    0  0.000  0.538     0.00     0.00     0.00     0.00     0.00 -1 -5.97e-14      0.00 7.092e-01 2.755e-01 2.710e-03 7.399e-04 6.720e-03 -1.000 1.527e-02 5.220 5.363 5.982 4.607
0.0152 0.01508 6.80000 1.0964180231 2.4910756688    1.096 -0.133  3.6620  4.210    0  0.000  0.538     0.00     0.00     0.00     0.00     0.00 -1 -6.05e-14      0.00 7.092e-01 2.755e-01 2.710e-03 7.399e-04 6.720e-03 -1.000 1.527e-02 5.101 5.214 5.808 4.477
0.0152 0.01508 6.80000 1.1000000238 2.4916801480    1.099 -0.129  3.6625  4.210    0  0.000  0.538     0.00     0.00     0.00     0.00     0.00 -1 -6.07e-14      0.00 7.092e-01 2.755e-01 2.710e-03 7.399e-04 6.720e-03 -1.000 1.527e-02 5.092 5.202 5.794 4.467
0.0152 0.01508 6.80000 1.1407963037 2.4982578762    1.140 -0.087  3.6685  4.208    0  0.000  0.538     0.00     0.00     0.00     0.00     0.00 -1 -6.11e-14      0.00 7.092e-01 2.755e-01 2.710e-03 7.399e-04 6.720e-03 -1.000 1.527e-02 4.988 5.074 5.645 4.355
0.0152 0.01508 6.80000 1.1499999762 2.4996678137    1.149 -0.077  3.6699  4.207    0  0.000  0.538     0.00     0.00     0.00     0.00     0.00 -1 -6.14e-14      0.00 7.092e-01 2.755e-01 2.710e-03 7.399e-04 6.720e-03 -1.000 1.527e-02 4.962 5.042 5.609 4.327
0.0152 0.01508 6.80000 1.2000000477 2.5068948796    1.200 -0.027  3.6772  4.205    0  0.000  0.538     0.00     0.00     0.00     0.00     0.00 -1 -6.14e-14      0.00 7.092e-01 2.755e-01 2.710e-03 7.399e-04 6.720e-03 -1.000 1.527e-02 4.838 4.890 5.433 4.195
0.0152 0.01508 6.80000 1.2500000000 2.5134610955    1.250  0.022  3.6844  4.203    0  0.000  0.538     0.00     0.00     0.00     0.00     0.00 -1 -6.08e-14      0.00 7.092e-01 2.755e-01 2.710e-03 7.399e-04 6.720e-03 -1.000 1.527e-02 4.716 4.744 5.264 4.067
0.0152 0.01508 6.80000 1.2760518789 2.5166488069    1.276  0.048  3.6882  4.201    0  0.000  0.538     0.00     0.00     0.00     0.00     0.00 -1 -6.02e-14      0.00 7.092e-01 2.755e-01 2.710e-03 7.399e-04 6.720e-03 -1.000 1.527e-02 4.650 4.666 5.174 3.998
0.0152 0.01508 6.80000 1.2985268831 2.5192809904    1.299  0.071  3.6916  4.199    0  0.000  0.538     0.00     0.00     0.00     0.00     0.00 -1 -5.97e-14      0.00 7.092e-01 2.755e-01 2.710e-03 7.399e-04 6.720e-03 -1.000 1.527e-02 4.592 4.598 5.097 3.939
0.0152 0.01508 6.80000 1.2999999523 2.5194498592    1.300  0.073  3.6919  4.198    0  0.000  0.538     0.00     0.00     0.00     0.00     0.00 -1 -5.98e-14      0.00 7.092e-01 2.755e-01 2.710e-03 7.399e-04 6.720e-03 -1.000 1.527e-02 4.588 4.593 5.091 3.934
0.0152 0.01508 6.80000 1.3500001431 2.5249313723    1.350  0.134  3.7002  4.187    0  0.000  0.538     0.00     0.00     0.00     0.00     0.00 -1 -5.95e-14      0.00 7.092e-01 2.755e-01 2.710e-03 7.399e-04 6.720e-03 -1.000 1.527e-02 4.435 4.417 4.891 3.779
0.0152 0.01508 6.80000 1.4000000954 2.5299650415    1.400  0.193  3.7083  4.176    0  0.000  0.538     0.00     0.00     0.00     0.00     0.00 -1  -5.8e-14      0.00 7.092e-01 2.755e-01 2.710e-03 7.399e-04 6.720e-03 -1.000 1.527e-02 4.287 4.249 4.702 3.630
0.0152 0.01508 6.80000 1.4497143030 2.5345761294    1.450  0.255  3.7165  4.163    0  0.000  0.538     0.00     0.00     0.00     0.00     0.00 -1 -5.56e-14      0.00 7.092e-01 2.755e-01 2.710e-03 7.399e-04 6.720e-03 -1.000 1.527e-02 4.133 4.076 4.509 3.476
0.0152 0.01508 6.80000 1.4500000477 2.5346015836    1.450  0.255  3.7166  4.162    0  0.000  0.538     0.00     0.00     0.00     0.00     0.00 -1 -5.56e-14      0.00 7.092e-01 2.755e-01 2.710e-03 7.399e-04 6.720e-03 -1.000 1.527e-02 4.132 4.075 4.508 3.475
0.0152 0.01508 6.80000 1.4863977432 2.5377521075    1.487  0.303  3.7227  4.150    0  0.000  0.538     0.00     0.00     0.00     0.00     0.00 -1 -5.27e-14      0.00 7.092e-01 2.755e-01 2.710e-03 7.399e-04 6.720e-03 -1.000 1.527e-02 4.013 3.944 4.362 3.357
0.0152 0.01508 6.80000 1.5000000000 2.5388844597    1.500  0.321  3.7251  4.145    0  0.000  0.538     0.00     0.00     0.00     0.00     0.00 -1 -5.19e-14      0.00 7.092e-01 2.755e-01 2.710e-03 7.399e-04 6.720e-03 -1.000 1.527e-02 3.967 3.893 4.306 3.312
0.0152 0.01508 6.80000 1.5035897493 2.5391793701    1.504  0.326  3.7257  4.144    0  0.000  0.538     0.00     0.00     0.00     0.00     0.00 -1 -5.14e-14      0.00 7.092e-01 2.755e-01 2.710e-03 7.399e-04 6.720e-03 -1.000 1.527e-02 3.955 3.880 4.292 3.300
0.0152 0.01508 6.80000 1.5499999523 2.5428511323    1.550  0.395  3.7340  4.121    0  0.000  0.538     0.00     0.00     0.00     0.00     0.00 -1 -4.65e-14      0.00 7.092e-01 2.755e-01 2.710e-03 7.399e-04 6.720e-03 -1.000 1.527e-02 3.782 3.693 4.085 3.132
0.0152 0.01508 6.80000 1.5656459332 2.5440326896    1.565  0.420  3.7369  4.113    0  0.000  0.538     0.00     0.00     0.00     0.00     0.00 -1 -4.35e-14      0.00 7.092e-01 2.755e-01 2.710e-03 7.399e-04 6.720e-03 -1.000 1.527e-02 3.721 3.628 4.013 3.072
0.0152 0.01508 6.80000 1.6000000238 2.5465340628    1.600  0.479  3.7435  4.089    0  0.000  0.538     0.00     0.00     0.00     0.00     0.00 -1 -3.84e-14      0.00 7.092e-01 2.755e-01 2.710e-03 7.399e-04 6.720e-03 -1.000 1.527e-02 3.572 3.470 3.841 2.930
0.0152 0.01508 6.80000 1.6245927811 2.5482501750    1.624  0.524  3.7483  4.070    0  0.000  0.538     0.00     0.00     0.00     0.00     0.00 -1 -3.06e-14      0.00 7.092e-01 2.755e-01 2.710e-03 7.399e-04 6.720e-03 -1.000 1.527e-02 3.460 3.353 3.713 2.823
0.0152 0.01508 6.80000 1.6500000954 2.5499614852    1.649  0.576  3.7537  4.046    0  0.000  0.538     0.00     0.00     0.00     0.00     0.00 -1 -2.48e-14      0.00 7.092e-01 2.755e-01 2.710e-03 7.399e-04 6.720e-03 -1.000 1.527e-02 3.330 3.217 3.566 2.700
0.0152 0.01508 6.80000 1.6587591171 2.5505374930    1.658  0.595  3.7555  4.037    0  0.000  0.538     0.00     0.00     0.00     0.00     0.00 -1 -3.14e-17      0.00 7.092e-01 2.755e-01 2.710e-03 7.399e-04 6.720e-03 -1.000 1.527e-02 3.283 3.169 3.513 2.656
0.0152 0.01508 6.80000 1.6859736443 2.5522833337    1.685  0.658  3.7617  4.005    0  0.000  0.538     0.00     0.00     0.00     0.00     0.00 -1 -3.69e-26      0.00 7.092e-01 2.755e-01 2.710e-03 7.399e-04 6.720e-03 -1.000 1.527e-02 3.124 3.005 3.335 2.506
0.0152 0.01508 6.80000 1.7000000477 2.5531580802    1.699  0.694  3.7650  3.987    0  0.000  0.538     0.00     0.00     0.00     0.00     0.00 -1    -1e-30      0.00 7.092e-01 2.755e-01 2.710e-03 7.399e-04 6.720e-03 -1.000 1.527e-02 3.036 2.914 3.237 2.424
0.0152 0.01508 6.80000 1.7051593065 2.5534756734    1.704  0.707  3.7663  3.980    0  0.000  0.538     0.00     0.00     0.00     0.00     0.00 -1    -1e-30      0.00 7.092e-01 2.755e-01 2.710e-03 7.399e-04 6.720e-03 -1.000 1.527e-02 3.003 2.881 3.201 2.393
0.0152 0.01508 6.80000 1.7283726931 2.5548777051    1.727  0.768  3.7722  3.948    0  0.000  0.538     0.00     0.00     0.00     0.00     0.00 -1    -1e-30      0.00 7.092e-01 2.755e-01 2.710e-03 7.399e-04 6.720e-03 -1.000 1.527e-02 2.850 2.724 3.031 2.251
0.0152 0.01508 6.80000 1.7500000000 2.5561455243    1.749  0.827  3.7779  3.918    0  0.000  0.538     0.00     0.00     0.00     0.00     0.00 -1    -1e-30      0.00 7.092e-01 2.755e-01 2.710e-03 7.399e-04 6.720e-03 -1.000 1.527e-02 2.704 2.574 2.868 2.115
0.0152 0.01508 6.80000 1.7744189501 2.5575343597    1.773  0.893  3.7849  3.886    0  0.000  0.538     0.00     0.00     0.00     0.00     0.00 -1    -1e-30      0.00 7.092e-01 2.755e-01 2.710e-03 7.399e-04 6.720e-03 -1.000 1.527e-02 2.538 2.406 2.686 1.964
0.0152 0.01508 6.80000 1.7998603582 2.5589353470    1.799  0.961  3.7928  3.855    0  0.000  0.538     0.00     0.00     0.00     0.00     0.00 -1    -1e-30      0.00 7.092e-01 2.755e-01 2.709e-03 7.399e-04 6.720e-03 -1.000 1.527e-02 2.368 2.234 2.498 1.812
0.0152 0.01508 6.80000 1.7999999523 2.5589429085    1.799  0.961  3.7928  3.855    0  0.000  0.538     0.00     0.00     0.00     0.00     0.00 -1    -1e-30      0.00 7.092e-01 2.755e-01 2.709e-03 7.399e-04 6.720e-03 -1.000 1.527e-02 2.367 2.233 2.497 1.811
0.0152 0.01508 6.80000 1.8221676350 2.5601268002    1.821  1.020  3.8006  3.833    0  0.000  0.538     0.00     0.00     0.00     0.00     0.00 -1    -1e-30      0.00 7.092e-01 2.755e-01 2.709e-03 7.399e-04 6.720e-03 -1.000 1.527e-02 2.221 2.086 2.333 1.683
0.0152 0.01508 6.80000 1.8447582722 2.5612996790    1.843  1.079  3.8100  3.816    0  0.000  0.538     0.00     0.00     0.00     0.00     0.00 -1    -1e-30      0.00 7.092e-01 2.755e-01 2.709e-03 7.399e-04 6.720e-03 -1.000 1.527e-02 2.072 1.937 2.165 1.558
0.0152 0.01508 6.80000 1.8500000238 2.5615671203    1.849  1.093  3.8124  3.813    0  0.000  0.538     0.00     0.00     0.00     0.00     0.00 -1    -1e-30      0.00 7.092e-01 2.755e-01 2.709e-03 7.399e-04 6.720e-03 -1.000 1.527e-02 2.038 1.903 2.127 1.530
0.0152 0.01508 6.80000 1.8535144329 2.5617454564    1.852  1.102  3.8140  3.811    0  0.000  0.538     0.00     0.00     0.00     0.00     0.00 -1    -1e-30      0.00 7.092e-01 2.755e-01 2.709e-03 7.399e-04 6.720e-03 -1.000 1.527e-02 2.014 1.880 2.100 1.511
0.0152 0.01508 6.80000 1.8708051443 2.5626116510    1.870  1.147  3.8236  3.809    0  0.000  0.538     0.00     0.00     0.00     0.00     0.00 -1    -1e-30      0.00 7.092e-01 2.755e-01 2.709e-03 7.398e-04 6.720e-03 -1.000 1.527e-02 1.901 1.767 1.970 1.421
0.0152 0.01508 6.80000 1.8843431473 2.5632771052    1.883  1.183  3.8330  3.814    0  0.000  0.538     0.00     0.00     0.00     0.00     0.00 -1    -1e-30      0.00 7.092e-01 2.755e-01 2.709e-03 7.398e-04 6.720e-03 -1.000 1.527e-02 1.813 1.679 1.867 1.356
0.0152 0.01508 6.80000 1.8958539963 2.5638343268    1.895  1.212  3.8427  3.826    0  0.000  0.538     0.00     0.00     0.00     0.00     0.00 -1    -1e-30      0.00 7.092e-01 2.755e-01 2.709e-03 7.398e-04 6.720e-03 -1.000 1.527e-02 1.740 1.607 1.778 1.308
0.0152 0.01508 6.80000 1.9000000954 2.5640331317    1.899  1.223  3.8467  3.833    0  0.000  0.538     0.00     0.00     0.00     0.00     0.00 -1    -1e-30      0.00 7.092e-01 2.755e-01 2.709e-03 7.398e-04 6.720e-03 -1.000 1.527e-02 1.713 1.582 1.747 1.292
0.0152 0.01508 6.80000 1.9119417667 2.5646001967    1.911  1.252  3.8586  3.853    0  0.000  0.538     0.00     0.00     0.00     0.00     0.00 -1    -1e-30      0.00 7.092e-01 2.755e-01 2.709e-03 7.398e-04 6.720e-03 -1.000 1.527e-02 1.639 1.512 1.657 1.251
0.0152 0.01508 6.80000 1.9252973795 2.5652248310    1.925  1.285  3.8725  3.880    0  0.000  0.538     0.00     0.00     0.00     0.00     0.00 -1    -1e-30      0.00 7.092e-01 2.755e-01 2.709e-03 7.398e-04 6.720e-03 -1.000 1.527e-02 1.559 1.439 1.563 1.214
0.0152 0.01508 6.80000 1.9387518167 2.5658440907    1.938  1.315  3.8867  3.909    0  0.000  0.538     0.00     0.00     0.00     0.00     0.00 -1    -1e-30      0.00 7.092e-01 2.755e-01 2.709e-03 7.398e-04 6.720e-03 -1.000 1.527e-02 1.483 1.374 1.477 1.184
0.0152 0.01508 6.80000 1.9500001669 2.5663542767    1.950  1.338  3.8982  3.935    0  0.000  0.538     0.00     0.00     0.00     0.00     0.00 -1    -1e-30      0.00 7.092e-01 2.755e-01 2.709e-03 7.398e-04 6.720e-03 -1.000 1.527e-02 1.426 1.329 1.415 1.169
0.0152 0.01508 6.80000 1.9523118734 2.5664582906    1.952  1.342  3.9006  3.941    0  0.000  0.538     0.00     0.00     0.00     0.00     0.00 -1    -1e-30      0.00 7.092e-01 2.755e-01 2.709e-03 7.398e-04 6.720e-03 -1.000 1.527e-02 1.414 1.320 1.402 1.166
0.0152 0.01508 6.80000 1.9671318531 2.5671184335    1.967  1.366  3.9149  3.978    0  0.000  0.538     0.00     0.00     0.00     0.00     0.00 -1    -1e-30      0.00 7.092e-01 2.755e-01 2.709e-03 7.398e-04 6.720e-03 -1.000 1.527e-02 1.355 1.282 1.345 1.164
0.0152 0.01508 6.80000 1.9800862074 2.5676861753    1.980  1.381  3.9262  4.011    0  0.000  0.538     0.00     0.00     0.00     0.00     0.00 -1    -1e-30      0.00 7.092e-01 2.755e-01 2.709e-03 7.398e-04 6.720e-03 -1.000 1.527e-02 1.318 1.267 1.315 1.176
0.0152 0.01508 6.80000 1.9896949530 2.5681018040    1.990  1.379  3.9316  4.036    0  0.000  0.538     0.00     0.00     0.00     0.00     0.00 -1    -1e-30      0.00 7.092e-01 2.755e-01 2.709e-03 7.398e-04 6.720e-03 -1.000 1.527e-02 1.321 1.282 1.324 1.202
0.0152 0.01508 6.80000 2.0000000000 2.5685424513    2.000  1.371  3.9354  4.062    0  0.000  0.538     0.00     0.00     0.00     0.00     0.00 -1    -1e-30      0.00 7.092e-01 2.755e-01 2.709e-03 7.398e-04 6.720e-03 -1.000 1.527e-02 1.344 1.314 1.353 1.241
0.0152 0.01508 6.80000 2.0119464397 2.5690467935    2.012  1.359  3.9396  4.093    0  0.000  0.538     0.00     0.00     0.00     0.00     0.00 -1    -1e-30      0.00 7.092e-01 2.755e-01 2.709e-03 7.398e-04 6.720e-03 -1.000 1.527e-02 1.372 1.354 1.388 1.288
0.0152 0.01508 6.80000 2.0275967121 2.5696971698    2.027  1.330  3.9407  4.130    0  0.000  0.538     0.00     0.00     0.00     0.00     0.00 -1    -1e-30      0.00 7.092e-01 2.755e-01 2.709e-03 7.398e-04 6.720e-03 -1.000 1.527e-02 1.444 1.430 1.464 1.366
0.0152 0.01508 6.80000 2.0402240753 2.5702135677    2.040  1.303  3.9395  4.155    0  0.000  0.538     0.00     0.00     0.00     0.00     0.00 -1    -1e-30      0.00 7.092e-01 2.755e-01 2.709e-03 7.398e-04 6.720e-03 -1.000 1.527e-02 1.514 1.497 1.533 1.429
0.0152 0.01508 6.80000 2.0499999523 2.5706083333    2.050  1.282  3.9380  4.171    0  0.000  0.538     0.00     0.00     0.00     0.00     0.00 -1    -1e-30      0.00 7.092e-01 2.755e-01 2.709e-03 7.398e-04 6.720e-03 -1.000 1.527e-02 1.564 1.544 1.582 1.473
0.0152 0.01508 6.80000 2.0526020527 2.5707126819    2.052  1.277  3.9375  4.175    0  0.000  0.538     0.00     0.00     0.00     0.00     0.00 -1    -1e-30      0.00 7.092e-01 2.755e-01 2.709e-03 7.398e-04 6.720e-03 -1.000 1.527e-02 1.578 1.557 1.595 1.484
0.0152 0.01508 6.80000 2.0658805370 2.5712404672    2.065  1.258  3.9359  4.190    0  0.000  0.538     0.00     0.00     0.00     0.00     0.00 -1    -1e-30      0.00 7.092e-01 2.755e-01 2.709e-03 7.398e-04 6.720e-03 -1.000 1.527e-02 1.624 1.600 1.640 1.523
0.0152 0.01508 6.80000 2.0882909298 2.5721137402    2.087  1.248  3.9356  4.204    0  0.000  0.538     0.00     0.00     0.00     0.00     0.00 -1    -1e-30      0.00 7.092e-01 2.755e-01 2.709e-03 7.398e-04 6.719e-03 -1.000 1.527e-02 1.650 1.625 1.666 1.547
0.0152 0.01508 6.80000 2.0999999046 2.5725614918    2.099  1.247  3.9359  4.209    0  0.000  0.538     0.00     0.00     0.00     0.00     0.00 -1    -1e-30      0.00 7.092e-01 2.755e-01 2.709e-03 7.398e-04 6.719e-03 -1.000 1.527e-02 1.654 1.630 1.671 1.553
0.0152 0.01508 6.80000 2.1007814407 2.5725911735    2.100  1.246  3.9360  4.210    0  0.000  0.538     0.00     0.00     0.00     0.00     0.00 -1    -1e-30      0.00 7.092e-01 2.755e-01 2.709e-03 7.398e-04 6.719e-03 -1.000 1.527e-02 1.654 1.630 1.671 1.553
0.0152 0.01508 6.80000 2.1362428665 2.5739117185    2.135  1.295  3.9468  4.212    0  0.000  0.538     0.00     0.00     0.00     0.00     0.00 -1    -1e-30      0.00 7.092e-01 2.755e-01 2.709e-03 7.398e-04 6.719e-03 -1.000 1.527e-02 1.533 1.539 1.568 1.483
0.0152 0.01508 6.80000 2.1500000954 2.5744105556    2.149  1.318  3.9525  4.214    0  0.000  0.538     0.00     0.00     0.00     0.00     0.00 -1    -1e-30      0.00 7.092e-01 2.755e-01 2.709e-03 7.398e-04 6.719e-03 -1.000 1.527e-02 1.475 1.497 1.521 1.452
0.0152 0.01508 6.80000 2.1693475246 2.5750997969    2.168  1.352  3.9608  4.217    0  0.000  0.538     0.00     0.00     0.00     0.00     0.00 -1    -1e-30      0.00 7.092e-01 2.755e-01 2.709e-03 7.398e-04 6.719e-03 -1.000 1.527e-02 1.390 1.441 1.457 1.409
0.0152 0.01508 6.80000 2.1996161938 2.5761501807    2.198  1.412  3.9773  4.229    0  0.000  0.538     0.00     0.00     0.00     0.00     0.00 -1    -1e-30      0.00 7.092e-01 2.755e-01 2.709e-03 7.398e-04 6.719e-03 -1.000 1.527e-02 1.240 1.355 1.359 1.348
0.0152 0.01508 6.80000 2.2000000477 2.5761632879    2.199  1.413  3.9775  4.230    0  0.000  0.538     0.00     0.00     0.00     0.00     0.00 -1    -1e-30      0.00 7.092e-01 2.755e-01 2.709e-03 7.398e-04 6.719e-03 -1.000 1.527e-02 1.238 1.354 1.358 1.347
0.0152 0.01508 6.80000 2.2054586411 2.5763491114    2.204  1.424  3.9809  4.232    0  0.000  0.538     0.00     0.00     0.00     0.00     0.00 -1    -1e-30      0.00 7.092e-01 2.755e-01 2.709e-03 7.398e-04 6.719e-03 -1.000 1.527e-02 1.209 1.339 1.341 1.336
0.0152 0.01508 6.80000 2.2268548012 2.5770673973    2.225  1.471  3.9956  4.249    0  0.000  0.538     0.00     0.00     0.00     0.00     0.00 -1    -1e-30      0.00 7.092e-01 2.755e-01 2.709e-03 7.398e-04 6.719e-03 -1.000 1.527e-02 1.092 1.286 1.279 1.301
0.0152 0.01508 6.80000 2.2449674606 2.5776631630    2.243  1.506  4.0076  4.266    0  0.000  0.538     0.00     0.00     0.00     0.00     0.00 -1    -1e-30      0.00 7.092e-01 2.755e-01 2.709e-03 7.398e-04 6.719e-03 -1.000 1.527e-02 1.006 1.256 1.242 1.283
0.0152 0.01508 6.80000 2.2500000000 2.5778267375    2.249  1.511  4.0102  4.271    0  0.000  0.538     0.00     0.00     0.00     0.00     0.00 -1    -1e-30      0.00 7.092e-01 2.755e-01 2.709e-03 7.398e-04 6.719e-03 -1.000 1.527e-02 0.992 1.253 1.238 1.283
0.0152 0.01508 6.80000 2.2631683350 2.5782507970    2.262  1.525  4.0164  4.285    0  0.000  0.538     0.00     0.00     0.00     0.00     0.00 -1    -1e-30      0.00 7.092e-01 2.755e-01 2.709e-03 7.398e-04 6.719e-03 -1.000 1.527e-02 0.958 1.250 1.232 1.285
0.0152 0.01508 6.80000 2.2963242531 2.5792937887    2.295  1.535  4.0260  4.320    0  0.000  0.538     0.00     0.00     0.00     0.00     0.00 -1    -1e-30      0.00 7.092e-01 2.755e-01 2.709e-03 7.398e-04 6.719e-03 -1.000 1.527e-02 0.932 1.270 1.248 1.313
0.0152 0.01508 6.80000 2.2999999523 2.5794072884    2.299  1.535  4.0267  4.323    0  0.000  0.538     0.00     0.00     0.00     0.00     0.00 -1    -1e-30      0.00 7.092e-01 2.755e-01 2.709e-03 7.398e-04 6.719e-03 -1.000 1.527e-02 0.932 1.273 1.251 1.317
0.0152 0.01508 6.80000 2.3111083508 2.5797477758    2.310  1.536  4.0292  4.334    0  0.000  0.538     0.00     0.00     0.00     0.00     0.00 -1    -1e-30      0.00 7.092e-01 2.755e-01 2.709e-03 7.398e-04 6.719e-03 -1.000 1.527e-02 0.929 1.283 1.259 1.329
0.0152 0.01508 6.80000 2.3518521786 2.5809650279    2.351  1.536  4.0328  4.356    0  0.000  0.538     0.00     0.00     0.00     0.00     0.00 -1    -1e-30      0.00 7.092e-01 2.755e-01 2.709e-03 7.397e-04 6.719e-03 -1.000 1.527e-02 0.930 1.302 1.277 1.351
0.0152 0.01508 6.80000 2.4000000954 2.5823423892    2.399  1.562  4.0380  4.360    0  0.000  0.538     0.00     0.00     0.00     0.00     0.00 -1    -1e-30      0.00 7.092e-01 2.755e-01 2.709e-03 7.397e-04 6.719e-03 -1.000 1.527e-02 0.865 1.263 1.236 1.316
0.0152 0.01508 6.80000 2.4845099449 2.5846121612    2.484  1.605  4.0465  4.366    0  0.000  0.538     0.00     0.00     0.00     0.00     0.00 -1    -1e-30      0.00 7.092e-01 2.755e-01 2.710e-03 7.398e-04 6.719e-03 -1.000 1.527e-02 0.756 1.197 1.166 1.256
0.0152 0.01508 6.80000 2.5999999046 2.5874412955    2.600  1.682  4.0606  4.366    0  0.000  0.538     0.00     0.00     0.00     0.00     0.00 -1    -1e-30      0.00 7.092e-01 2.755e-01 2.710e-03 7.399e-04 6.720e-03 -1.000 1.527e-02 0.565 1.077 1.041 1.147
0.0152 0.01508 6.80000 2.8000001907 2.5917117867    2.800  1.806  4.0830  4.363    0  0.000  0.538     0.00     0.00     0.00     0.00     0.00 -1    -1e-30      0.00 7.092e-01 2.755e-01 2.710e-03 7.399e-04 6.720e-03 -1.000 1.527e-02 0.255 0.883 0.839 0.967
0.0152 0.01508 6.80000 3.0000000000 2.5953341962    3.000  1.921  4.1034  4.360    0  0.000  0.538     0.00     0.00     0.00     0.00     0.00 -1    -1e-30      0.00 7.092e-01 2.755e-01 2.710e-03 7.399e-04 6.720e-03 -1.000 1.527e-02 -0.032 0.705 0.654 0.801
0.0152 0.01508 6.80000 3.2000000477 2.5984409005    3.199  2.028  4.1221  4.356    0  0.000  0.538     0.00     0.00     0.00     0.00     0.00 -1    -1e-30      0.00 7.092e-01 2.755e-01 2.710e-03 7.399e-04 6.720e-03 -1.000 1.527e-02 -0.299 0.541 0.484 0.647
0.0152 0.01508 6.80000 3.4000000954 2.6011310876    3.398  2.127  4.1393  4.351    0  0.000  0.538     0.00     0.00     0.00     0.00     0.00 -1    -1e-30      0.00 7.092e-01 2.755e-01 2.710e-03 7.399e-04 6.720e-03 -1.000 1.527e-02 -0.548 0.388 0.326 0.504
0.0152 0.01508 6.80000 3.6000001431 2.6034804607    3.598  2.221  4.1552  4.346    0  0.000  0.538     0.00     0.00     0.00     0.00     0.00 -1    -1e-30      0.00 7.092e-01 2.755e-01 2.710e-03 7.399e-04 6.720e-03 -1.000 1.527e-02 -0.782 0.245 0.178 0.370
0.0152 0.01508 6.80000 3.8000001907 2.6055477311    3.798  2.309  4.1700  4.341    1  0.000  0.538     0.00     0.00     0.00     0.00     0.00 -1    -1e-30      0.00 7.092e-01 2.755e-01 2.710e-03 7.399e-04 6.720e-03 -1.000 1.527e-02 -1.002 0.110 0.039 0.243
0.0152 0.01508 6.80000 4.0000000000 2.6073790840    4.001  2.391  4.1837  4.336    1  0.000  0.538     0.00     0.00     0.00     0.00     0.00 -1    -1e-30      0.00 7.092e-01 2.755e-01 2.710e-03 7.399e-04 6.720e-03 -1.000 1.527e-02 -1.208 -0.016 -0.092 0.124
0.0152 0.01508 6.80000 4.1999998093 2.6090113217    4.198  2.470  4.1967  4.330    1  0.000  0.538     0.00     0.00     0.00     0.00     0.00 -1    -1e-30      0.00 7.092e-01 2.755e-01 2.710e-03 7.399e-04 6.720e-03 -1.000 1.527e-02 -1.405 -0.136 -0.216 0.011
0.0152 0.01508 6.80000 4.2157449722 2.6091322798    4.214  2.476  4.1977  4.330    1  0.000  0.538     0.00     0.00     0.00     0.00     0.00 -1    -1e-30      0.00 7.092e-01 2.755e-01 2.710e-03 7.399e-04 6.720e-03 -1.000 1.527e-02 -1.419 -0.146 -0.226 0.003
0.0152 0.01508 6.80000 4.4000000954 2.6104741055    4.397  2.544  4.2088  4.324    1  0.000  0.538     0.00     0.00     0.00     0.00     0.00 -1    -1e-30      0.00 7.092e-01 2.755e-01 2.710e-03 7.399e-04 6.720e-03 -1.000 1.527e-02 -1.591 -0.251 -0.334 -0.097
0.0152 0.01508 6.80000 4.5999999046 2.6117915791    4.597  2.615  4.2204  4.319    1  0.000  0.538     0.00     0.00     0.00     0.00     0.00 -1    -1e-30      0.00 7.092e-01 2.755e-01 2.710e-03 7.399e-04 6.720e-03 -1.000 1.527e-02 -1.768 -0.361 -0.447 -0.199
0.0152 0.01508 6.80000 4.8000001907 2.6129836005    4.798  2.683  4.2316  4.314    1  0.000  0.538     0.00     0.00     0.00     0.00     0.00 -1    -1e-30      0.00 7.092e-01 2.755e-01 2.710e-03 7.399e-04 6.720e-03 -1.000 1.527e-02 -1.938 -0.465 -0.555 -0.297
0.0152 0.01508 6.80000 5.0000000000 2.6140666223    4.999  2.747  4.2415  4.307    1  0.000  0.538     0.00     0.00     0.00     0.00     0.00 -1    -1e-30      0.00 7.092e-01 2.755e-01 2.710e-03 7.399e-04 6.720e-03 -1.000 1.527e-02 -2.098 -0.567 -0.660 -0.394
0.0152 0.01508 6.80000 5.0631842613 2.6143883866    5.062  2.767  4.2445  4.305    1  0.000  0.538     0.00     0.00     0.00     0.00     0.00 -1    -1e-30      0.00 7.092e-01 2.755e-01 2.710e-03 7.399e-04 6.720e-03 -1.000 1.527e-02 -2.148 -0.598 -0.692 -0.423
0.0152 0.01508 6.80000 5.1999998093 2.6150544000    5.200  2.809  4.2510  4.301    1  0.000  0.538     0.00     0.00     0.00     0.00     0.00 -1    -1e-30      0.00 7.092e-01 2.755e-01 2.710e-03 7.399e-04 6.720e-03 -1.000 1.527e-02 -2.252 -0.665 -0.760 -0.486
0.0152 0.01508 6.80000 5.3999996185 2.6159585084    5.401  2.869  4.2605  4.296    1  0.000  0.538     0.00     0.00     0.00     0.00     0.00 -1    -1e-30      0.00 7.092e-01 2.755e-01 2.710e-03 7.399e-04 6.720e-03 -1.000 1.527e-02 -2.401 -0.758 -0.856 -0.574
0.0152 0.01508 6.80000 5.5999994278 2.6167887546    5.601  2.926  4.2694  4.290    1  0.000  0.538     0.00     0.00     0.00     0.00     0.00 -1    -1e-30      0.00 7.092e-01 2.755e-01 2.710e-03 7.399e-04 6.720e-03 -1.000 1.527e-02 -2.544 -0.849 -0.950 -0.660
0.0152 0.01508 6.80000 5.7165198326 2.6172417767    5.717  2.958  4.2744  4.287    1  0.000  0.538     0.00     0.00     0.00     0.00     0.00 -1    -1e-30      0.00 7.092e-01 2.755e-01 2.710e-03 7.399e-04 6.720e-03 -1.000 1.527e-02 -2.625 -0.901 -1.003 -0.709
0.0152 0.01508 6.80000 5.8000001907 2.6175535027    5.801  2.981  4.2780  4.285    1  0.000  0.538     0.00     0.00     0.00     0.00     0.00 -1    -1e-30      0.00 7.092e-01 2.755e-01 2.710e-03 7.399e-04 6.720e-03 -1.000 1.527e-02 -2.682 -0.937 -1.040 -0.743
0.0152 0.01508 6.80000 6.0000000000 2.6182599138    6.000  3.034  4.2861  4.279    1  0.000  0.538     0.00     0.00     0.00     0.00     0.00 -1    -1e-30      0.00 7.092e-01 2.755e-01 2.710e-03 7.399e-04 6.720e-03 -1.000 1.527e-02 -2.814 -1.023 -1.128 -0.824
0.0152 0.01508 6.80000 6.1907901764 2.6188851097    6.190  3.083  4.2937  4.274    1  0.000  0.538     0.00     0.00     0.00     0.00     0.00 -1    -1e-30      0.00 7.092e-01 2.755e-01 2.710e-03 7.399e-04 6.720e-03 -1.000 1.527e-02 -2.937 -1.101 -1.209 -0.898
0.0152 0.01508 6.80000 6.1999998093 2.6189141709    6.200  3.085  4.2941  4.274    1  0.000  0.538     0.00     0.00     0.00     0.00     0.00 -1    -1e-30      0.00 7.092e-01 2.755e-01 2.710e-03 7.399e-04 6.720e-03 -1.000 1.527e-02 -2.942 -1.105 -1.213 -0.902
0.0152 0.01508 6.80000 6.4000000954 2.6195216279    6.399  3.134  4.3017  4.268    1  0.000  0.538     0.00     0.00     0.00     0.00     0.00 -1    -1e-30      0.00 7.092e-01 2.755e-01 2.710e-03 7.399e-04 6.720e-03 -1.000 1.527e-02 -3.066 -1.185 -1.295 -0.977
0.0152 0.01508 6.80000 6.7718381882 2.6205421066    6.769  3.222  4.3148  4.258    1  0.000  0.538     0.00     0.00     0.00     0.00     0.00 -1    -1e-30      0.00 7.092e-01 2.755e-01 2.710e-03 7.399e-04 6.720e-03 -1.000 1.527e-02 -3.284 -1.328 -1.442 -1.113
0.0152 0.01508 6.80000 7.0000000000 2.6211069280    6.996  3.273  4.3226  4.252    1  0.000  0.538     0.00     0.00     0.00     0.00     0.00 -1    -1e-30      0.00 7.092e-01 2.755e-01 2.710e-03 7.399e-04 6.720e-03 -1.000 1.527e-02 -3.413 -1.413 -1.529 -1.194
0.0152 0.01508 6.80000 7.9027800560 2.6229788414    7.903  3.460  4.3504  4.229    1  0.000  0.538     0.00     0.00     0.00     0.00     0.00 -1    -1e-30      0.00 7.092e-01 2.755e-01 2.710e-03 7.399e-04 6.720e-03 -1.000 1.527e-02 -3.881 -1.726 -1.849 -1.492
0.0152 0.01508 6.80000 8.0000000000 2.6231516585    8.001  3.479  4.3532  4.227    1  0.000  0.538     0.00     0.00     0.00     0.00     0.00 -1    -1e-30      0.00 7.092e-01 2.755e-01 2.710e-03 7.399e-04 6.720e-03 -1.000 1.527e-02 -3.928 -1.758 -1.882 -1.523
0.0152 0.01508 6.80000 8.4020624161 2.6238177839    8.400  3.554  4.3640  4.216    1  0.000  0.538     0.00     0.00     0.00     0.00     0.00 -1    -1e-30      0.00 7.092e-01 2.755e-01 2.710e-03 7.399e-04 6.720e-03 -1.000 1.527e-02 -4.115 -1.886 -2.012 -1.645
0.0152 0.01508 6.80000 9.0000000000 2.6246829947    8.995  3.660  4.3791  4.200    1  0.000  0.538     0.00     0.00     0.00     0.00     0.00 -1    -1e-30      0.00 7.092e-01 2.755e-01 2.710e-03 7.399e-04 6.720e-03 -1.000 1.527e-02 -4.380 -2.068 -2.198 -1.820
0.0152 0.01508 6.80000 9.2842636108 2.6250496641    9.280  3.707  4.3857  4.193    1  0.000  0.538     0.00     0.00     0.00     0.00     0.00 -1    -1e-30      0.00 7.092e-01 2.755e-01 2.710e-03 7.399e-04 6.720e-03 -1.000 1.527e-02 -4.498 -2.151 -2.282 -1.900
0.0152 0.01508 6.80000 10.0000000000 2.6258676431    9.998  3.821  4.4015  4.175    1  0.000  0.538     0.00     0.00     0.00     0.00     0.00 -1    -1e-30      0.00 7.092e-01 2.755e-01 2.710e-03 7.399e-04 6.720e-03 -1.000 1.527e-02 -4.783 -2.322 -2.458 -2.071
0.0152 0.01508 6.80000 10.2564306259 2.6261289567   10.255  3.859  4.4066  4.168    1  0.000  0.538     0.00     0.00     0.00     0.00     0.00 -1    -1e-30      0.00 7.092e-01 2.755e-01 2.710e-03 7.399e-04 6.720e-03 -1.000 1.527e-02 -4.879 -2.388 -2.527 -2.132
0.0152 0.01508 6.80000 11.0000000000 2.6268081058   11.001  3.967  4.4208  4.148    1  0.000  0.538     0.00     0.00     0.00     0.00     0.00 -1    -1e-30      0.00 7.092e-01 2.755e-01 2.710e-03 7.399e-04 6.720e-03 -1.000 1.527e-02 -5.147 -2.580 -2.725 -2.306
0.0152 0.01508 6.80000 11.6620016098 2.6273297097   11.663  4.056  4.4321  4.129    1  0.000  0.538     0.00     0.00     0.00     0.00     0.00 -1    -1e-30      0.00 7.092e-01 2.755e-01 2.710e-03 7.399e-04 6.720e-03 -1.000 1.527e-02 -5.370 -2.760 -2.907 -2.484
0.0152 0.01508 6.80000 12.0000000000 2.6275706487   12.001  4.100  4.4375  4.119    1  0.000  0.538     0.00     0.00     0.00     0.00     0.00 -1    -1e-30      0.00 7.092e-01 2.755e-01 2.710e-03 7.399e-04 6.720e-03 -1.000 1.527e-02 -5.481 -2.853 -3.000 -2.580
0.0152 0.01508 6.80000 12.7167177200 2.6280331684   12.707  4.187  4.4478  4.098    1  0.000  0.540     0.00     0.00     0.00     0.00     0.00 -1 -1.42e-22      0.00 7.092e-01 2.755e-01 2.723e-03 7.403e-04 6.720e-03 -1.000 1.527e-02 -5.698 -3.036 -3.181 -2.771
0.0152 0.01508 6.80000 13.4063005447 2.6284249233   13.385  4.267  4.4569  4.077    1  0.000  0.543     0.00     0.00     0.00     0.00     0.00 -1 -3.86e-15      0.00 7.092e-01 2.755e-01 2.736e-03 7.406e-04 6.719e-03 -1.000 1.527e-02 -5.898 -3.185 -3.333 -2.910
0.0152 0.01508 6.80000 14.0000000000 2.6287268957   13.968  4.334  4.4641  4.057    0  0.000  0.545     0.00     0.00     0.00     0.00     0.00 -1 -4.99e-09      0.00 7.092e-01 2.755e-01 2.746e-03 7.408e-04 6.719e-03 -1.000 1.527e-02 -6.065 -3.306 -3.458 -3.019
0.0152 0.01508 6.80000 14.1948509216 2.6288196934   14.161  4.354  4.4662  4.052    0  0.000  0.545     0.00     0.00     0.00     0.00     0.00 -1 -5.54e-09      0.00 7.092e-01 2.755e-01 2.746e-03 7.408e-04 6.719e-03 -1.000 1.527e-02 -6.116 -3.344 -3.497 -3.053
0.0152 0.01508 6.80000 14.8137712479 2.6290959237   14.772  4.418  4.4725  4.031    0  0.000  0.545     0.00     0.00     0.00     0.00     0.00 -1 -7.66e-09      0.00 7.092e-01 2.755e-01 2.746e-03 7.408e-04 6.719e-03 -1.000 1.527e-02 -6.276 -3.465 -3.622 -3.162
0.0152 0.01508 6.80000 15.4382724762 2.6293489877   15.387  4.481  4.4781  4.008    0  0.000  0.545     0.00     0.00     0.00     0.00     0.00 -1 -1.05e-08      0.00 7.092e-01 2.755e-01 2.746e-03 7.408e-04 6.719e-03 -1.000 1.527e-02 -6.433 -3.597 -3.756 -3.287
0.0152 0.01508 6.80000 16.0000000000 2.6295573144   15.939  4.536  4.4826  3.986    0  0.000  0.545     0.00     0.00     0.00     0.00     0.00 -1 -1.37e-08      0.00 7.092e-01 2.755e-01 2.746e-03 7.408e-04 6.719e-03 -1.000 1.527e-02 -6.571 -3.721 -3.882 -3.411
0.0152 0.01508 6.80000 16.5572700500 2.6297480076   16.475  4.587  4.4863  3.965    0  0.000  0.545     0.00     0.00     0.00     0.00     0.00 -1 -1.75e-08      0.00 7.092e-01 2.755e-01 2.746e-03 7.408e-04 6.719e-03 -1.000 1.527e-02 -6.698 -3.838 -3.999 -3.528
0.0152 0.01508 6.80000 17.4357242584 2.6300203337   17.315  4.665  4.4912  3.928    0  0.000  0.545     0.00     0.00     0.00     0.00     0.00 -1 -2.51e-08      0.00 7.092e-01 2.755e-01 2.746e-03 7.408e-04 6.719e-03 -1.000 1.527e-02 -6.892 -4.021 -4.182 -3.711
0.0152 0.01508 6.80000 18.0000000000 2.6301792302   17.854  4.713  4.4936  3.903    0  0.000  0.545     0.00     0.00     0.00     0.00     0.00 -1 -3.14e-08      0.00 7.092e-01 2.755e-01 2.746e-03 7.408e-04 6.719e-03 -1.000 1.527e-02 -7.013 -4.138 -4.299 -3.829
0.0152 0.01508 6.80000 18.8219966888 2.6303912107   18.633  4.779  4.4955  3.863    0  0.000  0.545     0.00     0.00     0.00     0.00     0.00 -1 -4.22e-08      0.00 7.092e-01 2.755e-01 2.746e-03 7.408e-04 6.719e-03 -1.000 1.527e-02 -7.178 -4.304 -4.464 -3.996
0.0152 0.01508 6.80000 19.6302680969 2.6305798700   19.392  4.842  4.4961  3.820    0  0.000  0.545     0.00     0.00     0.00     0.00     0.00 -1 -5.52e-08      0.00 7.092e-01 2.755e-01 2.746e-03 7.408e-04 6.719e-03 -1.000 1.527e-02 -7.336 -4.468 -4.628 -4.163
0.0152 0.01508 6.80000 20.0000000000 2.6306603470   19.737  4.870  4.4959  3.799    0  0.000  0.545     0.00     0.00     0.00     0.00     0.00 -1  -6.2e-08      0.00 7.092e-01 2.755e-01 2.746e-03 7.408e-04 6.719e-03 -1.000 1.527e-02 -7.406 -4.544 -4.703 -4.239
0.0152 0.01508 6.80000 20.0822296143 2.6306777827   19.812  4.876  4.4959  3.794    0  0.000  0.545     0.00     0.00     0.00     0.00     0.00 -1 -6.35e-08      0.00 7.092e-01 2.755e-01 2.746e-03 7.408e-04 6.719e-03 -1.000 1.527e-02 -7.420 -4.559 -4.719 -4.255
0.0152 0.01508 6.80000 20.8898849487 2.6308406804   20.548  4.932  4.4940  3.747    0  0.000  0.545     0.00     0.00     0.00     0.00     0.00 -1  -7.9e-08      0.00 7.092e-01 2.755e-01 2.746e-03 7.408e-04 6.719e-03 -1.000 1.527e-02 -7.561 -4.718 -4.877 -4.417
0.0152 0.01508 6.80000 21.7980442047 2.6310073698   21.363  4.994  4.4893  3.682    0  0.000  0.545     0.00     0.00     0.00     0.00     0.00 -1 -9.89e-08      0.00 7.092e-01 2.755e-01 2.746e-03 7.408e-04 6.719e-03 -1.000 1.527e-02 -7.716 -4.909 -5.065 -4.612
0.0152 0.01508 6.80000 22.6506004333 2.6311499467   22.119  5.051  4.4827  3.615    0  0.000  0.545     0.00     0.00     0.00     0.00     0.00 -1 -1.19e-07      0.00 7.092e-01 2.755e-01 2.746e-03 7.408e-04 6.719e-03 -1.000 1.527e-02 -7.857 -5.097 -5.252 -4.805
0.0152 0.01508 6.80000 23.4528999329 2.6312732895   22.821  5.103  4.4740  3.542    0  0.000  0.545     0.00     0.00     0.00     0.00     0.00 -1  -1.4e-07      0.00 7.092e-01 2.755e-01 2.746e-03 7.408e-04 6.719e-03 -1.000 1.527e-02 -7.987 -5.278 -5.433 -4.987
0.0152 0.01508 6.80000 24.0000000000 2.6313519822   23.294  5.138  4.4655  3.481    0  0.000  0.545     0.00     0.00     0.00     0.00     0.00 -1 -1.51e-07      0.00 7.092e-01 2.755e-01 2.746e-03 7.408e-04 6.719e-03 -1.000 1.527e-02 -8.076 -5.419 -5.572 -5.133
0.0152 0.01508 6.80000 24.3631420135 2.6314019767   23.599  5.160  4.4593  3.440    0  0.000  0.545     0.00     0.00     0.00     0.00     0.00 -1 -1.56e-07      0.00 7.092e-01 2.755e-01 2.746e-03 7.408e-04 6.719e-03 -1.000 1.527e-02 -8.129 -5.514 -5.664 -5.234
0.0152 0.01508 6.80000 24.8398399353 2.6314650599   23.996  5.187  4.4501  3.383    0  0.000  0.545     0.00     0.00     0.00     0.00     0.00 -1 -1.61e-07      0.00 7.092e-01 2.755e-01 2.746e-03 7.408e-04 6.719e-03 -1.000 1.527e-02 -8.198 -5.646 -5.794 -5.373
0.0152 0.01508 6.80000 25.2763271332 2.6315204284   24.358  5.212  4.4404  3.326    0  0.000  0.545     0.00     0.00     0.00     0.00     0.00 -1 -1.62e-07      0.00 7.092e-01 2.755e-01 2.746e-03 7.408e-04 6.719e-03 -1.000 1.527e-02 -8.260 -5.777 -5.922 -5.511
0.0152 0.01508 6.80000 25.6742076874 2.6315690180   24.687  5.235  4.4305  3.270    0  0.000  0.545     0.00     0.00     0.00     0.00     0.00 -1 -1.62e-07      0.00 7.092e-01 2.755e-01 2.746e-03 7.408e-04 6.719e-03 -1.000 1.527e-02 -8.316 -5.901 -6.043 -5.641
0.0152 0.01508 6.80000 26.0300559998 2.6316110305   24.981  5.255  4.4200  3.213    0  0.000  0.545     0.00     0.00     0.00     0.00     0.00 -1 -1.57e-07      0.00 7.092e-01 2.755e-01 2.746e-03 7.408e-04 6.719e-03 -1.000 1.527e-02 -8.367 -6.016 -6.155 -5.762
0.0152 0.01508 6.80000 26.3334178925 2.6316458172   25.231  5.272  4.4096  3.158    0  0.000  0.545     0.00     0.00     0.00     0.00     0.00 -1  -1.5e-07      0.00 7.092e-01 2.755e-01 2.746e-03 7.408e-04 6.719e-03 -1.000 1.527e-02 -8.410 -6.117 -6.254 -5.869
0.0152 0.01508 6.80000 26.6315708160 2.6316791200   25.477  5.289  4.3983  3.100    0  0.000  0.545     0.00     0.00     0.00     0.00     0.00 -1 -1.52e-07      0.00 7.092e-01 2.755e-01 2.746e-03 7.408e-04 6.719e-03 -1.000 1.527e-02 -8.453 -6.224 -6.359 -5.982
0.0152 0.01508 6.80000 26.9090404510 2.6317093513   25.692  5.305  4.3869  3.042    0  0.000  0.545     0.00     0.00     0.00     0.00     0.00 -1 -3.05e-07      0.00 7.092e-01 2.755e-01 2.746e-03 7.408e-04 6.719e-03 -1.000 1.527e-02 -8.493 -6.348 -6.480 -6.113
0.0152 0.01508 6.80000 27.1372470856 2.6317336832   25.836  5.318  4.3765  2.991    0  0.000  0.545     0.00     0.00     0.00     0.00     0.00 -1 -4.03e-07      0.00 7.092e-01 2.755e-01 2.746e-03 7.408e-04 6.719e-03 -1.000 1.527e-02 -8.524 -6.444 -6.574 -6.213
0.0152 0.01508 6.80000 27.3576774597 2.6317567432   25.937  5.329  4.3657  2.937    0  0.000  0.545     0.00     0.00     0.00     0.00     0.00 -1 -9.92e-07      0.00 7.092e-01 2.755e-01 2.746e-03 7.408e-04 6.719e-03 -1.000 1.527e-02 -8.553 -6.539 -6.665 -6.312
0.0152 0.01508 6.80000 27.6006317139 2.6317816695   26.009  5.343  4.3554  2.884    0  0.000  0.545     0.00     0.00     0.00     0.00     0.00 -1 -2.08e-06      0.00 7.092e-01 2.755e-01 2.746e-03 7.408e-04 6.719e-03 -1.000 1.527e-02 -8.587 -6.603 -6.726 -6.388
0.0152 0.01508 6.80000 27.9383792877 2.6318154943   26.085  5.367  4.3568  2.867    0  0.000  0.545     0.00     0.00     0.00     0.00     0.00 -1 -2.82e-06      0.00 7.092e-01 2.755e-01 2.746e-03 7.408e-04 6.719e-03 -1.000 1.527e-02 -8.647 -6.664 -6.787 -6.451
0.0152 0.01508 6.80000 27.9770050049 2.6318193028   26.091  5.375  4.3666  2.897    0  0.000  0.545     0.00     0.00     0.00     0.00     0.00 -1 -2.51e-06      0.00 7.092e-01 2.755e-01 2.746e-03 7.408e-04 6.719e-03 -1.000 1.527e-02 -8.668 -6.621 -6.745 -6.403
0.0152 0.01508 6.80000 27.9899921417 2.6318205807   26.094  5.387  4.3780  2.931    0  0.000  0.545     0.00     0.00     0.00     0.00     0.00 -1 -9.47e-07      0.00 7.092e-01 2.755e-01 2.746e-03 7.408e-04 6.719e-03 -1.000 1.527e-02 -8.698 -6.624 -6.753 -6.394
0.0152 0.01508 6.80000 27.9964313507 2.6318212137   26.096  5.399  4.3878  2.959    0  0.000  0.545     0.00     0.00     0.00     0.00     0.00 -1 -7.37e-07      0.00 7.092e-01 2.755e-01 2.746e-03 7.408e-04 6.719e-03 -1.000 1.527e-02 -8.728 -6.606 -6.736 -6.375
0.0152 0.01508 6.80000 27.9968051910 2.6318212504   26.096  5.400  4.3885  2.961    0  0.000  0.545     0.00     0.00     0.00     0.00     0.00 -1 -7.39e-07      0.00 7.092e-01 2.755e-01 2.746e-03 7.408e-04 6.719e-03 -1.000 1.527e-02 -8.730 -6.605 -6.735 -6.374
0.0152 0.01508 6.80000 28.0000000000 2.6318215644   26.099  5.401  4.3895  2.964    0  0.000  0.545     0.00     0.00     0.00     0.00     0.00 -1 -7.51e-07      0.00 7.092e-01 2.755e-01 2.746e-03 7.408e-04 6.719e-03 -1.000 1.527e-02 -8.732 -6.604 -6.733 -6.372
0.0152 0.01508 6.80000 28.0100593567 2.6318225524   26.103  5.402  4.3874  2.954    1  0.000  0.545     0.00     0.00     0.00     0.00     0.00 -1 -7.61e-07      0.00 7.092e-01 2.755e-01 2.746e-03 7.408e-04 6.719e-03 -1.000 1.527e-02 -8.736 -6.617 -6.746 -6.386
0.0152 0.01508 6.80000 28.0125408173 2.6318227960   26.103  5.405  4.3786  2.915    1  0.000  0.545     0.00     0.00     0.00     0.00     0.00 -1 -1.27e-06      0.00 7.092e-01 2.755e-01 2.746e-03 7.408e-04 6.719e-03 -1.000 1.527e-02 -8.744 -6.620 -6.746 -6.400
0.0152 0.01508 6.80000 28.0144462585 2.6318229830   26.104  5.408  4.3685  2.872    1  0.000  0.545     0.00     0.00     0.00     0.00     0.00 -1 -2.37e-06      0.00 7.092e-01 2.755e-01 2.746e-03 7.408e-04 6.719e-03 -1.000 1.527e-02 -8.751 -6.697 -6.821 -6.481
0.0152 0.01508 6.80000 28.0158424377 2.6318231200   26.104  5.410  4.3601  2.837    1  0.000  0.545     0.00     0.00     0.00     0.00     0.00 -1 -3.64e-06      0.00 7.092e-01 2.755e-01 2.746e-03 7.408e-04 6.719e-03 -1.000 1.527e-02 -8.755 -6.764 -6.885 -6.553
0.0152 0.01508 6.80000 28.0177268982 2.6318233049   26.104  5.411  4.3479  2.787    1  0.000  0.545     0.00     0.00     0.00     0.00     0.00 -1 -3.57e-06      0.00 7.092e-01 2.755e-01 2.746e-03 7.408e-04 6.719e-03 -1.000 1.527e-02 -8.758 -6.851 -6.969 -6.647
0.0152 0.01508 6.80000 28.0193195343 2.6318234612   26.104  5.412  4.3369  2.742    1  0.000  0.545     0.00     0.00     0.00     0.00     0.00 -1 -3.48e-06      0.00 7.092e-01 2.755e-01 2.746e-03 7.408e-04 6.719e-03 -1.000 1.527e-02 -8.760 -6.919 -7.035 -6.722
0.0152 0.01508 6.80000 28.0205860138 2.6318235854   26.104  5.413  4.3276  2.705    1  0.000  0.545     0.00     0.00     0.00     0.00     0.00 -1  -3.4e-06      0.00 7.092e-01 2.755e-01 2.746e-03 7.408e-04 6.719e-03 -1.000 1.527e-02 -8.762 -6.979 -7.092 -6.787
0.0152 0.01508 6.80000 28.0219516754 2.6318237194   26.104  5.413  4.3170  2.661    1  0.000  0.545     0.00     0.00     0.00     0.00     0.00 -1 -3.36e-06      0.00 7.092e-01 2.755e-01 2.746e-03 7.408e-04 6.719e-03 -1.000 1.527e-02 -8.763 -7.037 -7.147 -6.851
0.0152 0.01508 6.80000 28.0232086182 2.6318238427   26.104  5.414  4.3066  2.619    1  0.000  0.545     0.00     0.00     0.00     0.00     0.00 -1 -3.27e-06      0.00 7.092e-01 2.755e-01 2.746e-03 7.408e-04 6.719e-03 -1.000 1.527e-02 -8.765 -7.088 -7.195 -6.908
0.0152 0.01508 6.80000 28.0244655609 2.6318239659   26.105  5.414  4.2957  2.575    1  0.000  0.545     0.00     0.00     0.00     0.00     0.00 -1 -3.19e-06      0.00 7.092e-01 2.755e-01 2.746e-03 7.408e-04 6.719e-03 -1.000 1.527e-02 -8.766 -6.977 -7.088 -6.777
0.0152 0.01508 6.80000 28.0257396698 2.6318240909   26.105  5.415  4.2841  2.528    1  0.000  0.545     0.00     0.00     0.00     0.00     0.00 -1 -3.11e-06      0.00 7.092e-01 2.755e-01 2.746e-03 7.408e-04 6.719e-03 -1.000 1.527e-02 -8.767 -7.053 -7.159 -6.867
0.0152 0.01508 6.80000 28.0270233154 2.6318242167   26.105  5.415  4.2716  2.478    1  0.000  0.545     0.00     0.00     0.00     0.00     0.00 -1 -3.04e-06      0.00 7.092e-01 2.755e-01 2.746e-03 7.408e-04 6.719e-03 -1.000 1.527e-02 -8.768 -7.126 -7.229 -6.950
0.0152 0.01508 6.80000 28.0283050537 2.6318243424   26.105  5.416  4.2584  2.424    1  0.000  0.545     0.00     0.00     0.00     0.00     0.00 -1 -2.94e-06      0.00 7.092e-01 2.755e-01 2.746e-03 7.408e-04 6.719e-03 -1.000 1.527e-02 -8.769 -7.197 -7.296 -7.026
0.0152 0.01508 6.80000 28.0291213989 2.6318244224   26.105  5.416  4.2495  2.389    1  0.000  0.545     0.00     0.00     0.00     0.00     0.00 -1 -2.88e-06      0.00 7.092e-01 2.755e-01 2.746e-03 7.408e-04 6.719e-03 -1.000 1.527e-02 -8.770 -7.244 -7.341 -7.077
0.0152 0.01508 6.80000 28.0299510956 2.6318245037   26.105  5.416  4.2403  2.352    1  0.000  0.545     0.00     0.00     0.00     0.00     0.00 -1 -2.81e-06      0.00 7.092e-01 2.755e-01 2.746e-03 7.408e-04 6.719e-03 -1.000 1.527e-02 -8.771 -7.294 -7.389 -7.131
0.0152 0.01508 6.80000 28.0308418274 2.6318245910   26.106  5.416  4.2298  2.310    1  0.000  0.545     0.00     0.00     0.00     0.00     0.00 -1 -2.76e-06      0.00 7.092e-01 2.755e-01 2.746e-03 7.408e-04 6.719e-03 -1.000 1.527e-02 -8.771 -7.351 -7.442 -7.193
0.0152 0.01508 6.80000 28.0316829681 2.6318246735   26.106  5.417  4.2196  2.269    1  0.000  0.545     0.00     0.00     0.00     0.00     0.00 -1 -2.74e-06      0.00 7.092e-01 2.755e-01 2.746e-03 7.408e-04 6.719e-03 -1.000 1.527e-02 -8.772 -7.407 -7.495 -7.255
0.0152 0.01508 6.80000 28.0325508118 2.6318247585   26.106  5.417  4.2086  2.224    1  0.000  0.545     0.00     0.00     0.00     0.00     0.00 -1 -2.67e-06      0.00 7.092e-01 2.755e-01 2.746e-03 7.408e-04 6.719e-03 -1.000 1.527e-02 -8.772 -7.467 -7.552 -7.322
0.0152 0.01508 6.80000 28.0334243774 2.6318248441   26.105  5.417  4.1972  2.179    1  0.000  0.545     0.00     0.00     0.00     0.00     0.00 -1 -7.68e-06      0.00 7.092e-01 2.755e-01 2.746e-03 7.408e-04 6.719e-03 -1.000 1.527e-02 -8.772 -7.530 -7.612 -7.391
0.0152 0.01508 6.80000 28.0343112946 2.6318249310   26.103  5.417  4.1849  2.130    1  0.000  0.545     0.00     0.00     0.00     0.00     0.00 -1  -7.5e-06      0.00 7.092e-01 2.755e-01 2.746e-03 7.408e-04 6.719e-03 -1.000 1.527e-02 -8.772 -7.598 -7.675 -7.466
0.0152 0.01508 6.80000 28.0351905823 2.6318250172   26.101  5.417  4.1722  2.079    1  0.000  0.545     0.00     0.00     0.00     0.00     0.00 -1  -7.2e-06      0.00 7.092e-01 2.755e-01 2.746e-03 7.408e-04 6.719e-03 -1.000 1.527e-02 -8.771 -7.666 -7.739 -7.544
0.0152 0.01508 6.80000 28.0361042023 2.6318251067   26.099  5.416  4.1581  2.022    1  0.000  0.545     0.00     0.00     0.00     0.00     0.00 -1 -7.15e-06      0.00 7.092e-01 2.755e-01 2.746e-03 7.408e-04 6.719e-03 -1.000 1.527e-02 -8.771 -7.738 -7.804 -7.633
0.0152 0.01508 6.80000 28.0365810394 2.6318251534   26.098  5.416  4.1504  1.992    1  0.000  0.545     0.00     0.00     0.00     0.00     0.00 -1 -7.09e-06      0.00 7.092e-01 2.755e-01 2.746e-03 7.408e-04 6.719e-03 -1.000 1.527e-02 -8.771 -7.776 -7.838 -7.681
0.0152 0.01508 6.80000 28.0371074677 2.6318252049   26.097  5.416  4.1415  1.956    1  0.000  0.545     0.00     0.00     0.00     0.00     0.00 -1 -6.94e-06      0.00 7.092e-01 2.755e-01 2.746e-03 7.408e-04 6.719e-03 -1.000 1.527e-02 -8.771 -7.826 -7.885 -7.735
0.0152 0.01508 6.80000 28.0376129150 2.6318252545   26.096  5.416  4.1327  1.921    1  0.000  0.545     0.00     0.00     0.00     0.00     0.00 -1 -6.76e-06      0.00 7.092e-01 2.755e-01 2.746e-03 7.408e-04 6.719e-03 -1.000 1.527e-02 -8.770 -7.878 -7.936 -7.788
0.0152 0.01508 6.80000 28.0381584167 2.6318253079   26.095  5.416  4.1229  1.882    1  0.000  0.545     0.00     0.00     0.00     0.00     0.00 -1 -6.69e-06      0.00 7.092e-01 2.755e-01 2.746e-03 7.408e-04 6.719e-03 -1.000 1.527e-02 -8.770 -7.937 -7.993 -7.847
0.0152 0.01508 6.80000 28.0387382507 2.6318253647   26.093  5.416  4.1119  1.838    1  0.000  0.545     0.00     0.00     0.00     0.00     0.00 -1 -1.27e-05      0.00 7.092e-01 2.755e-01 2.746e-03 7.408e-04 6.719e-03 -1.000 1.527e-02 -8.769 -8.001 -8.055 -7.913
0.0152 0.01508 6.80000 28.0393791199 2.6318254275   26.091  5.416  4.0993  1.788    1  0.000  0.545     0.00     0.00     0.00     0.00     0.00 -1 -2.64e-05      0.00 7.092e-01 2.755e-01 2.746e-03 7.408e-04 6.719e-03 -1.000 1.527e-02 -8.769 -8.070 -8.120 -7.989
0.0152 0.01508 6.80000 28.0401020050 2.6318254983   26.088  5.415  4.0841  1.728    1  0.000  0.545     0.00     0.00     0.00     0.00     0.00 -1 -2.66e-05      0.00 7.092e-01 2.755e-01 2.746e-03 7.408e-04 6.719e-03 -1.000 1.527e-02 -8.768 -8.151 -8.196 -8.079
0.0152 0.01508 6.80000 28.0409717560 2.6318255834   26.084  5.415  4.0643  1.649    1  0.000  0.545     0.00     0.00     0.00     0.00     0.00 -1 -2.53e-05      0.00 7.092e-01 2.755e-01 2.746e-03 7.408e-04 6.719e-03 -1.000 1.527e-02 -8.768 -8.240 -8.273 -8.196
0.0152 0.01508 6.80000 28.0420284271 2.6318256869   26.080  5.415  4.0378  1.542    1  0.000  0.545     0.00     0.00     0.00     0.00     0.00 -1 -2.43e-05      0.00 7.092e-01 2.755e-01 2.746e-03 7.408e-04 6.719e-03 -1.000 1.527e-02 -8.767 -8.375 -8.399 -8.347
0.0152 0.01508 6.80000 28.0432300568 2.6318258046   26.075  5.415  4.0043  1.408    1  0.000  0.545     0.00     0.00     0.00     0.00     0.00 -1 -2.28e-05      0.00 7.092e-01 2.755e-01 2.746e-03 7.408e-04 6.719e-03 -1.000 1.527e-02 -8.768 -8.535 -8.547 -8.527
0.0152 0.01508 6.80000 28.0445518494 2.6318259340   26.071  5.415  3.9639  1.246    1  0.000  0.545     0.00     0.00     0.00     0.00     0.00 -1 -2.11e-05      0.00 7.092e-01 2.755e-01 2.746e-03 7.408e-04 6.719e-03 -1.000 1.527e-02 -8.768 -8.705 -8.700 -8.729
0.0152 0.01508 6.80000 28.0459690094 2.6318260727   26.067  5.416  3.9158  1.054    1  0.000  0.545     0.00     0.00     0.00     0.00     0.00 -1 -1.92e-05      0.00 7.092e-01 2.755e-01 2.746e-03 7.408e-04 6.719e-03 -1.000 1.527e-02 -8.769 -8.857 -8.813 -8.952
0.0152 0.01508 6.80000 28.0475902557 2.6318262314   26.063  5.415  3.8553  0.812    1  0.000  0.545     0.00     0.00     0.00     0.00     0.00 -1 -1.66e-05      0.00 7.092e-01 2.755e-01 2.746e-03 7.408e-04 6.719e-03 -1.000 1.527e-02 -8.768 -8.964 -8.866 -9.154
0.0152 0.01508 6.80000 28.0485343933 2.6318263238   26.061  5.414  3.8189  0.668    1  0.000  0.545     0.00     0.00     0.00     0.00     0.00 -1  -1.5e-05      0.00 7.092e-01 2.755e-01 2.746e-03 7.408e-04 6.719e-03 -1.000 1.527e-02 -8.764 -8.966 -8.798 -9.263
0.0152 0.01508 6.80000 28.0497779846 2.6318264455   26.058  5.408  3.7815  0.524    1  0.000  0.545     0.00     0.00     0.00     0.00     0.00 -1 -1.26e-05      0.00 7.092e-01 2.755e-01 2.746e-03 7.408e-04 6.719e-03 -1.000 1.527e-02 -8.750 -8.938 -8.669 -9.363
0.0152 0.01508 6.80000 28.0513973236 2.6318266039   26.056  5.399  3.7368  0.354    1  0.000  0.545     0.00     0.00     0.00     0.00     0.00 -1  -1.1e-05      0.00 7.092e-01 2.755e-01 2.746e-03 7.408e-04 6.719e-03 -1.000 1.527e-02 -8.727 -8.850 -8.444 -9.422
0.0152 0.01508 6.80000 28.0527763367 2.6318267389   26.054  5.392  3.6999  0.214    1  0.000  0.545     0.00     0.00     0.00     0.00     0.00 -1 -9.64e-06      0.00 7.092e-01 2.755e-01 2.746e-03 7.408e-04 6.719e-03 -1.000 1.527e-02 -8.709 -8.742 -8.226 -9.411
0.0152 0.01508 6.80000 28.0544967651 2.6318269072   26.052  5.388  3.6596  0.057    1  0.000  0.545     0.00     0.00     0.00     0.00     0.00 -1 -8.37e-06      0.00 7.092e-01 2.755e-01 2.746e-03 7.408e-04 6.719e-03 -1.000 1.527e-02 -8.699 -8.593 -7.957 -9.354
0.0152 0.01508 6.80000 28.0561141968 2.6318270654   26.051  5.385  3.6318 -0.052    1  0.000  0.545     0.00     0.00     0.00     0.00     0.00 -1 -7.38e-06      0.00 7.092e-01 2.755e-01 2.746e-03 7.409e-04 6.719e-03 -1.000 1.527e-02 -8.693 -8.442 -7.712 -9.268
0.0152 0.01508 6.80000 28.0577316284 2.6318272236   26.050  5.381  3.6153 -0.114    1  0.000  0.545     0.00     0.00     0.00     0.00     0.00 -1 -6.77e-06      0.00 7.092e-01 2.755e-01 2.745e-03 7.409e-04 6.719e-03 -1.000 1.527e-02 -8.682 -8.330 -7.537 -9.197
0.0152 0.01508 6.80000 28.0601596832 2.6318274610   26.049  5.380  3.5960 -0.190    1  0.000  0.544     0.00     0.00     0.00     0.00     0.00 -1 -6.38e-06      0.00 7.092e-01 2.755e-01 2.743e-03 7.410e-04 6.719e-03 -1.000 1.527e-02 -8.681 -8.194 -7.309 -9.115
0.0152 0.01508 6.80000 28.0624504089 2.6318276849   26.047  5.384  3.5865 -0.232    1  0.000  0.543     0.00     0.00     0.00     0.00     0.00 -1 -6.34e-06      0.00 7.092e-01 2.755e-01 2.737e-03 7.425e-04 6.719e-03 -1.000 1.527e-02 -8.689 -8.121 -7.171 -9.078
0.0152 0.01508 6.80000 28.0658817291 2.6318280203   26.046  5.395  3.5783 -0.276    1  0.000  0.542     0.00     0.00     0.00     0.00     0.00 -1 -6.59e-06      0.00 7.092e-01 2.755e-01 2.728e-03 7.448e-04 6.719e-03 -1.000 1.527e-02 -8.718 -8.069 -7.041 -9.064
0.0152 0.01508 6.80000 28.0744476318 2.6318288572   26.039  5.406  3.5723 -0.311    1  0.000  0.540     0.00     0.00     0.00     0.00     0.00 -1 -6.86e-06      0.00 7.085e-01 2.762e-01 2.711e-03 7.826e-04 6.695e-03 -1.000 1.527e-02 -8.746 -8.031 -6.943 -9.054
0.0152 0.01508 6.80000 28.1741981506 2.6318385591   25.944  5.430  3.5702 -0.345    1  0.000  0.531     0.00     0.00     0.00     0.00     0.00 -1 -7.74e-06      0.00 7.044e-01 2.803e-01 2.606e-03 1.019e-03 6.549e-03 -1.000 1.527e-02 -8.806 -8.068 -6.957 -9.102
0.0152 0.01508 6.80000 29.0859317780 2.6319237014   24.634  5.480  3.6026 -0.288    1  0.000  0.521     0.00     0.00     0.00     0.00     0.00 -1 -1.16e-05      0.00 7.031e-01 2.817e-01 2.549e-03 1.090e-03 6.512e-03 -1.000 1.527e-02 -8.931 -8.493 -7.643 -9.394
0.0152 0.01508 6.80000 29.3946437836 2.6319511577   24.001  5.493  3.6157 -0.260    1  0.000  0.513     0.00     0.00     0.00     0.00     0.00 -1 -1.33e-05      0.00 7.013e-01 2.834e-01 2.495e-03 1.183e-03 6.458e-03 -1.000 1.527e-02 -8.962 -8.613 -7.822 -9.479
0.0152 0.01508 6.80000 29.5615959167 2.6319657316   23.571  5.498  3.6247 -0.237    2  0.000  0.506     0.00     0.00     0.00     0.00     0.00 -1 -1.44e-05      0.00 6.973e-01 2.874e-01 2.426e-03 1.341e-03 6.359e-03 -1.000 1.527e-02 -8.976 -8.683 -7.927 -9.526
0.0152 0.01508 6.80000 29.7442874908 2.6319814641   23.052  5.504  3.6360 -0.207    2  0.000  0.495     0.00     0.00     0.00     0.00     0.00 -1 -1.57e-05      0.00 6.871e-01 2.976e-01 2.279e-03 1.722e-03 6.110e-03 -1.000 1.527e-02 -8.989 -8.762 -8.047 -9.578
0.0152 0.01508 6.80000 29.8329277039 2.6319890176   22.783  5.502  3.6360 -0.211    2  0.000  0.466     0.00     0.00     0.00     0.00     0.00 -1 -1.58e-05      0.00 6.559e-01 3.288e-01 1.884e-03 2.833e-03 5.368e-03 -1.000 1.524e-02 -8.986 -8.758 -8.043 -9.574
0.0152 0.01508 6.80000 29.8763065338 2.6319926953   22.653  5.501  3.6337 -0.221    2  0.000  0.443     0.00     0.00     0.00     0.00     0.00 -1 -1.57e-05      0.00 6.430e-01 3.417e-01 1.707e-03 3.306e-03 5.072e-03 -1.000 1.527e-02 -8.982 -8.742 -8.019 -9.564
0.0152 0.01508 6.80000 29.9222640991 2.6319965783   22.516  5.500  3.6311 -0.233    2  0.000  0.416     0.00     0.00     0.00     0.00     0.00 -1 -1.56e-05      0.00 6.330e-01 3.517e-01 1.559e-03 3.683e-03 4.850e-03 -1.000 1.524e-02 -8.981 -8.726 -7.994 -9.554
0.0152 0.01508 6.80000 29.9324817657 2.6319974397   22.486  5.501  3.6309 -0.235    2  0.000  0.411     0.00     0.00     0.00     0.00     0.00 -1 -1.57e-05      0.00 6.315e-01 3.532e-01 1.536e-03 3.740e-03 4.817e-03 -1.000 1.527e-02 -8.981 -8.725 -7.992 -9.553
0.0152 0.01508 6.80000 30.0000000000 2.6320031152   22.273  5.501  3.6314 -0.238    2  0.000  0.393     0.00     0.00     0.00     0.00     0.00 -1 -1.59e-05      0.00 6.194e-01 3.653e-01 1.408e-03 4.098e-03 4.586e-03 -1.000 1.527e-02 -8.983 -8.729 -7.998 -9.556
0.0152 0.01508 6.80000 30.0066204071 2.6320036701   22.252  5.501  3.6320 -0.236    2  0.000  0.392     0.00     0.00     0.00     0.00     0.00 -1  -1.6e-05      0.00 6.181e-01 3.666e-01 1.397e-03 4.131e-03 4.563e-03 -1.000 1.527e-02 -8.983 -8.733 -8.004 -9.558
0.0152 0.01508 6.80000 30.0240974426 2.6320051336   22.196  5.501  3.6336 -0.231    2  0.000  0.388     0.00     0.00     0.00     0.00     0.00 -1  -1.6e-05      0.00 6.147e-01 3.700e-01 1.367e-03 4.220e-03 4.504e-03 -1.000 1.527e-02 -8.983 -8.742 -8.019 -9.564
0.0152 0.01508 6.80000 30.0471458435 2.6320070607   22.123  5.501  3.6358 -0.224    2  0.000  0.384     0.00     0.00     0.00     0.00     0.00 -1  -1.6e-05      0.00 6.102e-01 3.745e-01 1.328e-03 4.336e-03 4.426e-03 -1.000 1.527e-02 -8.984 -8.755 -8.039 -9.571
0.0152 0.01508 6.80000 30.0699195862 2.6320089615   22.051  5.502  3.6379 -0.217    2  0.000  0.379     0.00     0.00     0.00     0.00     0.00 -1 -1.61e-05      0.00 6.058e-01 3.790e-01 1.290e-03 4.451e-03 4.349e-03 -1.000 1.527e-02 -8.984 -8.768 -8.059 -9.579
0.0152 0.01508 6.80000 30.0979881287 2.6320112997   21.961  5.502  3.6407 -0.208    2  0.000  0.373     0.00     0.00     0.00     0.00     0.00 -1 -1.61e-05      0.00 6.003e-01 3.844e-01 1.243e-03 4.592e-03 4.255e-03 -1.000 1.527e-02 -8.985 -8.783 -8.084 -9.588
0.0152 0.01508 6.80000 30.1256008148 2.6320135950   21.874  5.502  3.6434 -0.199    3  0.000  0.366   559.83   269.01   172.72   125.20   104.82  0 -1.61e-05      0.00 5.950e-01 3.897e-01 1.197e-03 4.729e-03 4.163e-03 -1.000 1.527e-02 -8.985 -8.798 -8.108 -9.597
0.0152 0.01508 6.80000 30.1634540558 2.6320167338   21.751  5.503  3.6474 -0.186    3  0.000  0.360   547.63   262.28   168.57   122.17   102.28  0 -1.62e-05      0.00 5.883e-01 3.964e-01 1.143e-03 4.893e-03 4.051e-03 -1.000 1.525e-02 -8.987 -8.821 -8.143 -9.611
0.0152 0.01508 6.80000 30.1951045990 2.6320193512   21.649  5.503  3.6509 -0.174    3  0.000  0.356   537.30   256.60   165.06   119.61   100.13  0 -1.63e-05      0.00 5.829e-01 4.019e-01 1.100e-03 5.026e-03 3.959e-03 -1.000 1.524e-02 -8.988 -8.840 -8.174 -9.622
0.0152 0.01508 6.80000 30.2259826660 2.6320218987   21.549  5.504  3.6545 -0.163    3  0.000  0.351   527.07   250.99   161.60   117.08    98.00  0 -1.64e-05      0.00 5.776e-01 4.072e-01 1.058e-03 5.155e-03 3.871e-03 -1.000 1.523e-02 -8.990 -8.859 -8.203 -9.633
0.0152 0.01508 6.80000 30.2461185455 2.6320235568   21.483  5.504  3.6569 -0.155    3  0.000  0.348   520.23   247.25   159.28   115.39    96.58  0 -1.64e-05      0.00 5.741e-01 4.106e-01 1.031e-03 5.238e-03 3.814e-03 -1.000 1.522e-02 -8.991 -8.871 -8.223 -9.640
0.0152 0.01508 6.80000 30.2658729553 2.6320251809   21.419  5.505  3.6593 -0.147    3  0.000  0.345   513.31   243.46   156.94   113.68    95.14  0 -1.65e-05      0.00 5.707e-01 4.141e-01 1.005e-03 5.319e-03 3.759e-03 -1.000 1.522e-02 -8.991 -8.883 -8.243 -9.647
0.0152 0.01508 6.80000 30.2707538605 2.6320255819   21.403  5.505  3.6599 -0.145    3  0.000  0.345   511.59   242.52   156.36   113.26    94.79  0 -1.65e-05      0.00 5.699e-01 4.149e-01 9.985e-04 5.339e-03 3.745e-03 -1.000 1.522e-02 -8.992 -8.886 -8.247 -9.649
0.0152 0.01508 6.80000 30.2803459167 2.6320263693   21.372  5.505  3.6610 -0.141    3  0.000  0.343   508.79   241.00   155.42   112.57    94.21  0 -1.65e-05      0.00 5.680e-01 4.168e-01 9.851e-04 5.380e-03 3.717e-03 -1.000 1.521e-02 -8.993 -8.892 -8.256 -9.652
0.0152 0.01508 6.80000 30.2947349548 2.6320275495   21.323  5.506  3.6627 -0.136    3  0.000  0.340   504.38   238.60   153.93   111.49    93.30  0 -1.66e-05      0.00 5.651e-01 4.197e-01 9.651e-04 5.442e-03 3.676e-03 -1.000 1.522e-02 -8.994 -8.900 -8.269 -9.657
0.0152 0.01508 6.80000 30.3043231964 2.6320283352   21.291  5.506  3.6638 -0.132    3  0.000  0.339   501.30   236.92   152.90   110.73    92.66  0 -1.66e-05      0.00 5.631e-01 4.217e-01 9.518e-04 5.483e-03 3.648e-03 -1.000 1.522e-02 -8.995 -8.906 -8.278 -9.660
0.0152 0.01508 6.80000 30.3139247894 2.6320291215   21.260  5.506  3.6651 -0.128    3  0.000  0.337   498.08   235.17   151.81   109.94    92.00  0 -1.67e-05      0.00 5.610e-01 4.237e-01 9.386e-04 5.524e-03 3.620e-03 -1.000 1.521e-02 -8.996 -8.911 -8.287 -9.663
0.0152 0.01508 6.80000 30.3235225677 2.6320299068   21.227  5.507  3.6663 -0.124    3  0.000  0.336   494.68   233.32   150.67   109.10    91.30  0 -1.67e-05      0.00 5.589e-01 4.259e-01 9.254e-04 5.565e-03 3.593e-03 -1.000 1.521e-02 -8.996 -8.918 -8.297 -9.667
0.0152 0.01508 6.80000 30.3331241608 2.6320306919   21.196  5.507  3.6677 -0.120    3  0.000  0.334   491.13   231.39   149.47   108.23    90.56  0 -1.67e-05      0.00 5.567e-01 4.281e-01 9.122e-04 5.605e-03 3.565e-03 -1.000 1.521e-02 -8.997 -8.924 -8.307 -9.670
0.0152 0.01508 6.80000 30.3427276611 2.6320314766   21.163  5.507  3.6691 -0.115    3  0.000  0.333   487.45   229.39   148.23   107.33    89.80  0 -1.68e-05      0.00 5.542e-01 4.305e-01 8.991e-04 5.646e-03 3.538e-03 -1.000 1.521e-02 -8.998 -8.930 -8.318 -9.674
0.0152 0.01508 6.80000 30.3523368835 2.6320322612   21.131  5.508  3.6705 -0.111    3  0.000  0.332   483.70   227.36   146.97   106.40    89.03  0 -1.68e-05      0.00 5.517e-01 4.331e-01 8.861e-04 5.686e-03 3.511e-03 -1.000 1.521e-02 -8.999 -8.937 -8.329 -9.677
0.0152 0.01508 6.80000 30.3619403839 2.6320330447   21.098  5.508  3.6719 -0.106    3  0.000  0.332   479.93   225.31   145.70   105.48    88.25  0 -1.69e-05      0.00 5.489e-01 4.359e-01 8.731e-04 5.727e-03 3.483e-03 -1.000 1.521e-02 -9.000 -8.943 -8.341 -9.679
0.0152 0.01508 6.80000 30.3763580322 2.6320342200   21.050  5.508  3.6741 -0.099    3  0.000  0.331   474.36   222.30   143.83   104.11    87.11  0  -1.7e-05      0.00 5.446e-01 4.402e-01 8.538e-04 5.787e-03 3.443e-03 -1.000 1.521e-02 -9.001 -8.952 -8.357 -9.682
0.0152 0.01508 6.80000 30.3907737732 2.6320353938   21.001  5.509  3.6760 -0.092    3  0.000  0.332   469.49   219.67   142.20   102.92    86.10  0 -1.71e-05      0.00 5.405e-01 4.442e-01 8.347e-04 5.847e-03 3.402e-03 -1.000 1.521e-02 -9.002 -8.959 -8.371 -9.685
0.0152 0.01508 6.80000 30.4966506958 2.6320439758   20.626  5.514  3.6882 -0.056    3  0.000  0.353   441.85   204.88   132.99    96.22    80.47  0 -1.77e-05      0.00 5.220e-01 4.628e-01 7.229e-04 6.201e-03 3.159e-03 -1.000 1.520e-02 -9.014 -9.011 -8.452 -9.714
0.0152 0.01508 6.80000 30.6172409058 2.6320536673   20.177  5.521  3.7032 -0.014    3  0.000  0.351   411.20   188.62   122.83    88.84    74.27  0 -1.88e-05      0.00 5.047e-01 4.801e-01 6.197e-04 6.529e-03 2.933e-03 -1.000 1.517e-02 -9.033 -9.078 -8.562 -9.747
0.0152 0.01508 6.80000 30.6857051849 2.6320591306   19.919  5.526  3.7121  0.012    3  0.000  0.350   393.58   179.36   117.03    84.62    70.73  0 -1.94e-05      0.00 4.952e-01 4.896e-01 5.633e-04 6.710e-03 2.808e-03 -1.000 1.516e-02 -9.044 -9.113 -8.623 -9.760
0.0152 0.01508 6.80000 30.6900997162 2.6320594803   19.902  5.526  3.7127  0.014    3  0.000  0.350   392.42   178.75   116.65    84.34    70.49  0 -1.94e-05      0.00 4.946e-01 4.902e-01 5.597e-04 6.721e-03 2.801e-03 -1.000 1.516e-02 -9.045 -9.115 -8.627 -9.760
0.0152 0.01508 6.80000 30.7277565002 2.6320624723   19.748  5.540  3.7164  0.011    3  0.000  0.344   393.34   179.31   116.98    84.60    70.71  0 -2.09e-05      0.00 4.878e-01 4.971e-01 5.126e-04 6.865e-03 2.705e-03 -1.000 1.516e-02 -9.080 -9.161 -8.684 -9.797
0.0152 0.01508 6.80000 30.7441024780 2.6320637685   19.681  5.547  3.7184  0.011    3  0.000  0.340   392.89   179.10   116.84    84.51    70.63  0 -2.16e-05      0.00 4.848e-01 5.000e-01 4.923e-04 6.926e-03 2.664e-03 -1.000 1.516e-02 -9.096 -9.182 -8.711 -9.813
0.0152 0.01508 6.80000 30.7508888245 2.6320643061   19.653  5.549  3.7197  0.013    3  0.000  0.336   391.92   178.60   116.52    84.28    70.44  0 -2.19e-05      0.00 4.836e-01 5.012e-01 4.839e-04 6.952e-03 2.647e-03 -1.000 1.517e-02 -9.104 -9.193 -8.725 -9.820
0.0152 0.01508 6.80000 30.7549686432 2.6320646292   19.635  5.553  3.7206  0.013    3  0.000  0.333   391.87   178.58   116.51    84.28    70.43  0 -2.22e-05      0.00 4.828e-01 5.020e-01 4.782e-04 6.969e-03 2.636e-03 -1.000 1.517e-02 -9.112 -9.203 -8.738 -9.828
0.0152 0.01508 6.80000 30.7580051422 2.6320648696   19.622  5.559  3.7210  0.008    3  0.000  0.332   394.58   180.03   117.41    84.94    70.99  0 -2.29e-05      0.00 4.821e-01 5.027e-01 4.722e-04 6.987e-03 2.624e-03 -1.000 1.517e-02 -9.127 -9.220 -8.756 -9.844
0.0152 0.01508 6.80000 30.7626590729 2.6320652380   19.600  5.575  3.7210 -0.009    3  0.000  0.329   405.06   185.63   120.89    87.50    73.14  0 -2.47e-05      0.00 4.806e-01 5.043e-01 4.594e-04 7.025e-03 2.599e-03 -1.000 1.518e-02 -9.169 -9.261 -8.797 -9.886
0.0152 0.01508 6.80000 30.7675743103 2.6320656269   19.575  5.592  3.7213 -0.025    3  0.000  0.326   414.92   190.92   124.18    89.92    75.16  0 -2.68e-05      0.00 4.791e-01 5.058e-01 4.484e-04 7.060e-03 2.575e-03 -1.000 1.519e-02 -9.210 -9.304 -8.840 -9.927
0.0152 0.01508 6.80000 30.7712306976 2.6320659161   19.558  5.602  3.7221 -0.032    3  0.000  0.326   419.48   193.38   125.70    91.05    76.11  0 -2.81e-05      0.00 4.785e-01 5.064e-01 4.453e-04 7.073e-03 2.565e-03 -1.000 1.518e-02 -9.234 -9.330 -8.869 -9.952
0.0152 0.01508 6.80000 30.7749137878 2.6320662073   19.540  5.611  3.7229 -0.039    3  0.000  0.326   423.76   195.70   127.14    92.11    76.99  0 -2.95e-05      0.00 4.779e-01 5.069e-01 4.429e-04 7.083e-03 2.556e-03 -1.000 1.517e-02 -9.258 -9.356 -8.897 -9.975
0.0152 0.01508 6.80000 30.7785606384 2.6320664956   19.525  5.620  3.7238 -0.044    3  0.000  0.327   427.21   197.57   128.30    92.96    77.71  0 -3.08e-05      0.00 4.774e-01 5.074e-01 4.406e-04 7.094e-03 2.547e-03 -1.000 1.517e-02 -9.279 -9.380 -8.923 -9.997
0.0152 0.01508 6.80000 30.7840156555 2.6320669267   19.509  5.631  3.7252 -0.050    3  0.000  0.327   430.68   199.45   129.46    93.82    78.43  0 -3.26e-05      0.00 4.766e-01 5.082e-01 4.375e-04 7.109e-03 2.534e-03 -1.000 1.516e-02 -9.306 -9.410 -8.958 -10.023
0.0152 0.01508 6.80000 30.7884292603 2.6320672754   19.504  5.636  3.7268 -0.049    3  0.000  0.328   430.46   199.33   129.39    93.77    78.38  0 -3.36e-05      0.00 4.761e-01 5.088e-01 4.356e-04 7.120e-03 2.525e-03 -1.000 1.518e-02 -9.321 -9.429 -8.982 -10.037
0.0152 0.01508 6.80000 30.7904739380 2.6320674369   19.501  5.639  3.7278 -0.048    3  0.000  0.328   429.61   198.88   129.10    93.56    78.21  0 -3.41e-05      0.00 4.758e-01 5.090e-01 4.348e-04 7.124e-03 2.521e-03 -1.000 1.519e-02 -9.329 -9.439 -8.995 -10.044
0.0152 0.01508 6.80000 30.7914505005 2.6320675140   19.500  5.641  3.7288 -0.046    3  0.000  0.328   428.17   198.10   128.62    93.21    77.91  0 -3.43e-05      0.00 4.757e-01 5.091e-01 4.344e-04 7.127e-03 2.519e-03 -1.000 1.519e-02 -9.333 -9.445 -9.004 -10.048
0.0152 0.01508 6.80000 30.7917785645 2.6320675399   19.500  5.642  3.7293 -0.044    3  0.000  0.328   427.19   197.57   128.29    92.96    77.71  0 -3.44e-05      0.00 4.756e-01 5.092e-01 4.342e-04 7.127e-03 2.518e-03 -1.000 1.519e-02 -9.334 -9.448 -9.009 -10.050
# Zini     MH   logAge Mini        int_IMF         Mass   logL    logTe  logg  label   McoreTP C_O  period0  period1  period2  period3  period4  pmode  Mloss  tau1m   X   Y   Xc  Xn  Xo  Cexcess  Z 	 mbolmag  Gmag    G_BPmag  G_RPmag
0.0152 0.01508 6.85000 0.0900000036 1.0816895926    0.090 -1.953  3.3986  3.892    0  0.000  0.545     0.00     0.00     0.00     0.00     0.00 -1 -5.35e-15      0.00 7.092e-01 2.755e-01 2.746e-03 7.408e-04 6.719e-03 -1.000 1.527e-02 9.653 11.675 14.211 10.226
0.0152 0.01508 6.85000 0.1088415086 1.2409861684    0.109 -1.846  3.4098  3.912    0  0.000  0.545     0.00     0.00     0.00     0.00     0.00 -1 -6.06e-15      0.00 7.092e-01 2.755e-01 2.746e-03 7.408e-04 6.719e-03 -1.000 1.527e-02 9.386 11.407 13.947 9.958
0.0152 0.01508 6.85000 0.1183863208 1.3085864209    0.118 -1.800  3.4145  3.921    0  0.000  0.545     0.00     0.00     0.00     0.00     0.00 -1 -6.39e-15      0.00 7.092e-01 2.755e-01 2.746e-03 7.408e-04 6.719e-03 -1.000 1.527e-02 9.270 11.290 13.832 9.841
0.0152 0.01508 6.85000 0.1242914796 1.3469588619    0.124 -1.770  3.4179  3.925    0  0.000  0.545     0.00     0.00     0.00     0.00     0.00 -1 -6.64e-15      0.00 7.092e-01 2.755e-01 2.746e-03 7.408e-04 6.719e-03 -1.000 1.527e-02 9.194 11.194 13.713 9.749
0.0152 0.01508 6.85000 0.1285540313 1.3732142280    0.128 -1.747  3.4203  3.927    0  0.000  0.545     0.00     0.00     0.00     0.00     0.00 -1 -6.89e-15      0.00 7.092e-01 2.755e-01 2.746e-03 7.408e-04 6.719e-03 -1.000 1.527e-02 9.137 11.118 13.615 9.677
0.0152 0.01508 6.85000 0.1391545534 1.4338745320    0.139 -1.702  3.4247  3.934    0  0.000  0.545     0.00     0.00     0.00     0.00     0.00 -1 -7.29e-15      0.00 7.092e-01 2.755e-01 2.746e-03 7.408e-04 6.719e-03 -1.000 1.527e-02 9.026 10.944 13.372 9.517
0.0152 0.01508 6.85000 0.1400000006 1.4384526719    0.140 -1.699  3.4250  3.935    0  0.000  0.545     0.00     0.00     0.00     0.00     0.00 -1 -7.32e-15      0.00 7.092e-01 2.755e-01 2.746e-03 7.408e-04 6.719e-03 -1.000 1.527e-02 9.018 10.931 13.354 9.505
0.0152 0.01508 6.85000 0.1495361030 1.4877236265    0.149 -1.655  3.4302  3.941    0  0.000  0.545     0.00     0.00     0.00     0.00     0.00 -1 -7.79e-15      0.00 7.092e-01 2.755e-01 2.746e-03 7.408e-04 6.719e-03 -1.000 1.527e-02 8.908 10.747 13.088 9.338
0.0152 0.01508 6.85000 0.1687704772 1.5757006115    0.169 -1.579  3.4392  3.953    0  0.000  0.545     0.00     0.00     0.00     0.00     0.00 -1 -8.62e-15      0.00 7.092e-01 2.755e-01 2.746e-03 7.408e-04 6.719e-03 -1.000 1.527e-02 8.717 10.442 12.665 9.059
0.0152 0.01508 6.85000 0.1823475063 1.6303063520    0.182 -1.526  3.4457  3.959    0  0.000  0.545     0.00     0.00     0.00     0.00     0.00 -1 -9.29e-15      0.00 7.092e-01 2.755e-01 2.746e-03 7.408e-04 6.719e-03 -1.000 1.527e-02 8.585 10.231 12.371 8.866
0.0152 0.01508 6.85000 0.1967131644 1.6826078292    0.197 -1.481  3.4505  3.967    0  0.000  0.545     0.00     0.00     0.00     0.00     0.00 -1 -9.84e-15      0.00 7.092e-01 2.755e-01 2.746e-03 7.408e-04 6.719e-03 -1.000 1.527e-02 8.473 10.060 12.138 8.709
0.0152 0.01508 6.85000 0.2092670947 1.7244032865    0.209 -1.443  3.4550  3.974    0  0.000  0.545     0.00     0.00     0.00     0.00     0.00 -1 -1.03e-14      0.00 7.092e-01 2.755e-01 2.746e-03 7.408e-04 6.719e-03 -1.000 1.527e-02 8.377 9.912 11.933 8.575
0.0152 0.01508 6.85000 0.2278633565 1.7806661723    0.228 -1.386  3.4619  3.981    0  0.000  0.545     0.00     0.00     0.00     0.00     0.00 -1 -1.12e-14      0.00 7.092e-01 2.755e-01 2.746e-03 7.408e-04 6.719e-03 -1.000 1.527e-02 8.234 9.692 11.629 8.375
0.0152 0.01508 6.85000 0.2683949471 1.8849028108    0.268 -1.284  3.4739  3.998    0  0.000  0.545     0.00     0.00     0.00     0.00     0.00 -1 -1.28e-14      0.00 7.092e-01 2.755e-01 2.746e-03 7.408e-04 6.719e-03 -1.000 1.527e-02 7.980 9.322 11.133 8.036
0.0152 0.01508 6.85000 0.2975368202 1.9479546066    0.297 -1.218  3.4821  4.009    0  0.000  0.545     0.00     0.00     0.00     0.00     0.00 -1  -1.4e-14      0.00 7.092e-01 2.755e-01 2.746e-03 7.408e-04 6.719e-03 -1.000 1.527e-02 7.814 9.080 10.810 7.817
0.0152 0.01508 6.85000 0.3000000119 1.9529139769    0.300 -1.212  3.4827  4.010    0  0.000  0.545     0.00     0.00     0.00     0.00     0.00 -1 -1.41e-14      0.00 7.092e-01 2.755e-01 2.746e-03 7.408e-04 6.719e-03 -1.000 1.527e-02 7.801 9.062 10.785 7.800
0.0152 0.01508 6.85000 0.3176661432 1.9869969396    0.318 -1.176  3.4874  4.018    0  0.000  0.545     0.00     0.00     0.00     0.00     0.00 -1 -1.47e-14      0.00 7.092e-01 2.755e-01 2.746e-03 7.408e-04 6.719e-03 -1.000 1.527e-02 7.711 8.929 10.605 7.681
0.0152 0.01508 6.85000 0.3500000238 2.0434175133    0.350 -1.113  3.4955  4.029    0  0.000  0.545     0.00     0.00     0.00     0.00     0.00 -1  -1.6e-14      0.00 7.092e-01 2.755e-01 2.746e-03 7.408e-04 6.719e-03 -1.000 1.527e-02 7.553 8.705 10.309 7.478
0.0152 0.01508 6.85000 0.3569266200 2.0546261479    0.357 -1.101  3.4971  4.032    0  0.000  0.545     0.00     0.00     0.00     0.00     0.00 -1 -1.62e-14      0.00 7.092e-01 2.755e-01 2.746e-03 7.408e-04 6.719e-03 -1.000 1.527e-02 7.523 8.664 10.256 7.441
0.0152 0.01508 6.85000 0.4000000358 2.1185024810    0.400 -1.030  3.5062  4.046    0  0.000  0.545     0.00     0.00     0.00     0.00     0.00 -1 -1.78e-14      0.00 7.092e-01 2.755e-01 2.746e-03 7.408e-04 6.719e-03 -1.000 1.527e-02 7.344 8.418 9.938 7.217
0.0152 0.01508 6.85000 0.4137057066 2.1369761361    0.414 -1.009  3.5091  4.052    0  0.000  0.545     0.00     0.00     0.00     0.00     0.00 -1 -1.83e-14      0.00 7.092e-01 2.755e-01 2.746e-03 7.408e-04 6.719e-03 -1.000 1.527e-02 7.292 8.344 9.842 7.151
0.0152 0.01508 6.85000 0.4500000477 2.1822809714    0.450 -0.954  3.5167  4.063    0  0.000  0.545     0.00     0.00     0.00     0.00     0.00 -1 -1.96e-14      0.00 7.092e-01 2.755e-01 2.746e-03 7.408e-04 6.719e-03 -1.000 1.527e-02 7.154 8.153 9.593 6.979
0.0152 0.01508 6.85000 0.4707935154 2.2061494687    0.471 -0.926  3.5208  4.072    0  0.000  0.545     0.00     0.00     0.00     0.00     0.00 -1 -2.02e-14      0.00 7.092e-01 2.755e-01 2.746e-03 7.408e-04 6.719e-03 -1.000 1.527e-02 7.084 8.054 9.462 6.891
0.0152 0.01508 6.85000 0.5000000000 2.2374541529    0.500 -0.886  3.5267  4.081    0  0.000  0.545     0.00     0.00     0.00     0.00     0.00 -1 -2.13e-14      0.00 7.092e-01 2.755e-01 2.746e-03 7.408e-04 6.719e-03 -1.000 1.527e-02 6.984 7.912 9.276 6.765
0.0152 0.01508 6.85000 0.5160804987 2.2534387306    0.516 -0.864  3.5304  4.088    0  0.000  0.545     0.00     0.00     0.00     0.00     0.00 -1 -2.19e-14      0.00 7.092e-01 2.755e-01 2.746e-03 7.408e-04 6.719e-03 -1.000 1.527e-02 6.930 7.832 9.169 6.696
0.0152 0.01508 6.85000 0.5403850675 2.2755345529    0.540 -0.833  3.5351  4.096    0  0.000  0.545     0.00     0.00     0.00     0.00     0.00 -1 -2.27e-14      0.00 7.092e-01 2.755e-01 2.746e-03 7.408e-04 6.719e-03 -1.000 1.527e-02 6.853 7.724 9.027 6.601
0.0152 0.01508 6.85000 0.5500000119 2.2836582633    0.550 -0.822  3.5366  4.099    0  0.000  0.545     0.00     0.00     0.00     0.00     0.00 -1  -2.3e-14      0.00 7.092e-01 2.755e-01 2.746e-03 7.408e-04 6.719e-03 -1.000 1.527e-02 6.825 7.686 8.977 6.567
0.0152 0.01508 6.85000 0.5625848174 2.2938102093    0.562 -0.806  3.5394  4.104    0  0.000  0.545     0.00     0.00     0.00     0.00     0.00 -1 -2.35e-14      0.00 7.092e-01 2.755e-01 2.746e-03 7.408e-04 6.719e-03 -1.000 1.527e-02 6.786 7.628 8.899 6.516
0.0152 0.01508 6.85000 0.5906668901 2.3146804890    0.590 -0.772  3.5451  4.113    0  0.000  0.545     0.00     0.00     0.00     0.00     0.00 -1 -2.45e-14      0.00 7.092e-01 2.755e-01 2.746e-03 7.408e-04 6.719e-03 -1.000 1.527e-02 6.700 7.504 8.735 6.409
0.0152 0.01508 6.85000 0.6000000238 2.3211213258    0.600 -0.762  3.5466  4.117    0  0.000  0.545     0.00     0.00     0.00     0.00     0.00 -1 -2.48e-14      0.00 7.092e-01 2.755e-01 2.746e-03 7.408e-04 6.719e-03 -1.000 1.527e-02 6.676 7.470 8.690 6.379
0.0152 0.01508 6.85000 0.6274262071 2.3387796311    0.627 -0.728  3.5528  4.127    0  0.000  0.545     0.00     0.00     0.00     0.00     0.00 -1 -2.59e-14      0.00 7.092e-01 2.755e-01 2.746e-03 7.408e-04 6.719e-03 -1.000 1.527e-02 6.591 7.344 8.521 6.272
0.0152 0.01508 6.85000 0.6499999762 2.3520353107    0.650 -0.703  3.5572  4.135    0  0.000  0.545     0.00     0.00     0.00     0.00     0.00 -1 -2.67e-14      0.00 7.092e-01 2.755e-01 2.746e-03 7.408e-04 6.719e-03 -1.000 1.527e-02 6.528 7.252 8.398 6.194
0.0152 0.01508 6.85000 0.6749926805 2.3655285580    0.675 -0.672  3.5629  4.143    0  0.000  0.545     0.00     0.00     0.00     0.00     0.00 -1 -2.79e-14      0.00 7.092e-01 2.755e-01 2.746e-03 7.408e-04 6.719e-03 -1.000 1.527e-02 6.450 7.135 8.242 6.095
0.0152 0.01508 6.85000 0.7000000477 2.3779267258    0.700 -0.643  3.5681  4.151    0  0.000  0.545     0.00     0.00     0.00     0.00     0.00 -1  -2.9e-14      0.00 7.092e-01 2.755e-01 2.746e-03 7.408e-04 6.719e-03 -1.000 1.527e-02 6.378 7.027 8.099 6.004
0.0152 0.01508 6.85000 0.7000131011 2.3779329319    0.700 -0.643  3.5681  4.151    0  0.000  0.545     0.00     0.00     0.00     0.00     0.00 -1  -2.9e-14      0.00 7.092e-01 2.755e-01 2.746e-03 7.408e-04 6.719e-03 -1.000 1.527e-02 6.378 7.027 8.098 6.004
0.0152 0.01508 6.85000 0.7500000000 2.3998889087    0.750 -0.496  3.6177  4.232    0  0.000  0.538     0.00     0.00     0.00     0.00     0.00 -1 -3.59e-14      0.00 7.092e-01 2.755e-01 2.710e-03 7.399e-04 6.720e-03 -1.000 1.527e-02 6.010 6.350 7.138 5.483
0.0152 0.01508 6.85000 0.7578098178 2.4030197226    0.758 -0.489  3.6187  4.233    0  0.000  0.538     0.00     0.00     0.00     0.00     0.00 -1 -3.62e-14      0.00 7.092e-01 2.755e-01 2.710e-03 7.399e-04 6.720e-03 -1.000 1.527e-02 5.992 6.326 7.110 5.462
0.0152 0.01508 6.85000 0.8000000119 2.4187244405    0.800 -0.448  3.6238  4.236    0  0.000  0.538     0.00     0.00     0.00     0.00     0.00 -1 -3.87e-14      0.00 7.092e-01 2.755e-01 2.710e-03 7.399e-04 6.720e-03 -1.000 1.527e-02 5.890 6.195 6.955 5.346
0.0152 0.01508 6.85000 0.8180295229 2.4248702919    0.818 -0.432  3.6260  4.238    0  0.000  0.538     0.00     0.00     0.00     0.00     0.00 -1 -3.96e-14      0.00 7.092e-01 2.755e-01 2.710e-03 7.399e-04 6.720e-03 -1.000 1.527e-02 5.849 6.143 6.892 5.300
0.0152 0.01508 6.85000 0.8500000238 2.4350346840    0.850 -0.400  3.6300  4.239    0  0.000  0.538     0.00     0.00     0.00     0.00     0.00 -1 -4.17e-14      0.00 7.092e-01 2.755e-01 2.710e-03 7.399e-04 6.720e-03 -1.000 1.527e-02 5.769 6.041 6.771 5.210
0.0152 0.01508 6.85000 0.8667097092 2.4400053690    0.866 -0.384  3.6320  4.240    0  0.000  0.538     0.00     0.00     0.00     0.00     0.00 -1 -4.28e-14      0.00 7.092e-01 2.755e-01 2.710e-03 7.399e-04 6.720e-03 -1.000 1.527e-02 5.730 5.991 6.712 5.167
0.0152 0.01508 6.85000 0.9000000358 2.4492786175    0.899 -0.352  3.6362  4.241    0  0.000  0.538     0.00     0.00     0.00     0.00     0.00 -1 -4.52e-14      0.00 7.092e-01 2.755e-01 2.710e-03 7.399e-04 6.720e-03 -1.000 1.527e-02 5.650 5.888 6.590 5.077
0.0152 0.01508 6.85000 0.9028593302 2.4500385005    0.902 -0.349  3.6366  4.241    0  0.000  0.538     0.00     0.00     0.00     0.00     0.00 -1 -4.54e-14      0.00 7.092e-01 2.755e-01 2.710e-03 7.399e-04 6.720e-03 -1.000 1.527e-02 5.643 5.880 6.580 5.069
0.0152 0.01508 6.85000 0.9500000477 2.4618122009    0.950 -0.304  3.6426  4.242    0  0.000  0.538     0.00     0.00     0.00     0.00     0.00 -1  -4.9e-14      0.00 7.092e-01 2.755e-01 2.710e-03 7.399e-04 6.720e-03 -1.000 1.527e-02 5.530 5.736 6.409 4.943
0.0152 0.01508 6.85000 0.9500537515 2.4618248494    0.950 -0.304  3.6426  4.242    0  0.000  0.538     0.00     0.00     0.00     0.00     0.00 -1  -4.9e-14      0.00 7.092e-01 2.755e-01 2.710e-03 7.399e-04 6.720e-03 -1.000 1.527e-02 5.530 5.736 6.409 4.943
0.0152 0.01508 6.85000 1.0000000000 2.4729154477    1.000 -0.252  3.6494  4.240    0  0.000  0.538     0.00     0.00     0.00     0.00     0.00 -1  -5.4e-14      0.00 7.092e-01 2.755e-01 2.710e-03 7.399e-04 6.720e-03 -1.000 1.527e-02 5.400 5.571 6.215 4.798
0.0152 0.01508 6.85000 1.0036046505 2.4736668906    1.004 -0.249  3.6499  4.240    0  0.000  0.538     0.00     0.00     0.00     0.00     0.00 -1 -5.41e-14      0.00 7.092e-01 2.755e-01 2.710e-03 7.399e-04 6.720e-03 -1.000 1.527e-02 5.392 5.560 6.202 4.789
0.0152 0.01508 6.85000 1.0499999523 2.4828114860    1.050 -0.205  3.6563  4.241    0  0.000  0.538     0.00     0.00     0.00     0.00     0.00 -1 -5.46e-14      0.00 7.092e-01 2.755e-01 2.710e-03 7.399e-04 6.720e-03 -1.000 1.527e-02 5.281 5.419 6.036 4.666
0.0152 0.01508 6.85000 1.1000000238 2.4916801480    1.099 -0.146  3.6644  4.235    0  0.000  0.538     0.00     0.00     0.00     0.00     0.00 -1 -5.65e-14      0.00 7.092e-01 2.755e-01 2.710e-03 7.399e-04 6.720e-03 -1.000 1.527e-02 5.136 5.238 5.825 4.508
0.0152 0.01508 6.85000 1.1499999762 2.4996678137    1.149 -0.093  3.6724  4.233    0  0.000  0.538     0.00     0.00     0.00     0.00     0.00 -1 -5.75e-14      0.00 7.092e-01 2.755e-01 2.710e-03 7.399e-04 6.720e-03 -1.000 1.527e-02 5.002 5.072 5.631 4.364
0.0152 0.01508 6.85000 1.2000000477 2.5068948796    1.200 -0.040  3.6804  4.230    0  0.000  0.538     0.00     0.00     0.00     0.00     0.00 -1 -5.78e-14      0.00 7.092e-01 2.755e-01 2.710e-03 7.399e-04 6.720e-03 -1.000 1.527e-02 4.870 4.911 5.443 4.223
0.0152 0.01508 6.85000 1.2095365524 2.5081954966    1.209 -0.030  3.6818  4.230    0  0.000  0.538     0.00     0.00     0.00     0.00     0.00 -1 -5.77e-14      0.00 7.092e-01 2.755e-01 2.710e-03 7.399e-04 6.720e-03 -1.000 1.527e-02 4.846 4.883 5.411 4.199
0.0152 0.01508 6.85000 1.2320506573 2.5111743832    1.232 -0.005  3.6856  4.228    0  0.000  0.538     0.00     0.00     0.00     0.00     0.00 -1 -5.76e-14      0.00 7.092e-01 2.755e-01 2.710e-03 7.399e-04 6.720e-03 -1.000 1.527e-02 4.782 4.807 5.324 4.132
0.0152 0.01508 6.85000 1.2500000000 2.5134610955    1.250  0.018  3.6889  4.224    0  0.000  0.538     0.00     0.00     0.00     0.00     0.00 -1 -5.83e-14      0.00 7.092e-01 2.755e-01 2.710e-03 7.399e-04 6.720e-03 -1.000 1.527e-02 4.724 4.738 5.245 4.072
0.0152 0.01508 6.85000 1.2999999523 2.5194498592    1.300  0.082  3.6979  4.214    0  0.000  0.538     0.00     0.00     0.00     0.00     0.00 -1 -5.98e-14      0.00 7.092e-01 2.755e-01 2.710e-03 7.399e-04 6.720e-03 -1.000 1.527e-02 4.565 4.553 5.033 3.909
0.0152 0.01508 6.85000 1.3163223267 2.5212919608    1.316  0.103  3.7008  4.210    0  0.000  0.538     0.00     0.00     0.00     0.00     0.00 -1 -5.97e-14      0.00 7.092e-01 2.755e-01 2.710e-03 7.399e-04 6.720e-03 -1.000 1.527e-02 4.513 4.493 4.966 3.857
0.0152 0.01508 6.85000 1.3500001431 2.5249313723    1.350  0.145  3.7069  4.203    0  0.000  0.538     0.00     0.00     0.00     0.00     0.00 -1 -5.98e-14      0.00 7.092e-01 2.755e-01 2.710e-03 7.399e-04 6.720e-03 -1.000 1.527e-02 4.407 4.372 4.829 3.749
0.0152 0.01508 6.85000 1.3571875095 2.5256812322    1.357  0.154  3.7081  4.201    0  0.000  0.538     0.00     0.00     0.00     0.00     0.00 -1 -5.97e-14      0.00 7.092e-01 2.755e-01 2.710e-03 7.399e-04 6.720e-03 -1.000 1.527e-02 4.385 4.347 4.801 3.727
0.0152 0.01508 6.85000 1.4000000954 2.5299650415    1.400  0.213  3.7162  4.188    0  0.000  0.538     0.00     0.00     0.00     0.00     0.00 -1 -5.98e-14      0.00 7.092e-01 2.755e-01 2.710e-03 7.399e-04 6.720e-03 -1.000 1.527e-02 4.238 4.182 4.616 3.580
0.0152 0.01508 6.85000 1.4500000477 2.5346015836    1.450  0.286  3.7258  4.168    0  0.000  0.538     0.00     0.00     0.00     0.00     0.00 -1 -5.92e-14      0.00 7.092e-01 2.755e-01 2.710e-03 7.399e-04 6.720e-03 -1.000 1.527e-02 4.054 3.979 4.391 3.399
0.0152 0.01508 6.85000 1.4671789408 2.5361109611    1.467  0.313  3.7291  4.160    0  0.000  0.538     0.00     0.00     0.00     0.00     0.00 -1 -5.84e-14      0.00 7.092e-01 2.755e-01 2.710e-03 7.399e-04 6.720e-03 -1.000 1.527e-02 3.988 3.907 4.311 3.334
0.0152 0.01508 6.85000 1.5000000000 2.5388844597    1.500  0.368  3.7359  4.141    0  0.000  0.538     0.00     0.00     0.00     0.00     0.00 -1 -5.79e-14      0.00 7.092e-01 2.755e-01 2.710e-03 7.399e-04 6.720e-03 -1.000 1.527e-02 3.850 3.758 4.146 3.200
0.0152 0.01508 6.85000 1.5192192793 2.5404447319    1.519  0.402  3.7398  4.129    0  0.000  0.538     0.00     0.00     0.00     0.00     0.00 -1 -5.64e-14      0.00 7.092e-01 2.755e-01 2.710e-03 7.399e-04 6.720e-03 -1.000 1.527e-02 3.765 3.667 4.046 3.118
0.0152 0.01508 6.85000 1.5499999523 2.5428511323    1.550  0.461  3.7465  4.105    0  0.000  0.538     0.00     0.00     0.00     0.00     0.00 -1 -5.51e-14      0.00 7.092e-01 2.755e-01 2.710e-03 7.399e-04 6.720e-03 -1.000 1.527e-02 3.618 3.512 3.877 2.978
0.0152 0.01508 6.85000 1.5718162060 2.5444912269    1.572  0.506  3.7513  4.086    0  0.000  0.538     0.00     0.00     0.00     0.00     0.00 -1 -5.19e-14      0.00 7.092e-01 2.755e-01 2.710e-03 7.399e-04 6.720e-03 -1.000 1.527e-02 3.505 3.395 3.749 2.872
0.0152 0.01508 6.85000 1.6000000238 2.5465340628    1.600  0.570  3.7580  4.056    0  0.000  0.538     0.00     0.00     0.00     0.00     0.00 -1 -4.92e-14      0.00 7.092e-01 2.755e-01 2.710e-03 7.399e-04 6.720e-03 -1.000 1.527e-02 3.344 3.228 3.566 2.720
0.0152 0.01508 6.85000 1.6021858454 2.5466890467    1.602  0.576  3.7585  4.053    0  0.000  0.538     0.00     0.00     0.00     0.00     0.00 -1 -4.84e-14      0.00 7.092e-01 2.755e-01 2.710e-03 7.399e-04 6.720e-03 -1.000 1.527e-02 3.331 3.214 3.552 2.708
0.0152 0.01508 6.85000 1.6295962334 2.5485920375    1.629  0.646  3.7655  4.018    0  0.000  0.538     0.00     0.00     0.00     0.00     0.00 -1 -4.01e-14      0.00 7.092e-01 2.755e-01 2.710e-03 7.399e-04 6.720e-03 -1.000 1.527e-02 3.154 3.032 3.354 2.543
0.0152 0.01508 6.85000 1.6500000954 2.5499614852    1.649  0.702  3.7710  3.989    0  0.000  0.538     0.00     0.00     0.00     0.00     0.00 -1 -3.54e-14      0.00 7.092e-01 2.755e-01 2.710e-03 7.399e-04 6.720e-03 -1.000 1.527e-02 3.014 2.889 3.198 2.412
0.0152 0.01508 6.85000 1.6501383781 2.5499706336    1.650  0.703  3.7710  3.989    0  0.000  0.538     0.00     0.00     0.00     0.00     0.00 -1 -3.18e-14      0.00 7.092e-01 2.755e-01 2.710e-03 7.399e-04 6.720e-03 -1.000 1.527e-02 3.013 2.888 3.197 2.411
0.0152 0.01508 6.85000 1.6714881659 2.5513622135    1.671  0.763  3.7771  3.958    0  0.000  0.538     0.00     0.00     0.00     0.00     0.00 -1 -2.54e-21      0.00 7.092e-01 2.755e-01 2.710e-03 7.399e-04 6.720e-03 -1.000 1.527e-02 2.862 2.734 3.030 2.272
0.0152 0.01508 6.85000 1.6930208206 2.5527249092    1.692  0.824  3.7836  3.929    0  0.000  0.538     0.00     0.00     0.00     0.00     0.00 -1 -1.97e-28      0.00 7.092e-01 2.755e-01 2.710e-03 7.399e-04 6.720e-03 -1.000 1.527e-02 2.710 2.579 2.861 2.133
0.0152 0.01508 6.85000 1.7000000477 2.5531580802    1.699  0.844  3.7858  3.920    0  0.000  0.538     0.00     0.00     0.00     0.00     0.00 -1    -1e-30      0.00 7.092e-01 2.755e-01 2.709e-03 7.399e-04 6.720e-03 -1.000 1.527e-02 2.660 2.529 2.807 2.089
0.0152 0.01508 6.85000 1.7079101801 2.5536441098    1.707  0.866  3.7883  3.909    0  0.000  0.538     0.00     0.00     0.00     0.00     0.00 -1    -1e-30      0.00 7.092e-01 2.755e-01 2.709e-03 7.399e-04 6.720e-03 -1.000 1.527e-02 2.605 2.472 2.745 2.038
0.0152 0.01508 6.85000 1.7300988436 2.5549802334    1.729  0.928  3.7959  3.884    0  0.000  0.538     0.00     0.00     0.00     0.00     0.00 -1    -1e-30      0.00 7.092e-01 2.755e-01 2.709e-03 7.399e-04 6.720e-03 -1.000 1.527e-02 2.450 2.316 2.573 1.901
0.0152 0.01508 6.85000 1.7500000000 2.5561455243    1.749  0.983  3.8035  3.864    0  0.000  0.538     0.00     0.00     0.00     0.00     0.00 -1    -1e-30      0.00 7.092e-01 2.755e-01 2.709e-03 7.399e-04 6.720e-03 -1.000 1.527e-02 2.313 2.179 2.420 1.783
0.0152 0.01508 6.85000 1.7520623207 2.5562645417    1.751  0.989  3.8044  3.862    0  0.000  0.538     0.00     0.00     0.00     0.00     0.00 -1    -1e-30      0.00 7.092e-01 2.755e-01 2.709e-03 7.399e-04 6.720e-03 -1.000 1.527e-02 2.299 2.164 2.404 1.771
0.0152 0.01508 6.85000 1.7706431150 2.5573224858    1.770  1.039  3.8128  3.850    0  0.000  0.538     0.00     0.00     0.00     0.00     0.00 -1    -1e-30      0.00 7.092e-01 2.755e-01 2.709e-03 7.399e-04 6.720e-03 -1.000 1.527e-02 2.172 2.038 2.261 1.666
0.0152 0.01508 6.85000 1.7892385721 2.5583560056    1.788  1.089  3.8230  3.845    0  0.000  0.538     0.00     0.00     0.00     0.00     0.00 -1    -1e-30      0.00 7.092e-01 2.755e-01 2.709e-03 7.398e-04 6.720e-03 -1.000 1.527e-02 2.047 1.913 2.118 1.565
0.0152 0.01508 6.85000 1.7999999523 2.5589429085    1.799  1.118  3.8304  3.849    0  0.000  0.538     0.00     0.00     0.00     0.00     0.00 -1    -1e-30      0.00 7.092e-01 2.755e-01 2.709e-03 7.398e-04 6.720e-03 -1.000 1.527e-02 1.976 1.842 2.034 1.512
0.0152 0.01508 6.85000 1.8042572737 2.5591728724    1.803  1.129  3.8336  3.851    0  0.000  0.538     0.00     0.00     0.00     0.00     0.00 -1    -1e-30      0.00 7.092e-01 2.755e-01 2.709e-03 7.398e-04 6.720e-03 -1.000 1.527e-02 1.948 1.815 2.001 1.492
0.0152 0.01508 6.85000 1.8154536486 2.5597717409    1.814  1.158  3.8434  3.865    0  0.000  0.538     0.00     0.00     0.00     0.00     0.00 -1    -1e-30      0.00 7.092e-01 2.755e-01 2.709e-03 7.398e-04 6.720e-03 -1.000 1.527e-02 1.876 1.745 1.916 1.446
0.0152 0.01508 6.85000 1.8289002180 2.5604798342    1.828  1.191  3.8567  3.888    0  0.000  0.538     0.00     0.00     0.00     0.00     0.00 -1    -1e-30      0.00 7.092e-01 2.755e-01 2.709e-03 7.398e-04 6.720e-03 -1.000 1.527e-02 1.793 1.666 1.816 1.400
0.0152 0.01508 6.85000 1.8419462442 2.5611554839    1.841  1.221  3.8704  3.916    0  0.000  0.538     0.00     0.00     0.00     0.00     0.00 -1    -1e-30      0.00 7.092e-01 2.755e-01 2.709e-03 7.398e-04 6.720e-03 -1.000 1.527e-02 1.718 1.599 1.727 1.366
0.0152 0.01508 6.85000 1.8500000238 2.5615671203    1.849  1.238  3.8788  3.934    0  0.000  0.538     0.00     0.00     0.00     0.00     0.00 -1    -1e-30      0.00 7.092e-01 2.755e-01 2.709e-03 7.398e-04 6.720e-03 -1.000 1.527e-02 1.674 1.561 1.676 1.350
0.0152 0.01508 6.85000 1.8506059647 2.5615979239    1.850  1.240  3.8795  3.935    0  0.000  0.538     0.00     0.00     0.00     0.00     0.00 -1    -1e-30      0.00 7.092e-01 2.755e-01 2.709e-03 7.398e-04 6.720e-03 -1.000 1.527e-02 1.671 1.558 1.672 1.348
0.0152 0.01508 6.85000 1.8642723560 2.5622865563    1.863  1.265  3.8933  3.969    0  0.000  0.538     0.00     0.00     0.00     0.00     0.00 -1    -1e-30      0.00 7.092e-01 2.755e-01 2.709e-03 7.398e-04 6.720e-03 -1.000 1.527e-02 1.607 1.506 1.600 1.332
0.0152 0.01508 6.85000 1.8796290159 2.5630466351    1.879  1.285  3.9072  4.008    0  0.000  0.538     0.00     0.00     0.00     0.00     0.00 -1    -1e-30      0.00 7.092e-01 2.755e-01 2.709e-03 7.398e-04 6.720e-03 -1.000 1.527e-02 1.558 1.474 1.548 1.335
0.0152 0.01508 6.85000 1.8984922171 2.5639609447    1.897  1.286  3.9188  4.058    0  0.000  0.538     0.00     0.00     0.00     0.00     0.00 -1    -1e-30      0.00 7.092e-01 2.755e-01 2.709e-03 7.398e-04 6.720e-03 -1.000 1.527e-02 1.556 1.492 1.551 1.380
0.0152 0.01508 6.85000 1.9000000954 2.5640331317    1.899  1.281  3.9184  4.061    0  0.000  0.538     0.00     0.00     0.00     0.00     0.00 -1    -1e-30      0.00 7.092e-01 2.755e-01 2.709e-03 7.398e-04 6.720e-03 -1.000 1.527e-02 1.567 1.502 1.562 1.390
0.0152 0.01508 6.85000 1.9009126425 2.5640767543    1.900  1.281  3.9189  4.063    0  0.000  0.538     0.00     0.00     0.00     0.00     0.00 -1    -1e-30      0.00 7.092e-01 2.755e-01 2.709e-03 7.398e-04 6.720e-03 -1.000 1.527e-02 1.567 1.504 1.562 1.393
0.0152 0.01508 6.85000 1.9213677645 2.5650420819    1.921  1.255  3.9241  4.115    0  0.000  0.538     0.00     0.00     0.00     0.00     0.00 -1    -1e-30      0.00 7.092e-01 2.755e-01 2.709e-03 7.398e-04 6.720e-03 -1.000 1.527e-02 1.633 1.581 1.634 1.480
0.0152 0.01508 6.85000 1.9353413582 2.5656880561    1.935  1.226  3.9239  4.146    0  0.000  0.538     0.00     0.00     0.00     0.00     0.00 -1    -1e-30      0.00 7.092e-01 2.755e-01 2.709e-03 7.398e-04 6.720e-03 -1.000 1.527e-02 1.704 1.653 1.707 1.550
0.0152 0.01508 6.85000 1.9478405714 2.5662568505    1.947  1.200  3.9224  4.169    0  0.000  0.538     0.00     0.00     0.00     0.00     0.00 -1    -1e-30      0.00 7.092e-01 2.755e-01 2.709e-03 7.398e-04 6.720e-03 -1.000 1.527e-02 1.770 1.717 1.773 1.610
0.0152 0.01508 6.85000 1.9500001669 2.5663542767    1.950  1.195  3.9221  4.173    0  0.000  0.538     0.00     0.00     0.00     0.00     0.00 -1    -1e-30      0.00 7.092e-01 2.755e-01 2.709e-03 7.398e-04 6.720e-03 -1.000 1.527e-02 1.781 1.727 1.784 1.619
0.0152 0.01508 6.85000 1.9542217255 2.5665440097    1.954  1.187  3.9214  4.180    0  0.000  0.538     0.00     0.00     0.00     0.00     0.00 -1    -1e-30      0.00 7.092e-01 2.755e-01 2.709e-03 7.398e-04 6.720e-03 -1.000 1.527e-02 1.803 1.748 1.806 1.638
0.0152 0.01508 6.85000 1.9677984715 2.5671478588    1.968  1.169  3.9199  4.195    0  0.000  0.538     0.00     0.00     0.00     0.00     0.00 -1    -1e-30      0.00 7.092e-01 2.755e-01 2.709e-03 7.398e-04 6.719e-03 -1.000 1.527e-02 1.848 1.790 1.851 1.676
0.0152 0.01508 6.85000 1.9910689592 2.5681608601    1.991  1.159  3.9197  4.209    0  0.000  0.538     0.00     0.00     0.00     0.00     0.00 -1    -1e-30      0.00 7.092e-01 2.755e-01 2.709e-03 7.398e-04 6.719e-03 -1.000 1.527e-02 1.873 1.815 1.877 1.700
0.0152 0.01508 6.85000 2.0000000000 2.5685424513    2.000  1.160  3.9203  4.212    0  0.000  0.538     0.00     0.00     0.00     0.00     0.00 -1    -1e-30      0.00 7.092e-01 2.755e-01 2.709e-03 7.398e-04 6.719e-03 -1.000 1.527e-02 1.870 1.814 1.874 1.700
0.0152 0.01508 6.85000 2.0042304993 2.5687218408    2.004  1.161  3.9206  4.214    0  0.000  0.538     0.00     0.00     0.00     0.00     0.00 -1    -1e-30      0.00 7.092e-01 2.755e-01 2.709e-03 7.398e-04 6.719e-03 -1.000 1.527e-02 1.868 1.812 1.872 1.699
0.0152 0.01508 6.85000 2.0452320576 2.5704163402    2.045  1.223  3.9345  4.215    0  0.000  0.538     0.00     0.00     0.00     0.00     0.00 -1    -1e-30      0.00 7.092e-01 2.755e-01 2.709e-03 7.398e-04 6.719e-03 -1.000 1.527e-02 1.712 1.685 1.728 1.604
0.0152 0.01508 6.85000 2.0499999523 2.5706083333    2.050  1.231  3.9363  4.216    0  0.000  0.538     0.00     0.00     0.00     0.00     0.00 -1    -1e-30      0.00 7.092e-01 2.755e-01 2.709e-03 7.398e-04 6.719e-03 -1.000 1.527e-02 1.692 1.670 1.710 1.593
0.0152 0.01508 6.85000 2.0553355217 2.5708219713    2.055  1.240  3.9384  4.216    0  0.000  0.538     0.00     0.00     0.00     0.00     0.00 -1    -1e-30      0.00 7.092e-01 2.755e-01 2.709e-03 7.398e-04 6.719e-03 -1.000 1.527e-02 1.671 1.653 1.691 1.581
0.0152 0.01508 6.85000 2.0861642361 2.5720317948    2.085  1.298  3.9533  4.225    0  0.000  0.538     0.00     0.00     0.00     0.00     0.00 -1    -1e-30      0.00 7.092e-01 2.755e-01 2.709e-03 7.398e-04 6.719e-03 -1.000 1.527e-02 1.526 1.552 1.575 1.508
0.0152 0.01508 6.85000 2.0999999046 2.5725614918    2.099  1.326  3.9613  4.231    0  0.000  0.538     0.00     0.00     0.00     0.00     0.00 -1    -1e-30      0.00 7.092e-01 2.755e-01 2.709e-03 7.398e-04 6.719e-03 -1.000 1.527e-02 1.455 1.508 1.524 1.477
0.0152 0.01508 6.85000 2.1178185940 2.5732319661    2.117  1.365  3.9727  4.242    0  0.000  0.538     0.00     0.00     0.00     0.00     0.00 -1    -1e-30      0.00 7.092e-01 2.755e-01 2.709e-03 7.398e-04 6.719e-03 -1.000 1.527e-02 1.358 1.454 1.462 1.440
0.0152 0.01508 6.85000 2.1361973286 2.5739100550    2.135  1.404  3.9853  4.257    0  0.000  0.538     0.00     0.00     0.00     0.00     0.00 -1    -1e-30      0.00 7.092e-01 2.755e-01 2.709e-03 7.398e-04 6.719e-03 -1.000 1.527e-02 1.261 1.410 1.409 1.413
0.0152 0.01508 6.85000 2.1500000954 2.5744105556    2.149  1.427  3.9938  4.271    0  0.000  0.538     0.00     0.00     0.00     0.00     0.00 -1    -1e-30      0.00 7.092e-01 2.755e-01 2.709e-03 7.398e-04 6.719e-03 -1.000 1.527e-02 1.203 1.390 1.384 1.402
0.0152 0.01508 6.85000 2.1523506641 2.5744950540    2.151  1.430  3.9953  4.273    0  0.000  0.538     0.00     0.00     0.00     0.00     0.00 -1    -1e-30      0.00 7.092e-01 2.755e-01 2.709e-03 7.398e-04 6.719e-03 -1.000 1.527e-02 1.194 1.387 1.380 1.401
0.0152 0.01508 6.85000 2.1771531105 2.5753738814    2.176  1.450  4.0057  4.300    0  0.000  0.538     0.00     0.00     0.00     0.00     0.00 -1    -1e-30      0.00 7.092e-01 2.755e-01 2.709e-03 7.398e-04 6.719e-03 -1.000 1.527e-02 1.144 1.385 1.373 1.410
0.0152 0.01508 6.85000 2.2000000477 2.5761632879    2.199  1.458  4.0122  4.323    0  0.000  0.538     0.00     0.00     0.00     0.00     0.00 -1    -1e-30      0.00 7.092e-01 2.755e-01 2.709e-03 7.397e-04 6.719e-03 -1.000 1.527e-02 1.126 1.398 1.382 1.428
0.0152 0.01508 6.85000 2.2369213104 2.5773998768    2.235  1.458  4.0173  4.350    0  0.000  0.538     0.00     0.00     0.00     0.00     0.00 -1    -1e-30      0.00 7.092e-01 2.755e-01 2.709e-03 7.397e-04 6.719e-03 -1.000 1.527e-02 1.125 1.421 1.403 1.457
0.0152 0.01508 6.85000 2.2500000000 2.5778267375    2.249  1.464  4.0188  4.354    0  0.000  0.538     0.00     0.00     0.00     0.00     0.00 -1    -1e-30      0.00 7.092e-01 2.755e-01 2.709e-03 7.397e-04 6.719e-03 -1.000 1.527e-02 1.111 1.415 1.396 1.451
0.0152 0.01508 6.85000 2.2925601006 2.5791771239    2.291  1.488  4.0238  4.357    0  0.000  0.538     0.00     0.00     0.00     0.00     0.00 -1    -1e-30      0.00 7.092e-01 2.755e-01 2.709e-03 7.397e-04 6.719e-03 -1.000 1.527e-02 1.050 1.378 1.356 1.419
0.0152 0.01508 6.85000 2.2999999523 2.5794072884    2.299  1.493  4.0247  4.358    0  0.000  0.538     0.00     0.00     0.00     0.00     0.00 -1    -1e-30      0.00 7.092e-01 2.755e-01 2.709e-03 7.397e-04 6.719e-03 -1.000 1.527e-02 1.039 1.371 1.349 1.413
0.0152 0.01508 6.85000 2.3935456276 2.5821614431    2.392  1.543  4.0348  4.365    0  0.000  0.538     0.00     0.00     0.00     0.00     0.00 -1    -1e-30      0.00 7.092e-01 2.755e-01 2.709e-03 7.397e-04 6.719e-03 -1.000 1.527e-02 0.913 1.295 1.269 1.345
0.0152 0.01508 6.85000 2.4000000954 2.5823423892    2.399  1.547  4.0357  4.365    0  0.000  0.538     0.00     0.00     0.00     0.00     0.00 -1    -1e-30      0.00 7.092e-01 2.755e-01 2.709e-03 7.397e-04 6.719e-03 -1.000 1.527e-02 0.902 1.288 1.262 1.339
0.0152 0.01508 6.85000 2.5999999046 2.5874412955    2.600  1.682  4.0605  4.365    0  0.000  0.538     0.00     0.00     0.00     0.00     0.00 -1    -1e-30      0.00 7.092e-01 2.755e-01 2.710e-03 7.399e-04 6.720e-03 -1.000 1.527e-02 0.565 1.076 1.040 1.146
0.0152 0.01508 6.85000 2.8000001907 2.5917117867    2.800  1.806  4.0829  4.362    0  0.000  0.538     0.00     0.00     0.00     0.00     0.00 -1    -1e-30      0.00 7.092e-01 2.755e-01 2.710e-03 7.399e-04 6.720e-03 -1.000 1.527e-02 0.254 0.882 0.837 0.965
0.0152 0.01508 6.85000 3.0000000000 2.5953341962    3.000  1.921  4.1032  4.359    1  0.000  0.538     0.00     0.00     0.00     0.00     0.00 -1    -1e-30      0.00 7.092e-01 2.755e-01 2.710e-03 7.399e-04 6.720e-03 -1.000 1.527e-02 -0.033 0.703 0.652 0.799
0.0152 0.01508 6.85000 3.2000000477 2.5984409005    3.199  2.028  4.1219  4.354    0  0.000  0.538     0.00     0.00     0.00     0.00     0.00 -1    -1e-30      0.00 7.092e-01 2.755e-01 2.710e-03 7.399e-04 6.720e-03 -1.000 1.527e-02 -0.300 0.538 0.482 0.645
0.0152 0.01508 6.85000 3.4000000954 2.6011310876    3.398  2.128  4.1390  4.349    0  0.000  0.538     0.00     0.00     0.00     0.00     0.00 -1    -1e-30      0.00 7.092e-01 2.755e-01 2.710e-03 7.399e-04 6.720e-03 -1.000 1.527e-02 -0.549 0.385 0.323 0.501
0.0152 0.01508 6.85000 3.6000001431 2.6034804607    3.598  2.221  4.1548  4.344    1  0.000  0.538     0.00     0.00     0.00     0.00     0.00 -1    -1e-30      0.00 7.092e-01 2.755e-01 2.710e-03 7.399e-04 6.720e-03 -1.000 1.527e-02 -0.783 0.241 0.174 0.366
0.0152 0.01508 6.85000 3.8000001907 2.6055477311    3.798  2.309  4.1696  4.338    1  0.000  0.538     0.00     0.00     0.00     0.00     0.00 -1    -1e-30      0.00 7.092e-01 2.755e-01 2.710e-03 7.399e-04 6.720e-03 -1.000 1.527e-02 -1.003 0.106 0.035 0.239
0.0152 0.01508 6.85000 4.0000000000 2.6073790840    4.001  2.392  4.1831  4.333    1  0.000  0.538     0.00     0.00     0.00     0.00     0.00 -1    -1e-30      0.00 7.092e-01 2.755e-01 2.710e-03 7.399e-04 6.720e-03 -1.000 1.527e-02 -1.210 -0.021 -0.097 0.119
0.0152 0.01508 6.85000 4.0493736267 2.6077992894    4.049  2.412  4.1864  4.331    1  0.000  0.538     0.00     0.00     0.00     0.00     0.00 -1    -1e-30      0.00 7.092e-01 2.755e-01 2.710e-03 7.399e-04 6.720e-03 -1.000 1.527e-02 -1.259 -0.052 -0.128 0.091
0.0152 0.01508 6.85000 4.1999998093 2.6090113217    4.198  2.471  4.1963  4.327    1  0.000  0.538     0.00     0.00     0.00     0.00     0.00 -1    -1e-30      0.00 7.092e-01 2.755e-01 2.710e-03 7.399e-04 6.720e-03 -1.000 1.527e-02 -1.407 -0.142 -0.221 0.006
0.0152 0.01508 6.85000 4.4000000954 2.6104741055    4.397  2.545  4.2084  4.321    1  0.000  0.538     0.00     0.00     0.00     0.00     0.00 -1    -1e-30      0.00 7.092e-01 2.755e-01 2.710e-03 7.399e-04 6.720e-03 -1.000 1.527e-02 -1.593 -0.257 -0.340 -0.102
0.0152 0.01508 6.85000 4.5999999046 2.6117915791    4.597  2.616  4.2199  4.316    1  0.000  0.538     0.00     0.00     0.00     0.00     0.00 -1    -1e-30      0.00 7.092e-01 2.755e-01 2.710e-03 7.399e-04 6.720e-03 -1.000 1.527e-02 -1.771 -0.367 -0.453 -0.206
0.0152 0.01508 6.85000 4.8000001907 2.6129836005    4.798  2.685  4.2310  4.310    1  0.000  0.538     0.00     0.00     0.00     0.00     0.00 -1    -1e-30      0.00 7.092e-01 2.755e-01 2.710e-03 7.399e-04 6.720e-03 -1.000 1.527e-02 -1.942 -0.472 -0.562 -0.305
0.0152 0.01508 6.85000 5.0000000000 2.6140666223    4.999  2.749  4.2409  4.303    1  0.000  0.538     0.00     0.00     0.00     0.00     0.00 -1    -1e-30      0.00 7.092e-01 2.755e-01 2.710e-03 7.399e-04 6.720e-03 -1.000 1.527e-02 -2.102 -0.575 -0.667 -0.402
0.0152 0.01508 6.85000 5.1999998093 2.6150544000    5.200  2.811  4.2504  4.297    1  0.000  0.538     0.00     0.00     0.00     0.00     0.00 -1    -1e-30      0.00 7.092e-01 2.755e-01 2.710e-03 7.399e-04 6.720e-03 -1.000 1.527e-02 -2.257 -0.673 -0.768 -0.495
0.0152 0.01508 6.85000 5.3999996185 2.6159585084    5.401  2.871  4.2599  4.291    1  0.000  0.538     0.00     0.00     0.00     0.00     0.00 -1    -1e-30      0.00 7.092e-01 2.755e-01 2.710e-03 7.399e-04 6.720e-03 -1.000 1.527e-02 -2.406 -0.767 -0.865 -0.583
0.0152 0.01508 6.85000 5.5999994278 2.6167887546    5.601  2.928  4.2688  4.285    1  0.000  0.538     0.00     0.00     0.00     0.00     0.00 -1    -1e-30      0.00 7.092e-01 2.755e-01 2.710e-03 7.399e-04 6.720e-03 -1.000 1.527e-02 -2.550 -0.859 -0.959 -0.670
0.0152 0.01508 6.85000 5.8000001907 2.6175535027    5.801  2.983  4.2773  4.279    1  0.000  0.538     0.00     0.00     0.00     0.00     0.00 -1    -1e-30      0.00 7.092e-01 2.755e-01 2.710e-03 7.399e-04 6.720e-03 -1.000 1.527e-02 -2.688 -0.948 -1.051 -0.754
0.0152 0.01508 6.85000 5.8848204613 2.6178598377    5.885  3.006  4.2807  4.277    1  0.000  0.538     0.00     0.00     0.00     0.00     0.00 -1    -1e-30      0.00 7.092e-01 2.755e-01 2.710e-03 7.399e-04 6.720e-03 -1.000 1.527e-02 -2.745 -0.984 -1.088 -0.789
0.0152 0.01508 6.85000 6.0000000000 2.6182599138    6.000  3.037  4.2855  4.274    1  0.000  0.538     0.00     0.00     0.00     0.00     0.00 -1    -1e-30      0.00 7.092e-01 2.755e-01 2.710e-03 7.399e-04 6.720e-03 -1.000 1.527e-02 -2.821 -1.034 -1.139 -0.835
0.0152 0.01508 6.85000 6.1999998093 2.6189141709    6.200  3.088  4.2935  4.268    1  0.000  0.538     0.00     0.00     0.00     0.00     0.00 -1    -1e-30      0.00 7.092e-01 2.755e-01 2.710e-03 7.399e-04 6.720e-03 -1.000 1.527e-02 -2.950 -1.116 -1.224 -0.913
0.0152 0.01508 6.85000 6.4000000954 2.6195216279    6.399  3.138  4.3009  4.262    1  0.000  0.538     0.00     0.00     0.00     0.00     0.00 -1    -1e-30      0.00 7.092e-01 2.755e-01 2.710e-03 7.399e-04 6.720e-03 -1.000 1.527e-02 -3.074 -1.197 -1.307 -0.990
0.0152 0.01508 6.85000 6.4235515594 2.6195903030    6.422  3.143  4.3017  4.261    1  0.000  0.538     0.00     0.00     0.00     0.00     0.00 -1    -1e-30      0.00 7.092e-01 2.755e-01 2.710e-03 7.399e-04 6.720e-03 -1.000 1.527e-02 -3.088 -1.207 -1.317 -0.999
0.0152 0.01508 6.85000 7.0000000000 2.6211069280    6.996  3.277  4.3219  4.245    1  0.000  0.538     0.00     0.00     0.00     0.00     0.00 -1    -1e-30      0.00 7.092e-01 2.755e-01 2.710e-03 7.399e-04 6.720e-03 -1.000 1.527e-02 -3.424 -1.428 -1.543 -1.209
0.0152 0.01508 6.85000 7.4740371704 2.6221546461    7.472  3.379  4.3369  4.232    1  0.000  0.538     0.00     0.00     0.00     0.00     0.00 -1    -1e-30      0.00 7.092e-01 2.755e-01 2.710e-03 7.399e-04 6.720e-03 -1.000 1.527e-02 -3.677 -1.597 -1.717 -1.370
0.0152 0.01508 6.85000 8.0000000000 2.6231516585    8.001  3.485  4.3524  4.218    1  0.000  0.538     0.00     0.00     0.00     0.00     0.00 -1    -1e-30      0.00 7.092e-01 2.755e-01 2.710e-03 7.399e-04 6.720e-03 -1.000 1.527e-02 -3.943 -1.777 -1.901 -1.542
0.0152 0.01508 6.85000 8.9194040298 2.6245741320    8.914  3.654  4.3763  4.192    1  0.000  0.538     0.00     0.00     0.00     0.00     0.00 -1    -1e-30      0.00 7.092e-01 2.755e-01 2.710e-03 7.399e-04 6.720e-03 -1.000 1.527e-02 -4.364 -2.068 -2.197 -1.821
0.0152 0.01508 6.85000 9.0000000000 2.6246829947    8.995  3.668  4.3783  4.189    1  0.000  0.538     0.00     0.00     0.00     0.00     0.00 -1    -1e-30      0.00 7.092e-01 2.755e-01 2.710e-03 7.399e-04 6.720e-03 -1.000 1.527e-02 -4.399 -2.092 -2.222 -1.845
0.0152 0.01508 6.85000 9.5354051590 2.6253527792    9.532  3.757  4.3905  4.174    1  0.000  0.538     0.00     0.00     0.00     0.00     0.00 -1    -1e-30      0.00 7.092e-01 2.755e-01 2.710e-03 7.399e-04 6.720e-03 -1.000 1.527e-02 -4.622 -2.249 -2.382 -1.996
0.0152 0.01508 6.85000 10.0000000000 2.6258676431    9.998  3.831  4.4004  4.161    1  0.000  0.538     0.00     0.00     0.00     0.00     0.00 -1    -1e-30      0.00 7.092e-01 2.755e-01 2.710e-03 7.399e-04 6.720e-03 -1.000 1.527e-02 -4.808 -2.355 -2.491 -2.105
0.0152 0.01508 6.85000 10.3650722504 2.6262351931   10.365  3.886  4.4077  4.150    1  0.000  0.538     0.00     0.00     0.00     0.00     0.00 -1    -1e-30      0.00 7.092e-01 2.755e-01 2.710e-03 7.399e-04 6.720e-03 -1.000 1.527e-02 -4.946 -2.453 -2.593 -2.195
0.0152 0.01508 6.85000 11.0000000000 2.6268081058   11.001  3.980  4.4195  4.130    1  0.000  0.538     0.00     0.00     0.00     0.00     0.00 -1    -1e-30      0.00 7.092e-01 2.755e-01 2.710e-03 7.399e-04 6.720e-03 -1.000 1.527e-02 -5.179 -2.624 -2.770 -2.350
0.0152 0.01508 6.85000 11.5618715286 2.6272552153   11.563  4.057  4.4289  4.112    1  0.000  0.538     0.00     0.00     0.00     0.00     0.00 -1    -1e-30      0.00 7.092e-01 2.755e-01 2.710e-03 7.399e-04 6.720e-03 -1.000 1.527e-02 -5.372 -2.778 -2.926 -2.499
0.0152 0.01508 6.85000 12.0000000000 2.6275706487   12.001  4.115  4.4358  4.097    1  0.000  0.538     0.00     0.00     0.00     0.00     0.00 -1    -1e-30      0.00 7.092e-01 2.755e-01 2.710e-03 7.399e-04 6.720e-03 -1.000 1.527e-02 -5.519 -2.903 -3.050 -2.628
0.0152 0.01508 6.85000 12.4306011200 2.6278558793   12.425  4.169  4.4418  4.083    1  0.000  0.539     0.00     0.00     0.00     0.00     0.00 -1 -9.09e-26      0.00 7.092e-01 2.755e-01 2.718e-03 7.401e-04 6.720e-03 -1.000 1.527e-02 -5.653 -3.016 -3.162 -2.746
0.0152 0.01508 6.85000 13.0660963058 2.6282375944   13.049  4.246  4.4502  4.061    1  0.000  0.542     0.00     0.00     0.00     0.00     0.00 -1  -9.6e-19      0.00 7.092e-01 2.755e-01 2.730e-03 7.404e-04 6.719e-03 -1.000 1.527e-02 -5.844 -3.178 -3.322 -2.915
0.0152 0.01508 6.85000 13.6590976715 2.6285571946   13.630  4.315  4.4572  4.038    1  0.000  0.544     0.00     0.00     0.00     0.00     0.00 -1 -1.77e-12      0.00 7.092e-01 2.755e-01 2.740e-03 7.407e-04 6.719e-03 -1.000 1.527e-02 -6.018 -3.308 -3.456 -3.033
0.0152 0.01508 6.85000 14.0000000000 2.6287268957   13.964  4.355  4.4608  4.023    0  0.000  0.545     0.00     0.00     0.00     0.00     0.00 -1 -5.41e-09      0.00 7.092e-01 2.755e-01 2.746e-03 7.408e-04 6.719e-03 -1.000 1.527e-02 -6.117 -3.385 -3.535 -3.103
0.0152 0.01508 6.85000 14.2086362839 2.6288261479   14.170  4.378  4.4629  4.015    0  0.000  0.545     0.00     0.00     0.00     0.00     0.00 -1 -6.06e-09      0.00 7.092e-01 2.755e-01 2.746e-03 7.408e-04 6.719e-03 -1.000 1.527e-02 -6.174 -3.429 -3.581 -3.144
0.0152 0.01508 6.85000 14.7533798218 2.6290701418   14.706  4.436  4.4677  3.992    0  0.000  0.545     0.00     0.00     0.00     0.00     0.00 -1 -8.06e-09      0.00 7.092e-01 2.755e-01 2.746e-03 7.408e-04 6.719e-03 -1.000 1.527e-02 -6.319 -3.546 -3.701 -3.252
0.0152 0.01508 6.85000 15.2996501923 2.6292948635   15.243  4.493  4.4720  3.968    0  0.000  0.545     0.00     0.00     0.00     0.00     0.00 -1 -1.06e-08      0.00 7.092e-01 2.755e-01 2.746e-03 7.408e-04 6.719e-03 -1.000 1.527e-02 -6.461 -3.666 -3.823 -3.364
0.0152 0.01508 6.85000 16.0000000000 2.6295573144   15.928  4.564  4.4766  3.935    0  0.000  0.545     0.00     0.00     0.00     0.00     0.00 -1  -1.5e-08      0.00 7.092e-01 2.755e-01 2.746e-03 7.408e-04 6.719e-03 -1.000 1.527e-02 -6.639 -3.826 -3.984 -3.519
0.0152 0.01508 6.85000 16.6749973297 2.6297864220   16.573  4.627  4.4796  3.901    0  0.000  0.545     0.00     0.00     0.00     0.00     0.00 -1 -2.01e-08      0.00 7.092e-01 2.755e-01 2.746e-03 7.408e-04 6.719e-03 -1.000 1.527e-02 -6.798 -3.981 -4.139 -3.675
0.0152 0.01508 6.85000 17.3752899170 2.6300026107   17.238  4.692  4.4815  3.861    0  0.000  0.545     0.00     0.00     0.00     0.00     0.00 -1 -2.69e-08      0.00 7.092e-01 2.755e-01 2.746e-03 7.408e-04 6.719e-03 -1.000 1.527e-02 -6.960 -4.144 -4.303 -3.840
0.0152 0.01508 6.85000 18.0000000000 2.6301792302   17.829  4.748  4.4821  3.821    0  0.000  0.545     0.00     0.00     0.00     0.00     0.00 -1 -3.43e-08      0.00 7.092e-01 2.755e-01 2.746e-03 7.408e-04 6.719e-03 -1.000 1.527e-02 -7.100 -4.292 -4.450 -3.990
0.0152 0.01508 6.85000 18.4864521027 2.6303072962   18.285  4.789  4.4817  3.790    0  0.000  0.545     0.00     0.00     0.00     0.00     0.00 -1 -4.06e-08      0.00 7.092e-01 2.755e-01 2.746e-03 7.408e-04 6.719e-03 -1.000 1.527e-02 -7.202 -4.402 -4.560 -4.102
0.0152 0.01508 6.85000 19.0892009735 2.6304556134   18.847  4.839  4.4800  3.747    0  0.000  0.545     0.00     0.00     0.00     0.00     0.00 -1 -4.94e-08      0.00 7.092e-01 2.755e-01 2.746e-03 7.408e-04 6.719e-03 -1.000 1.527e-02 -7.327 -4.545 -4.702 -4.247
0.0152 0.01508 6.85000 19.8409862518 2.6306261582   19.541  4.900  4.4757  3.683    0  0.000  0.545     0.00     0.00     0.00     0.00     0.00 -1 -6.19e-08      0.00 7.092e-01 2.755e-01 2.746e-03 7.408e-04 6.719e-03 -1.000 1.527e-02 -7.481 -4.734 -4.889 -4.439
0.0152 0.01508 6.85000 20.0000000000 2.6306603470   19.688  4.913  4.4745  3.669    0  0.000  0.545     0.00     0.00     0.00     0.00     0.00 -1 -6.47e-08      0.00 7.092e-01 2.755e-01 2.746e-03 7.408e-04 6.719e-03 -1.000 1.527e-02 -7.513 -4.775 -4.929 -4.482
0.0152 0.01508 6.85000 20.3158760071 2.6307264397   19.971  4.937  4.4720  3.642    0  0.000  0.545     0.00     0.00     0.00     0.00     0.00 -1 -6.99e-08      0.00 7.092e-01 2.755e-01 2.746e-03 7.408e-04 6.719e-03 -1.000 1.527e-02 -7.572 -4.851 -5.005 -4.561
0.0152 0.01508 6.85000 21.0351963043 2.6308684657   20.612  4.989  4.4644  3.573    0  0.000  0.545     0.00     0.00     0.00     0.00     0.00 -1 -8.23e-08      0.00 7.092e-01 2.755e-01 2.746e-03 7.408e-04 6.719e-03 -1.000 1.527e-02 -7.703 -5.030 -5.181 -4.745
0.0152 0.01508 6.85000 21.6254539490 2.6309769289   21.133  5.032  4.4552  3.503    0  0.000  0.545     0.00     0.00     0.00     0.00     0.00 -1  -9.1e-08      0.00 7.092e-01 2.755e-01 2.746e-03 7.408e-04 6.719e-03 -1.000 1.527e-02 -7.811 -5.185 -5.336 -4.903
0.0152 0.01508 6.85000 22.1631679535 2.6310699758   21.604  5.071  4.4446  3.432    0  0.000  0.545     0.00     0.00     0.00     0.00     0.00 -1 -9.73e-08      0.00 7.092e-01 2.755e-01 2.746e-03 7.408e-04 6.719e-03 -1.000 1.527e-02 -7.908 -5.365 -5.512 -5.091
0.0152 0.01508 6.85000 22.5380649567 2.6311318365   21.931  5.098  4.4359  3.377    0  0.000  0.545     0.00     0.00     0.00     0.00     0.00 -1 -9.99e-08      0.00 7.092e-01 2.755e-01 2.746e-03 7.408e-04 6.719e-03 -1.000 1.527e-02 -7.974 -5.507 -5.652 -5.240
0.0152 0.01508 6.85000 22.8996753693 2.6311893032   22.245  5.123  4.4263  3.319    0  0.000  0.545     0.00     0.00     0.00     0.00     0.00 -1 -1.01e-07      0.00 7.092e-01 2.755e-01 2.746e-03 7.408e-04 6.719e-03 -1.000 1.527e-02 -8.038 -5.627 -5.770 -5.364
0.0152 0.01508 6.85000 23.2069435120 2.6312365187   22.511  5.145  4.4165  3.263    0  0.000  0.545     0.00     0.00     0.00     0.00     0.00 -1 -9.92e-08      0.00 7.092e-01 2.755e-01 2.746e-03 7.408e-04 6.719e-03 -1.000 1.527e-02 -8.093 -5.775 -5.912 -5.524
0.0152 0.01508 6.85000 23.4796886444 2.6312772410   22.748  5.165  4.4062  3.206    0  0.000  0.545     0.00     0.00     0.00     0.00     0.00 -1 -9.59e-08      0.00 7.092e-01 2.755e-01 2.746e-03 7.408e-04 6.719e-03 -1.000 1.527e-02 -8.143 -5.889 -6.023 -5.648
0.0152 0.01508 6.85000 23.7423801422 2.6313154467   22.975  5.184  4.3954  3.148    0  0.000  0.545     0.00     0.00     0.00     0.00     0.00 -1  -9.1e-08      0.00 7.092e-01 2.755e-01 2.746e-03 7.408e-04 6.719e-03 -1.000 1.527e-02 -8.191 -5.876 -6.012 -5.628
0.0152 0.01508 6.85000 23.9990825653 2.6313518537   23.192  5.203  4.3845  3.090    0  0.000  0.545     0.00     0.00     0.00     0.00     0.00 -1 -1.07e-07      0.00 7.092e-01 2.755e-01 2.746e-03 7.408e-04 6.719e-03 -1.000 1.527e-02 -8.238 -6.078 -6.211 -5.838
0.0152 0.01508 6.85000 24.0000000000 2.6313519822   23.192  5.203  4.3844  3.090    0  0.000  0.545     0.00     0.00     0.00     0.00     0.00 -1 -1.07e-07      0.00 7.092e-01 2.755e-01 2.746e-03 7.408e-04 6.719e-03 -1.000 1.527e-02 -8.238 -6.078 -6.211 -5.838
0.0152 0.01508 6.85000 24.0192317963 2.6313546735   23.207  5.204  4.3836  3.086    0  0.000  0.545     0.00     0.00     0.00     0.00     0.00 -1  -1.1e-07      0.00 7.092e-01 2.755e-01 2.746e-03 7.408e-04 6.719e-03 -1.000 1.527e-02 -8.241 -6.087 -6.220 -5.848
0.0152 0.01508 6.85000 24.2143402100 2.6313816994   23.340  5.217  4.3754  3.043    0  0.000  0.545     0.00     0.00     0.00     0.00     0.00 -1 -2.86e-07      0.00 7.092e-01 2.755e-01 2.746e-03 7.408e-04 6.719e-03 -1.000 1.527e-02 -8.272 -6.183 -6.314 -5.950
0.0152 0.01508 6.85000 24.4293842316 2.6314109123   23.465  5.232  4.3693  3.006    0  0.000  0.545     0.00     0.00     0.00     0.00     0.00 -1 -3.78e-07      0.00 7.092e-01 2.755e-01 2.746e-03 7.408e-04 6.719e-03 -1.000 1.527e-02 -8.309 -6.262 -6.391 -6.033
0.0152 0.01508 6.85000 24.7283344269 2.6314505544   23.618  5.257  4.3756  3.008    0  0.000  0.545     0.00     0.00     0.00     0.00     0.00 -1 -5.24e-07      0.00 7.092e-01 2.755e-01 2.746e-03 7.408e-04 6.719e-03 -1.000 1.527e-02 -8.373 -6.299 -6.428 -6.067
0.0152 0.01508 6.85000 24.7625217438 2.6314550177   23.635  5.266  4.3859  3.041    0  0.000  0.545     0.00     0.00     0.00     0.00     0.00 -1 -2.44e-07      0.00 7.092e-01 2.755e-01 2.746e-03 7.408e-04 6.719e-03 -1.000 1.527e-02 -8.395 -6.252 -6.384 -6.016
0.0152 0.01508 6.85000 24.7740173340 2.6314565154   23.642  5.277  4.3969  3.074    0  0.000  0.545     0.00     0.00     0.00     0.00     0.00 -1    -2e-07      0.00 7.092e-01 2.755e-01 2.746e-03 7.408e-04 6.719e-03 -1.000 1.527e-02 -8.424 -6.214 -6.347 -5.974
0.0152 0.01508 6.85000 24.7797164917 2.6314572572   23.646  5.292  4.4085  3.106    0  0.000  0.545     0.00     0.00     0.00     0.00     0.00 -1  -2.3e-07      0.00 7.092e-01 2.755e-01 2.746e-03 7.408e-04 6.719e-03 -1.000 1.527e-02 -8.461 -6.194 -6.330 -5.951
0.0152 0.01508 6.85000 24.7800483704 2.6314573004   23.646  5.293  4.4094  3.108    0  0.000  0.545     0.00     0.00     0.00     0.00     0.00 -1 -2.34e-07      0.00 7.092e-01 2.755e-01 2.746e-03 7.408e-04 6.719e-03 -1.000 1.527e-02 -8.463 -6.193 -6.329 -5.949
0.0152 0.01508 6.85000 24.7859535217 2.6314580687   23.649  5.294  4.4095  3.107    1  0.000  0.545     0.00     0.00     0.00     0.00     0.00 -1 -2.37e-07      0.00 7.092e-01 2.755e-01 2.746e-03 7.408e-04 6.719e-03 -1.000 1.527e-02 -8.466 -6.196 -6.331 -5.952
0.0152 0.01508 6.85000 24.7914505005 2.6314587835   23.653  5.295  4.4032  3.082    1  0.000  0.545     0.00     0.00     0.00     0.00     0.00 -1 -2.26e-07      0.00 7.092e-01 2.755e-01 2.746e-03 7.408e-04 6.719e-03 -1.000 1.527e-02 -8.467 -6.229 -6.363 -5.987
0.0152 0.01508 6.85000 24.7934169769 2.6314590391   23.654  5.296  4.3929  3.040    1  0.000  0.545     0.00     0.00     0.00     0.00     0.00 -1  -3.6e-07      0.00 7.092e-01 2.755e-01 2.746e-03 7.408e-04 6.719e-03 -1.000 1.527e-02 -8.469 -6.300 -6.432 -6.065
0.0152 0.01508 6.85000 24.7951011658 2.6314592580   23.655  5.297  4.3821  2.995    1  0.000  0.545     0.00     0.00     0.00     0.00     0.00 -1 -6.51e-07      0.00 7.092e-01 2.755e-01 2.746e-03 7.408e-04 6.719e-03 -1.000 1.527e-02 -8.473 -6.374 -6.504 -6.143
0.0152 0.01508 6.85000 24.7966365814 2.6314594575   23.656  5.298  4.3708  2.949    1  0.000  0.545     0.00     0.00     0.00     0.00     0.00 -1 -6.59e-07      0.00 7.092e-01 2.755e-01 2.746e-03 7.408e-04 6.719e-03 -1.000 1.527e-02 -8.475 -6.431 -6.559 -6.203
0.0152 0.01508 6.85000 24.7979259491 2.6314596250   23.656  5.299  4.3605  2.907    1  0.000  0.545     0.00     0.00     0.00     0.00     0.00 -1 -1.86e-06      0.00 7.092e-01 2.755e-01 2.746e-03 7.408e-04 6.719e-03 -1.000 1.527e-02 -8.478 -6.458 -6.582 -6.240
0.0152 0.01508 6.85000 24.7993469238 2.6314598096   23.656  5.300  4.3481  2.856    1  0.000  0.545     0.00     0.00     0.00     0.00     0.00 -1  -2.3e-06      0.00 7.092e-01 2.755e-01 2.746e-03 7.408e-04 6.719e-03 -1.000 1.527e-02 -8.480 -6.545 -6.667 -6.334
0.0152 0.01508 6.85000 24.8003425598 2.6314599389   23.656  5.301  4.3388  2.818    1  0.000  0.545     0.00     0.00     0.00     0.00     0.00 -1 -2.26e-06      0.00 7.092e-01 2.755e-01 2.746e-03 7.408e-04 6.719e-03 -1.000 1.527e-02 -8.482 -6.603 -6.722 -6.397
0.0152 0.01508 6.85000 24.8013286591 2.6314600670   23.656  5.302  4.3292  2.779    1  0.000  0.545     0.00     0.00     0.00     0.00     0.00 -1 -2.22e-06      0.00 7.092e-01 2.755e-01 2.746e-03 7.408e-04 6.719e-03 -1.000 1.527e-02 -8.484 -6.664 -6.781 -6.464
0.0152 0.01508 6.85000 24.8023376465 2.6314601981   23.657  5.302  4.3187  2.736    1  0.000  0.545     0.00     0.00     0.00     0.00     0.00 -1 -2.18e-06      0.00 7.092e-01 2.755e-01 2.746e-03 7.408e-04 6.719e-03 -1.000 1.527e-02 -8.486 -6.724 -6.837 -6.530
0.0152 0.01508 6.85000 24.8033485413 2.6314603293   23.657  5.303  4.3077  2.692    1  0.000  0.545     0.00     0.00     0.00     0.00     0.00 -1 -2.14e-06      0.00 7.092e-01 2.755e-01 2.746e-03 7.408e-04 6.719e-03 -1.000 1.527e-02 -8.488 -6.779 -6.890 -6.592
0.0152 0.01508 6.85000 24.8043670654 2.6314604616   23.657  5.304  4.2962  2.645    1  0.000  0.545     0.00     0.00     0.00     0.00     0.00 -1 -2.08e-06      0.00 7.092e-01 2.755e-01 2.746e-03 7.408e-04 6.719e-03 -1.000 1.527e-02 -8.490 -6.697 -6.808 -6.496
0.0152 0.01508 6.85000 24.8053932190 2.6314605948   23.657  5.304  4.2839  2.595    1  0.000  0.545     0.00     0.00     0.00     0.00     0.00 -1 -2.03e-06      0.00 7.092e-01 2.755e-01 2.746e-03 7.408e-04 6.719e-03 -1.000 1.527e-02 -8.491 -6.775 -6.882 -6.588
0.0152 0.01508 6.85000 24.8064289093 2.6314607293   23.658  5.305  4.2709  2.542    1  0.000  0.545     0.00     0.00     0.00     0.00     0.00 -1 -1.97e-06      0.00 7.092e-01 2.755e-01 2.746e-03 7.408e-04 6.719e-03 -1.000 1.527e-02 -8.492 -6.852 -6.955 -6.675
0.0152 0.01508 6.85000 24.8074188232 2.6314608578   23.658  5.306  4.2578  2.490    1  0.000  0.545     0.00     0.00     0.00     0.00     0.00 -1 -1.92e-06      0.00 7.092e-01 2.755e-01 2.746e-03 7.408e-04 6.719e-03 -1.000 1.527e-02 -8.494 -6.924 -7.023 -6.753
0.0152 0.01508 6.85000 24.8081417084 2.6314609516   23.658  5.306  4.2479  2.450    1  0.000  0.545     0.00     0.00     0.00     0.00     0.00 -1 -1.87e-06      0.00 7.092e-01 2.755e-01 2.746e-03 7.408e-04 6.719e-03 -1.000 1.527e-02 -8.494 -6.977 -7.074 -6.811
0.0152 0.01508 6.85000 24.8088188171 2.6314610395   23.658  5.306  4.2383  2.411    1  0.000  0.545     0.00     0.00     0.00     0.00     0.00 -1 -1.82e-06      0.00 7.092e-01 2.755e-01 2.746e-03 7.408e-04 6.719e-03 -1.000 1.527e-02 -8.495 -7.029 -7.123 -6.867
0.0152 0.01508 6.85000 24.8094921112 2.6314611269   23.659  5.306  4.2284  2.371    1  0.000  0.545     0.00     0.00     0.00     0.00     0.00 -1 -1.78e-06      0.00 7.092e-01 2.755e-01 2.746e-03 7.408e-04 6.719e-03 -1.000 1.527e-02 -8.495 -7.083 -7.173 -6.926
0.0152 0.01508 6.85000 24.8101844788 2.6314612167   23.659  5.306  4.2178  2.329    1  0.000  0.545     0.00     0.00     0.00     0.00     0.00 -1 -1.97e-06      0.00 7.092e-01 2.755e-01 2.746e-03 7.408e-04 6.719e-03 -1.000 1.527e-02 -8.495 -7.140 -7.228 -6.989
0.0152 0.01508 6.85000 24.8105354309 2.6314612623   23.658  5.306  4.2124  2.307    1  0.000  0.545     0.00     0.00     0.00     0.00     0.00 -1 -2.19e-06      0.00 7.092e-01 2.755e-01 2.746e-03 7.408e-04 6.719e-03 -1.000 1.527e-02 -8.495 -7.170 -7.256 -7.022
0.0152 0.01508 6.85000 24.8112354279 2.6314613531   23.658  5.306  4.2010  2.262    1  0.000  0.545     0.00     0.00     0.00     0.00     0.00 -1 -2.13e-06      0.00 7.092e-01 2.755e-01 2.746e-03 7.408e-04 6.719e-03 -1.000 1.527e-02 -8.494 -7.232 -7.314 -7.090
0.0152 0.01508 6.85000 24.8119621277 2.6314614474   23.658  5.306  4.1886  2.213    1  0.000  0.545     0.00     0.00     0.00     0.00     0.00 -1 -2.06e-06      0.00 7.092e-01 2.755e-01 2.746e-03 7.408e-04 6.719e-03 -1.000 1.527e-02 -8.494 -7.300 -7.378 -7.165
0.0152 0.01508 6.85000 24.8127231598 2.6314615461   23.658  5.305  4.1750  2.159    1  0.000  0.545     0.00     0.00     0.00     0.00     0.00 -1 -1.99e-06      0.00 7.092e-01 2.755e-01 2.746e-03 7.408e-04 6.719e-03 -1.000 1.527e-02 -8.493 -7.373 -7.447 -7.249
0.0152 0.01508 6.85000 24.8135414124 2.6314616523   23.656  5.305  4.1595  2.097    1  0.000  0.545     0.00     0.00     0.00     0.00     0.00 -1 -4.56e-06      0.00 7.092e-01 2.755e-01 2.746e-03 7.408e-04 6.719e-03 -1.000 1.527e-02 -8.492 -7.452 -7.520 -7.344
0.0152 0.01508 6.85000 24.8139858246 2.6314617099   23.656  5.304  4.1507  2.062    1  0.000  0.545     0.00     0.00     0.00     0.00     0.00 -1 -4.47e-06      0.00 7.092e-01 2.755e-01 2.746e-03 7.408e-04 6.719e-03 -1.000 1.527e-02 -8.491 -7.496 -7.559 -7.399
0.0152 0.01508 6.85000 24.8144683838 2.6314617725   23.655  5.304  4.1408  2.023    1  0.000  0.545     0.00     0.00     0.00     0.00     0.00 -1  -4.5e-06      0.00 7.092e-01 2.755e-01 2.746e-03 7.408e-04 6.719e-03 -1.000 1.527e-02 -8.490 -7.550 -7.610 -7.459
0.0152 0.01508 6.85000 24.8150043488 2.6314618421   23.654  5.304  4.1292  1.977    1  0.000  0.545     0.00     0.00     0.00     0.00     0.00 -1  -5.2e-06      0.00 7.092e-01 2.755e-01 2.746e-03 7.408e-04 6.719e-03 -1.000 1.527e-02 -8.489 -7.618 -7.675 -7.528
0.0152 0.01508 6.85000 24.8156166077 2.6314619215   23.653  5.303  4.1153  1.922    1  0.000  0.545     0.00     0.00     0.00     0.00     0.00 -1 -5.68e-06      0.00 7.092e-01 2.755e-01 2.746e-03 7.408e-04 6.719e-03 -1.000 1.527e-02 -8.488 -7.700 -7.755 -7.611
0.0152 0.01508 6.85000 24.8163700104 2.6314620192   23.651  5.303  4.0971  1.849    1  0.000  0.545     0.00     0.00     0.00     0.00     0.00 -1 -5.49e-06      0.00 7.092e-01 2.755e-01 2.746e-03 7.408e-04 6.719e-03 -1.000 1.527e-02 -8.487 -7.800 -7.849 -7.720
0.0152 0.01508 6.85000 24.8173732758 2.6314621493   23.649  5.302  4.0705  1.744    1  0.000  0.545     0.00     0.00     0.00     0.00     0.00 -1 -5.21e-06      0.00 7.092e-01 2.755e-01 2.746e-03 7.408e-04 6.719e-03 -1.000 1.527e-02 -8.486 -7.926 -7.961 -7.878
0.0152 0.01508 6.85000 24.8186321259 2.6314623126   23.646  5.302  4.0330  1.594    1  0.000  0.545     0.00     0.00     0.00     0.00     0.00 -1 -7.93e-06      0.00 7.092e-01 2.755e-01 2.746e-03 7.408e-04 6.719e-03 -1.000 1.527e-02 -8.485 -8.116 -8.138 -8.091
0.0152 0.01508 6.85000 24.8199501038 2.6314624835   23.642  5.302  3.9890  1.418    1  0.000  0.545     0.00     0.00     0.00     0.00     0.00 -1 -1.44e-05      0.00 7.092e-01 2.755e-01 2.746e-03 7.408e-04 6.719e-03 -1.000 1.527e-02 -8.485 -8.321 -8.328 -8.321
0.0152 0.01508 6.85000 24.8212051392 2.6314626462   23.638  5.302  3.9429  1.233    1  0.000  0.545     0.00     0.00     0.00     0.00     0.00 -1 -1.31e-05      0.00 7.092e-01 2.755e-01 2.746e-03 7.408e-04 6.719e-03 -1.000 1.527e-02 -8.484 -8.494 -8.474 -8.546
0.0152 0.01508 6.85000 24.8223724365 2.6314627975   23.635  5.301  3.8951  1.043    1  0.000  0.545     0.00     0.00     0.00     0.00     0.00 -1 -1.16e-05      0.00 7.092e-01 2.755e-01 2.746e-03 7.408e-04 6.719e-03 -1.000 1.527e-02 -8.483 -8.630 -8.578 -8.739
0.0152 0.01508 6.85000 24.8234214783 2.6314629335   23.633  5.299  3.8513  0.870    1  0.000  0.545     0.00     0.00     0.00     0.00     0.00 -1 -1.03e-05      0.00 7.092e-01 2.755e-01 2.746e-03 7.408e-04 6.719e-03 -1.000 1.527e-02 -8.477 -8.675 -8.569 -8.876
0.0152 0.01508 6.85000 24.8239002228 2.6314629955   23.632  5.297  3.8327  0.798    1  0.000  0.545     0.00     0.00     0.00     0.00     0.00 -1  -9.5e-06      0.00 7.092e-01 2.755e-01 2.746e-03 7.408e-04 6.719e-03 -1.000 1.527e-02 -8.472 -8.674 -8.534 -8.929
0.0152 0.01508 6.85000 24.8242397308 2.6314630395   23.632  5.294  3.8203  0.750    1  0.000  0.545     0.00     0.00     0.00     0.00     0.00 -1 -9.05e-06      0.00 7.092e-01 2.755e-01 2.746e-03 7.408e-04 6.719e-03 -1.000 1.527e-02 -8.466 -8.668 -8.501 -8.962
0.0152 0.01508 6.85000 24.8246459961 2.6314630922   23.631  5.291  3.8062  0.697    1  0.000  0.545     0.00     0.00     0.00     0.00     0.00 -1 -8.53e-06      0.00 7.092e-01 2.755e-01 2.746e-03 7.408e-04 6.719e-03 -1.000 1.527e-02 -8.458 -8.657 -8.456 -8.998
0.0152 0.01508 6.85000 24.8249340057 2.6314631295   23.630  5.289  3.7963  0.660    1  0.000  0.545     0.00     0.00     0.00     0.00     0.00 -1 -8.21e-06      0.00 7.092e-01 2.755e-01 2.746e-03 7.408e-04 6.719e-03 -1.000 1.527e-02 -8.451 -8.646 -8.419 -9.021
0.0152 0.01508 6.85000 24.8251724243 2.6314631604   23.630  5.287  3.7878  0.628    1  0.000  0.545     0.00     0.00     0.00     0.00     0.00 -1 -8.03e-06      0.00 7.092e-01 2.755e-01 2.746e-03 7.408e-04 6.719e-03 -1.000 1.527e-02 -8.447 -8.637 -8.386 -9.041
0.0152 0.01508 6.85000 24.8255100250 2.6314632041   23.630  5.284  3.7758  0.582    1  0.000  0.545     0.00     0.00     0.00     0.00     0.00 -1 -7.68e-06      0.00 7.092e-01 2.755e-01 2.746e-03 7.408e-04 6.719e-03 -1.000 1.527e-02 -8.440 -8.620 -8.333 -9.067
0.0152 0.01508 6.85000 24.8260879517 2.6314632790   23.629  5.280  3.7564  0.509    1  0.000  0.545     0.00     0.00     0.00     0.00     0.00 -1 -7.18e-06      0.00 7.092e-01 2.755e-01 2.746e-03 7.408e-04 6.719e-03 -1.000 1.527e-02 -8.429 -8.584 -8.239 -9.095
0.0152 0.01508 6.85000 24.8266639709 2.6314633537   23.628  5.275  3.7393  0.446    1  0.000  0.545     0.00     0.00     0.00     0.00     0.00 -1 -6.68e-06      0.00 7.092e-01 2.755e-01 2.746e-03 7.408e-04 6.719e-03 -1.000 1.527e-02 -8.417 -8.544 -8.147 -9.107
0.0152 0.01508 6.85000 24.8273582458 2.6314634436   23.628  5.269  3.7201  0.374    1  0.000  0.545     0.00     0.00     0.00     0.00     0.00 -1 -6.14e-06      0.00 7.092e-01 2.755e-01 2.746e-03 7.408e-04 6.719e-03 -1.000 1.527e-02 -8.404 -8.489 -8.035 -9.105
0.0152 0.01508 6.85000 24.8284378052 2.6314635835   23.627  5.268  3.6942  0.273    1  0.000  0.545     0.00     0.00     0.00     0.00     0.00 -1 -5.61e-06      0.00 7.092e-01 2.755e-01 2.746e-03 7.408e-04 6.719e-03 -1.000 1.527e-02 -8.399 -8.413 -7.884 -9.092
0.0152 0.01508 6.85000 24.8301677704 2.6314638076   23.625  5.268  3.6575  0.126    1  0.000  0.545     0.00     0.00     0.00     0.00     0.00 -1 -5.08e-06      0.00 7.092e-01 2.755e-01 2.745e-03 7.408e-04 6.719e-03 -1.000 1.527e-02 -8.399 -8.284 -7.645 -9.046
0.0152 0.01508 6.85000 24.8322048187 2.6314640714   23.625  5.272  3.6228 -0.018    1  0.000  0.544     0.00     0.00     0.00     0.00     0.00 -1 -4.51e-06      0.00 7.092e-01 2.755e-01 2.742e-03 7.412e-04 6.719e-03 -1.000 1.527e-02 -8.411 -8.107 -7.343 -8.954
0.0152 0.01508 6.85000 24.8349227905 2.6314644234   23.623  5.275  3.5928 -0.141    1  0.000  0.537     0.00     0.00     0.00     0.00     0.00 -1 -4.24e-06      0.00 7.092e-01 2.756e-01 2.703e-03 7.679e-04 6.716e-03 -1.000 1.527e-02 -8.417 -7.904 -7.001 -8.836
0.0152 0.01508 6.85000 24.8488731384 2.6314662284   23.617  5.290  3.5667 -0.260    1  0.000  0.522     0.00     0.00     0.00     0.00     0.00 -1 -4.24e-06      0.00 6.978e-01 2.869e-01 2.515e-03 1.217e-03 6.439e-03 -1.000 1.527e-02 -8.455 -7.673 -6.526 -8.721
0.0152 0.01508 6.85000 25.3753986359 2.6315326910   23.217  5.342  3.5627 -0.336    1  0.000  0.510     0.00     0.00     0.00     0.00     0.00 -1 -5.66e-06      0.00 6.924e-01 2.924e-01 2.409e-03 1.447e-03 6.295e-03 -1.000 1.527e-02 -8.586 -7.750 -6.543 -8.823
0.0152 0.01508 6.85000 25.9070472717 2.6315966578   22.685  5.371  3.5597 -0.386    1  0.000  0.512     0.00     0.00     0.00     0.00     0.00 -1 -6.69e-06      0.00 6.948e-01 2.899e-01 2.437e-03 1.365e-03 6.346e-03 -1.000 1.527e-02 -8.656 -7.781 -6.525 -8.871
0.0152 0.01508 6.85000 26.0876026154 2.6316177009   22.448  5.377  3.5586 -0.401    2  0.000  0.504     0.00     0.00     0.00     0.00     0.00 -1    -7e-06      0.00 6.884e-01 2.964e-01 2.347e-03 1.588e-03 6.203e-03 -1.000 1.528e-02 -8.672 -7.779 -6.503 -8.877
0.0152 0.01508 6.85000 26.3334789276 2.6316458241   22.106  5.385  3.5571 -0.421    2  0.000  0.490     0.00     0.00     0.00     0.00     0.00 -1  -7.4e-06      0.00 6.776e-01 3.071e-01 2.202e-03 1.958e-03 5.966e-03 -1.000 1.531e-02 -8.691 -7.776 -6.470 -8.883
0.0152 0.01508 6.85000 26.5720996857 2.6316725458   21.754  5.381  3.5533 -0.440    3  0.000  0.423   813.02   415.54   261.59   190.88   159.98  0 -7.34e-06      0.00 6.226e-01 3.621e-01 1.571e-03 3.656e-03 4.895e-03 -1.000 1.523e-02 -8.682 -7.706 -6.329 -8.838
0.0152 0.01508 6.85000 26.5791263580 2.6316733243   21.744  5.381  3.5532 -0.441    3  0.000  0.421   813.61   415.90   261.81   191.04   160.12  0 -7.34e-06      0.00 6.209e-01 3.638e-01 1.551e-03 3.708e-03 4.862e-03 -1.000 1.523e-02 -8.682 -7.704 -6.324 -8.837
0.0152 0.01508 6.85000 26.8133125305 2.6316990027   21.368  5.398  3.5492 -0.481    3  0.000  0.381   862.32   445.59   279.52   204.30   171.23  0 -8.12e-06      0.00 5.966e-01 3.881e-01 1.270e-03 4.469e-03 4.390e-03 -1.000 1.525e-02 -8.724 -7.681 -6.218 -8.840
0.0152 0.01508 6.85000 26.8820648193 2.6317064437   21.255  5.404  3.5479 -0.495    3  0.000  0.370   879.40   456.05   285.75   208.97   175.15  0 -8.42e-06      0.00 5.902e-01 3.946e-01 1.194e-03 4.675e-03 4.261e-03 -1.000 1.527e-02 -8.740 -7.673 -6.178 -8.841
0.0152 0.01508 6.85000 26.9307842255 2.6317116901   21.163  5.439  3.5428 -0.552    3  0.000  0.349   959.70   505.08   314.99   230.73   193.43  0 -9.91e-06      0.00 5.796e-01 4.052e-01 1.067e-03 5.019e-03 4.048e-03 -1.000 1.523e-02 -8.827 -7.665 -6.050 -8.866
0.0152 0.01508 6.85000 26.9368400574 2.6317123407   21.149  5.466  3.5395 -0.593    3  0.000  0.342  1022.00   543.51   337.83   247.74   207.73  0 -1.13e-05      0.00 5.764e-01 4.083e-01 1.029e-03 5.122e-03 3.984e-03 -1.000 1.525e-02 -8.894 -7.669 -5.973 -8.892
0.0152 0.01508 6.85000 26.9525642395 2.6317140285   21.130  5.520  3.5338 -0.669    3  0.000  0.337  1151.16   624.39   385.68   283.42   237.72  0 -1.47e-05      0.00 5.737e-01 4.111e-01 9.994e-04 5.212e-03 3.923e-03 -1.000 1.524e-02 -9.029 -7.678 -5.821 -8.939
0.0152 0.01508 6.85000 26.9584388733 2.6317146585   21.128  5.539  3.5319 -0.697    3  0.000  0.337  1201.12   656.08   404.36   297.36   249.45  0 -1.62e-05      0.00 5.729e-01 4.118e-01 9.932e-04 5.235e-03 3.905e-03 -1.000 1.523e-02 -9.079 -7.686 -5.774 -8.960
0.0152 0.01508 6.85000 26.9598636627 2.6317148112   21.129  5.544  3.5315 -0.703    3  0.000  0.337  1213.42   663.92   408.96   300.80   252.34  0 -1.66e-05      0.00 5.728e-01 4.120e-01 9.918e-04 5.240e-03 3.901e-03 -1.000 1.524e-02 -9.091 -7.688 -5.764 -8.965
# Zini     MH   logAge Mini        int_IMF         Mass   logL    logTe  logg  label   McoreTP C_O  period0  period1  period2  period3  period4  pmode  Mloss  tau1m   X   Y   Xc  Xn  Xo  Cexcess  Z 	 mbolmag  Gmag    G_BPmag  G_RPmag
0.0152 0.01508 6.90000 0.0900000036 1.0816895926    0.090 -1.994  3.3977  3.929    0  0.000  0.545     0.00     0.00     0.00     0.00     0.00 -1 -4.66e-15      0.00 7.092e-01 2.755e-01 2.746e-03 7.408e-04 6.719e-03 -1.000 1.527e-02 9.756 11.776 14.319 10.327
0.0152 0.01508 6.90000 0.1000000015 1.1711064122    0.100 -1.935  3.4039  3.940    0  0.000  0.545     0.00     0.00     0.00     0.00     0.00 -1    -5e-15      0.00 7.092e-01 2.755e-01 2.746e-03 7.408e-04 6.719e-03 -1.000 1.527e-02 9.607 11.627 14.171 10.177
0.0152 0.01508 6.90000 0.1103945449 1.2524996221    0.110 -1.877  3.4100  3.950    0  0.000  0.545     0.00     0.00     0.00     0.00     0.00 -1 -5.39e-15      0.00 7.092e-01 2.755e-01 2.746e-03 7.408e-04 6.719e-03 -1.000 1.527e-02 9.462 11.482 14.027 10.032
0.0152 0.01508 6.90000 0.1271456331 1.3646658930    0.127 -1.791  3.4191  3.962    0  0.000  0.545     0.00     0.00     0.00     0.00     0.00 -1    -6e-15      0.00 7.092e-01 2.755e-01 2.746e-03 7.408e-04 6.719e-03 -1.000 1.527e-02 9.248 11.238 13.752 9.794
0.0152 0.01508 6.90000 0.1316301078 1.3914683542    0.132 -1.769  3.4215  3.964    0  0.000  0.545     0.00     0.00     0.00     0.00     0.00 -1 -6.17e-15      0.00 7.092e-01 2.755e-01 2.746e-03 7.408e-04 6.719e-03 -1.000 1.527e-02 9.194 11.156 13.640 9.719
0.0152 0.01508 6.90000 0.1361443400 1.4172757554    0.136 -1.748  3.4235  3.966    0  0.000  0.545     0.00     0.00     0.00     0.00     0.00 -1 -6.38e-15      0.00 7.092e-01 2.755e-01 2.746e-03 7.408e-04 6.719e-03 -1.000 1.527e-02 9.141 11.073 13.524 9.643
0.0152 0.01508 6.90000 0.1455970109 1.4678804999    0.146 -1.707  3.4281  3.972    0  0.000  0.545     0.00     0.00     0.00     0.00     0.00 -1 -6.76e-15      0.00 7.092e-01 2.755e-01 2.746e-03 7.408e-04 6.719e-03 -1.000 1.527e-02 9.037 10.904 13.282 9.488
0.0152 0.01508 6.90000 0.1570193619 1.5236122426    0.157 -1.658  3.4335  3.978    0  0.000  0.545     0.00     0.00     0.00     0.00     0.00 -1 -7.22e-15      0.00 7.092e-01 2.755e-01 2.746e-03 7.408e-04 6.719e-03 -1.000 1.527e-02 8.916 10.713 13.015 9.313
0.0152 0.01508 6.90000 0.1641620696 1.5558520995    0.164 -1.632  3.4366  3.983    0  0.000  0.545     0.00     0.00     0.00     0.00     0.00 -1 -7.47e-15      0.00 7.092e-01 2.755e-01 2.746e-03 7.408e-04 6.719e-03 -1.000 1.527e-02 8.849 10.606 12.866 9.215
0.0152 0.01508 6.90000 0.1773182601 1.6107145173    0.177 -1.578  3.4433  3.990    0  0.000  0.545     0.00     0.00     0.00     0.00     0.00 -1 -8.06e-15      0.00 7.092e-01 2.755e-01 2.746e-03 7.408e-04 6.719e-03 -1.000 1.527e-02 8.716 10.389 12.563 9.017
0.0152 0.01508 6.90000 0.1915829331 1.6645168728    0.192 -1.528  3.4491  3.997    0  0.000  0.545     0.00     0.00     0.00     0.00     0.00 -1 -8.63e-15      0.00 7.092e-01 2.755e-01 2.746e-03 7.408e-04 6.719e-03 -1.000 1.527e-02 8.591 10.193 12.291 8.838
0.0152 0.01508 6.90000 0.2030758113 1.7042106920    0.203 -1.495  3.4527  4.003    0  0.000  0.545     0.00     0.00     0.00     0.00     0.00 -1 -8.99e-15      0.00 7.092e-01 2.755e-01 2.746e-03 7.408e-04 6.719e-03 -1.000 1.527e-02 8.508 10.067 12.120 8.723
0.0152 0.01508 6.90000 0.2211005688 1.7609192822    0.221 -1.438  3.4595  4.011    0  0.000  0.545     0.00     0.00     0.00     0.00     0.00 -1 -9.74e-15      0.00 7.092e-01 2.755e-01 2.746e-03 7.408e-04 6.719e-03 -1.000 1.527e-02 8.366 9.847 11.812 8.522
0.0152 0.01508 6.90000 0.2407484055 1.8162613643    0.241 -1.383  3.4659  4.018    0  0.000  0.545     0.00     0.00     0.00     0.00     0.00 -1 -1.05e-14      0.00 7.092e-01 2.755e-01 2.746e-03 7.408e-04 6.719e-03 -1.000 1.527e-02 8.228 9.645 11.540 8.337
0.0152 0.01508 6.90000 0.2587635219 1.8620763811    0.259 -1.339  3.4711  4.026    0  0.000  0.545     0.00     0.00     0.00     0.00     0.00 -1 -1.11e-14      0.00 7.092e-01 2.755e-01 2.746e-03 7.408e-04 6.719e-03 -1.000 1.527e-02 8.117 9.484 11.326 8.190
0.0152 0.01508 6.90000 0.2869235575 1.9259589254    0.287 -1.272  3.4793  4.036    0  0.000  0.545     0.00     0.00     0.00     0.00     0.00 -1 -1.22e-14      0.00 7.092e-01 2.755e-01 2.746e-03 7.408e-04 6.719e-03 -1.000 1.527e-02 7.949 9.239 10.997 7.967
0.0152 0.01508 6.90000 0.3042814136 1.9614093907    0.304 -1.235  3.4839  4.044    0  0.000  0.545     0.00     0.00     0.00     0.00     0.00 -1 -1.28e-14      0.00 7.092e-01 2.755e-01 2.746e-03 7.408e-04 6.719e-03 -1.000 1.527e-02 7.857 9.105 10.816 7.846
0.0152 0.01508 6.90000 0.3453851044 2.0357883070    0.345 -1.153  3.4943  4.059    0  0.000  0.545     0.00     0.00     0.00     0.00     0.00 -1 -1.42e-14      0.00 7.092e-01 2.755e-01 2.746e-03 7.408e-04 6.719e-03 -1.000 1.527e-02 7.652 8.811 10.424 7.581
0.0152 0.01508 6.90000 0.3500000238 2.0434175133    0.350 -1.144  3.4954  4.060    0  0.000  0.545     0.00     0.00     0.00     0.00     0.00 -1 -1.44e-14      0.00 7.092e-01 2.755e-01 2.746e-03 7.408e-04 6.719e-03 -1.000 1.527e-02 7.630 8.780 10.384 7.553
0.0152 0.01508 6.90000 0.3920441866 2.1073971159    0.392 -1.074  3.5042  4.074    0  0.000  0.545     0.00     0.00     0.00     0.00     0.00 -1 -1.57e-14      0.00 7.092e-01 2.755e-01 2.746e-03 7.408e-04 6.719e-03 -1.000 1.527e-02 7.454 8.538 10.072 7.334
0.0152 0.01508 6.90000 0.4000000358 2.1185024810    0.400 -1.061  3.5058  4.076    0  0.000  0.545     0.00     0.00     0.00     0.00     0.00 -1  -1.6e-14      0.00 7.092e-01 2.755e-01 2.746e-03 7.408e-04 6.719e-03 -1.000 1.527e-02 7.422 8.495 10.016 7.294
0.0152 0.01508 6.90000 0.4579927921 2.1916222058    0.458 -0.975  3.5176  4.096    0  0.000  0.545     0.00     0.00     0.00     0.00     0.00 -1 -1.78e-14      0.00 7.092e-01 2.755e-01 2.746e-03 7.408e-04 6.719e-03 -1.000 1.527e-02 7.208 8.197 9.628 7.026
0.0152 0.01508 6.90000 0.4998734295 2.2373236354    0.500 -0.919  3.5256  4.110    0  0.000  0.545     0.00     0.00     0.00     0.00     0.00 -1 -1.91e-14      0.00 7.092e-01 2.755e-01 2.746e-03 7.408e-04 6.719e-03 -1.000 1.527e-02 7.068 8.000 9.370 6.851
0.0152 0.01508 6.90000 0.5000000000 2.2374541529    0.500 -0.919  3.5256  4.111    0  0.000  0.545     0.00     0.00     0.00     0.00     0.00 -1 -1.91e-14      0.00 7.092e-01 2.755e-01 2.746e-03 7.408e-04 6.719e-03 -1.000 1.527e-02 7.067 7.999 9.369 6.850
0.0152 0.01508 6.90000 0.5000665784 2.2375227753    0.500 -0.919  3.5257  4.111    0  0.000  0.545     0.00     0.00     0.00     0.00     0.00 -1 -1.91e-14      0.00 7.092e-01 2.755e-01 2.746e-03 7.408e-04 6.719e-03 -1.000 1.527e-02 7.067 7.999 9.368 6.850
0.0152 0.01508 6.90000 0.5236170292 2.2605428934    0.523 -0.887  3.5308  4.119    0  0.000  0.545     0.00     0.00     0.00     0.00     0.00 -1 -1.99e-14      0.00 7.092e-01 2.755e-01 2.746e-03 7.408e-04 6.719e-03 -1.000 1.527e-02 6.987 7.883 9.214 6.749
0.0152 0.01508 6.90000 0.5487545729 2.2826244306    0.548 -0.858  3.5349  4.126    0  0.000  0.545     0.00     0.00     0.00     0.00     0.00 -1 -2.06e-14      0.00 7.092e-01 2.755e-01 2.746e-03 7.408e-04 6.719e-03 -1.000 1.527e-02 6.914 7.782 9.083 6.659
0.0152 0.01508 6.90000 0.5500000119 2.2836582633    0.550 -0.856  3.5351  4.127    0  0.000  0.545     0.00     0.00     0.00     0.00     0.00 -1 -2.06e-14      0.00 7.092e-01 2.755e-01 2.746e-03 7.408e-04 6.719e-03 -1.000 1.527e-02 6.910 7.777 9.077 6.655
0.0152 0.01508 6.90000 0.5701480508 2.2996640034    0.570 -0.831  3.5395  4.134    0  0.000  0.545     0.00     0.00     0.00     0.00     0.00 -1 -2.13e-14      0.00 7.092e-01 2.755e-01 2.746e-03 7.408e-04 6.719e-03 -1.000 1.527e-02 6.847 7.684 8.952 6.574
0.0152 0.01508 6.90000 0.6000000238 2.3211213258    0.600 -0.797  3.5448  4.144    0  0.000  0.545     0.00     0.00     0.00     0.00     0.00 -1 -2.22e-14      0.00 7.092e-01 2.755e-01 2.746e-03 7.408e-04 6.719e-03 -1.000 1.527e-02 6.761 7.563 8.794 6.469
0.0152 0.01508 6.90000 0.6063413620 2.3253676512    0.606 -0.789  3.5462  4.147    0  0.000  0.545     0.00     0.00     0.00     0.00     0.00 -1 -2.24e-14      0.00 7.092e-01 2.755e-01 2.746e-03 7.408e-04 6.719e-03 -1.000 1.527e-02 6.743 7.536 8.756 6.445
0.0152 0.01508 6.90000 0.6356834173 2.3437540359    0.636 -0.754  3.5525  4.157    0  0.000  0.545     0.00     0.00     0.00     0.00     0.00 -1 -2.34e-14      0.00 7.092e-01 2.755e-01 2.746e-03 7.408e-04 6.719e-03 -1.000 1.527e-02 6.655 7.406 8.583 6.334
0.0152 0.01508 6.90000 0.6499999762 2.3520353107    0.650 -0.739  3.5551  4.162    0  0.000  0.545     0.00     0.00     0.00     0.00     0.00 -1 -2.39e-14      0.00 7.092e-01 2.755e-01 2.746e-03 7.408e-04 6.719e-03 -1.000 1.527e-02 6.617 7.350 8.508 6.286
0.0152 0.01508 6.90000 0.6523767114 2.3533697141    0.652 -0.736  3.5556  4.163    0  0.000  0.545     0.00     0.00     0.00     0.00     0.00 -1 -2.39e-14      0.00 7.092e-01 2.755e-01 2.746e-03 7.408e-04 6.719e-03 -1.000 1.527e-02 6.610 7.339 8.494 6.277
0.0152 0.01508 6.90000 0.6834818721 2.3698543739    0.684 -0.697  3.5627  4.172    0  0.000  0.545     0.00     0.00     0.00     0.00     0.00 -1 -2.53e-14      0.00 7.092e-01 2.755e-01 2.746e-03 7.408e-04 6.719e-03 -1.000 1.527e-02 6.512 7.194 8.301 6.154
0.0152 0.01508 6.90000 0.7000000477 2.3779267258    0.700 -0.677  3.5661  4.176    0  0.000  0.545     0.00     0.00     0.00     0.00     0.00 -1 -2.61e-14      0.00 7.092e-01 2.755e-01 2.746e-03 7.408e-04 6.719e-03 -1.000 1.527e-02 6.462 7.121 8.204 6.092
0.0152 0.01508 6.90000 0.7235768437 2.3887176357    0.724 -0.607  3.5903  4.217    0  0.000  0.541     0.00     0.00     0.00     0.00     0.00 -1 -2.88e-14      0.00 7.092e-01 2.755e-01 2.728e-03 7.404e-04 6.719e-03 -1.000 1.527e-02 6.287 6.788 7.720 5.837
0.0152 0.01508 6.90000 0.7500000000 2.3998889087    0.750 -0.526  3.6175  4.261    0  0.000  0.538     0.00     0.00     0.00     0.00     0.00 -1 -3.24e-14      0.00 7.092e-01 2.755e-01 2.710e-03 7.399e-04 6.720e-03 -1.000 1.527e-02 6.085 6.425 7.215 5.556
0.0152 0.01508 6.90000 0.7832353115 2.4127168333    0.783 -0.495  3.6215  4.265    0  0.000  0.538     0.00     0.00     0.00     0.00     0.00 -1 -3.39e-14      0.00 7.092e-01 2.755e-01 2.710e-03 7.399e-04 6.720e-03 -1.000 1.527e-02 6.008 6.326 7.097 5.469
0.0152 0.01508 6.90000 0.8000000119 2.4187244405    0.800 -0.479  3.6233  4.265    0  0.000  0.538     0.00     0.00     0.00     0.00     0.00 -1 -3.48e-14      0.00 7.092e-01 2.755e-01 2.710e-03 7.399e-04 6.720e-03 -1.000 1.527e-02 5.968 6.276 7.039 5.424
0.0152 0.01508 6.90000 0.8331747651 2.4297972548    0.833 -0.447  3.6276  4.268    0  0.000  0.538     0.00     0.00     0.00     0.00     0.00 -1 -3.66e-14      0.00 7.092e-01 2.755e-01 2.710e-03 7.399e-04 6.720e-03 -1.000 1.527e-02 5.887 6.171 6.914 5.333
0.0152 0.01508 6.90000 0.8500000238 2.4350346840    0.850 -0.428  3.6298  4.267    0  0.000  0.538     0.00     0.00     0.00     0.00     0.00 -1 -3.78e-14      0.00 7.092e-01 2.755e-01 2.710e-03 7.399e-04 6.720e-03 -1.000 1.527e-02 5.841 6.113 6.845 5.281
0.0152 0.01508 6.90000 0.9000000358 2.4492786175    0.899 -0.377  3.6365  4.267    0  0.000  0.538     0.00     0.00     0.00     0.00     0.00 -1 -4.14e-14      0.00 7.092e-01 2.755e-01 2.710e-03 7.399e-04 6.720e-03 -1.000 1.527e-02 5.712 5.949 6.651 5.138
0.0152 0.01508 6.90000 0.9345677495 2.4581081316    0.934 -0.342  3.6411  4.267    0  0.000  0.538     0.00     0.00     0.00     0.00     0.00 -1  -4.4e-14      0.00 7.092e-01 2.755e-01 2.710e-03 7.399e-04 6.720e-03 -1.000 1.527e-02 5.626 5.839 6.519 5.041
0.0152 0.01508 6.90000 0.9500000477 2.4618122009    0.950 -0.326  3.6433  4.267    0  0.000  0.538     0.00     0.00     0.00     0.00     0.00 -1 -4.53e-14      0.00 7.092e-01 2.755e-01 2.710e-03 7.399e-04 6.720e-03 -1.000 1.527e-02 5.585 5.787 6.458 4.996
0.0152 0.01508 6.90000 0.9803994894 2.4687179693    0.980 -0.293  3.6477  4.266    0  0.000  0.538     0.00     0.00     0.00     0.00     0.00 -1 -4.81e-14      0.00 7.092e-01 2.755e-01 2.710e-03 7.399e-04 6.720e-03 -1.000 1.527e-02 5.504 5.683 6.335 4.905
0.0152 0.01508 6.90000 1.0000000000 2.4729154477    1.000 -0.269  3.6509  4.263    0  0.000  0.538     0.00     0.00     0.00     0.00     0.00 -1 -5.06e-14      0.00 7.092e-01 2.755e-01 2.710e-03 7.399e-04 6.720e-03 -1.000 1.527e-02 5.442 5.606 6.245 4.837
0.0152 0.01508 6.90000 1.0499999523 2.4828114860    1.050 -0.218  3.6585  4.263    0  0.000  0.538     0.00     0.00     0.00     0.00     0.00 -1 -5.16e-14      0.00 7.092e-01 2.755e-01 2.710e-03 7.399e-04 6.720e-03 -1.000 1.527e-02 5.314 5.441 6.050 4.694
0.0152 0.01508 6.90000 1.1000000238 2.4916801480    1.099 -0.157  3.6674  4.257    0  0.000  0.538     0.00     0.00     0.00     0.00     0.00 -1 -5.37e-14      0.00 7.092e-01 2.755e-01 2.710e-03 7.399e-04 6.720e-03 -1.000 1.527e-02 5.162 5.252 5.829 4.529
0.0152 0.01508 6.90000 1.1499999762 2.4996678137    1.149 -0.102  3.6759  4.256    0  0.000  0.538     0.00     0.00     0.00     0.00     0.00 -1 -5.46e-14      0.00 7.092e-01 2.755e-01 2.710e-03 7.399e-04 6.720e-03 -1.000 1.527e-02 5.025 5.083 5.631 4.383
0.0152 0.01508 6.90000 1.1711301804 2.5028086053    1.171 -0.079  3.6795  4.255    0  0.000  0.538     0.00     0.00     0.00     0.00     0.00 -1 -5.46e-14      0.00 7.092e-01 2.755e-01 2.710e-03 7.399e-04 6.720e-03 -1.000 1.527e-02 4.968 5.012 5.548 4.322
0.0152 0.01508 6.90000 1.2000000477 2.5068948796    1.200 -0.040  3.6853  4.250    0  0.000  0.538     0.00     0.00     0.00     0.00     0.00 -1 -5.62e-14      0.00 7.092e-01 2.755e-01 2.710e-03 7.399e-04 6.720e-03 -1.000 1.527e-02 4.869 4.895 5.413 4.219
0.0152 0.01508 6.90000 1.2500000000 2.5134610955    1.250  0.027  3.6951  4.240    0  0.000  0.538     0.00     0.00     0.00     0.00     0.00 -1 -5.84e-14      0.00 7.092e-01 2.755e-01 2.710e-03 7.399e-04 6.720e-03 -1.000 1.527e-02 4.702 4.698 5.187 4.046
0.0152 0.01508 6.90000 1.2891016006 2.5181899873    1.289  0.081  3.7030  4.231    0  0.000  0.538     0.00     0.00     0.00     0.00     0.00 -1    -6e-14      0.00 7.092e-01 2.755e-01 2.710e-03 7.399e-04 6.720e-03 -1.000 1.527e-02 4.567 4.541 5.009 3.909
0.0152 0.01508 6.90000 1.2999999523 2.5194498592    1.300  0.097  3.7053  4.228    0  0.000  0.538     0.00     0.00     0.00     0.00     0.00 -1 -6.07e-14      0.00 7.092e-01 2.755e-01 2.710e-03 7.399e-04 6.720e-03 -1.000 1.527e-02 4.527 4.495 4.957 3.869
0.0152 0.01508 6.90000 1.3271360397 2.5224837133    1.327  0.135  3.7107  4.220    0  0.000  0.538     0.00     0.00     0.00     0.00     0.00 -1 -6.13e-14      0.00 7.092e-01 2.755e-01 2.710e-03 7.399e-04 6.720e-03 -1.000 1.527e-02 4.432 4.387 4.835 3.773
0.0152 0.01508 6.90000 1.3500001431 2.5249313723    1.350  0.169  3.7155  4.213    0  0.000  0.538     0.00     0.00     0.00     0.00     0.00 -1 -6.24e-14      0.00 7.092e-01 2.755e-01 2.710e-03 7.399e-04 6.720e-03 -1.000 1.527e-02 4.346 4.292 4.728 3.688
0.0152 0.01508 6.90000 1.3657163382 2.5265592821    1.366  0.193  3.7187  4.207    0  0.000  0.538     0.00     0.00     0.00     0.00     0.00 -1 -6.27e-14      0.00 7.092e-01 2.755e-01 2.710e-03 7.399e-04 6.720e-03 -1.000 1.527e-02 4.288 4.226 4.655 3.630
0.0152 0.01508 6.90000 1.4000000954 2.5299650415    1.400  0.250  3.7262  4.192    0  0.000  0.538     0.00     0.00     0.00     0.00     0.00 -1 -6.46e-14      0.00 7.092e-01 2.755e-01 2.710e-03 7.399e-04 6.720e-03 -1.000 1.527e-02 4.146 4.070 4.481 3.491
0.0152 0.01508 6.90000 1.4307599068 2.5328615196    1.431  0.303  3.7331  4.175    0  0.000  0.538     0.00     0.00     0.00     0.00     0.00 -1 -6.58e-14      0.00 7.092e-01 2.755e-01 2.710e-03 7.399e-04 6.720e-03 -1.000 1.527e-02 4.013 3.925 4.320 3.360
0.0152 0.01508 6.90000 1.4500000477 2.5346015836    1.450  0.339  3.7375  4.162    0  0.000  0.538     0.00     0.00     0.00     0.00     0.00 -1 -6.72e-14      0.00 7.092e-01 2.755e-01 2.710e-03 7.399e-04 6.720e-03 -1.000 1.527e-02 3.922 3.828 4.213 3.273
0.0152 0.01508 6.90000 1.4757922888 2.5368525575    1.476  0.390  3.7436  4.143    0  0.000  0.538     0.00     0.00     0.00     0.00     0.00 -1 -6.82e-14      0.00 7.092e-01 2.755e-01 2.710e-03 7.399e-04 6.720e-03 -1.000 1.527e-02 3.794 3.692 4.063 3.151
0.0152 0.01508 6.90000 1.5000000000 2.5388844597    1.500  0.443  3.7495  4.121    0  0.000  0.538     0.00     0.00     0.00     0.00     0.00 -1 -7.03e-14      0.00 7.092e-01 2.755e-01 2.710e-03 7.399e-04 6.720e-03 -1.000 1.527e-02 3.663 3.554 3.912 3.026
0.0152 0.01508 6.90000 1.5151658058 2.5401194466    1.515  0.477  3.7533  4.106    0  0.000  0.538     0.00     0.00     0.00     0.00     0.00 -1 -7.05e-14      0.00 7.092e-01 2.755e-01 2.710e-03 7.399e-04 6.720e-03 -1.000 1.527e-02 3.577 3.464 3.814 2.945
0.0152 0.01508 6.90000 1.5414564610 2.5421942870    1.541  0.543  3.7601  4.076    0  0.000  0.538     0.00     0.00     0.00     0.00     0.00 -1 -7.23e-14      0.00 7.092e-01 2.755e-01 2.710e-03 7.399e-04 6.720e-03 -1.000 1.527e-02 3.413 3.295 3.629 2.792
0.0152 0.01508 6.90000 1.5499999523 2.5428511323    1.550  0.565  3.7625  4.065    0  0.000  0.538     0.00     0.00     0.00     0.00     0.00 -1 -7.33e-14      0.00 7.092e-01 2.755e-01 2.710e-03 7.399e-04 6.720e-03 -1.000 1.527e-02 3.357 3.237 3.566 2.740
0.0152 0.01508 6.90000 1.5696390867 2.5443299099    1.569  0.620  3.7680  4.038    0  0.000  0.538     0.00     0.00     0.00     0.00     0.00 -1 -7.26e-14      0.00 7.092e-01 2.755e-01 2.710e-03 7.399e-04 6.720e-03 -1.000 1.527e-02 3.220 3.096 3.413 2.612
0.0152 0.01508 6.90000 1.5910838842 2.5458967950    1.591  0.683  3.7744  4.007    0  0.000  0.538     0.00     0.00     0.00     0.00     0.00 -1 -7.26e-14      0.00 7.092e-01 2.755e-01 2.710e-03 7.399e-04 6.720e-03 -1.000 1.527e-02 3.063 2.936 3.238 2.468
0.0152 0.01508 6.90000 1.6000000238 2.5465340628    1.600  0.709  3.7772  3.994    0  0.000  0.538     0.00     0.00     0.00     0.00     0.00 -1 -7.27e-14      0.00 7.092e-01 2.755e-01 2.710e-03 7.399e-04 6.720e-03 -1.000 1.527e-02 2.997 2.869 3.165 2.407
0.0152 0.01508 6.90000 1.6117825508 2.5473637769    1.611  0.744  3.7809  3.977    0  0.000  0.538     0.00     0.00     0.00     0.00     0.00 -1 -6.79e-14      0.00 7.092e-01 2.755e-01 2.709e-03 7.399e-04 6.720e-03 -1.000 1.527e-02 2.910 2.779 3.068 2.327
0.0152 0.01508 6.90000 1.6347579956 2.5489421957    1.634  0.812  3.7886  3.946    0  0.000  0.538     0.00     0.00     0.00     0.00     0.00 -1 -5.94e-14      0.00 7.092e-01 2.755e-01 2.709e-03 7.399e-04 6.720e-03 -1.000 1.527e-02 2.740 2.608 2.880 2.174
0.0152 0.01508 6.90000 1.6500000954 2.5499614852    1.649  0.856  3.7941  3.927    0  0.000  0.538     0.00     0.00     0.00     0.00     0.00 -1 -5.43e-14      0.00 7.092e-01 2.755e-01 2.709e-03 7.399e-04 6.720e-03 -1.000 1.527e-02 2.629 2.496 2.757 2.076
0.0152 0.01508 6.90000 1.6527949572 2.5501460427    1.652  0.865  3.7951  3.924    0  0.000  0.538     0.00     0.00     0.00     0.00     0.00 -1 -6.19e-15      0.00 7.092e-01 2.755e-01 2.709e-03 7.399e-04 6.720e-03 -1.000 1.527e-02 2.608 2.475 2.734 2.058
0.0152 0.01508 6.90000 1.6744599342 2.5515526806    1.674  0.927  3.8039  3.903    0  0.000  0.538     0.00     0.00     0.00     0.00     0.00 -1 -3.25e-22      0.00 7.092e-01 2.755e-01 2.709e-03 7.399e-04 6.720e-03 -1.000 1.527e-02 2.454 2.320 2.561 1.925
0.0152 0.01508 6.90000 1.6911833286 2.5526101800    1.690  0.974  3.8116  3.891    0  0.000  0.538     0.00     0.00     0.00     0.00     0.00 -1 -8.49e-28      0.00 7.092e-01 2.755e-01 2.709e-03 7.398e-04 6.720e-03 -1.000 1.527e-02 2.336 2.203 2.429 1.827
0.0152 0.01508 6.90000 1.7000000477 2.5531580802    1.699  0.998  3.8160  3.886    0  0.000  0.538     0.00     0.00     0.00     0.00     0.00 -1    -1e-30      0.00 7.092e-01 2.755e-01 2.709e-03 7.398e-04 6.720e-03 -1.000 1.527e-02 2.275 2.142 2.359 1.777
0.0152 0.01508 6.90000 1.7148292065 2.5540650168    1.714  1.038  3.8248  3.885    0  0.000  0.538     0.00     0.00     0.00     0.00     0.00 -1    -1e-30      0.00 7.092e-01 2.755e-01 2.709e-03 7.398e-04 6.720e-03 -1.000 1.527e-02 2.174 2.041 2.243 1.697
0.0152 0.01508 6.90000 1.7277592421 2.5548412111    1.727  1.072  3.8342  3.892    0  0.000  0.538     0.00     0.00     0.00     0.00     0.00 -1    -1e-30      0.00 7.092e-01 2.755e-01 2.709e-03 7.398e-04 6.720e-03 -1.000 1.527e-02 2.089 1.957 2.144 1.636
0.0152 0.01508 6.90000 1.7387597561 2.5554911343    1.738  1.100  3.8437  3.905    0  0.000  0.538     0.00     0.00     0.00     0.00     0.00 -1    -1e-30      0.00 7.092e-01 2.755e-01 2.709e-03 7.398e-04 6.720e-03 -1.000 1.527e-02 2.020 1.891 2.061 1.592
0.0152 0.01508 6.90000 1.7500000000 2.5561455243    1.749  1.126  3.8546  3.925    0  0.000  0.538     0.00     0.00     0.00     0.00     0.00 -1    -1e-30      0.00 7.092e-01 2.755e-01 2.709e-03 7.398e-04 6.720e-03 -1.000 1.527e-02 1.954 1.828 1.981 1.556
0.0152 0.01508 6.90000 1.7633562088 2.5569106431    1.762  1.155  3.8682  3.954    0  0.000  0.538     0.00     0.00     0.00     0.00     0.00 -1    -1e-30      0.00 7.092e-01 2.755e-01 2.709e-03 7.398e-04 6.720e-03 -1.000 1.527e-02 1.884 1.765 1.897 1.526
0.0152 0.01508 6.90000 1.7789344788 2.5577863826    1.778  1.180  3.8833  3.993    0  0.000  0.538     0.00     0.00     0.00     0.00     0.00 -1    -1e-30      0.00 7.092e-01 2.755e-01 2.709e-03 7.398e-04 6.720e-03 -1.000 1.527e-02 1.819 1.711 1.821 1.510
0.0152 0.01508 6.90000 1.7878494263 2.5582796521    1.787  1.191  3.8912  4.016    0  0.000  0.538     0.00     0.00     0.00     0.00     0.00 -1    -1e-30      0.00 7.092e-01 2.755e-01 2.709e-03 7.398e-04 6.720e-03 -1.000 1.527e-02 1.793 1.692 1.790 1.510
0.0152 0.01508 6.90000 1.7999999523 2.5589429085    1.799  1.190  3.8981  4.048    0  0.000  0.538     0.00     0.00     0.00     0.00     0.00 -1    -1e-30      0.00 7.092e-01 2.755e-01 2.709e-03 7.398e-04 6.720e-03 -1.000 1.527e-02 1.795 1.702 1.790 1.538
0.0152 0.01508 6.90000 1.8082834482 2.5593892054    1.807  1.188  3.9028  4.070    0  0.000  0.538     0.00     0.00     0.00     0.00     0.00 -1    -1e-30      0.00 7.092e-01 2.755e-01 2.709e-03 7.398e-04 6.720e-03 -1.000 1.527e-02 1.799 1.712 1.794 1.559
0.0152 0.01508 6.90000 1.8266479969 2.5603620684    1.825  1.165  3.9075  4.116    0  0.000  0.538     0.00     0.00     0.00     0.00     0.00 -1    -1e-30      0.00 7.092e-01 2.755e-01 2.709e-03 7.398e-04 6.720e-03 -1.000 1.527e-02 1.857 1.778 1.854 1.636
0.0152 0.01508 6.90000 1.8393591642 2.5610223758    1.838  1.140  3.9077  4.145    0  0.000  0.538     0.00     0.00     0.00     0.00     0.00 -1    -1e-30      0.00 7.092e-01 2.755e-01 2.709e-03 7.398e-04 6.719e-03 -1.000 1.527e-02 1.921 1.843 1.919 1.700
0.0152 0.01508 6.90000 1.8500000238 2.5615671203    1.849  1.117  3.9066  4.166    0  0.000  0.538     0.00     0.00     0.00     0.00     0.00 -1    -1e-30      0.00 7.092e-01 2.755e-01 2.709e-03 7.398e-04 6.719e-03 -1.000 1.527e-02 1.977 1.899 1.978 1.752
0.0152 0.01508 6.90000 1.8617300987 2.5621593351    1.861  1.094  3.9049  4.185    0  0.000  0.538     0.00     0.00     0.00     0.00     0.00 -1    -1e-30      0.00 7.092e-01 2.755e-01 2.709e-03 7.398e-04 6.719e-03 -1.000 1.527e-02 2.035 1.955 2.037 1.803
0.0152 0.01508 6.90000 1.8812801838 2.5631275105    1.880  1.073  3.9031  4.204    0  0.000  0.538     0.00     0.00     0.00     0.00     0.00 -1    -1e-30      0.00 7.092e-01 2.755e-01 2.709e-03 7.398e-04 6.719e-03 -1.000 1.527e-02 2.088 2.007 2.091 1.849
0.0152 0.01508 6.90000 1.9000000954 2.5640331317    1.899  1.075  3.9044  4.211    0  0.000  0.538     0.00     0.00     0.00     0.00     0.00 -1    -1e-30      0.00 7.092e-01 2.755e-01 2.709e-03 7.398e-04 6.719e-03 -1.000 1.527e-02 2.082 2.003 2.086 1.849
0.0152 0.01508 6.90000 1.9124149084 2.5646224967    1.912  1.075  3.9051  4.216    0  0.000  0.538     0.00     0.00     0.00     0.00     0.00 -1    -1e-30      0.00 7.092e-01 2.755e-01 2.709e-03 7.398e-04 6.719e-03 -1.000 1.527e-02 2.082 2.003 2.085 1.850
0.0152 0.01508 6.90000 1.9428533316 2.5660309082    1.942  1.123  3.9152  4.217    0  0.000  0.538     0.00     0.00     0.00     0.00     0.00 -1    -1e-30      0.00 7.092e-01 2.755e-01 2.709e-03 7.398e-04 6.719e-03 -1.000 1.527e-02 1.964 1.900 1.967 1.773
0.0152 0.01508 6.90000 1.9500001669 2.5663542767    1.950  1.135  3.9181  4.217    0  0.000  0.538     0.00     0.00     0.00     0.00     0.00 -1    -1e-30      0.00 7.092e-01 2.755e-01 2.709e-03 7.398e-04 6.719e-03 -1.000 1.527e-02 1.933 1.873 1.937 1.754
0.0152 0.01508 6.90000 1.9709827900 2.5672881025    1.971  1.172  3.9267  4.220    0  0.000  0.538     0.00     0.00     0.00     0.00     0.00 -1    -1e-30      0.00 7.092e-01 2.755e-01 2.709e-03 7.398e-04 6.719e-03 -1.000 1.527e-02 1.841 1.797 1.849 1.699
0.0152 0.01508 6.90000 1.9974174500 2.5684325115    1.998  1.223  3.9401  4.228    0  0.000  0.538     0.00     0.00     0.00     0.00     0.00 -1    -1e-30      0.00 7.092e-01 2.755e-01 2.709e-03 7.398e-04 6.719e-03 -1.000 1.527e-02 1.714 1.700 1.737 1.632
0.0152 0.01508 6.90000 2.0000000000 2.5685424513    2.000  1.228  3.9415  4.229    0  0.000  0.538     0.00     0.00     0.00     0.00     0.00 -1    -1e-30      0.00 7.092e-01 2.755e-01 2.709e-03 7.398e-04 6.719e-03 -1.000 1.527e-02 1.701 1.691 1.726 1.625
0.0152 0.01508 6.90000 2.0023210049 2.5686409788    2.003  1.232  3.9428  4.230    0  0.000  0.538     0.00     0.00     0.00     0.00     0.00 -1    -1e-30      0.00 7.092e-01 2.755e-01 2.709e-03 7.398e-04 6.719e-03 -1.000 1.527e-02 1.689 1.683 1.717 1.620
0.0152 0.01508 6.90000 2.0225822926 2.5694900462    2.022  1.277  3.9557  4.242    0  0.000  0.538     0.00     0.00     0.00     0.00     0.00 -1    -1e-30      0.00 7.092e-01 2.755e-01 2.709e-03 7.398e-04 6.719e-03 -1.000 1.527e-02 1.579 1.613 1.634 1.572
0.0152 0.01508 6.90000 2.0391087532 2.5701682525    2.039  1.313  3.9672  4.256    0  0.000  0.538     0.00     0.00     0.00     0.00     0.00 -1    -1e-30      0.00 7.092e-01 2.755e-01 2.709e-03 7.397e-04 6.719e-03 -1.000 1.527e-02 1.488 1.563 1.575 1.541
0.0152 0.01508 6.90000 2.0499999523 2.5706083333    2.050  1.332  3.9740  4.266    0  0.000  0.538     0.00     0.00     0.00     0.00     0.00 -1    -1e-30      0.00 7.092e-01 2.755e-01 2.709e-03 7.397e-04 6.719e-03 -1.000 1.527e-02 1.441 1.543 1.550 1.530
0.0152 0.01508 6.90000 2.0617129803 2.5710756593    2.061  1.349  3.9808  4.278    0  0.000  0.538     0.00     0.00     0.00     0.00     0.00 -1    -1e-30      0.00 7.092e-01 2.755e-01 2.709e-03 7.397e-04 6.719e-03 -1.000 1.527e-02 1.397 1.527 1.529 1.523
0.0152 0.01508 6.90000 2.0999999046 2.5725614918    2.099  1.373  3.9942  4.316    0  0.000  0.538     0.00     0.00     0.00     0.00     0.00 -1    -1e-30      0.00 7.092e-01 2.755e-01 2.709e-03 7.397e-04 6.719e-03 -1.000 1.527e-02 1.338 1.527 1.521 1.539
0.0152 0.01508 6.90000 2.1182148457 2.5732467288    2.117  1.379  3.9995  4.335    0  0.000  0.538     0.00     0.00     0.00     0.00     0.00 -1    -1e-30      0.00 7.092e-01 2.755e-01 2.709e-03 7.397e-04 6.719e-03 -1.000 1.527e-02 1.322 1.535 1.526 1.552
0.0152 0.01508 6.90000 2.1500000954 2.5744105556    2.149  1.387  4.0033  4.349    0  0.000  0.538     0.00     0.00     0.00     0.00     0.00 -1    -1e-30      0.00 7.092e-01 2.755e-01 2.709e-03 7.397e-04 6.719e-03 -1.000 1.527e-02 1.303 1.533 1.522 1.555
0.0152 0.01508 6.90000 2.1855342388 2.5756656704    2.184  1.408  4.0079  4.353    0  0.000  0.538     0.00     0.00     0.00     0.00     0.00 -1    -1e-30      0.00 7.092e-01 2.755e-01 2.709e-03 7.397e-04 6.719e-03 -1.000 1.527e-02 1.250 1.502 1.489 1.528
0.0152 0.01508 6.90000 2.2000000477 2.5761632879    2.199  1.421  4.0102  4.352    0  0.000  0.538     0.00     0.00     0.00     0.00     0.00 -1    -1e-30      0.00 7.092e-01 2.755e-01 2.709e-03 7.397e-04 6.719e-03 -1.000 1.527e-02 1.217 1.480 1.465 1.508
0.0152 0.01508 6.90000 2.2500000000 2.5778267375    2.249  1.447  4.0163  4.360    0  0.000  0.538     0.00     0.00     0.00     0.00     0.00 -1    -1e-30      0.00 7.093e-01 2.755e-01 2.709e-03 7.397e-04 6.718e-03 -1.000 1.527e-02 1.153 1.445 1.428 1.479
0.0152 0.01508 6.90000 2.2989706993 2.5793755488    2.297  1.474  4.0218  4.364    0  0.000  0.538     0.00     0.00     0.00     0.00     0.00 -1    -1e-30      0.00 7.093e-01 2.754e-01 2.709e-03 7.397e-04 6.718e-03 -1.000 1.527e-02 1.084 1.403 1.383 1.442
0.0152 0.01508 6.90000 2.2999999523 2.5794072884    2.299  1.475  4.0220  4.364    0  0.000  0.538     0.00     0.00     0.00     0.00     0.00 -1    -1e-30      0.00 7.093e-01 2.754e-01 2.709e-03 7.397e-04 6.718e-03 -1.000 1.527e-02 1.082 1.401 1.381 1.441
0.0152 0.01508 6.90000 2.4000000954 2.5823423892    2.399  1.548  4.0356  4.365    0  0.000  0.538     0.00     0.00     0.00     0.00     0.00 -1    -1e-30      0.00 7.093e-01 2.755e-01 2.709e-03 7.397e-04 6.718e-03 -1.000 1.527e-02 0.901 1.287 1.261 1.338
0.0152 0.01508 6.90000 2.5999999046 2.5874412955    2.600  1.682  4.0604  4.364    0  0.000  0.538     0.00     0.00     0.00     0.00     0.00 -1    -1e-30      0.00 7.092e-01 2.755e-01 2.710e-03 7.399e-04 6.720e-03 -1.000 1.527e-02 0.564 1.075 1.039 1.144
0.0152 0.01508 6.90000 2.8000001907 2.5917117867    2.800  1.807  4.0827  4.361    0  0.000  0.538     0.00     0.00     0.00     0.00     0.00 -1    -1e-30      0.00 7.092e-01 2.755e-01 2.710e-03 7.399e-04 6.720e-03 -1.000 1.527e-02 0.253 0.880 0.836 0.963
0.0152 0.01508 6.90000 3.0000000000 2.5953341962    3.000  1.922  4.1030  4.357    1  0.000  0.538     0.00     0.00     0.00     0.00     0.00 -1    -1e-30      0.00 7.092e-01 2.755e-01 2.710e-03 7.399e-04 6.720e-03 -1.000 1.527e-02 -0.034 0.701 0.650 0.796
0.0152 0.01508 6.90000 3.2000000477 2.5984409005    3.199  2.028  4.1216  4.353    0  0.000  0.538     0.00     0.00     0.00     0.00     0.00 -1    -1e-30      0.00 7.092e-01 2.755e-01 2.710e-03 7.399e-04 6.720e-03 -1.000 1.527e-02 -0.301 0.536 0.479 0.642
0.0152 0.01508 6.90000 3.4000000954 2.6011310876    3.398  2.128  4.1386  4.348    1  0.000  0.538     0.00     0.00     0.00     0.00     0.00 -1    -1e-30      0.00 7.092e-01 2.755e-01 2.710e-03 7.399e-04 6.720e-03 -1.000 1.527e-02 -0.551 0.382 0.320 0.497
0.0152 0.01508 6.90000 3.6000001431 2.6034804607    3.598  2.222  4.1543  4.342    1  0.000  0.538     0.00     0.00     0.00     0.00     0.00 -1    -1e-30      0.00 7.092e-01 2.755e-01 2.710e-03 7.399e-04 6.720e-03 -1.000 1.527e-02 -0.785 0.237 0.170 0.362
0.0152 0.01508 6.90000 3.8000001907 2.6055477311    3.798  2.310  4.1690  4.336    1  0.000  0.538     0.00     0.00     0.00     0.00     0.00 -1    -1e-30      0.00 7.092e-01 2.755e-01 2.710e-03 7.399e-04 6.720e-03 -1.000 1.527e-02 -1.005 0.101 0.030 0.234
0.0152 0.01508 6.90000 3.8781344891 2.6062890570    3.877  2.343  4.1744  4.333    1  0.000  0.538     0.00     0.00     0.00     0.00     0.00 -1    -1e-30      0.00 7.092e-01 2.755e-01 2.710e-03 7.399e-04 6.720e-03 -1.000 1.527e-02 -1.087 0.051 -0.022 0.186
0.0152 0.01508 6.90000 4.0000000000 2.6073790840    4.001  2.393  4.1827  4.330    1  0.000  0.538     0.00     0.00     0.00     0.00     0.00 -1    -1e-30      0.00 7.092e-01 2.755e-01 2.710e-03 7.399e-04 6.720e-03 -1.000 1.527e-02 -1.212 -0.026 -0.102 0.114
0.0152 0.01508 6.90000 4.1999998093 2.6090113217    4.198  2.472  4.1958  4.324    1  0.000  0.538     0.00     0.00     0.00     0.00     0.00 -1    -1e-30      0.00 7.092e-01 2.755e-01 2.710e-03 7.399e-04 6.720e-03 -1.000 1.527e-02 -1.410 -0.147 -0.227 0.000
0.0152 0.01508 6.90000 4.4000000954 2.6104741055    4.397  2.547  4.2078  4.318    1  0.000  0.538     0.00     0.00     0.00     0.00     0.00 -1    -1e-30      0.00 7.092e-01 2.755e-01 2.710e-03 7.399e-04 6.720e-03 -1.000 1.527e-02 -1.597 -0.263 -0.346 -0.109
0.0152 0.01508 6.90000 4.5999999046 2.6117915791    4.597  2.618  4.2193  4.312    1  0.000  0.538     0.00     0.00     0.00     0.00     0.00 -1    -1e-30      0.00 7.092e-01 2.755e-01 2.710e-03 7.399e-04 6.720e-03 -1.000 1.527e-02 -1.775 -0.374 -0.460 -0.213
0.0152 0.01508 6.90000 4.8000001907 2.6129836005    4.798  2.686  4.2304  4.306    1  0.000  0.538     0.00     0.00     0.00     0.00     0.00 -1    -1e-30      0.00 7.092e-01 2.755e-01 2.710e-03 7.399e-04 6.720e-03 -1.000 1.527e-02 -1.946 -0.480 -0.569 -0.313
0.0152 0.01508 6.90000 5.0000000000 2.6140666223    4.999  2.751  4.2403  4.299    1  0.000  0.538     0.00     0.00     0.00     0.00     0.00 -1    -1e-30      0.00 7.092e-01 2.755e-01 2.710e-03 7.399e-04 6.720e-03 -1.000 1.527e-02 -2.107 -0.583 -0.675 -0.410
0.0152 0.01508 6.90000 5.1999998093 2.6150544000    5.200  2.813  4.2498  4.292    1  0.000  0.538     0.00     0.00     0.00     0.00     0.00 -1    -1e-30      0.00 7.092e-01 2.755e-01 2.710e-03 7.399e-04 6.720e-03 -1.000 1.527e-02 -2.262 -0.682 -0.777 -0.504
0.0152 0.01508 6.90000 5.3999996185 2.6159585084    5.401  2.873  4.2592  4.286    1  0.000  0.538     0.00     0.00     0.00     0.00     0.00 -1    -1e-30      0.00 7.092e-01 2.755e-01 2.710e-03 7.399e-04 6.720e-03 -1.000 1.527e-02 -2.412 -0.777 -0.875 -0.594
0.0152 0.01508 6.90000 5.5354776382 2.6165284431    5.536  2.912  4.2653  4.282    1  0.000  0.538     0.00     0.00     0.00     0.00     0.00 -1    -1e-30      0.00 7.092e-01 2.755e-01 2.710e-03 7.399e-04 6.720e-03 -1.000 1.527e-02 -2.510 -0.840 -0.940 -0.653
0.0152 0.01508 6.90000 5.5999994278 2.6167887546    5.601  2.931  4.2682  4.280    1  0.000  0.538     0.00     0.00     0.00     0.00     0.00 -1    -1e-30      0.00 7.092e-01 2.755e-01 2.710e-03 7.399e-04 6.720e-03 -1.000 1.527e-02 -2.557 -0.869 -0.970 -0.681
0.0152 0.01508 6.90000 5.8000001907 2.6175535027    5.801  2.986  4.2766  4.274    1  0.000  0.538     0.00     0.00     0.00     0.00     0.00 -1    -1e-30      0.00 7.092e-01 2.755e-01 2.710e-03 7.399e-04 6.720e-03 -1.000 1.527e-02 -2.695 -0.959 -1.062 -0.765
0.0152 0.01508 6.90000 6.0000000000 2.6182599138    6.000  3.040  4.2848  4.268    1  0.000  0.538     0.00     0.00     0.00     0.00     0.00 -1    -1e-30      0.00 7.092e-01 2.755e-01 2.710e-03 7.399e-04 6.720e-03 -1.000 1.527e-02 -2.829 -1.045 -1.151 -0.847
0.0152 0.01508 6.90000 6.1999998093 2.6189141709    6.200  3.092  4.2928  4.262    1  0.000  0.538     0.00     0.00     0.00     0.00     0.00 -1    -1e-30      0.00 7.092e-01 2.755e-01 2.710e-03 7.399e-04 6.720e-03 -1.000 1.527e-02 -2.959 -1.129 -1.237 -0.926
0.0152 0.01508 6.90000 6.4000000954 2.6195216279    6.399  3.141  4.3002  4.256    1  0.000  0.538     0.00     0.00     0.00     0.00     0.00 -1    -1e-30      0.00 7.092e-01 2.755e-01 2.710e-03 7.399e-04 6.720e-03 -1.000 1.527e-02 -3.083 -1.211 -1.320 -1.004
0.0152 0.01508 6.90000 7.0000000000 2.6211069280    6.996  3.282  4.3212  4.237    1  0.000  0.538     0.00     0.00     0.00     0.00     0.00 -1    -1e-30      0.00 7.092e-01 2.755e-01 2.710e-03 7.399e-04 6.720e-03 -1.000 1.527e-02 -3.436 -1.444 -1.559 -1.225
0.0152 0.01508 6.90000 7.0685548782 2.6212684666    7.065  3.297  4.3234  4.235    1  0.000  0.538     0.00     0.00     0.00     0.00     0.00 -1    -1e-30      0.00 7.092e-01 2.755e-01 2.710e-03 7.399e-04 6.720e-03 -1.000 1.527e-02 -3.473 -1.469 -1.585 -1.250
0.0152 0.01508 6.90000 8.0000000000 2.6231516585    8.001  3.492  4.3516  4.208    1  0.000  0.538     0.00     0.00     0.00     0.00     0.00 -1    -1e-30      0.00 7.092e-01 2.755e-01 2.710e-03 7.399e-04 6.720e-03 -1.000 1.527e-02 -3.959 -1.798 -1.922 -1.564
0.0152 0.01508 6.90000 8.4086189270 2.6238280410    8.406  3.569  4.3625  4.196    1  0.000  0.538     0.00     0.00     0.00     0.00     0.00 -1    -1e-30      0.00 7.092e-01 2.755e-01 2.710e-03 7.399e-04 6.720e-03 -1.000 1.527e-02 -4.153 -1.932 -2.058 -1.692
0.0152 0.01508 6.90000 9.0000000000 2.6246829947    8.995  3.676  4.3774  4.177    1  0.000  0.538     0.00     0.00     0.00     0.00     0.00 -1    -1e-30      0.00 7.092e-01 2.755e-01 2.710e-03 7.399e-04 6.720e-03 -1.000 1.527e-02 -4.421 -2.120 -2.250 -1.873
0.0152 0.01508 6.90000 9.7361660004 2.6255821975    9.733  3.800  4.3937  4.153    1  0.000  0.538     0.00     0.00     0.00     0.00     0.00 -1    -1e-30      0.00 7.092e-01 2.755e-01 2.710e-03 7.399e-04 6.720e-03 -1.000 1.527e-02 -4.730 -2.341 -2.475 -2.086
0.0152 0.01508 6.90000 10.0000000000 2.6258676431    9.998  3.843  4.3992  4.144    1  0.000  0.538     0.00     0.00     0.00     0.00     0.00 -1    -1e-30      0.00 7.092e-01 2.755e-01 2.710e-03 7.399e-04 6.720e-03 -1.000 1.527e-02 -4.837 -2.419 -2.554 -2.161
0.0152 0.01508 6.90000 10.3526449203 2.6262231707   10.352  3.897  4.4061  4.132    1  0.000  0.538     0.00     0.00     0.00     0.00     0.00 -1    -1e-30      0.00 7.092e-01 2.755e-01 2.710e-03 7.399e-04 6.720e-03 -1.000 1.527e-02 -4.973 -2.494 -2.633 -2.237
0.0152 0.01508 6.90000 11.0000000000 2.6268081058   11.001  3.994  4.4178  4.109    1  0.000  0.538     0.00     0.00     0.00     0.00     0.00 -1    -1e-30      0.00 7.092e-01 2.755e-01 2.710e-03 7.399e-04 6.720e-03 -1.000 1.527e-02 -5.215 -2.676 -2.821 -2.403
0.0152 0.01508 6.90000 11.3745689392 2.6271118086   11.376  4.047  4.4240  4.095    1  0.000  0.538     0.00     0.00     0.00     0.00     0.00 -1    -1e-30      0.00 7.092e-01 2.755e-01 2.710e-03 7.399e-04 6.720e-03 -1.000 1.527e-02 -5.347 -2.779 -2.927 -2.496
0.0152 0.01508 6.90000 12.0000000000 2.6275706487   12.001  4.133  4.4336  4.071    1  0.000  0.538     0.00     0.00     0.00     0.00     0.00 -1    -1e-30      0.00 7.092e-01 2.755e-01 2.710e-03 7.399e-04 6.720e-03 -1.000 1.527e-02 -5.562 -2.961 -3.109 -2.683
0.0152 0.01508 6.90000 12.1149969101 2.6276491066   12.114  4.147  4.4352  4.067    1  0.000  0.538     0.00     0.00     0.00     0.00     0.00 -1  -2.2e-29      0.00 7.092e-01 2.755e-01 2.712e-03 7.400e-04 6.720e-03 -1.000 1.527e-02 -5.599 -2.993 -3.140 -2.716
0.0152 0.01508 6.90000 12.6646938324 2.6280016170   12.654  4.217  4.4422  4.044    1  0.000  0.540     0.00     0.00     0.00     0.00     0.00 -1 -3.95e-23      0.00 7.092e-01 2.755e-01 2.722e-03 7.403e-04 6.720e-03 -1.000 1.527e-02 -5.773 -3.142 -3.288 -2.872
0.0152 0.01508 6.90000 13.1558589935 2.6282881037   13.135  4.278  4.4479  4.022    1  0.000  0.542     0.00     0.00     0.00     0.00     0.00 -1 -9.33e-18      0.00 7.092e-01 2.755e-01 2.731e-03 7.405e-04 6.719e-03 -1.000 1.527e-02 -5.925 -3.275 -3.419 -3.010
0.0152 0.01508 6.90000 13.6164302826 2.6285352656   13.584  4.334  4.4527  4.000    1  0.000  0.544     0.00     0.00     0.00     0.00     0.00 -1 -6.84e-13      0.00 7.092e-01 2.755e-01 2.739e-03 7.407e-04 6.719e-03 -1.000 1.527e-02 -6.066 -3.390 -3.536 -3.124
0.0152 0.01508 6.90000 14.0000000000 2.6287268957   13.959  4.380  4.4563  3.980    0  0.000  0.545     0.00     0.00     0.00     0.00     0.00 -1 -5.86e-09      0.00 7.092e-01 2.755e-01 2.746e-03 7.408e-04 6.719e-03 -1.000 1.527e-02 -6.180 -3.484 -3.632 -3.210
0.0152 0.01508 6.90000 14.0807094574 2.6287656919   14.039  4.389  4.4569  3.976    0  0.000  0.545     0.00     0.00     0.00     0.00     0.00 -1 -6.12e-09      0.00 7.092e-01 2.755e-01 2.746e-03 7.408e-04 6.719e-03 -1.000 1.527e-02 -6.203 -3.503 -3.651 -3.228
0.0152 0.01508 6.90000 14.7882728577 2.6290850676   14.733  4.467  4.4621  3.940    0  0.000  0.545     0.00     0.00     0.00     0.00     0.00 -1 -8.95e-09      0.00 7.092e-01 2.755e-01 2.746e-03 7.408e-04 6.719e-03 -1.000 1.527e-02 -6.397 -3.670 -3.822 -3.386
0.0152 0.01508 6.90000 15.3977413177 2.6293332785   15.328  4.533  4.4653  3.904    0  0.000  0.545     0.00     0.00     0.00     0.00     0.00 -1 -1.22e-08      0.00 7.092e-01 2.755e-01 2.746e-03 7.408e-04 6.719e-03 -1.000 1.527e-02 -6.562 -3.822 -3.975 -3.533
0.0152 0.01508 6.90000 15.9862670898 2.6295524217   15.901  4.596  4.4672  3.865    0  0.000  0.545     0.00     0.00     0.00     0.00     0.00 -1 -1.64e-08      0.00 7.092e-01 2.755e-01 2.746e-03 7.408e-04 6.719e-03 -1.000 1.527e-02 -6.719 -3.975 -4.129 -3.684
0.0152 0.01508 6.90000 16.0000000000 2.6295573144   15.914  4.597  4.4672  3.864    0  0.000  0.545     0.00     0.00     0.00     0.00     0.00 -1 -1.65e-08      0.00 7.092e-01 2.755e-01 2.746e-03 7.408e-04 6.719e-03 -1.000 1.527e-02 -6.723 -3.979 -4.133 -3.688
0.0152 0.01508 6.90000 16.4704017639 2.6297192571   16.361  4.644  4.4679  3.832    0  0.000  0.545     0.00     0.00     0.00     0.00     0.00 -1 -2.01e-08      0.00 7.092e-01 2.755e-01 2.746e-03 7.408e-04 6.719e-03 -1.000 1.527e-02 -6.839 -4.098 -4.252 -3.806
0.0152 0.01508 6.90000 17.0326633453 2.6298993919   16.891  4.698  4.4676  3.790    0  0.000  0.545     0.00     0.00     0.00     0.00     0.00 -1 -2.52e-08      0.00 7.092e-01 2.755e-01 2.746e-03 7.408e-04 6.719e-03 -1.000 1.527e-02 -6.975 -4.245 -4.398 -3.954
0.0152 0.01508 6.90000 17.5417499542 2.6300510876   17.369  4.747  4.4657  3.746    0  0.000  0.545     0.00     0.00     0.00     0.00     0.00 -1 -3.07e-08      0.00 7.092e-01 2.755e-01 2.746e-03 7.408e-04 6.719e-03 -1.000 1.527e-02 -7.098 -4.386 -4.539 -4.099
0.0152 0.01508 6.90000 18.0000000000 2.6301792302   17.799  4.791  4.4630  3.701    0  0.000  0.545     0.00     0.00     0.00     0.00     0.00 -1 -3.62e-08      0.00 7.092e-01 2.755e-01 2.746e-03 7.408e-04 6.719e-03 -1.000 1.527e-02 -7.208 -4.518 -4.669 -4.233
0.0152 0.01508 6.90000 18.6215152740 2.6303414916   18.374  4.846  4.4576  3.638    0  0.000  0.545     0.00     0.00     0.00     0.00     0.00 -1 -4.36e-08      0.00 7.092e-01 2.755e-01 2.746e-03 7.408e-04 6.719e-03 -1.000 1.527e-02 -7.346 -4.692 -4.842 -4.411
0.0152 0.01508 6.90000 19.1944446564 2.6304804143   18.899  4.897  4.4503  3.571    0  0.000  0.545     0.00     0.00     0.00     0.00     0.00 -1 -5.06e-08      0.00 7.092e-01 2.755e-01 2.746e-03 7.408e-04 6.719e-03 -1.000 1.527e-02 -7.473 -4.858 -5.008 -4.580
0.0152 0.01508 6.90000 19.6618728638 2.6305868854   19.324  4.938  4.4419  3.505    0  0.000  0.545     0.00     0.00     0.00     0.00     0.00 -1 -5.59e-08      0.00 7.092e-01 2.755e-01 2.746e-03 7.408e-04 6.719e-03 -1.000 1.527e-02 -7.576 -5.021 -5.170 -4.742
0.0152 0.01508 6.90000 20.0000000000 2.6306603470   19.632  4.968  4.4344  3.453    0  0.000  0.545     0.00     0.00     0.00     0.00     0.00 -1  -5.9e-08      0.00 7.092e-01 2.755e-01 2.746e-03 7.408e-04 6.719e-03 -1.000 1.527e-02 -7.650 -5.161 -5.308 -4.889
0.0152 0.01508 6.90000 20.2141647339 2.6307054173   19.822  4.985  4.4294  3.419    0  0.000  0.545     0.00     0.00     0.00     0.00     0.00 -1 -6.03e-08      0.00 7.092e-01 2.755e-01 2.746e-03 7.408e-04 6.719e-03 -1.000 1.527e-02 -7.693 -5.249 -5.393 -4.980
0.0152 0.01508 6.90000 20.5383739471 2.6307715937   20.109  5.011  4.4208  3.366    0  0.000  0.545     0.00     0.00     0.00     0.00     0.00 -1 -6.14e-08      0.00 7.092e-01 2.755e-01 2.746e-03 7.408e-04 6.719e-03 -1.000 1.527e-02 -7.757 -5.381 -5.523 -5.121
0.0152 0.01508 6.90000 20.8138618469 2.6308259660   20.352  5.033  4.4121  3.314    0  0.000  0.545     0.00     0.00     0.00     0.00     0.00 -1  -6.1e-08      0.00 7.092e-01 2.755e-01 2.746e-03 7.408e-04 6.719e-03 -1.000 1.527e-02 -7.813 -5.498 -5.635 -5.248
0.0152 0.01508 6.90000 21.0584011078 2.6308728619   20.567  5.053  4.4028  3.261    0  0.000  0.545     0.00     0.00     0.00     0.00     0.00 -1 -5.99e-08      0.00 7.092e-01 2.755e-01 2.746e-03 7.408e-04 6.719e-03 -1.000 1.527e-02 -7.863 -5.608 -5.742 -5.367
0.0152 0.01508 6.90000 21.2939243317 2.6309168598   20.774  5.073  4.3931  3.207    0  0.000  0.545     0.00     0.00     0.00     0.00     0.00 -1 -5.79e-08      0.00 7.092e-01 2.755e-01 2.746e-03 7.408e-04 6.719e-03 -1.000 1.527e-02 -7.912 -5.626 -5.760 -5.380
0.0152 0.01508 6.90000 21.5240764618 2.6309587864   20.974  5.092  4.3834  3.154    0  0.000  0.545     0.00     0.00     0.00     0.00     0.00 -1 -6.32e-08      0.00 7.092e-01 2.755e-01 2.746e-03 7.408e-04 6.719e-03 -1.000 1.527e-02 -7.960 -5.724 -5.856 -5.482
0.0152 0.01508 6.90000 21.7644653320 2.6310014907   21.160  5.112  4.3751  3.104    0  0.000  0.545     0.00     0.00     0.00     0.00     0.00 -1  -1.4e-07      0.00 7.092e-01 2.755e-01 2.746e-03 7.408e-04 6.719e-03 -1.000 1.527e-02 -8.010 -5.901 -6.033 -5.664
0.0152 0.01508 6.90000 22.0775699615 2.6310555124   21.376  5.144  4.3807  3.099    0  0.000  0.545     0.00     0.00     0.00     0.00     0.00 -1 -1.49e-07      0.00 7.092e-01 2.755e-01 2.746e-03 7.408e-04 6.719e-03 -1.000 1.527e-02 -8.090 -5.954 -6.086 -5.716
0.0152 0.01508 6.90000 22.1218910217 2.6310630174   21.406  5.153  4.3883  3.121    0  0.000  0.545     0.00     0.00     0.00     0.00     0.00 -1 -1.12e-07      0.00 7.092e-01 2.755e-01 2.746e-03 7.408e-04 6.719e-03 -1.000 1.527e-02 -8.111 -5.925 -6.059 -5.683
0.0152 0.01508 6.90000 22.1376304626 2.6310656742   21.418  5.162  4.3983  3.152    0  0.000  0.545     0.00     0.00     0.00     0.00     0.00 -1 -9.68e-08      0.00 7.092e-01 2.755e-01 2.746e-03 7.408e-04 6.719e-03 -1.000 1.527e-02 -8.135 -5.802 -5.938 -5.552
0.0152 0.01508 6.90000 22.1439437866 2.6310667387   21.423  5.173  4.4078  3.179    0  0.000  0.545     0.00     0.00     0.00     0.00     0.00 -1 -1.08e-07      0.00 7.092e-01 2.755e-01 2.746e-03 7.408e-04 6.719e-03 -1.000 1.527e-02 -8.163 -5.865 -6.003 -5.615
0.0152 0.01508 6.90000 22.1475582123 2.6310673479   21.426  5.187  4.4177  3.205    0  0.000  0.545     0.00     0.00     0.00     0.00     0.00 -1 -1.31e-07      0.00 7.092e-01 2.755e-01 2.746e-03 7.408e-04 6.719e-03 -1.000 1.527e-02 -8.197 -5.854 -5.994 -5.601
0.0152 0.01508 6.90000 22.1489315033 2.6310675792   21.427  5.188  4.4189  3.209    0  0.000  0.545     0.00     0.00     0.00     0.00     0.00 -1 -1.34e-07      0.00 7.092e-01 2.755e-01 2.746e-03 7.408e-04 6.719e-03 -1.000 1.527e-02 -8.200 -5.851 -5.991 -5.597
0.0152 0.01508 6.90000 22.1548595428 2.6310685776   21.432  5.184  4.4130  3.189    1  0.000  0.545     0.00     0.00     0.00     0.00     0.00 -1 -1.25e-07      0.00 7.092e-01 2.755e-01 2.746e-03 7.408e-04 6.719e-03 -1.000 1.527e-02 -8.190 -5.871 -6.009 -5.619
0.0152 0.01508 6.90000 22.1568050385 2.6310689051   21.434  5.183  4.4063  3.163    1  0.000  0.545     0.00     0.00     0.00     0.00     0.00 -1 -1.15e-07      0.00 7.092e-01 2.755e-01 2.746e-03 7.408e-04 6.719e-03 -1.000 1.527e-02 -8.189 -5.902 -6.039 -5.653
0.0152 0.01508 6.90000 22.1583461761 2.6310691645   21.435  5.184  4.3958  3.120    1  0.000  0.545     0.00     0.00     0.00     0.00     0.00 -1 -1.34e-07      0.00 7.092e-01 2.755e-01 2.746e-03 7.408e-04 6.719e-03 -1.000 1.527e-02 -8.190 -5.966 -6.101 -5.723
0.0152 0.01508 6.90000 22.1594619751 2.6310693523   21.436  5.185  4.3868  3.083    1  0.000  0.545     0.00     0.00     0.00     0.00     0.00 -1 -1.62e-07      0.00 7.092e-01 2.755e-01 2.746e-03 7.408e-04 6.719e-03 -1.000 1.527e-02 -8.192 -6.028 -6.161 -5.789
0.0152 0.01508 6.90000 22.1605968475 2.6310695433   21.437  5.186  4.3766  3.042    1  0.000  0.545     0.00     0.00     0.00     0.00     0.00 -1 -3.01e-07      0.00 7.092e-01 2.755e-01 2.746e-03 7.408e-04 6.719e-03 -1.000 1.527e-02 -8.194 -6.101 -6.231 -5.867
0.0152 0.01508 6.90000 22.1617469788 2.6310697368   21.437  5.187  4.3652  2.995    1  0.000  0.545     0.00     0.00     0.00     0.00     0.00 -1  -5.2e-07      0.00 7.092e-01 2.755e-01 2.746e-03 7.408e-04 6.719e-03 -1.000 1.527e-02 -8.197 -6.177 -6.305 -5.950
0.0152 0.01508 6.90000 22.1626644135 2.6310698911   21.438  5.188  4.3554  2.955    1  0.000  0.545     0.00     0.00     0.00     0.00     0.00 -1 -1.35e-06      0.00 7.092e-01 2.755e-01 2.746e-03 7.408e-04 6.719e-03 -1.000 1.527e-02 -8.200 -6.191 -6.317 -5.970
0.0152 0.01508 6.90000 22.1636104584 2.6310700503   21.438  5.189  4.3447  2.911    1  0.000  0.545     0.00     0.00     0.00     0.00     0.00 -1 -1.48e-06      0.00 7.092e-01 2.755e-01 2.746e-03 7.408e-04 6.719e-03 -1.000 1.527e-02 -8.203 -6.263 -6.386 -6.047
0.0152 0.01508 6.90000 22.1645412445 2.6310702068   21.438  5.190  4.3334  2.865    1  0.000  0.545     0.00     0.00     0.00     0.00     0.00 -1 -1.45e-06      0.00 7.092e-01 2.755e-01 2.746e-03 7.408e-04 6.719e-03 -1.000 1.527e-02 -8.205 -6.335 -6.455 -6.125
0.0152 0.01508 6.90000 22.1652507782 2.6310703262   21.438  5.191  4.3244  2.828    1  0.000  0.545     0.00     0.00     0.00     0.00     0.00 -1 -1.43e-06      0.00 7.092e-01 2.755e-01 2.746e-03 7.408e-04 6.719e-03 -1.000 1.527e-02 -8.207 -6.391 -6.509 -6.187
0.0152 0.01508 6.90000 22.1659641266 2.6310704461   21.439  5.192  4.3150  2.789    1  0.000  0.545     0.00     0.00     0.00     0.00     0.00 -1 -1.41e-06      0.00 7.092e-01 2.755e-01 2.746e-03 7.408e-04 6.719e-03 -1.000 1.527e-02 -8.209 -6.440 -6.556 -6.242
0.0152 0.01508 6.90000 22.1666851044 2.6310705674   21.439  5.192  4.3050  2.749    1  0.000  0.545     0.00     0.00     0.00     0.00     0.00 -1 -1.37e-06      0.00 7.092e-01 2.755e-01 2.746e-03 7.408e-04 6.719e-03 -1.000 1.527e-02 -8.210 -6.491 -6.604 -6.299
0.0152 0.01508 6.90000 22.1674098969 2.6310706893   21.439  5.193  4.2946  2.707    1  0.000  0.545     0.00     0.00     0.00     0.00     0.00 -1 -1.34e-06      0.00 7.092e-01 2.755e-01 2.746e-03 7.408e-04 6.719e-03 -1.000 1.527e-02 -8.212 -6.428 -6.539 -6.228
0.0152 0.01508 6.90000 22.1681499481 2.6310708137   21.439  5.193  4.2835  2.662    1  0.000  0.545     0.00     0.00     0.00     0.00     0.00 -1 -1.31e-06      0.00 7.092e-01 2.755e-01 2.746e-03 7.408e-04 6.719e-03 -1.000 1.527e-02 -8.213 -6.497 -6.604 -6.308
0.0152 0.01508 6.90000 22.1688766479 2.6310709359   21.440  5.193  4.2721  2.616    1  0.000  0.545     0.00     0.00     0.00     0.00     0.00 -1 -1.28e-06      0.00 7.092e-01 2.755e-01 2.746e-03 7.408e-04 6.719e-03 -1.000 1.527e-02 -8.213 -6.563 -6.667 -6.383
0.0152 0.01508 6.90000 22.1696128845 2.6310710596   21.440  5.194  4.2600  2.568    1  0.000  0.545     0.00     0.00     0.00     0.00     0.00 -1 -1.24e-06      0.00 7.092e-01 2.755e-01 2.746e-03 7.408e-04 6.719e-03 -1.000 1.527e-02 -8.214 -6.630 -6.730 -6.456
0.0152 0.01508 6.90000 22.1703605652 2.6310711853   21.440  5.194  4.2472  2.517    1  0.000  0.545     0.00     0.00     0.00     0.00     0.00 -1  -1.2e-06      0.00 7.092e-01 2.755e-01 2.746e-03 7.408e-04 6.719e-03 -1.000 1.527e-02 -8.214 -6.700 -6.796 -6.533
0.0152 0.01508 6.90000 22.1708641052 2.6310712700   21.440  5.194  4.2383  2.481    1  0.000  0.545     0.00     0.00     0.00     0.00     0.00 -1 -1.18e-06      0.00 7.092e-01 2.755e-01 2.746e-03 7.408e-04 6.719e-03 -1.000 1.527e-02 -8.214 -6.748 -6.842 -6.586
0.0152 0.01508 6.90000 22.1713752747 2.6310713559   21.441  5.193  4.2289  2.444    1  0.000  0.545     0.00     0.00     0.00     0.00     0.00 -1 -1.15e-06      0.00 7.092e-01 2.755e-01 2.746e-03 7.408e-04 6.719e-03 -1.000 1.527e-02 -8.213 -6.798 -6.889 -6.641
0.0152 0.01508 6.90000 22.1718978882 2.6310714437   21.441  5.193  4.2190  2.404    1  0.000  0.545     0.00     0.00     0.00     0.00     0.00 -1 -1.12e-06      0.00 7.092e-01 2.755e-01 2.746e-03 7.408e-04 6.719e-03 -1.000 1.527e-02 -8.213 -6.852 -6.940 -6.700
0.0152 0.01508 6.90000 22.1724319458 2.6310715335   21.441  5.193  4.2084  2.362    1  0.000  0.545     0.00     0.00     0.00     0.00     0.00 -1  -1.1e-06      0.00 7.092e-01 2.755e-01 2.746e-03 7.408e-04 6.719e-03 -1.000 1.527e-02 -8.212 -6.908 -6.993 -6.763
0.0152 0.01508 6.90000 22.1727008820 2.6310715787   21.441  5.193  4.2030  2.341    1  0.000  0.545     0.00     0.00     0.00     0.00     0.00 -1 -1.08e-06      0.00 7.092e-01 2.755e-01 2.746e-03 7.408e-04 6.719e-03 -1.000 1.527e-02 -8.211 -6.938 -7.021 -6.795
0.0152 0.01508 6.90000 22.1729888916 2.6310716271   21.441  5.192  4.1969  2.317    1  0.000  0.545     0.00     0.00     0.00     0.00     0.00 -1 -1.06e-06      0.00 7.092e-01 2.755e-01 2.746e-03 7.408e-04 6.719e-03 -1.000 1.527e-02 -8.211 -6.970 -7.052 -6.831
0.0152 0.01508 6.90000 22.1735782623 2.6310717261   21.442  5.192  4.1842  2.266    1  0.000  0.545     0.00     0.00     0.00     0.00     0.00 -1 -1.03e-06      0.00 7.092e-01 2.755e-01 2.746e-03 7.408e-04 6.719e-03 -1.000 1.527e-02 -8.209 -7.039 -7.117 -6.908
0.0152 0.01508 6.90000 22.1741962433 2.6310718300   21.442  5.191  4.1702  2.211    1  0.000  0.545     0.00     0.00     0.00     0.00     0.00 -1 -9.87e-07      0.00 7.092e-01 2.755e-01 2.746e-03 7.408e-04 6.719e-03 -1.000 1.527e-02 -8.207 -7.114 -7.186 -6.993
0.0152 0.01508 6.90000 22.1748714447 2.6310719434   21.442  5.190  4.1539  2.147    1  0.000  0.545     0.00     0.00     0.00     0.00     0.00 -1 -1.44e-06      0.00 7.092e-01 2.755e-01 2.746e-03 7.408e-04 6.719e-03 -1.000 1.527e-02 -8.205 -7.195 -7.260 -7.092
0.0152 0.01508 6.90000 22.1756458282 2.6310720735   21.441  5.188  4.1340  2.069    1  0.000  0.545     0.00     0.00     0.00     0.00     0.00 -1 -2.71e-06      0.00 7.092e-01 2.755e-01 2.746e-03 7.408e-04 6.719e-03 -1.000 1.527e-02 -8.201 -7.302 -7.361 -7.211
0.0152 0.01508 6.90000 22.1760978699 2.6310721495   21.440  5.188  4.1216  2.020    1  0.000  0.545     0.00     0.00     0.00     0.00     0.00 -1 -2.63e-06      0.00 7.092e-01 2.755e-01 2.746e-03 7.408e-04 6.719e-03 -1.000 1.527e-02 -8.199 -7.374 -7.430 -7.284
0.0152 0.01508 6.90000 22.1766033173 2.6310722344   21.440  5.187  4.1070  1.962    1  0.000  0.545     0.00     0.00     0.00     0.00     0.00 -1 -2.54e-06      0.00 7.092e-01 2.755e-01 2.746e-03 7.408e-04 6.719e-03 -1.000 1.527e-02 -8.196 -7.456 -7.508 -7.370
0.0152 0.01508 6.90000 22.1771697998 2.6310723295   21.439  5.185  4.0894  1.893    1  0.000  0.545     0.00     0.00     0.00     0.00     0.00 -1 -2.46e-06      0.00 7.092e-01 2.755e-01 2.746e-03 7.408e-04 6.719e-03 -1.000 1.527e-02 -8.194 -7.548 -7.595 -7.473
0.0152 0.01508 6.90000 22.1778030396 2.6310724359   21.438  5.184  4.0684  1.810    1  0.000  0.545     0.00     0.00     0.00     0.00     0.00 -1 -4.47e-06      0.00 7.092e-01 2.755e-01 2.746e-03 7.408e-04 6.719e-03 -1.000 1.527e-02 -8.191 -7.642 -7.676 -7.596
0.0152 0.01508 6.90000 22.1785087585 2.6310725544   21.437  5.183  4.0426  1.709    1  0.000  0.545     0.00     0.00     0.00     0.00     0.00 -1  -4.8e-06      0.00 7.092e-01 2.755e-01 2.746e-03 7.408e-04 6.719e-03 -1.000 1.527e-02 -8.188 -7.771 -7.797 -7.740
0.0152 0.01508 6.90000 22.1792984009 2.6310726870   21.435  5.182  4.0113  1.585    1  0.000  0.545     0.00     0.00     0.00     0.00     0.00 -1 -6.06e-06      0.00 7.092e-01 2.755e-01 2.746e-03 7.408e-04 6.719e-03 -1.000 1.527e-02 -8.185 -7.919 -7.934 -7.907
0.0152 0.01508 6.90000 22.1801853180 2.6310728360   21.433  5.180  3.9728  1.432    1  0.000  0.545     0.00     0.00     0.00     0.00     0.00 -1 -8.45e-06      0.00 7.092e-01 2.755e-01 2.746e-03 7.408e-04 6.719e-03 -1.000 1.527e-02 -8.181 -8.087 -8.088 -8.097
0.0152 0.01508 6.90000 22.1811714172 2.6310730016   21.430  5.179  3.9253  1.243    1  0.000  0.545     0.00     0.00     0.00     0.00     0.00 -1 -7.68e-06      0.00 7.092e-01 2.755e-01 2.746e-03 7.408e-04 6.719e-03 -1.000 1.527e-02 -8.177 -8.247 -8.218 -8.315
0.0152 0.01508 6.90000 22.1822052002 2.6310731751   21.428  5.174  3.8703  1.028    1  0.000  0.545     0.00     0.00     0.00     0.00     0.00 -1 -6.47e-06      0.00 7.092e-01 2.755e-01 2.746e-03 7.408e-04 6.719e-03 -1.000 1.527e-02 -8.166 -8.350 -8.273 -8.503
0.0152 0.01508 6.90000 22.1831855774 2.6310733397   21.427  5.165  3.8159  0.819    1  0.000  0.545     0.00     0.00     0.00     0.00     0.00 -1 -5.43e-06      0.00 7.092e-01 2.755e-01 2.746e-03 7.408e-04 6.719e-03 -1.000 1.527e-02 -8.143 -8.343 -8.165 -8.652
0.0152 0.01508 6.90000 22.1841316223 2.6310734985   21.426  5.150  3.7681  0.644    1  0.000  0.545     0.00     0.00     0.00     0.00     0.00 -1 -4.42e-06      0.00 7.092e-01 2.755e-01 2.746e-03 7.408e-04 6.719e-03 -1.000 1.527e-02 -8.105 -8.274 -7.962 -8.749
0.0152 0.01508 6.90000 22.1845760345 2.6310735731   21.426  5.141  3.7482  0.573    1  0.000  0.545     0.00     0.00     0.00     0.00     0.00 -1 -3.98e-06      0.00 7.092e-01 2.755e-01 2.746e-03 7.408e-04 6.719e-03 -1.000 1.527e-02 -8.082 -8.224 -7.853 -8.760
0.0152 0.01508 6.90000 22.1848239899 2.6310736147   21.426  5.137  3.7379  0.536    1  0.000  0.545     0.00     0.00     0.00     0.00     0.00 -1 -3.76e-06      0.00 7.092e-01 2.755e-01 2.746e-03 7.408e-04 6.719e-03 -1.000 1.527e-02 -8.071 -8.194 -7.794 -8.760
0.0152 0.01508 6.90000 22.1851005554 2.6310736611   21.425  5.133  3.7267  0.495    1  0.000  0.545     0.00     0.00     0.00     0.00     0.00 -1 -3.58e-06      0.00 7.092e-01 2.755e-01 2.746e-03 7.408e-04 6.719e-03 -1.000 1.527e-02 -8.062 -8.161 -7.730 -8.757
0.0152 0.01508 6.90000 22.1854305267 2.6310737165   21.425  5.128  3.7145  0.451    1  0.000  0.545     0.00     0.00     0.00     0.00     0.00 -1 -3.33e-06      0.00 7.092e-01 2.755e-01 2.746e-03 7.408e-04 6.719e-03 -1.000 1.527e-02 -8.050 -8.120 -7.653 -8.747
0.0152 0.01508 6.90000 22.1856250763 2.6310737492   21.425  5.125  3.7072  0.424    1  0.000  0.545     0.00     0.00     0.00     0.00     0.00 -1 -3.22e-06      0.00 7.092e-01 2.755e-01 2.746e-03 7.408e-04 6.719e-03 -1.000 1.527e-02 -8.044 -8.094 -7.607 -8.739
0.0152 0.01508 6.90000 22.1858406067 2.6310737853   21.425  5.123  3.6994  0.396    1  0.000  0.545     0.00     0.00     0.00     0.00     0.00 -1 -3.11e-06      0.00 7.092e-01 2.755e-01 2.746e-03 7.408e-04 6.719e-03 -1.000 1.527e-02 -8.038 -8.066 -7.557 -8.730
0.0152 0.01508 6.90000 22.1860828400 2.6310738260   21.425  5.120  3.6908  0.364    1  0.000  0.545     0.00     0.00     0.00     0.00     0.00 -1 -2.99e-06      0.00 7.092e-01 2.755e-01 2.745e-03 7.408e-04 6.719e-03 -1.000 1.527e-02 -8.031 -8.032 -7.499 -8.716
0.0152 0.01508 6.90000 22.1863536835 2.6310738715   21.425  5.118  3.6820  0.331    1  0.000  0.545     0.00     0.00     0.00     0.00     0.00 -1 -2.89e-06      0.00 7.092e-01 2.755e-01 2.745e-03 7.409e-04 6.719e-03 -1.000 1.527e-02 -8.026 -7.999 -7.442 -8.702
0.0152 0.01508 6.90000 22.1866588593 2.6310739227   21.425  5.116  3.6729  0.296    1  0.000  0.544     0.00     0.00     0.00     0.00     0.00 -1  -2.8e-06      0.00 7.092e-01 2.755e-01 2.742e-03 7.429e-04 6.719e-03 -1.000 1.527e-02 -8.021 -7.965 -7.382 -8.688
0.0152 0.01508 6.90000 22.1869964600 2.6310739793   21.424  5.115  3.6636  0.260    1  0.000  0.543     0.00     0.00     0.00     0.00     0.00 -1  -2.7e-06      0.00 7.092e-01 2.755e-01 2.733e-03 7.504e-04 6.719e-03 -1.000 1.528e-02 -8.017 -7.927 -7.314 -8.671
0.0152 0.01508 6.90000 22.1873760223 2.6310740430   21.424  5.113  3.6543  0.225    1  0.000  0.541     0.00     0.00     0.00     0.00     0.00 -1 -2.61e-06      0.00 7.092e-01 2.755e-01 2.722e-03 7.588e-04 6.719e-03 -1.000 1.528e-02 -8.013 -7.882 -7.240 -8.648
0.0152 0.01508 6.90000 22.1882305145 2.6310741864   21.424  5.114  3.6362  0.151    1  0.000  0.536     0.00     0.00     0.00     0.00     0.00 -1 -2.44e-06      0.00 7.081e-01 2.767e-01 2.683e-03 8.239e-04 6.689e-03 -1.000 1.528e-02 -8.015 -7.791 -7.086 -8.601
0.0152 0.01508 6.90000 22.1897888184 2.6310744478   21.424  5.131  3.6095  0.028    1  0.000  0.526     0.00     0.00     0.00     0.00     0.00 -1 -2.34e-06      0.00 7.016e-01 2.831e-01 2.577e-03 1.086e-03 6.530e-03 -1.000 1.527e-02 -8.057 -7.668 -6.853 -8.549
0.0152 0.01508 6.90000 22.1910266876 2.6310746555   21.424  5.147  3.5942 -0.049    1  0.000  0.518     0.00     0.00     0.00     0.00     0.00 -1 -2.44e-06      0.00 6.987e-01 2.860e-01 2.515e-03 1.208e-03 6.460e-03 -1.000 1.527e-02 -8.097 -7.595 -6.700 -8.522
0.0152 0.01508 6.90000 22.1924171448 2.6310748887   21.423  5.154  3.5818 -0.106    1  0.000  0.503     0.00     0.00     0.00     0.00     0.00 -1 -2.47e-06      0.00 6.982e-01 2.865e-01 2.439e-03 1.285e-03 6.448e-03 -1.000 1.527e-02 -8.115 -7.505 -6.523 -8.478
0.0152 0.01508 6.90000 22.1938648224 2.6310751314   21.423  5.167  3.5781 -0.134    1  0.000  0.492     0.00     0.00     0.00     0.00     0.00 -1 -2.55e-06      0.00 6.882e-01 2.965e-01 2.315e-03 1.621e-03 6.235e-03 -1.000 1.527e-02 -8.148 -7.499 -6.484 -8.490
0.0152 0.01508 6.90000 22.1953125000 2.6310753742   21.422  5.178  3.5749 -0.157    1  0.000  0.486     0.00     0.00     0.00     0.00     0.00 -1 -2.73e-06      0.00 6.833e-01 3.014e-01 2.254e-03 1.784e-03 6.132e-03 -1.000 1.527e-02 -8.174 -7.490 -6.443 -8.496
0.0152 0.01508 6.90000 22.2435417175 2.6310834401   21.405  5.184  3.5631 -0.211    1  0.000  0.475     0.00     0.00     0.00     0.00     0.00 -1 -2.83e-06      0.00 6.752e-01 3.095e-01 2.132e-03 2.089e-03 5.940e-03 -1.000 1.529e-02 -8.191 -7.363 -6.176 -8.428
0.0152 0.01508 6.90000 22.3645496368 2.6311035017   21.364  5.181  3.5653 -0.200    1  0.000  0.475     0.00     0.00     0.00     0.00     0.00 -1 -2.79e-06      0.00 6.749e-01 3.098e-01 2.127e-03 2.099e-03 5.932e-03 -1.000 1.529e-02 -8.182 -7.383 -6.226 -8.436
0.0152 0.01508 6.90000 23.0255279541 2.6312088172   21.009  5.238  3.5610 -0.281    1  0.000  0.482     0.00     0.00     0.00     0.00     0.00 -1 -3.79e-06      0.00 6.774e-01 3.073e-01 2.169e-03 2.000e-03 5.978e-03 -1.000 1.528e-02 -8.324 -7.468 -6.245 -8.547
0.0152 0.01508 6.90000 23.0427455902 2.6312114679   20.997  5.239  3.5608 -0.284    1  0.000  0.482     0.00     0.00     0.00     0.00     0.00 -1 -3.82e-06      0.00 6.775e-01 3.072e-01 2.171e-03 1.995e-03 5.982e-03 -1.000 1.528e-02 -8.328 -7.469 -6.243 -8.549
0.0152 0.01508 6.90000 23.1831054688 2.6312329072   20.874  5.251  3.5592 -0.304    2  0.000  0.483     0.00     0.00     0.00     0.00     0.00 -1 -4.06e-06      0.00 6.788e-01 3.060e-01 2.182e-03 1.952e-03 6.008e-03 -1.000 1.528e-02 -8.356 -7.474 -6.221 -8.564
0.0152 0.01508 6.90000 23.3738842010 2.6312615736   20.687  5.266  3.5570 -0.332    2  0.000  0.483     0.00     0.00     0.00     0.00     0.00 -1  -4.4e-06      0.00 6.804e-01 3.043e-01 2.194e-03 1.896e-03 6.043e-03 -1.000 1.528e-02 -8.395 -7.477 -6.181 -8.582
0.0152 0.01508 6.90000 23.5633220673 2.6312895109   20.468  5.275  3.5544 -0.356    3  0.000  0.466   701.34   351.25   222.50   162.31   135.92  0 -4.68e-06      0.00 6.649e-01 3.198e-01 2.000e-03 2.392e-03 5.730e-03 -1.000 1.528e-02 -8.416 -7.459 -6.114 -8.580
0.0152 0.01508 6.90000 23.7414855957 2.6313153182   20.246  5.288  3.5508 -0.388    3  0.000  0.423   735.33   371.44   234.64   171.38   143.52  0 -5.05e-06      0.00 6.328e-01 3.519e-01 1.634e-03 3.384e-03 5.113e-03 -1.000 1.524e-02 -8.450 -7.436 -6.022 -8.580
0.0152 0.01508 6.90000 23.7936191559 2.6313227859   20.174  5.295  3.5495 -0.402    3  0.000  0.411   750.75   380.63   240.16   175.50   146.97  0 -5.24e-06      0.00 6.237e-01 3.610e-01 1.527e-03 3.681e-03 4.924e-03 -1.000 1.527e-02 -8.468 -7.433 -5.991 -8.585
0.0152 0.01508 6.90000 23.8094329834 2.6313250436   20.151  5.309  3.5473 -0.426    3  0.000  0.400   778.48   397.11   250.07   182.86   153.15  0 -5.58e-06      0.00 6.167e-01 3.680e-01 1.444e-03 3.912e-03 4.778e-03 -1.000 1.526e-02 -8.504 -7.427 -5.930 -8.595
0.0152 0.01508 6.90000 23.8299922943 2.6313279737   20.120  5.329  3.5443 -0.458    3  0.000  0.385   817.97   420.74   264.26   193.41   162.01  0 -6.08e-06      0.00 6.075e-01 3.773e-01 1.334e-03 4.217e-03 4.584e-03 -1.000 1.524e-02 -8.552 -7.419 -5.846 -8.608
0.0152 0.01508 6.90000 23.8345584869 2.6313286237   20.113  5.345  3.5422 -0.482    3  0.000  0.380   849.41   439.68   275.60   201.85   169.10  0 -6.58e-06      0.00 6.045e-01 3.802e-01 1.298e-03 4.316e-03 4.522e-03 -1.000 1.523e-02 -8.592 -7.420 -5.795 -8.624
0.0152 0.01508 6.90000 23.8462162018 2.6313302819   20.085  5.399  3.5357 -0.563    3  0.000  0.373   961.86   508.34   316.55   232.35   194.71  0 -8.54e-06      0.00 6.004e-01 3.844e-01 1.249e-03 4.455e-03 4.433e-03 -1.000 1.523e-02 -8.727 -7.418 -5.617 -8.666
0.0152 0.01508 6.90000 23.8500957489 2.6313308333   20.076  5.414  3.5339 -0.586    3  0.000  0.372   996.70   529.89   329.36   241.90   202.74  0  -9.2e-06      0.00 5.997e-01 3.851e-01 1.242e-03 4.477e-03 4.418e-03 -1.000 1.523e-02 -8.766 -7.416 -5.563 -8.677
0.0152 0.01508 6.90000 23.8551406860 2.6313315500   20.066  5.449  3.5303 -0.636    3  0.000  0.371  1076.66   579.82   358.93   263.97   221.29  0 -1.09e-05      0.00 5.985e-01 3.863e-01 1.231e-03 4.514e-03 4.391e-03 -1.000 1.524e-02 -8.854 -7.424 -5.466 -8.709
0.0152 0.01508 6.90000 23.8560733795 2.6313316825   20.067  5.456  3.5297 -0.645    3  0.000  0.371  1091.71   589.28   364.52   268.15   224.80  0 -1.13e-05      0.00 5.982e-01 3.865e-01 1.229e-03 4.521e-03 4.385e-03 -1.000 1.527e-02 -8.870 -7.424 -5.447 -8.714
# Zini     MH   logAge Mini        int_IMF         Mass   logL    logTe  logg  label   McoreTP C_O  period0  period1  period2  period3  period4  pmode  Mloss  tau1m   X   Y   Xc  Xn  Xo  Cexcess  Z 	 mbolmag  Gmag    G_BPmag  G_RPmag
0.0152 0.01508 6.95000 0.0900000036 1.0816895926    0.090 -2.032  3.3974  3.966    0  0.000  0.545     0.00     0.00     0.00     0.00     0.00 -1 -4.09e-15      0.00 7.092e-01 2.755e-01 2.746e-03 7.408e-04 6.719e-03 -1.000 1.527e-02 9.851 11.870 14.419 10.420
0.0152 0.01508 6.95000 0.1000000015 1.1711064122    0.100 -1.971  3.4039  3.976    0  0.000  0.545     0.00     0.00     0.00     0.00     0.00 -1 -4.42e-15      0.00 7.092e-01 2.755e-01 2.746e-03 7.408e-04 6.719e-03 -1.000 1.527e-02 9.697 11.716 14.266 10.265
0.0152 0.01508 6.95000 0.1105593741 1.2537092193    0.111 -1.910  3.4102  3.985    0  0.000  0.545     0.00     0.00     0.00     0.00     0.00 -1 -4.79e-15      0.00 7.092e-01 2.755e-01 2.746e-03 7.408e-04 6.719e-03 -1.000 1.527e-02 9.546 11.564 14.116 10.114
0.0152 0.01508 6.95000 0.1262341738 1.3590678630    0.126 -1.829  3.4188  3.995    0  0.000  0.545     0.00     0.00     0.00     0.00     0.00 -1 -5.32e-15      0.00 7.092e-01 2.755e-01 2.746e-03 7.408e-04 6.719e-03 -1.000 1.527e-02 9.343 11.334 13.857 9.890
0.0152 0.01508 6.95000 0.1355206370 1.4137768359    0.135 -1.785  3.4235  4.001    0  0.000  0.545     0.00     0.00     0.00     0.00     0.00 -1 -5.63e-15      0.00 7.092e-01 2.755e-01 2.746e-03 7.408e-04 6.719e-03 -1.000 1.527e-02 9.233 11.165 13.622 9.734
0.0152 0.01508 6.95000 0.1394020468 1.4352184569    0.139 -1.769  3.4251  4.004    0  0.000  0.545     0.00     0.00     0.00     0.00     0.00 -1 -5.74e-15      0.00 7.092e-01 2.755e-01 2.746e-03 7.408e-04 6.719e-03 -1.000 1.527e-02 9.193 11.103 13.535 9.677
0.0152 0.01508 6.95000 0.1416340321 1.4472000072    0.142 -1.758  3.4263  4.004    0  0.000  0.545     0.00     0.00     0.00     0.00     0.00 -1 -5.84e-15      0.00 7.092e-01 2.755e-01 2.746e-03 7.408e-04 6.719e-03 -1.000 1.527e-02 9.166 11.059 13.472 9.636
0.0152 0.01508 6.95000 0.1528831571 1.5040577446    0.153 -1.707  3.4322  4.010    0  0.000  0.545     0.00     0.00     0.00     0.00     0.00 -1 -6.32e-15      0.00 7.092e-01 2.755e-01 2.746e-03 7.408e-04 6.719e-03 -1.000 1.527e-02 9.037 10.849 13.174 9.445
0.0152 0.01508 6.95000 0.1724764556 1.5911580580    0.172 -1.630  3.4411  4.021    0  0.000  0.545     0.00     0.00     0.00     0.00     0.00 -1 -7.01e-15      0.00 7.092e-01 2.755e-01 2.746e-03 7.408e-04 6.719e-03 -1.000 1.527e-02 8.845 10.545 12.752 9.166
0.0152 0.01508 6.95000 0.1862989813 1.6452133332    0.186 -1.578  3.4474  4.028    0  0.000  0.545     0.00     0.00     0.00     0.00     0.00 -1 -7.54e-15      0.00 7.092e-01 2.755e-01 2.746e-03 7.408e-04 6.719e-03 -1.000 1.527e-02 8.715 10.339 12.466 8.978
0.0152 0.01508 6.95000 0.2145591974 1.7410572064    0.215 -1.490  3.4574  4.041    0  0.000  0.545     0.00     0.00     0.00     0.00     0.00 -1 -8.48e-15      0.00 7.092e-01 2.755e-01 2.746e-03 7.408e-04 6.719e-03 -1.000 1.527e-02 8.494 10.000 11.997 8.668
0.0152 0.01508 6.95000 0.2336032093 1.7968376852    0.234 -1.434  3.4640  4.048    0  0.000  0.545     0.00     0.00     0.00     0.00     0.00 -1 -9.18e-15      0.00 7.092e-01 2.755e-01 2.746e-03 7.408e-04 6.719e-03 -1.000 1.527e-02 8.354 9.790 11.711 8.477
0.0152 0.01508 6.95000 0.2500000000 1.8403257998    0.250 -1.392  3.4688  4.055    0  0.000  0.545     0.00     0.00     0.00     0.00     0.00 -1 -9.71e-15      0.00 7.092e-01 2.755e-01 2.746e-03 7.408e-04 6.719e-03 -1.000 1.527e-02 8.249 9.637 11.505 8.337
0.0152 0.01508 6.95000 0.2766272426 1.9035851227    0.277 -1.326  3.4767  4.064    0  0.000  0.545     0.00     0.00     0.00     0.00     0.00 -1 -1.06e-14      0.00 7.092e-01 2.755e-01 2.746e-03 7.408e-04 6.719e-03 -1.000 1.527e-02 8.084 9.398 11.185 8.119
0.0152 0.01508 6.95000 0.3000000119 1.9529139769    0.300 -1.273  3.4831  4.073    0  0.000  0.545     0.00     0.00     0.00     0.00     0.00 -1 -1.14e-14      0.00 7.092e-01 2.755e-01 2.746e-03 7.408e-04 6.719e-03 -1.000 1.527e-02 7.953 9.207 10.928 7.946
0.0152 0.01508 6.95000 0.3308324814 2.0108350145    0.331 -1.211  3.4908  4.084    0  0.000  0.545     0.00     0.00     0.00     0.00     0.00 -1 -1.23e-14      0.00 7.092e-01 2.755e-01 2.746e-03 7.408e-04 6.719e-03 -1.000 1.527e-02 7.799 8.981 10.623 7.744
0.0152 0.01508 6.95000 0.3500000238 2.0434175133    0.350 -1.174  3.4954  4.090    0  0.000  0.545     0.00     0.00     0.00     0.00     0.00 -1  -1.3e-14      0.00 7.092e-01 2.755e-01 2.746e-03 7.408e-04 6.719e-03 -1.000 1.527e-02 7.706 8.853 10.456 7.627
0.0152 0.01508 6.95000 0.3738343418 2.0808376410    0.374 -1.134  3.5004  4.098    0  0.000  0.545     0.00     0.00     0.00     0.00     0.00 -1 -1.36e-14      0.00 7.092e-01 2.755e-01 2.746e-03 7.408e-04 6.719e-03 -1.000 1.527e-02 7.606 8.715 10.277 7.501
0.0152 0.01508 6.95000 0.4000000358 2.1185024810    0.400 -1.091  3.5056  4.106    0  0.000  0.545     0.00     0.00     0.00     0.00     0.00 -1 -1.44e-14      0.00 7.092e-01 2.755e-01 2.746e-03 7.408e-04 6.719e-03 -1.000 1.527e-02 7.498 8.569 10.090 7.368
0.0152 0.01508 6.95000 0.4380040765 2.1678487176    0.438 -1.035  3.5132  4.118    0  0.000  0.545     0.00     0.00     0.00     0.00     0.00 -1 -1.55e-14      0.00 7.092e-01 2.755e-01 2.746e-03 7.408e-04 6.719e-03 -1.000 1.527e-02 7.356 8.373 9.835 7.191
0.0152 0.01508 6.95000 0.4500000477 2.1822809714    0.450 -1.017  3.5155  4.122    0  0.000  0.545     0.00     0.00     0.00     0.00     0.00 -1 -1.58e-14      0.00 7.092e-01 2.755e-01 2.746e-03 7.408e-04 6.719e-03 -1.000 1.527e-02 7.313 8.312 9.757 7.137
0.0152 0.01508 6.95000 0.4862820506 2.2230552660    0.486 -0.968  3.5224  4.135    0  0.000  0.545     0.00     0.00     0.00     0.00     0.00 -1 -1.68e-14      0.00 7.092e-01 2.755e-01 2.746e-03 7.408e-04 6.719e-03 -1.000 1.527e-02 7.191 8.142 9.534 6.985
0.0152 0.01508 6.95000 0.5000000000 2.2374541529    0.500 -0.950  3.5249  4.139    0  0.000  0.545     0.00     0.00     0.00     0.00     0.00 -1 -1.72e-14      0.00 7.092e-01 2.755e-01 2.746e-03 7.408e-04 6.719e-03 -1.000 1.527e-02 7.144 8.077 9.450 6.928
0.0152 0.01508 6.95000 0.5073692203 2.2449240683    0.507 -0.940  3.5266  4.142    0  0.000  0.545     0.00     0.00     0.00     0.00     0.00 -1 -1.74e-14      0.00 7.092e-01 2.755e-01 2.746e-03 7.408e-04 6.719e-03 -1.000 1.527e-02 7.121 8.043 9.403 6.897
0.0152 0.01508 6.95000 0.5317267776 2.2679292863    0.532 -0.910  3.5312  4.150    0  0.000  0.545     0.00     0.00     0.00     0.00     0.00 -1 -1.81e-14      0.00 7.092e-01 2.755e-01 2.746e-03 7.408e-04 6.719e-03 -1.000 1.527e-02 7.044 7.934 9.260 6.801
0.0152 0.01508 6.95000 0.5500000119 2.2836582633    0.550 -0.890  3.5338  4.155    0  0.000  0.545     0.00     0.00     0.00     0.00     0.00 -1 -1.85e-14      0.00 7.092e-01 2.755e-01 2.746e-03 7.408e-04 6.719e-03 -1.000 1.527e-02 6.995 7.866 9.173 6.741
0.0152 0.01508 6.95000 0.5503420234 2.2839412237    0.550 -0.889  3.5339  4.155    0  0.000  0.545     0.00     0.00     0.00     0.00     0.00 -1 -1.85e-14      0.00 7.092e-01 2.755e-01 2.746e-03 7.408e-04 6.719e-03 -1.000 1.527e-02 6.994 7.865 9.171 6.740
0.0152 0.01508 6.95000 0.5793040991 2.3065159281    0.579 -0.853  3.5399  4.165    0  0.000  0.545     0.00     0.00     0.00     0.00     0.00 -1 -1.94e-14      0.00 7.092e-01 2.755e-01 2.746e-03 7.408e-04 6.719e-03 -1.000 1.527e-02 6.903 7.733 8.996 6.625
0.0152 0.01508 6.95000 0.6000000238 2.3211213258    0.600 -0.830  3.5432  4.171    0  0.000  0.545     0.00     0.00     0.00     0.00     0.00 -1 -1.99e-14      0.00 7.092e-01 2.755e-01 2.746e-03 7.408e-04 6.719e-03 -1.000 1.527e-02 6.846 7.655 8.894 6.556
0.0152 0.01508 6.95000 0.6143210530 2.3305680715    0.614 -0.813  3.5463  4.177    0  0.000  0.545     0.00     0.00     0.00     0.00     0.00 -1 -2.03e-14      0.00 7.092e-01 2.755e-01 2.746e-03 7.408e-04 6.719e-03 -1.000 1.527e-02 6.803 7.592 8.809 6.502
0.0152 0.01508 6.95000 0.6457726955 2.3496339945    0.646 -0.777  3.5526  4.187    0  0.000  0.545     0.00     0.00     0.00     0.00     0.00 -1 -2.13e-14      0.00 7.092e-01 2.755e-01 2.746e-03 7.408e-04 6.719e-03 -1.000 1.527e-02 6.712 7.458 8.631 6.387
0.0152 0.01508 6.95000 0.6499999762 2.3520353107    0.650 -0.772  3.5533  4.188    0  0.000  0.545     0.00     0.00     0.00     0.00     0.00 -1 -2.14e-14      0.00 7.092e-01 2.755e-01 2.746e-03 7.408e-04 6.719e-03 -1.000 1.527e-02 6.701 7.442 8.610 6.373
0.0152 0.01508 6.95000 0.6605814099 2.3578914561    0.661 -0.759  3.5557  4.192    0  0.000  0.545     0.00     0.00     0.00     0.00     0.00 -1 -2.18e-14      0.00 7.092e-01 2.755e-01 2.746e-03 7.408e-04 6.719e-03 -1.000 1.527e-02 6.668 7.394 8.546 6.333
0.0152 0.01508 6.95000 0.6933470368 2.3747286184    0.693 -0.718  3.5629  4.201    0  0.000  0.545     0.00     0.00     0.00     0.00     0.00 -1 -2.32e-14      0.00 7.092e-01 2.755e-01 2.746e-03 7.408e-04 6.719e-03 -1.000 1.527e-02 6.566 7.242 8.345 6.204
0.0152 0.01508 6.95000 0.7000000477 2.3779267258    0.700 -0.710  3.5644  4.202    0  0.000  0.545     0.00     0.00     0.00     0.00     0.00 -1 -2.35e-14      0.00 7.092e-01 2.755e-01 2.746e-03 7.408e-04 6.719e-03 -1.000 1.527e-02 6.544 7.211 8.304 6.178
0.0152 0.01508 6.95000 0.7500000000 2.3998889087    0.750 -0.557  3.6175  4.292    0  0.000  0.538     0.00     0.00     0.00     0.00     0.00 -1 -2.91e-14      0.00 7.092e-01 2.755e-01 2.710e-03 7.399e-04 6.720e-03 -1.000 1.527e-02 6.162 6.502 7.294 5.633
0.0152 0.01508 6.95000 0.7529342175 2.4010739437    0.753 -0.554  3.6178  4.292    0  0.000  0.538     0.00     0.00     0.00     0.00     0.00 -1 -2.92e-14      0.00 7.092e-01 2.755e-01 2.710e-03 7.399e-04 6.720e-03 -1.000 1.527e-02 6.156 6.494 7.284 5.625
0.0152 0.01508 6.95000 0.8000000119 2.4187244405    0.800 -0.509  3.6232  4.295    0  0.000  0.538     0.00     0.00     0.00     0.00     0.00 -1 -3.13e-14      0.00 7.092e-01 2.755e-01 2.710e-03 7.399e-04 6.720e-03 -1.000 1.527e-02 6.043 6.351 7.116 5.499
0.0152 0.01508 6.95000 0.8022309542 2.4195021552    0.802 -0.507  3.6234  4.295    0  0.000  0.538     0.00     0.00     0.00     0.00     0.00 -1 -3.14e-14      0.00 7.092e-01 2.755e-01 2.710e-03 7.399e-04 6.720e-03 -1.000 1.527e-02 6.038 6.345 7.108 5.493
0.0152 0.01508 6.95000 0.8500000238 2.4350346840    0.850 -0.456  3.6299  4.295    0  0.000  0.538     0.00     0.00     0.00     0.00     0.00 -1 -3.44e-14      0.00 7.092e-01 2.755e-01 2.710e-03 7.399e-04 6.720e-03 -1.000 1.527e-02 5.910 6.182 6.915 5.349
0.0152 0.01508 6.95000 0.8643219471 2.4393085992    0.864 -0.442  3.6318  4.295    0  0.000  0.538     0.00     0.00     0.00     0.00     0.00 -1 -3.52e-14      0.00 7.092e-01 2.755e-01 2.710e-03 7.399e-04 6.720e-03 -1.000 1.527e-02 5.874 6.136 6.860 5.309
0.0152 0.01508 6.95000 0.9000000358 2.4492786175    0.899 -0.402  3.6370  4.294    0  0.000  0.538     0.00     0.00     0.00     0.00     0.00 -1 -3.79e-14      0.00 7.092e-01 2.755e-01 2.710e-03 7.399e-04 6.720e-03 -1.000 1.527e-02 5.774 6.009 6.709 5.199
0.0152 0.01508 6.95000 0.9500000477 2.4618122009    0.950 -0.348  3.6443  4.293    0  0.000  0.538     0.00     0.00     0.00     0.00     0.00 -1 -4.17e-14      0.00 7.092e-01 2.755e-01 2.710e-03 7.399e-04 6.720e-03 -1.000 1.527e-02 5.641 5.838 6.506 5.049
0.0152 0.01508 6.95000 1.0000000000 2.4729154477    1.000 -0.287  3.6527  4.288    0  0.000  0.538     0.00     0.00     0.00     0.00     0.00 -1 -4.72e-14      0.00 7.092e-01 2.755e-01 2.710e-03 7.399e-04 6.720e-03 -1.000 1.527e-02 5.488 5.643 6.276 4.879
0.0152 0.01508 6.95000 1.0239310265 2.4777905836    1.024 -0.261  3.6565  4.288    0  0.000  0.538     0.00     0.00     0.00     0.00     0.00 -1 -4.77e-14      0.00 7.092e-01 2.755e-01 2.710e-03 7.399e-04 6.720e-03 -1.000 1.527e-02 5.424 5.561 6.178 4.807
0.0152 0.01508 6.95000 1.0499999523 2.4828114860    1.050 -0.232  3.6610  4.287    0  0.000  0.538     0.00     0.00     0.00     0.00     0.00 -1 -4.84e-14      0.00 7.092e-01 2.755e-01 2.710e-03 7.399e-04 6.720e-03 -1.000 1.527e-02 5.350 5.467 6.067 4.726
0.0152 0.01508 6.95000 1.0639683008 2.4853856802    1.063 -0.215  3.6636  4.286    0  0.000  0.538     0.00     0.00     0.00     0.00     0.00 -1 -4.89e-14      0.00 7.092e-01 2.755e-01 2.710e-03 7.399e-04 6.720e-03 -1.000 1.527e-02 5.307 5.413 6.004 4.679
0.0152 0.01508 6.95000 1.1000000238 2.4916801480    1.099 -0.168  3.6707  4.282    0  0.000  0.538     0.00     0.00     0.00     0.00     0.00 -1 -5.06e-14      0.00 7.092e-01 2.755e-01 2.710e-03 7.399e-04 6.720e-03 -1.000 1.527e-02 5.191 5.268 5.834 4.553
0.0152 0.01508 6.95000 1.1160856485 2.4943397493    1.115 -0.150  3.6736  4.282    0  0.000  0.538     0.00     0.00     0.00     0.00     0.00 -1 -5.09e-14      0.00 7.092e-01 2.755e-01 2.710e-03 7.399e-04 6.720e-03 -1.000 1.527e-02 5.146 5.212 5.769 4.506
0.0152 0.01508 6.95000 1.1499999762 2.4996678137    1.149 -0.101  3.6810  4.276    0  0.000  0.538     0.00     0.00     0.00     0.00     0.00 -1 -5.33e-14      0.00 7.092e-01 2.755e-01 2.710e-03 7.399e-04 6.720e-03 -1.000 1.527e-02 5.023 5.062 5.593 4.375
0.0152 0.01508 6.95000 1.2000000477 2.5068948796    1.200 -0.032  3.6916  4.267    0  0.000  0.538     0.00     0.00     0.00     0.00     0.00 -1  -5.6e-14      0.00 7.092e-01 2.755e-01 2.710e-03 7.399e-04 6.720e-03 -1.000 1.527e-02 4.850 4.856 5.356 4.196
0.0152 0.01508 6.95000 1.2069447041 2.5078443512    1.206 -0.023  3.6930  4.266    0  0.000  0.538     0.00     0.00     0.00     0.00     0.00 -1 -5.63e-14      0.00 7.092e-01 2.755e-01 2.710e-03 7.399e-04 6.720e-03 -1.000 1.527e-02 4.826 4.828 5.324 4.171
0.0152 0.01508 6.95000 1.2500000000 2.5134610955    1.250  0.043  3.7028  4.255    0  0.000  0.538     0.00     0.00     0.00     0.00     0.00 -1 -5.95e-14      0.00 7.092e-01 2.755e-01 2.710e-03 7.399e-04 6.720e-03 -1.000 1.527e-02 4.661 4.636 5.105 4.003
0.0152 0.01508 6.95000 1.2965502739 2.5190537036    1.297  0.118  3.7136  4.239    0  0.000  0.538     0.00     0.00     0.00     0.00     0.00 -1 -6.32e-14      0.00 7.092e-01 2.755e-01 2.710e-03 7.399e-04 6.720e-03 -1.000 1.527e-02 4.475 4.425 4.866 3.816
0.0152 0.01508 6.95000 1.2999999523 2.5194498592    1.300  0.124  3.7144  4.238    0  0.000  0.538     0.00     0.00     0.00     0.00     0.00 -1 -6.35e-14      0.00 7.092e-01 2.755e-01 2.710e-03 7.399e-04 6.720e-03 -1.000 1.527e-02 4.461 4.408 4.848 3.802
0.0152 0.01508 6.95000 1.3140220642 2.5210355434    1.314  0.146  3.7176  4.233    0  0.000  0.538     0.00     0.00     0.00     0.00     0.00 -1 -6.44e-14      0.00 7.092e-01 2.755e-01 2.710e-03 7.399e-04 6.720e-03 -1.000 1.527e-02 4.404 4.345 4.776 3.746
0.0152 0.01508 6.95000 1.3500001431 2.5249313723    1.350  0.210  3.7264  4.216    0  0.000  0.538     0.00     0.00     0.00     0.00     0.00 -1 -6.82e-14      0.00 7.092e-01 2.755e-01 2.710e-03 7.399e-04 6.720e-03 -1.000 1.527e-02 4.245 4.169 4.580 3.589
0.0152 0.01508 6.95000 1.3898657560 2.5289783991    1.390  0.287  3.7364  4.191    0  0.000  0.538     0.00     0.00     0.00     0.00     0.00 -1 -7.29e-14      0.00 7.092e-01 2.755e-01 2.710e-03 7.399e-04 6.720e-03 -1.000 1.527e-02 4.052 3.959 4.347 3.401
0.0152 0.01508 6.95000 1.4000000954 2.5299650415    1.400  0.308  3.7390  4.184    0  0.000  0.538     0.00     0.00     0.00     0.00     0.00 -1 -7.46e-14      0.00 7.092e-01 2.755e-01 2.710e-03 7.399e-04 6.720e-03 -1.000 1.527e-02 3.999 3.902 4.284 3.351
0.0152 0.01508 6.95000 1.4254255295 2.5323695077    1.426  0.364  3.7456  4.163    0  0.000  0.538     0.00     0.00     0.00     0.00     0.00 -1 -7.83e-14      0.00 7.092e-01 2.755e-01 2.710e-03 7.399e-04 6.720e-03 -1.000 1.527e-02 3.861 3.756 4.123 3.219
0.0152 0.01508 6.95000 1.4500000477 2.5346015836    1.450  0.422  3.7524  4.138    0  0.000  0.538     0.00     0.00     0.00     0.00     0.00 -1 -8.36e-14      0.00 7.092e-01 2.755e-01 2.710e-03 7.399e-04 6.720e-03 -1.000 1.527e-02 3.714 3.602 3.954 3.081
0.0152 0.01508 6.95000 1.4607850313 2.5355539464    1.461  0.449  3.7554  4.127    0  0.000  0.538     0.00     0.00     0.00     0.00     0.00 -1 -8.55e-14      0.00 7.092e-01 2.755e-01 2.710e-03 7.399e-04 6.720e-03 -1.000 1.527e-02 3.647 3.532 3.878 3.018
0.0152 0.01508 6.95000 1.4875838757 2.5378517981    1.488  0.522  3.7631  4.093    0  0.000  0.538     0.00     0.00     0.00     0.00     0.00 -1 -9.24e-14      0.00 7.092e-01 2.755e-01 2.710e-03 7.399e-04 6.720e-03 -1.000 1.527e-02 3.465 3.344 3.672 2.848
0.0152 0.01508 6.95000 1.5000000000 2.5388844597    1.500  0.558  3.7670  4.076    0  0.000  0.538     0.00     0.00     0.00     0.00     0.00 -1 -9.66e-14      0.00 7.092e-01 2.755e-01 2.710e-03 7.399e-04 6.720e-03 -1.000 1.527e-02 3.374 3.251 3.570 2.764
0.0152 0.01508 6.95000 1.5096566677 2.5396741243    1.510  0.587  3.7700  4.062    0  0.000  0.538     0.00     0.00     0.00     0.00     0.00 -1 -9.88e-14      0.00 7.092e-01 2.755e-01 2.710e-03 7.399e-04 6.720e-03 -1.000 1.527e-02 3.302 3.177 3.490 2.698
0.0152 0.01508 6.95000 1.5296912193 2.5412759205    1.530  0.648  3.7765  4.032    0  0.000  0.538     0.00     0.00     0.00     0.00     0.00 -1 -1.04e-13      0.00 7.092e-01 2.755e-01 2.710e-03 7.399e-04 6.720e-03 -1.000 1.527e-02 3.149 3.021 3.319 2.557
0.0152 0.01508 6.95000 1.5497540236 2.5428323411    1.550  0.711  3.7833  4.003    0  0.000  0.538     0.00     0.00     0.00     0.00     0.00 -1  -1.1e-13      0.00 7.092e-01 2.755e-01 2.709e-03 7.399e-04 6.720e-03 -1.000 1.527e-02 2.994 2.863 3.147 2.416
0.0152 0.01508 6.95000 1.5499999523 2.5428511323    1.550  0.711  3.7834  4.003    0  0.000  0.538     0.00     0.00     0.00     0.00     0.00 -1  -1.1e-13      0.00 7.092e-01 2.755e-01 2.709e-03 7.399e-04 6.720e-03 -1.000 1.527e-02 2.992 2.861 3.145 2.415
0.0152 0.01508 6.95000 1.5518548489 2.5429926430    1.552  0.717  3.7840  4.000    0  0.000  0.538     0.00     0.00     0.00     0.00     0.00 -1  -1.1e-13      0.00 7.092e-01 2.755e-01 2.709e-03 7.399e-04 6.720e-03 -1.000 1.527e-02 2.977 2.847 3.129 2.402
0.0152 0.01508 6.95000 1.5727558136 2.5445606899    1.573  0.781  3.7917  3.972    0  0.000  0.538     0.00     0.00     0.00     0.00     0.00 -1  -1.1e-13      0.00 7.092e-01 2.755e-01 2.709e-03 7.399e-04 6.720e-03 -1.000 1.527e-02 2.818 2.685 2.952 2.259
0.0152 0.01508 6.95000 1.5944687128 2.5461396858    1.594  0.846  3.8004  3.948    0  0.000  0.538     0.00     0.00     0.00     0.00     0.00 -1  -1.1e-13      0.00 7.092e-01 2.755e-01 2.709e-03 7.399e-04 6.720e-03 -1.000 1.527e-02 2.655 2.522 2.770 2.117
0.0152 0.01508 6.95000 1.6000000238 2.5465340628    1.600  0.862  3.8028  3.943    0  0.000  0.538     0.00     0.00     0.00     0.00     0.00 -1  -1.1e-13      0.00 7.092e-01 2.755e-01 2.709e-03 7.399e-04 6.720e-03 -1.000 1.527e-02 2.615 2.482 2.726 2.084
0.0152 0.01508 6.95000 1.6115831137 2.5473498487    1.611  0.896  3.8082  3.934    0  0.000  0.538     0.00     0.00     0.00     0.00     0.00 -1 -1.01e-13      0.00 7.092e-01 2.755e-01 2.709e-03 7.398e-04 6.720e-03 -1.000 1.527e-02 2.531 2.398 2.631 2.013
0.0152 0.01508 6.95000 1.6296666861 2.5485968339    1.629  0.946  3.8176  3.926    0  0.000  0.538     0.00     0.00     0.00     0.00     0.00 -1 -8.92e-14      0.00 7.092e-01 2.755e-01 2.709e-03 7.398e-04 6.720e-03 -1.000 1.527e-02 2.404 2.272 2.487 1.910
0.0152 0.01508 6.95000 1.6466546059 2.5497396196    1.646  0.992  3.8281  3.927    0  0.000  0.538     0.00     0.00     0.00     0.00     0.00 -1 -7.79e-14      0.00 7.092e-01 2.755e-01 2.709e-03 7.398e-04 6.720e-03 -1.000 1.527e-02 2.291 2.159 2.356 1.822
0.0152 0.01508 6.95000 1.6500000954 2.5499614852    1.649  1.000  3.8304  3.929    0  0.000  0.538     0.00     0.00     0.00     0.00     0.00 -1 -7.57e-14      0.00 7.092e-01 2.755e-01 2.709e-03 7.398e-04 6.720e-03 -1.000 1.527e-02 2.270 2.138 2.331 1.807
0.0152 0.01508 6.95000 1.6528565884 2.5501501044    1.652  1.007  3.8325  3.930    0  0.000  0.538     0.00     0.00     0.00     0.00     0.00 -1 -8.02e-15      0.00 7.092e-01 2.755e-01 2.709e-03 7.398e-04 6.720e-03 -1.000 1.527e-02 2.251 2.120 2.310 1.794
0.0152 0.01508 6.95000 1.6673748493 2.5510972934    1.667  1.041  3.8446  3.949    0  0.000  0.538     0.00     0.00     0.00     0.00     0.00 -1 -9.18e-20      0.00 7.092e-01 2.755e-01 2.709e-03 7.398e-04 6.720e-03 -1.000 1.527e-02 2.168 2.040 2.209 1.742
0.0152 0.01508 6.95000 1.6813772917 2.5519930318    1.681  1.068  3.8575  3.977    0  0.000  0.538     0.00     0.00     0.00     0.00     0.00 -1  -1.7e-24      0.00 7.092e-01 2.755e-01 2.709e-03 7.398e-04 6.720e-03 -1.000 1.527e-02 2.099 1.976 2.125 1.709
0.0152 0.01508 6.95000 1.6968001127 2.5529599826    1.696  1.092  3.8717  4.014    0  0.000  0.538     0.00     0.00     0.00     0.00     0.00 -1 -1.16e-29      0.00 7.092e-01 2.755e-01 2.709e-03 7.398e-04 6.720e-03 -1.000 1.527e-02 2.040 1.925 2.053 1.693
0.0152 0.01508 6.95000 1.7000000477 2.5531580802    1.699  1.092  3.8737  4.023    0  0.000  0.538     0.00     0.00     0.00     0.00     0.00 -1    -1e-30      0.00 7.092e-01 2.755e-01 2.709e-03 7.398e-04 6.720e-03 -1.000 1.527e-02 2.039 1.926 2.051 1.699
0.0152 0.01508 6.95000 1.7163240910 2.5541554430    1.715  1.093  3.8837  4.066    0  0.000  0.538     0.00     0.00     0.00     0.00     0.00 -1    -1e-30      0.00 7.092e-01 2.755e-01 2.709e-03 7.398e-04 6.720e-03 -1.000 1.527e-02 2.036 1.931 2.041 1.728
0.0152 0.01508 6.95000 1.7380096912 2.5554471200    1.737  1.071  3.8905  4.121    0  0.000  0.538     0.00     0.00     0.00     0.00     0.00 -1    -1e-30      0.00 7.092e-01 2.755e-01 2.709e-03 7.398e-04 6.719e-03 -1.000 1.527e-02 2.094 1.996 2.097 1.809
0.0152 0.01508 6.95000 1.7500000000 2.5561455243    1.749  1.048  3.8910  4.149    0  0.000  0.538     0.00     0.00     0.00     0.00     0.00 -1    -1e-30      0.00 7.092e-01 2.755e-01 2.709e-03 7.398e-04 6.719e-03 -1.000 1.527e-02 2.150 2.054 2.155 1.867
0.0152 0.01508 6.95000 1.7505505085 2.5561773260    1.750  1.047  3.8910  4.150    0  0.000  0.538     0.00     0.00     0.00     0.00     0.00 -1    -1e-30      0.00 7.092e-01 2.755e-01 2.709e-03 7.398e-04 6.719e-03 -1.000 1.527e-02 2.153 2.057 2.158 1.870
0.0152 0.01508 6.95000 1.7629835606 2.5568894764    1.762  1.021  3.8898  4.175    0  0.000  0.538     0.00     0.00     0.00     0.00     0.00 -1    -1e-30      0.00 7.092e-01 2.755e-01 2.709e-03 7.398e-04 6.719e-03 -1.000 1.527e-02 2.218 2.122 2.225 1.931
0.0152 0.01508 6.95000 1.7758169174 2.5576125413    1.775  0.997  3.8880  4.194    0  0.000  0.538     0.00     0.00     0.00     0.00     0.00 -1    -1e-30      0.00 7.092e-01 2.755e-01 2.709e-03 7.398e-04 6.719e-03 -1.000 1.527e-02 2.277 2.180 2.286 1.984
0.0152 0.01508 6.95000 1.7959114313 2.5587208819    1.795  0.978  3.8864  4.212    0  0.000  0.538     0.00     0.00     0.00     0.00     0.00 -1    -1e-30      0.00 7.092e-01 2.755e-01 2.709e-03 7.398e-04 6.719e-03 -1.000 1.527e-02 2.325 2.227 2.336 2.027
0.0152 0.01508 6.95000 1.7999999523 2.5589429085    1.799  0.979  3.8868  4.213    0  0.000  0.538     0.00     0.00     0.00     0.00     0.00 -1    -1e-30      0.00 7.092e-01 2.755e-01 2.709e-03 7.398e-04 6.719e-03 -1.000 1.527e-02 2.322 2.225 2.333 2.025
0.0152 0.01508 6.95000 1.8197975159 2.5600018040    1.819  0.985  3.8884  4.219    0  0.000  0.538     0.00     0.00     0.00     0.00     0.00 -1    -1e-30      0.00 7.092e-01 2.755e-01 2.709e-03 7.398e-04 6.719e-03 -1.000 1.527e-02 2.309 2.213 2.319 2.017
0.0152 0.01508 6.95000 1.8500000238 2.5615671203    1.849  1.032  3.8984  4.219    0  0.000  0.538     0.00     0.00     0.00     0.00     0.00 -1    -1e-30      0.00 7.092e-01 2.755e-01 2.709e-03 7.398e-04 6.719e-03 -1.000 1.527e-02 2.190 2.104 2.196 1.934
0.0152 0.01508 6.95000 1.8713340759 2.5626378583    1.870  1.067  3.9062  4.220    0  0.000  0.538     0.00     0.00     0.00     0.00     0.00 -1    -1e-30      0.00 7.092e-01 2.755e-01 2.709e-03 7.398e-04 6.719e-03 -1.000 1.527e-02 2.103 2.026 2.106 1.876
0.0152 0.01508 6.95000 1.9000000954 2.5640331317    1.899  1.121  3.9198  4.227    0  0.000  0.538     0.00     0.00     0.00     0.00     0.00 -1    -1e-30      0.00 7.092e-01 2.755e-01 2.709e-03 7.398e-04 6.719e-03 -1.000 1.527e-02 1.968 1.912 1.973 1.796
0.0152 0.01508 6.95000 1.9129203558 2.5646463054    1.912  1.146  3.9265  4.231    0  0.000  0.538     0.00     0.00     0.00     0.00     0.00 -1    -1e-30      0.00 7.092e-01 2.755e-01 2.709e-03 7.397e-04 6.719e-03 -1.000 1.527e-02 1.905 1.861 1.913 1.761
0.0152 0.01508 6.95000 1.9325674772 2.5655606790    1.932  1.188  3.9386  4.242    0  0.000  0.538     0.00     0.00     0.00     0.00     0.00 -1    -1e-30      0.00 7.092e-01 2.755e-01 2.709e-03 7.397e-04 6.719e-03 -1.000 1.527e-02 1.800 1.784 1.822 1.711
0.0152 0.01508 6.95000 1.9475008249 2.5662415008    1.947  1.221  3.9489  4.254    0  0.000  0.538     0.00     0.00     0.00     0.00     0.00 -1    -1e-30      0.00 7.092e-01 2.755e-01 2.709e-03 7.397e-04 6.719e-03 -1.000 1.527e-02 1.717 1.729 1.757 1.676
0.0152 0.01508 6.95000 1.9500001669 2.5663542767    1.950  1.226  3.9506  4.256    0  0.000  0.538     0.00     0.00     0.00     0.00     0.00 -1    -1e-30      0.00 7.092e-01 2.755e-01 2.709e-03 7.397e-04 6.719e-03 -1.000 1.527e-02 1.704 1.722 1.748 1.672
0.0152 0.01508 6.95000 1.9671986103 2.5671213813    1.967  1.260  3.9620  4.272    0  0.000  0.538     0.00     0.00     0.00     0.00     0.00 -1    -1e-30      0.00 7.092e-01 2.755e-01 2.709e-03 7.397e-04 6.719e-03 -1.000 1.527e-02 1.621 1.677 1.693 1.646
0.0152 0.01508 6.95000 2.0000000000 2.5685424513    2.000  1.285  3.9750  4.306    0  0.000  0.538     0.00     0.00     0.00     0.00     0.00 -1    -1e-30      0.00 7.092e-01 2.755e-01 2.709e-03 7.397e-04 6.719e-03 -1.000 1.524e-02 1.556 1.662 1.669 1.650
0.0152 0.01508 6.95000 2.0092456341 2.5689333770    2.009  1.292  3.9785  4.315    0  0.000  0.538     0.00     0.00     0.00     0.00     0.00 -1    -1e-30      0.00 7.092e-01 2.755e-01 2.709e-03 7.397e-04 6.719e-03 -1.000 1.524e-02 1.540 1.660 1.665 1.653
0.0152 0.01508 6.95000 2.0499999523 2.5706083333    2.050  1.306  3.9858  4.339    0  0.000  0.538     0.00     0.00     0.00     0.00     0.00 -1    -1e-30      0.00 7.092e-01 2.755e-01 2.709e-03 7.397e-04 6.719e-03 -1.000 1.527e-02 1.506 1.658 1.657 1.659
0.0152 0.01508 6.95000 2.0919549465 2.5722544720    2.091  1.326  3.9923  4.354    0  0.000  0.538     0.00     0.00     0.00     0.00     0.00 -1    -1e-30      0.00 7.092e-01 2.755e-01 2.709e-03 7.397e-04 6.719e-03 -1.000 1.527e-02 1.456 1.636 1.632 1.645
0.0152 0.01508 6.95000 2.0999999046 2.5725614918    2.099  1.331  3.9935  4.355    0  0.000  0.538     0.00     0.00     0.00     0.00     0.00 -1    -1e-30      0.00 7.092e-01 2.755e-01 2.709e-03 7.397e-04 6.719e-03 -1.000 1.527e-02 1.441 1.627 1.622 1.638
0.0152 0.01508 6.95000 2.1500000954 2.5744105556    2.149  1.362  4.0003  4.361    0  0.000  0.538     0.00     0.00     0.00     0.00     0.00 -1    -1e-30      0.00 7.093e-01 2.755e-01 2.709e-03 7.397e-04 6.718e-03 -1.000 1.527e-02 1.365 1.582 1.573 1.600
0.0152 0.01508 6.95000 2.1965103149 2.5760439324    2.195  1.396  4.0068  4.363    0  0.000  0.538     0.00     0.00     0.00     0.00     0.00 -1    -1e-30      0.00 7.093e-01 2.754e-01 2.709e-03 7.396e-04 6.718e-03 -1.000 1.527e-02 1.281 1.528 1.515 1.553
0.0152 0.01508 6.95000 2.2000000477 2.5761632879    2.199  1.398  4.0073  4.363    0  0.000  0.538     0.00     0.00     0.00     0.00     0.00 -1    -1e-30      0.00 7.093e-01 2.754e-01 2.709e-03 7.396e-04 6.718e-03 -1.000 1.527e-02 1.274 1.523 1.511 1.549
0.0152 0.01508 6.95000 2.2500000000 2.5778267375    2.249  1.437  4.0148  4.364    0  0.000  0.538     0.00     0.00     0.00     0.00     0.00 -1    -1e-30      0.00 7.093e-01 2.754e-01 2.709e-03 7.396e-04 6.718e-03 -1.000 1.527e-02 1.177 1.461 1.444 1.494
0.0152 0.01508 6.95000 2.2999999523 2.5794072884    2.299  1.475  4.0219  4.364    0  0.000  0.538     0.00     0.00     0.00     0.00     0.00 -1    -1e-30      0.00 7.093e-01 2.754e-01 2.709e-03 7.397e-04 6.718e-03 -1.000 1.527e-02 1.082 1.401 1.381 1.440
0.0152 0.01508 6.95000 2.4000000954 2.5823423892    2.399  1.548  4.0355  4.364    0  0.000  0.538     0.00     0.00     0.00     0.00     0.00 -1    -1e-30      0.00 7.093e-01 2.755e-01 2.709e-03 7.396e-04 6.718e-03 -1.000 1.527e-02 0.901 1.286 1.260 1.337
0.0152 0.01508 6.95000 2.5999999046 2.5874412955    2.600  1.683  4.0603  4.364    0  0.000  0.538     0.00     0.00     0.00     0.00     0.00 -1    -1e-30      0.00 7.092e-01 2.755e-01 2.710e-03 7.399e-04 6.720e-03 -1.000 1.527e-02 0.564 1.074 1.038 1.143
0.0152 0.01508 6.95000 2.8000001907 2.5917117867    2.800  1.807  4.0825  4.360    1  0.000  0.538     0.00     0.00     0.00     0.00     0.00 -1    -1e-30      0.00 7.092e-01 2.755e-01 2.710e-03 7.399e-04 6.720e-03 -1.000 1.527e-02 0.253 0.878 0.834 0.961
0.0152 0.01508 6.95000 3.0000000000 2.5953341962    3.000  1.922  4.1027  4.356    1  0.000  0.538     0.00     0.00     0.00     0.00     0.00 -1    -1e-30      0.00 7.092e-01 2.755e-01 2.710e-03 7.399e-04 6.720e-03 -1.000 1.527e-02 -0.035 0.698 0.647 0.793
0.0152 0.01508 6.95000 3.1433367729 2.5976068097    3.143  1.999  4.1161  4.352    0  0.000  0.538     0.00     0.00     0.00     0.00     0.00 -1    -1e-30      0.00 7.092e-01 2.755e-01 2.710e-03 7.399e-04 6.720e-03 -1.000 1.527e-02 -0.228 0.578 0.523 0.681
0.0152 0.01508 6.95000 3.2000000477 2.5984409005    3.199  2.029  4.1212  4.351    0  0.000  0.538     0.00     0.00     0.00     0.00     0.00 -1    -1e-30      0.00 7.092e-01 2.755e-01 2.710e-03 7.399e-04 6.720e-03 -1.000 1.527e-02 -0.302 0.533 0.476 0.639
0.0152 0.01508 6.95000 3.4000000954 2.6011310876    3.398  2.129  4.1382  4.345    1  0.000  0.538     0.00     0.00     0.00     0.00     0.00 -1    -1e-30      0.00 7.092e-01 2.755e-01 2.710e-03 7.399e-04 6.720e-03 -1.000 1.527e-02 -0.552 0.378 0.316 0.493
0.0152 0.01508 6.95000 3.6000001431 2.6034804607    3.598  2.222  4.1538  4.339    1  0.000  0.538     0.00     0.00     0.00     0.00     0.00 -1    -1e-30      0.00 7.092e-01 2.755e-01 2.710e-03 7.399e-04 6.720e-03 -1.000 1.527e-02 -0.786 0.232 0.166 0.357
0.0152 0.01508 6.95000 3.8000001907 2.6055477311    3.798  2.311  4.1685  4.333    1  0.000  0.538     0.00     0.00     0.00     0.00     0.00 -1    -1e-30      0.00 7.092e-01 2.755e-01 2.710e-03 7.399e-04 6.720e-03 -1.000 1.527e-02 -1.007 0.096 0.025 0.229
0.0152 0.01508 6.95000 4.0000000000 2.6073790840    4.001  2.394  4.1822  4.327    1  0.000  0.538     0.00     0.00     0.00     0.00     0.00 -1    -1e-30      0.00 7.092e-01 2.755e-01 2.710e-03 7.399e-04 6.720e-03 -1.000 1.527e-02 -1.215 -0.032 -0.107 0.108
0.0152 0.01508 6.95000 4.1999998093 2.6090113217    4.198  2.473  4.1952  4.321    1  0.000  0.538     0.00     0.00     0.00     0.00     0.00 -1    -1e-30      0.00 7.092e-01 2.755e-01 2.710e-03 7.399e-04 6.720e-03 -1.000 1.527e-02 -1.413 -0.154 -0.233 -0.006
0.0152 0.01508 6.95000 4.4000000954 2.6104741055    4.397  2.548  4.2073  4.314    1  0.000  0.538     0.00     0.00     0.00     0.00     0.00 -1    -1e-30      0.00 7.092e-01 2.755e-01 2.710e-03 7.399e-04 6.720e-03 -1.000 1.527e-02 -1.600 -0.270 -0.353 -0.116
0.0152 0.01508 6.95000 4.5999999046 2.6117915791    4.597  2.620  4.2186  4.308    1  0.000  0.538     0.00     0.00     0.00     0.00     0.00 -1    -1e-30      0.00 7.092e-01 2.755e-01 2.710e-03 7.399e-04 6.720e-03 -1.000 1.527e-02 -1.779 -0.382 -0.468 -0.222
0.0152 0.01508 6.95000 4.8000001907 2.6129836005    4.798  2.688  4.2297  4.302    1  0.000  0.538     0.00     0.00     0.00     0.00     0.00 -1    -1e-30      0.00 7.092e-01 2.755e-01 2.710e-03 7.399e-04 6.720e-03 -1.000 1.527e-02 -1.950 -0.488 -0.578 -0.322
0.0152 0.01508 6.95000 5.0000000000 2.6140666223    4.999  2.753  4.2396  4.294    1  0.000  0.538     0.00     0.00     0.00     0.00     0.00 -1    -1e-30      0.00 7.092e-01 2.755e-01 2.710e-03 7.399e-04 6.720e-03 -1.000 1.527e-02 -2.112 -0.592 -0.685 -0.420
0.0152 0.01508 6.95000 5.1999998093 2.6150544000    5.200  2.815  4.2491  4.287    1  0.000  0.538     0.00     0.00     0.00     0.00     0.00 -1    -1e-30      0.00 7.092e-01 2.755e-01 2.710e-03 7.399e-04 6.720e-03 -1.000 1.527e-02 -2.268 -0.692 -0.787 -0.515
0.0152 0.01508 6.95000 5.2716546059 2.6153873926    5.272  2.837  4.2525  4.285    1  0.000  0.538     0.00     0.00     0.00     0.00     0.00 -1    -1e-30      0.00 7.092e-01 2.755e-01 2.710e-03 7.399e-04 6.720e-03 -1.000 1.527e-02 -2.323 -0.727 -0.823 -0.548
0.0152 0.01508 6.95000 5.3999996185 2.6159585084    5.401  2.876  4.2585  4.281    1  0.000  0.538     0.00     0.00     0.00     0.00     0.00 -1    -1e-30      0.00 7.092e-01 2.755e-01 2.710e-03 7.399e-04 6.720e-03 -1.000 1.527e-02 -2.419 -0.788 -0.886 -0.605
0.0152 0.01508 6.95000 5.5999994278 2.6167887546    5.601  2.934  4.2675  4.275    1  0.000  0.538     0.00     0.00     0.00     0.00     0.00 -1    -1e-30      0.00 7.092e-01 2.755e-01 2.710e-03 7.399e-04 6.720e-03 -1.000 1.527e-02 -2.564 -0.881 -0.981 -0.693
0.0152 0.01508 6.95000 5.7189664841 2.6172510618    5.720  2.967  4.2726  4.271    1  0.000  0.538     0.00     0.00     0.00     0.00     0.00 -1    -1e-30      0.00 7.092e-01 2.755e-01 2.710e-03 7.399e-04 6.720e-03 -1.000 1.527e-02 -2.648 -0.935 -1.037 -0.744
0.0152 0.01508 6.95000 5.8000001907 2.6175535027    5.801  2.989  4.2760  4.268    1  0.000  0.538     0.00     0.00     0.00     0.00     0.00 -1    -1e-30      0.00 7.092e-01 2.755e-01 2.710e-03 7.399e-04 6.720e-03 -1.000 1.527e-02 -2.704 -0.971 -1.074 -0.778
0.0152 0.01508 6.95000 6.0000000000 2.6182599138    6.000  3.043  4.2841  4.261    1  0.000  0.538     0.00     0.00     0.00     0.00     0.00 -1    -1e-30      0.00 7.092e-01 2.755e-01 2.710e-03 7.399e-04 6.720e-03 -1.000 1.527e-02 -2.839 -1.059 -1.164 -0.861
0.0152 0.01508 6.95000 6.0495114326 2.6184265172    6.050  3.056  4.2861  4.260    1  0.000  0.538     0.00     0.00     0.00     0.00     0.00 -1    -1e-30      0.00 7.092e-01 2.755e-01 2.710e-03 7.399e-04 6.720e-03 -1.000 1.527e-02 -2.871 -1.080 -1.185 -0.881
0.0152 0.01508 6.95000 6.1999998093 2.6189141709    6.200  3.095  4.2920  4.255    1  0.000  0.538     0.00     0.00     0.00     0.00     0.00 -1    -1e-30      0.00 7.092e-01 2.755e-01 2.710e-03 7.399e-04 6.720e-03 -1.000 1.527e-02 -2.968 -1.143 -1.251 -0.941
0.0152 0.01508 6.95000 6.2802939415 2.6191633939    6.280  3.116  4.2950  4.252    1  0.000  0.538     0.00     0.00     0.00     0.00     0.00 -1    -1e-30      0.00 7.092e-01 2.755e-01 2.710e-03 7.399e-04 6.720e-03 -1.000 1.527e-02 -3.019 -1.177 -1.285 -0.973
0.0152 0.01508 6.95000 6.4000000954 2.6195216279    6.399  3.146  4.2995  4.249    1  0.000  0.538     0.00     0.00     0.00     0.00     0.00 -1    -1e-30      0.00 7.092e-01 2.755e-01 2.710e-03 7.399e-04 6.720e-03 -1.000 1.527e-02 -3.094 -1.226 -1.335 -1.019
0.0152 0.01508 6.95000 6.7006673813 2.6203568453    6.698  3.218  4.3102  4.239    1  0.000  0.538     0.00     0.00     0.00     0.00     0.00 -1    -1e-30      0.00 7.092e-01 2.755e-01 2.710e-03 7.399e-04 6.720e-03 -1.000 1.527e-02 -3.275 -1.346 -1.459 -1.134
0.0152 0.01508 6.95000 7.0000000000 2.6211069280    6.996  3.288  4.3205  4.229    1  0.000  0.538     0.00     0.00     0.00     0.00     0.00 -1    -1e-30      0.00 7.092e-01 2.755e-01 2.710e-03 7.399e-04 6.720e-03 -1.000 1.527e-02 -3.449 -1.462 -1.577 -1.244
0.0152 0.01508 6.95000 7.5953936577 2.6223988062    7.594  3.416  4.3390  4.210    1  0.000  0.538     0.00     0.00     0.00     0.00     0.00 -1    -1e-30      0.00 7.092e-01 2.755e-01 2.710e-03 7.399e-04 6.720e-03 -1.000 1.527e-02 -3.771 -1.680 -1.800 -1.452
0.0152 0.01508 6.95000 8.0000000000 2.6231516585    8.001  3.499  4.3507  4.197    1  0.000  0.538     0.00     0.00     0.00     0.00     0.00 -1    -1e-30      0.00 7.092e-01 2.755e-01 2.710e-03 7.399e-04 6.720e-03 -1.000 1.527e-02 -3.978 -1.822 -1.945 -1.588
0.0152 0.01508 6.95000 8.6030359268 2.6241240382    8.600  3.614  4.3666  4.177    1  0.000  0.538     0.00     0.00     0.00     0.00     0.00 -1    -1e-30      0.00 7.092e-01 2.755e-01 2.710e-03 7.399e-04 6.720e-03 -1.000 1.527e-02 -4.265 -2.023 -2.150 -1.781
0.0152 0.01508 6.95000 9.0000000000 2.6246829947    8.995  3.687  4.3763  4.162    1  0.000  0.538     0.00     0.00     0.00     0.00     0.00 -1    -1e-30      0.00 7.092e-01 2.755e-01 2.710e-03 7.399e-04 6.720e-03 -1.000 1.527e-02 -4.447 -2.152 -2.282 -1.906
0.0152 0.01508 6.95000 9.1451654434 2.6248735176    9.140  3.712  4.3796  4.157    1  0.000  0.538     0.00     0.00     0.00     0.00     0.00 -1    -1e-30      0.00 7.092e-01 2.755e-01 2.710e-03 7.399e-04 6.720e-03 -1.000 1.527e-02 -4.510 -2.198 -2.328 -1.950
0.0152 0.01508 6.95000 9.7206945419 2.6255649048    9.718  3.810  4.3920  4.136    1  0.000  0.538     0.00     0.00     0.00     0.00     0.00 -1    -1e-30      0.00 7.092e-01 2.755e-01 2.710e-03 7.399e-04 6.720e-03 -1.000 1.527e-02 -4.755 -2.376 -2.510 -2.122
0.0152 0.01508 6.95000 10.0000000000 2.6258676431    9.998  3.856  4.3977  4.125    1  0.000  0.538     0.00     0.00     0.00     0.00     0.00 -1    -1e-30      0.00 7.092e-01 2.755e-01 2.710e-03 7.399e-04 6.720e-03 -1.000 1.527e-02 -4.870 -2.462 -2.597 -2.205
0.0152 0.01508 6.95000 10.3258686066 2.6261971538   10.325  3.908  4.4039  4.112    1  0.000  0.538     0.00     0.00     0.00     0.00     0.00 -1    -1e-30      0.00 7.092e-01 2.755e-01 2.710e-03 7.399e-04 6.720e-03 -1.000 1.527e-02 -4.999 -2.536 -2.674 -2.281
0.0152 0.01508 6.95000 10.8383073807 2.6266695211   10.839  3.986  4.4131  4.091    1  0.000  0.538     0.00     0.00     0.00     0.00     0.00 -1    -1e-30      0.00 7.092e-01 2.755e-01 2.710e-03 7.399e-04 6.720e-03 -1.000 1.527e-02 -5.196 -2.688 -2.831 -2.420
0.0152 0.01508 6.95000 11.0000000000 2.6268081058   11.001  4.011  4.4158  4.084    1  0.000  0.538     0.00     0.00     0.00     0.00     0.00 -1    -1e-30      0.00 7.092e-01 2.755e-01 2.710e-03 7.399e-04 6.720e-03 -1.000 1.527e-02 -5.257 -2.736 -2.880 -2.464
0.0152 0.01508 6.95000 11.1906509399 2.6269656082   11.192  4.038  4.4189  4.076    1  0.000  0.538     0.00     0.00     0.00     0.00     0.00 -1    -1e-30      0.00 7.092e-01 2.755e-01 2.710e-03 7.399e-04 6.720e-03 -1.000 1.527e-02 -5.326 -2.791 -2.937 -2.514
0.0152 0.01508 6.95000 11.6663980484 2.6273329469   11.667  4.106  4.4260  4.055    1  0.000  0.538     0.00     0.00     0.00     0.00     0.00 -1    -1e-30      0.00 7.092e-01 2.755e-01 2.710e-03 7.399e-04 6.720e-03 -1.000 1.527e-02 -5.496 -2.931 -3.081 -2.644
0.0152 0.01508 6.95000 12.0000000000 2.6275706487   12.001  4.153  4.4306  4.038    1  0.000  0.538     0.00     0.00     0.00     0.00     0.00 -1    -1e-30      0.00 7.092e-01 2.755e-01 2.710e-03 7.399e-04 6.720e-03 -1.000 1.527e-02 -5.614 -3.035 -3.184 -2.751
0.0152 0.01508 6.95000 12.1979818344 2.6277046685   12.195  4.180  4.4330  4.028    1  0.000  0.538     0.00     0.00     0.00     0.00     0.00 -1 -2.03e-28      0.00 7.092e-01 2.755e-01 2.714e-03 7.400e-04 6.720e-03 -1.000 1.527e-02 -5.680 -3.093 -3.241 -2.812
0.0152 0.01508 6.95000 12.6249237061 2.6279772956   12.613  4.236  4.4379  4.006    1  0.000  0.540     0.00     0.00     0.00     0.00     0.00 -1 -1.46e-23      0.00 7.092e-01 2.755e-01 2.722e-03 7.402e-04 6.720e-03 -1.000 1.527e-02 -5.820 -3.217 -3.364 -2.940
0.0152 0.01508 6.95000 13.0535717010 2.6282304833   13.032  4.291  4.4422  3.983    1  0.000  0.542     0.00     0.00     0.00     0.00     0.00 -1 -7.68e-19      0.00 7.092e-01 2.755e-01 2.729e-03 7.404e-04 6.719e-03 -1.000 1.527e-02 -5.958 -3.338 -3.484 -3.067
0.0152 0.01508 6.95000 13.4582300186 2.6284525610   13.426  4.342  4.4459  3.959    1  0.000  0.543     0.00     0.00     0.00     0.00     0.00 -1 -1.61e-14      0.00 7.092e-01 2.755e-01 2.737e-03 7.406e-04 6.719e-03 -1.000 1.527e-02 -6.085 -3.452 -3.597 -3.184
0.0152 0.01508 6.95000 13.8608951569 2.6286588085   13.817  4.392  4.4489  3.934    1  0.000  0.544     0.00     0.00     0.00     0.00     0.00 -1 -2.45e-10      0.00 7.092e-01 2.755e-01 2.743e-03 7.408e-04 6.719e-03 -1.000 1.527e-02 -6.210 -3.565 -3.709 -3.300
0.0152 0.01508 6.95000 14.0000000000 2.6287268957   13.953  4.410  4.4496  3.924    0  0.000  0.545     0.00     0.00     0.00     0.00     0.00 -1 -6.41e-09      0.00 7.092e-01 2.755e-01 2.746e-03 7.408e-04 6.719e-03 -1.000 1.527e-02 -6.254 -3.607 -3.751 -3.342
0.0152 0.01508 6.95000 14.1706085205 2.6288083077   14.120  4.429  4.4506  3.913    0  0.000  0.545     0.00     0.00     0.00     0.00     0.00 -1 -7.04e-09      0.00 7.092e-01 2.755e-01 2.746e-03 7.408e-04 6.719e-03 -1.000 1.527e-02 -6.304 -3.652 -3.797 -3.386
0.0152 0.01508 6.95000 14.7120819092 2.6290523710   14.649  4.492  4.4527  3.874    0  0.000  0.545     0.00     0.00     0.00     0.00     0.00 -1 -9.37e-09      0.00 7.092e-01 2.755e-01 2.746e-03 7.408e-04 6.719e-03 -1.000 1.527e-02 -6.461 -3.801 -3.947 -3.531
0.0152 0.01508 6.95000 15.2184400558 2.6292626282   15.141  4.550  4.4536  3.835    0  0.000  0.545     0.00     0.00     0.00     0.00     0.00 -1 -1.21e-08      0.00 7.092e-01 2.755e-01 2.746e-03 7.408e-04 6.719e-03 -1.000 1.527e-02 -6.605 -3.944 -4.092 -3.672
0.0152 0.01508 6.95000 15.7072963715 2.6294508983   15.615  4.605  4.4534  3.792    0  0.000  0.545     0.00     0.00     0.00     0.00     0.00 -1 -1.54e-08      0.00 7.092e-01 2.755e-01 2.746e-03 7.408e-04 6.719e-03 -1.000 1.527e-02 -6.743 -4.088 -4.236 -3.814
0.0152 0.01508 6.95000 16.0000000000 2.6295573144   15.897  4.638  4.4525  3.763    0  0.000  0.545     0.00     0.00     0.00     0.00     0.00 -1 -1.76e-08      0.00 7.092e-01 2.755e-01 2.746e-03 7.408e-04 6.719e-03 -1.000 1.527e-02 -6.825 -4.179 -4.327 -3.905
0.0152 0.01508 6.95000 16.0217819214 2.6295650549   15.918  4.640  4.4524  3.761    0  0.000  0.545     0.00     0.00     0.00     0.00     0.00 -1 -1.78e-08      0.00 7.092e-01 2.755e-01 2.746e-03 7.408e-04 6.719e-03 -1.000 1.527e-02 -6.831 -4.185 -4.333 -3.912
0.0152 0.01508 6.95000 16.5930938721 2.6297597633   16.455  4.701  4.4488  3.701    0  0.000  0.545     0.00     0.00     0.00     0.00     0.00 -1 -2.22e-08      0.00 7.092e-01 2.755e-01 2.746e-03 7.408e-04 6.719e-03 -1.000 1.527e-02 -6.981 -4.362 -4.509 -4.088
0.0152 0.01508 6.95000 17.1071949005 2.6299222499   16.935  4.754  4.4436  3.639    0  0.000  0.545     0.00     0.00     0.00     0.00     0.00 -1 -2.65e-08      0.00 7.092e-01 2.755e-01 2.746e-03 7.408e-04 6.719e-03 -1.000 1.527e-02 -7.114 -4.532 -4.680 -4.255
0.0152 0.01508 6.95000 17.5840740204 2.6300632452   17.378  4.803  4.4363  3.572    0  0.000  0.545     0.00     0.00     0.00     0.00     0.00 -1 -3.06e-08      0.00 7.092e-01 2.755e-01 2.746e-03 7.408e-04 6.719e-03 -1.000 1.527e-02 -7.238 -4.708 -4.856 -4.431
0.0152 0.01508 6.95000 17.9727058411 2.6301718080   17.736  4.844  4.4282  3.508    0  0.000  0.545     0.00     0.00     0.00     0.00     0.00 -1 -3.36e-08      0.00 7.092e-01 2.755e-01 2.746e-03 7.408e-04 6.719e-03 -1.000 1.527e-02 -7.339 -4.869 -5.016 -4.595
0.0152 0.01508 6.95000 18.0000000000 2.6301792302   17.764  4.846  4.4276  3.503    0  0.000  0.545     0.00     0.00     0.00     0.00     0.00 -1 -3.38e-08      0.00 7.092e-01 2.755e-01 2.746e-03 7.408e-04 6.719e-03 -1.000 1.527e-02 -7.346 -4.881 -5.028 -4.607
0.0152 0.01508 6.95000 18.1366519928 2.6302160043   17.889  4.860  4.4245  3.481    0  0.000  0.545     0.00     0.00     0.00     0.00     0.00 -1 -3.47e-08      0.00 7.092e-01 2.755e-01 2.746e-03 7.408e-04 6.719e-03 -1.000 1.527e-02 -7.380 -4.942 -5.087 -4.670
0.0152 0.01508 6.95000 18.5169010162 2.6303150554   18.237  4.897  4.4145  3.412    0  0.000  0.545     0.00     0.00     0.00     0.00     0.00 -1 -3.63e-08      0.00 7.092e-01 2.755e-01 2.746e-03 7.408e-04 6.719e-03 -1.000 1.527e-02 -7.472 -5.112 -5.252 -4.854
0.0152 0.01508 6.95000 18.7707061768 2.6303786069   18.469  4.921  4.4063  3.360    0  0.000  0.545     0.00     0.00     0.00     0.00     0.00 -1 -3.69e-08      0.00 7.092e-01 2.755e-01 2.746e-03 7.408e-04 6.719e-03 -1.000 1.527e-02 -7.533 -5.232 -5.368 -4.984
0.0152 0.01508 6.95000 18.9854755402 2.6304308606   18.664  4.943  4.3980  3.310    0  0.000  0.545     0.00     0.00     0.00     0.00     0.00 -1 -3.66e-08      0.00 7.092e-01 2.755e-01 2.746e-03 7.408e-04 6.719e-03 -1.000 1.527e-02 -7.587 -5.283 -5.419 -5.036
0.0152 0.01508 6.95000 19.1941795349 2.6304803523   18.854  4.964  4.3889  3.257    0  0.000  0.545     0.00     0.00     0.00     0.00     0.00 -1  -3.6e-08      0.00 7.092e-01 2.755e-01 2.746e-03 7.408e-04 6.719e-03 -1.000 1.527e-02 -7.640 -5.391 -5.525 -5.148
0.0152 0.01508 6.95000 19.4049053192 2.6305290833   19.042  4.985  4.3800  3.204    0  0.000  0.545     0.00     0.00     0.00     0.00     0.00 -1 -4.31e-08      0.00 7.092e-01 2.755e-01 2.746e-03 7.408e-04 6.719e-03 -1.000 1.527e-02 -7.694 -5.488 -5.620 -5.248
0.0152 0.01508 6.95000 19.6340503693 2.6305807109   19.232  5.011  4.3766  3.170    0  0.000  0.545     0.00     0.00     0.00     0.00     0.00 -1 -7.31e-08      0.00 7.092e-01 2.755e-01 2.746e-03 7.408e-04 6.719e-03 -1.000 1.527e-02 -7.757 -5.546 -5.677 -5.306
0.0152 0.01508 6.95000 19.8354587555 2.6306249584   19.387  5.038  4.3856  3.182    0  0.000  0.545     0.00     0.00     0.00     0.00     0.00 -1 -5.24e-08      0.00 7.092e-01 2.755e-01 2.746e-03 7.408e-04 6.719e-03 -1.000 1.527e-02 -7.825 -5.585 -5.718 -5.343
0.0152 0.01508 6.95000 19.8598613739 2.6306302494   19.406  5.046  4.3938  3.207    0  0.000  0.545     0.00     0.00     0.00     0.00     0.00 -1  -5.5e-08      0.00 7.092e-01 2.755e-01 2.746e-03 7.408e-04 6.719e-03 -1.000 1.527e-02 -7.846 -5.559 -5.694 -5.314
0.0152 0.01508 6.95000 19.8698139191 2.6306324030   19.415  5.056  4.4035  3.236    0  0.000  0.545     0.00     0.00     0.00     0.00     0.00 -1 -6.51e-08      0.00 7.092e-01 2.755e-01 2.746e-03 7.408e-04 6.719e-03 -1.000 1.527e-02 -7.870 -5.619 -5.753 -5.378
0.0152 0.01508 6.95000 19.8748264313 2.6306334867   19.419  5.071  4.4147  3.266    0  0.000  0.545     0.00     0.00     0.00     0.00     0.00 -1 -8.01e-08      0.00 7.092e-01 2.755e-01 2.746e-03 7.408e-04 6.719e-03 -1.000 1.527e-02 -7.907 -5.595 -5.733 -5.346
0.0152 0.01508 6.95000 19.8767356873 2.6306338993   19.421  5.081  4.4213  3.283    0  0.000  0.545     0.00     0.00     0.00     0.00     0.00 -1 -9.05e-08      0.00 7.092e-01 2.755e-01 2.746e-03 7.408e-04 6.719e-03 -1.000 1.527e-02 -7.931 -5.583 -5.722 -5.328
0.0152 0.01508 6.95000 19.8777427673 2.6306341170   19.422  5.082  4.4235  3.290    0  0.000  0.545     0.00     0.00     0.00     0.00     0.00 -1 -9.34e-08      0.00 7.092e-01 2.755e-01 2.746e-03 7.408e-04 6.719e-03 -1.000 1.527e-02 -7.936 -5.574 -5.714 -5.317
0.0152 0.01508 6.95000 19.8822307587 2.6306350864   19.426  5.074  4.4165  3.270    1  0.000  0.545     0.00     0.00     0.00     0.00     0.00 -1 -8.46e-08      0.00 7.092e-01 2.755e-01 2.746e-03 7.408e-04 6.719e-03 -1.000 1.527e-02 -7.915 -5.594 -5.731 -5.343
0.0152 0.01508 6.95000 19.8835678101 2.6306353751   19.427  5.072  4.4104  3.248    1  0.000  0.545     0.00     0.00     0.00     0.00     0.00 -1 -7.83e-08      0.00 7.092e-01 2.755e-01 2.746e-03 7.408e-04 6.719e-03 -1.000 1.527e-02 -7.910 -5.624 -5.760 -5.379
0.0152 0.01508 6.95000 19.8847827911 2.6306356374   19.428  5.071  4.4013  3.212    1  0.000  0.545     0.00     0.00     0.00     0.00     0.00 -1    -7e-08      0.00 7.092e-01 2.755e-01 2.746e-03 7.408e-04 6.719e-03 -1.000 1.527e-02 -7.909 -5.674 -5.807 -5.436
0.0152 0.01508 6.95000 19.8858489990 2.6306358676   19.429  5.072  4.3913  3.172    1  0.000  0.545     0.00     0.00     0.00     0.00     0.00 -1  -6.2e-08      0.00 7.092e-01 2.755e-01 2.746e-03 7.408e-04 6.719e-03 -1.000 1.527e-02 -7.910 -5.634 -5.768 -5.389
0.0152 0.01508 6.95000 19.8867473602 2.6306360615   19.430  5.073  4.3817  3.132    1  0.000  0.545     0.00     0.00     0.00     0.00     0.00 -1 -5.94e-08      0.00 7.092e-01 2.755e-01 2.746e-03 7.408e-04 6.719e-03 -1.000 1.527e-02 -7.912 -5.691 -5.823 -5.451
0.0152 0.01508 6.95000 19.8876457214 2.6306362554   19.431  5.074  4.3711  3.089    1  0.000  0.545     0.00     0.00     0.00     0.00     0.00 -1 -1.83e-07      0.00 7.092e-01 2.755e-01 2.746e-03 7.408e-04 6.719e-03 -1.000 1.527e-02 -7.916 -5.834 -5.964 -5.600
0.0152 0.01508 6.95000 19.8885707855 2.6306364551   19.431  5.076  4.3593  3.040    1  0.000  0.545     0.00     0.00     0.00     0.00     0.00 -1 -3.03e-07      0.00 7.092e-01 2.755e-01 2.746e-03 7.408e-04 6.719e-03 -1.000 1.527e-02 -7.919 -5.915 -6.041 -5.689
0.0152 0.01508 6.95000 19.8893127441 2.6306366152   19.431  5.077  4.3492  2.998    1  0.000  0.545     0.00     0.00     0.00     0.00     0.00 -1 -8.11e-07      0.00 7.092e-01 2.755e-01 2.746e-03 7.408e-04 6.719e-03 -1.000 1.527e-02 -7.922 -5.986 -6.109 -5.766
0.0152 0.01508 6.95000 19.8900661469 2.6306367777   19.431  5.078  4.3384  2.954    1  0.000  0.545     0.00     0.00     0.00     0.00     0.00 -1 -9.52e-07      0.00 7.092e-01 2.755e-01 2.746e-03 7.408e-04 6.719e-03 -1.000 1.527e-02 -7.926 -6.043 -6.164 -5.827
0.0152 0.01508 6.95000 19.8908252716 2.6306369415   19.432  5.079  4.3269  2.907    1  0.000  0.545     0.00     0.00     0.00     0.00     0.00 -1  -9.3e-07      0.00 7.092e-01 2.755e-01 2.746e-03 7.408e-04 6.719e-03 -1.000 1.527e-02 -7.929 -6.112 -6.231 -5.903
0.0152 0.01508 6.95000 19.8914012909 2.6306370658   19.432  5.080  4.3178  2.870    1  0.000  0.545     0.00     0.00     0.00     0.00     0.00 -1 -9.19e-07      0.00 7.092e-01 2.755e-01 2.746e-03 7.408e-04 6.719e-03 -1.000 1.527e-02 -7.931 -6.171 -6.287 -5.966
0.0152 0.01508 6.95000 19.8919811249 2.6306371908   19.432  5.081  4.3082  2.830    1  0.000  0.545     0.00     0.00     0.00     0.00     0.00 -1 -9.04e-07      0.00 7.092e-01 2.755e-01 2.746e-03 7.408e-04 6.719e-03 -1.000 1.527e-02 -7.932 -6.231 -6.345 -6.032
0.0152 0.01508 6.95000 19.8925609589 2.6306373159   19.433  5.081  4.2983  2.790    1  0.000  0.545     0.00     0.00     0.00     0.00     0.00 -1 -8.78e-07      0.00 7.092e-01 2.755e-01 2.746e-03 7.408e-04 6.719e-03 -1.000 1.527e-02 -7.934 -6.127 -6.239 -5.924
0.0152 0.01508 6.95000 19.8931465149 2.6306374422   19.433  5.082  4.2878  2.748    1  0.000  0.545     0.00     0.00     0.00     0.00     0.00 -1 -8.54e-07      0.00 7.092e-01 2.755e-01 2.746e-03 7.408e-04 6.719e-03 -1.000 1.527e-02 -7.935 -6.190 -6.298 -5.996
0.0152 0.01508 6.95000 19.8937397003 2.6306375701   19.433  5.082  4.2768  2.704    1  0.000  0.545     0.00     0.00     0.00     0.00     0.00 -1 -8.35e-07      0.00 7.092e-01 2.755e-01 2.746e-03 7.408e-04 6.719e-03 -1.000 1.527e-02 -7.935 -6.256 -6.360 -6.071
0.0152 0.01508 6.95000 19.8943328857 2.6306376981   19.434  5.082  4.2653  2.658    1  0.000  0.545     0.00     0.00     0.00     0.00     0.00 -1 -8.13e-07      0.00 7.092e-01 2.755e-01 2.746e-03 7.408e-04 6.719e-03 -1.000 1.527e-02 -7.935 -6.320 -6.421 -6.142
0.0152 0.01508 6.95000 19.8949337006 2.6306378276   19.434  5.082  4.2530  2.609    1  0.000  0.545     0.00     0.00     0.00     0.00     0.00 -1 -7.88e-07      0.00 7.092e-01 2.755e-01 2.746e-03 7.408e-04 6.719e-03 -1.000 1.527e-02 -7.935 -6.386 -6.484 -6.215
0.0152 0.01508 6.95000 19.8953361511 2.6306379144   19.434  5.082  4.2446  2.575    1  0.000  0.545     0.00     0.00     0.00     0.00     0.00 -1 -7.71e-07      0.00 7.092e-01 2.755e-01 2.746e-03 7.408e-04 6.719e-03 -1.000 1.527e-02 -7.934 -6.432 -6.528 -6.266
0.0152 0.01508 6.95000 19.8957443237 2.6306380024   19.434  5.081  4.2356  2.540    1  0.000  0.545     0.00     0.00     0.00     0.00     0.00 -1 -7.53e-07      0.00 7.092e-01 2.755e-01 2.746e-03 7.408e-04 6.719e-03 -1.000 1.527e-02 -7.933 -6.481 -6.574 -6.320
0.0152 0.01508 6.95000 19.8961563110 2.6306380913   19.434  5.081  4.2264  2.503    1  0.000  0.545     0.00     0.00     0.00     0.00     0.00 -1 -7.36e-07      0.00 7.092e-01 2.755e-01 2.746e-03 7.408e-04 6.719e-03 -1.000 1.527e-02 -7.932 -6.531 -6.621 -6.375
0.0152 0.01508 6.95000 19.8965721130 2.6306381809   19.435  5.080  4.2166  2.465    1  0.000  0.545     0.00     0.00     0.00     0.00     0.00 -1 -7.18e-07      0.00 7.092e-01 2.755e-01 2.746e-03 7.408e-04 6.719e-03 -1.000 1.527e-02 -7.931 -6.583 -6.670 -6.433
0.0152 0.01508 6.95000 19.8969936371 2.6306382718   19.435  5.080  4.2064  2.424    1  0.000  0.545     0.00     0.00     0.00     0.00     0.00 -1 -6.97e-07      0.00 7.092e-01 2.755e-01 2.746e-03 7.408e-04 6.719e-03 -1.000 1.527e-02 -7.930 -6.637 -6.722 -6.493
0.0152 0.01508 6.95000 19.8974304199 2.6306383659   19.435  5.079  4.1953  2.381    1  0.000  0.545     0.00     0.00     0.00     0.00     0.00 -1 -6.79e-07      0.00 7.092e-01 2.755e-01 2.746e-03 7.408e-04 6.719e-03 -1.000 1.527e-02 -7.928 -6.696 -6.777 -6.558
0.0152 0.01508 6.95000 19.8978805542 2.6306384630   19.435  5.078  4.1834  2.334    1  0.000  0.545     0.00     0.00     0.00     0.00     0.00 -1 -6.56e-07      0.00 7.092e-01 2.755e-01 2.746e-03 7.408e-04 6.719e-03 -1.000 1.527e-02 -7.926 -6.760 -6.837 -6.629
0.0152 0.01508 6.95000 19.8983688354 2.6306385682   19.436  5.077  4.1699  2.281    1  0.000  0.545     0.00     0.00     0.00     0.00     0.00 -1 -6.29e-07      0.00 7.092e-01 2.755e-01 2.746e-03 7.408e-04 6.719e-03 -1.000 1.527e-02 -7.923 -6.831 -6.904 -6.710
0.0152 0.01508 6.95000 19.8988838196 2.6306386792   19.436  5.076  4.1548  2.222    1  0.000  0.545     0.00     0.00     0.00     0.00     0.00 -1 -6.03e-07      0.00 7.092e-01 2.755e-01 2.746e-03 7.408e-04 6.719e-03 -1.000 1.527e-02 -7.920 -6.908 -6.973 -6.801
0.0152 0.01508 6.95000 19.8991584778 2.6306387384   19.436  5.075  4.1464  2.189    1  0.000  0.545     0.00     0.00     0.00     0.00     0.00 -1 -6.21e-07      0.00 7.092e-01 2.755e-01 2.746e-03 7.408e-04 6.719e-03 -1.000 1.527e-02 -7.918 -6.950 -7.013 -6.851
0.0152 0.01508 6.95000 19.8994503021 2.6306388013   19.436  5.074  4.1371  2.153    1  0.000  0.545     0.00     0.00     0.00     0.00     0.00 -1  -6.1e-07      0.00 7.092e-01 2.755e-01 2.746e-03 7.408e-04 6.719e-03 -1.000 1.527e-02 -7.915 -7.000 -7.060 -6.906
0.0152 0.01508 6.95000 19.8997612000 2.6306388683   19.437  5.073  4.1269  2.113    1  0.000  0.545     0.00     0.00     0.00     0.00     0.00 -1 -7.25e-07      0.00 7.092e-01 2.755e-01 2.746e-03 7.408e-04 6.719e-03 -1.000 1.527e-02 -7.913 -7.057 -7.114 -6.965
0.0152 0.01508 6.95000 19.9001121521 2.6306389440   19.436  5.072  4.1148  2.066    1  0.000  0.545     0.00     0.00     0.00     0.00     0.00 -1 -1.25e-06      0.00 7.092e-01 2.755e-01 2.746e-03 7.408e-04 6.719e-03 -1.000 1.527e-02 -7.909 -7.124 -7.179 -7.035
0.0152 0.01508 6.95000 19.9005031586 2.6306390282   19.436  5.070  4.1007  2.011    1  0.000  0.545     0.00     0.00     0.00     0.00     0.00 -1  -1.6e-06      0.00 7.092e-01 2.755e-01 2.746e-03 7.408e-04 6.719e-03 -1.000 1.527e-02 -7.905 -7.199 -7.249 -7.117
0.0152 0.01508 6.95000 19.9009380341 2.6306391219   19.435  5.068  4.0840  1.946    1  0.000  0.545     0.00     0.00     0.00     0.00     0.00 -1 -1.61e-06      0.00 7.092e-01 2.755e-01 2.746e-03 7.408e-04 6.719e-03 -1.000 1.527e-02 -7.901 -7.284 -7.329 -7.212
0.0152 0.01508 6.95000 19.9014301300 2.6306392280   19.435  5.066  4.0637  1.867    1  0.000  0.545     0.00     0.00     0.00     0.00     0.00 -1 -1.55e-06      0.00 7.092e-01 2.755e-01 2.746e-03 7.408e-04 6.719e-03 -1.000 1.527e-02 -7.896 -7.371 -7.404 -7.328
0.0152 0.01508 6.95000 19.9019775391 2.6306393459   19.434  5.064  4.0392  1.771    1  0.000  0.545     0.00     0.00     0.00     0.00     0.00 -1 -5.41e-06      0.00 7.092e-01 2.755e-01 2.746e-03 7.408e-04 6.719e-03 -1.000 1.527e-02 -7.890 -7.491 -7.515 -7.462
0.0152 0.01508 6.95000 19.9025859833 2.6306394770   19.433  5.061  4.0092  1.654    1  0.000  0.545     0.00     0.00     0.00     0.00     0.00 -1 -5.64e-06      0.00 7.092e-01 2.755e-01 2.746e-03 7.408e-04 6.719e-03 -1.000 1.527e-02 -7.884 -7.629 -7.642 -7.617
0.0152 0.01508 6.95000 19.9032554626 2.6306396212   19.431  5.059  3.9724  1.510    1  0.000  0.545     0.00     0.00     0.00     0.00     0.00 -1 -5.19e-06      0.00 7.092e-01 2.755e-01 2.746e-03 7.408e-04 6.719e-03 -1.000 1.527e-02 -7.877 -7.784 -7.785 -7.794
0.0152 0.01508 6.95000 19.9039096832 2.6306397622   19.430  5.056  3.9330  1.355    1  0.000  0.545     0.00     0.00     0.00     0.00     0.00 -1 -4.69e-06      0.00 7.092e-01 2.755e-01 2.746e-03 7.408e-04 6.719e-03 -1.000 1.527e-02 -7.869 -7.917 -7.894 -7.974
0.0152 0.01508 6.95000 19.9042091370 2.6306398267   19.430  5.054  3.9129  1.276    1  0.000  0.545     0.00     0.00     0.00     0.00     0.00 -1 -4.46e-06      0.00 7.092e-01 2.755e-01 2.746e-03 7.408e-04 6.719e-03 -1.000 1.527e-02 -7.865 -7.968 -7.929 -8.055
0.0152 0.01508 6.95000 19.9043769836 2.6306398628   19.430  5.053  3.9015  1.232    1  0.000  0.545     0.00     0.00     0.00     0.00     0.00 -1 -4.34e-06      0.00 7.092e-01 2.755e-01 2.746e-03 7.408e-04 6.719e-03 -1.000 1.527e-02 -7.862 -7.996 -7.950 -8.095
0.0152 0.01508 6.95000 19.9045658112 2.6306399035   19.429  5.052  3.8887  1.182    1  0.000  0.545     0.00     0.00     0.00     0.00     0.00 -1 -4.22e-06      0.00 7.092e-01 2.755e-01 2.746e-03 7.408e-04 6.719e-03 -1.000 1.527e-02 -7.859 -8.020 -7.964 -8.136
0.0152 0.01508 6.95000 19.9047756195 2.6306399487   19.429  5.050  3.8742  1.125    1  0.000  0.545     0.00     0.00     0.00     0.00     0.00 -1 -4.06e-06      0.00 7.092e-01 2.755e-01 2.746e-03 7.408e-04 6.719e-03 -1.000 1.527e-02 -7.855 -8.034 -7.962 -8.180
0.0152 0.01508 6.95000 19.9050121307 2.6306399996   19.429  5.047  3.8570  1.059    1  0.000  0.545     0.00     0.00     0.00     0.00     0.00 -1  -3.8e-06      0.00 7.092e-01 2.755e-01 2.746e-03 7.408e-04 6.719e-03 -1.000 1.527e-02 -7.848 -8.041 -7.944 -8.229
0.0152 0.01508 6.95000 19.9052772522 2.6306400567   19.429  5.044  3.8376  0.985    1  0.000  0.545     0.00     0.00     0.00     0.00     0.00 -1 -3.51e-06      0.00 7.092e-01 2.755e-01 2.746e-03 7.408e-04 6.719e-03 -1.000 1.527e-02 -7.839 -8.039 -7.906 -8.282
0.0152 0.01508 6.95000 19.9055690765 2.6306401196   19.428  5.040  3.8166  0.905    1  0.000  0.545     0.00     0.00     0.00     0.00     0.00 -1 -3.22e-06      0.00 7.092e-01 2.755e-01 2.746e-03 7.408e-04 6.719e-03 -1.000 1.527e-02 -7.829 -8.028 -7.850 -8.337
0.0152 0.01508 6.95000 19.9058971405 2.6306401903   19.428  5.032  3.7921  0.815    1  0.000  0.545     0.00     0.00     0.00     0.00     0.00 -1 -2.94e-06      0.00 7.092e-01 2.755e-01 2.746e-03 7.408e-04 6.719e-03 -1.000 1.527e-02 -7.809 -7.999 -7.758 -8.390
0.0152 0.01508 6.95000 19.9062557220 2.6306402675   19.428  5.023  3.7656  0.718    1  0.000  0.545     0.00     0.00     0.00     0.00     0.00 -1 -2.65e-06      0.00 7.092e-01 2.755e-01 2.746e-03 7.408e-04 6.719e-03 -1.000 1.527e-02 -7.788 -7.952 -7.632 -8.436
0.0152 0.01508 6.95000 19.9070110321 2.6306404301   19.428  4.999  3.7127  0.530    1  0.000  0.545     0.00     0.00     0.00     0.00     0.00 -1 -2.11e-06      0.00 7.092e-01 2.755e-01 2.746e-03 7.408e-04 6.719e-03 -1.000 1.527e-02 -7.727 -7.791 -7.322 -8.422
0.0152 0.01508 6.95000 19.9074153900 2.6306405172   19.428  4.985  3.6890  0.450    1  0.000  0.545     0.00     0.00     0.00     0.00     0.00 -1  -1.8e-06      0.00 7.092e-01 2.755e-01 2.745e-03 7.409e-04 6.719e-03 -1.000 1.527e-02 -7.691 -7.686 -7.152 -8.371
0.0152 0.01508 6.95000 19.9078483582 2.6306406104   19.428  4.973  3.6679  0.377    1  0.000  0.544     0.00     0.00     0.00     0.00     0.00 -1 -1.54e-06      0.00 7.092e-01 2.755e-01 2.740e-03 7.462e-04 6.719e-03 -1.000 1.527e-02 -7.662 -7.589 -6.995 -8.320
0.0152 0.01508 6.95000 19.9081916809 2.6306406843   19.428  4.968  3.6523  0.319    1  0.000  0.543     0.00     0.00     0.00     0.00     0.00 -1 -1.39e-06      0.00 7.085e-01 2.762e-01 2.728e-03 7.746e-04 6.702e-03 -1.000 1.527e-02 -7.651 -7.511 -6.868 -8.277
0.0152 0.01508 6.95000 19.9084358215 2.6306407369   19.428  4.966  3.6409  0.276    1  0.000  0.542     0.00     0.00     0.00     0.00     0.00 -1 -1.33e-06      0.00 7.083e-01 2.765e-01 2.723e-03 7.865e-04 6.695e-03 -1.000 1.527e-02 -7.644 -7.447 -6.766 -8.241
0.0152 0.01508 6.95000 19.9088954926 2.6306408359   19.428  4.962  3.6206  0.199    1  0.000  0.541     0.00     0.00     0.00     0.00     0.00 -1 -1.23e-06      0.00 7.080e-01 2.767e-01 2.714e-03 7.995e-04 6.689e-03 -1.000 1.527e-02 -7.634 -7.320 -6.561 -8.165
0.0152 0.01508 6.95000 19.9309806824 2.6306455845   19.427  5.081  3.5586 -0.168    1  0.000  0.424     0.00     0.00     0.00     0.00     0.00 -1 -1.81e-06      0.00 6.524e-01 3.323e-01 1.730e-03 2.987e-03 5.441e-03 -1.000 1.529e-02 -7.931 -7.041 -5.793 -8.130
0.0152 0.01508 6.95000 19.9649906158 2.6306528735   19.424  5.074  3.5603 -0.154    1  0.000  0.420     0.00     0.00     0.00     0.00     0.00 -1 -1.85e-06      0.00 6.491e-01 3.355e-01 1.692e-03 3.094e-03 5.372e-03 -1.000 1.533e-02 -7.915 -7.050 -5.833 -8.128
0.0152 0.01508 6.95000 20.0000000000 2.6306603470   19.427  5.062  3.5626 -0.133    1  0.000  0.420     0.00     0.00     0.00     0.00     0.00 -1 -1.74e-06      0.00 6.491e-01 3.356e-01 1.693e-03 3.093e-03 5.371e-03 -1.000 1.533e-02 -7.885 -7.052 -5.867 -8.117
0.0152 0.01508 6.95000 20.0591583252 2.6306729073   19.429  5.045  3.5662 -0.102    1  0.000  0.422     0.00     0.00     0.00     0.00     0.00 -1  -1.6e-06      0.00 6.497e-01 3.349e-01 1.704e-03 3.068e-03 5.386e-03 -1.000 1.533e-02 -7.842 -7.057 -5.922 -8.102
0.0152 0.01508 6.95000 20.6531448364 2.6307944484   19.393  5.084  3.5658 -0.143    1  0.000  0.434     0.00     0.00     0.00     0.00     0.00 -1 -1.95e-06      0.00 6.555e-01 3.292e-01 1.801e-03 2.845e-03 5.509e-03 -1.000 1.532e-02 -7.941 -7.150 -6.006 -8.198
0.0152 0.01508 6.95000 20.6686172485 2.6307975072   19.389  5.086  3.5657 -0.146    1  0.000  0.435     0.00     0.00     0.00     0.00     0.00 -1 -1.96e-06      0.00 6.557e-01 3.290e-01 1.804e-03 2.839e-03 5.513e-03 -1.000 1.532e-02 -7.945 -7.151 -6.004 -8.200
0.0152 0.01508 6.95000 20.7929592133 2.6308218986   19.348  5.099  3.5638 -0.167    1  0.000  0.437     0.00     0.00     0.00     0.00     0.00 -1 -2.09e-06      0.00 6.569e-01 3.278e-01 1.821e-03 2.794e-03 5.538e-03 -1.000 1.532e-02 -7.978 -7.160 -5.987 -8.220
0.0152 0.01508 6.95000 20.9619674683 2.6308545189   19.275  5.117  3.5614 -0.196    2  0.000  0.439     0.00     0.00     0.00     0.00     0.00 -1 -2.28e-06      0.00 6.585e-01 3.262e-01 1.843e-03 2.733e-03 5.573e-03 -1.000 1.531e-02 -8.022 -7.171 -5.964 -8.245
0.0152 0.01508 6.95000 21.1294250488 2.6308862487   19.176  5.136  3.5584 -0.229    3  0.000  0.435   566.47   274.91   175.81   128.10   107.15  0 -2.52e-06      0.00 6.544e-01 3.303e-01 1.795e-03 2.859e-03 5.491e-03 -1.000 1.531e-02 -8.069 -7.174 -5.916 -8.267
0.0152 0.01508 6.95000 21.2881278992 2.6309157904   19.055  5.163  3.5542 -0.276    3  0.000  0.421   607.88   298.63   190.25   138.82   116.13  0 -2.91e-06      0.00 6.431e-01 3.416e-01 1.671e-03 3.200e-03 5.277e-03 -1.000 1.530e-02 -8.137 -7.176 -5.837 -8.295
0.0152 0.01508 6.95000 21.3345661163 2.6309243392   19.016  5.172  3.5528 -0.292    3  0.000  0.417   622.40   307.02   195.34   142.60   119.31  0 -3.05e-06      0.00 6.396e-01 3.451e-01 1.631e-03 3.313e-03 5.205e-03 -1.000 1.531e-02 -8.160 -7.177 -5.813 -8.306
0.0152 0.01508 6.95000 21.3491973877 2.6309270237   19.002  5.186  3.5509 -0.313    3  0.000  0.412   643.53   319.24   202.75   148.10   123.92  0 -3.23e-06      0.00 6.370e-01 3.477e-01 1.599e-03 3.401e-03 5.149e-03 -1.000 1.530e-02 -8.194 -7.181 -5.779 -8.322
0.0152 0.01508 6.95000 21.3682193756 2.6309305076   18.982  5.219  3.5463 -0.366    3  0.000  0.406   697.46   350.71   221.80   162.24   135.78  0 -3.78e-06      0.00 6.326e-01 3.521e-01 1.548e-03 3.544e-03 5.057e-03 -1.000 1.526e-02 -8.278 -7.181 -5.670 -8.354
0.0152 0.01508 6.95000 21.3724441528 2.6309312804   18.977  5.244  3.5432 -0.403    3  0.000  0.401   739.03   375.25   236.59   173.24   145.01  0 -4.26e-06      0.00 6.293e-01 3.554e-01 1.509e-03 3.652e-03 4.988e-03 -1.000 1.526e-02 -8.340 -7.184 -5.595 -8.380
0.0152 0.01508 6.95000 21.3832302094 2.6309332518   18.958  5.290  3.5376 -0.472    3  0.000  0.396   821.55   424.65   266.24   195.32   163.54  0  -5.3e-06      0.00 6.264e-01 3.584e-01 1.473e-03 3.752e-03 4.924e-03 -1.000 1.527e-02 -8.454 -7.186 -5.444 -8.421
0.0152 0.01508 6.95000 21.3868198395 2.6309339074   18.951  5.318  3.5342 -0.514    3  0.000  0.395   876.73   458.15   286.27   210.24   176.07  0 -6.08e-06      0.00 6.254e-01 3.593e-01 1.463e-03 3.783e-03 4.903e-03 -1.000 1.526e-02 -8.526 -7.183 -5.341 -8.441
0.0152 0.01508 6.95000 21.3914871216 2.6309347594   18.942  5.354  3.5301 -0.566    3  0.000  0.394   951.22   503.94   313.53   230.59   193.15  0 -7.27e-06      0.00 6.243e-01 3.605e-01 1.452e-03 3.821e-03 4.875e-03 -1.000 1.526e-02 -8.616 -7.182 -5.223 -8.468
0.0152 0.01508 6.95000 21.3923511505 2.6309349171   18.943  5.360  3.5296 -0.574    3  0.000  0.394   962.31   510.80   317.60   233.64   195.71  0 -7.49e-06      0.00 6.239e-01 3.608e-01 1.450e-03 3.828e-03 4.870e-03 -1.000 1.527e-02 -8.629 -7.180 -5.202 -8.470
# Zini     MH   logAge Mini        int_IMF         Mass   logL    logTe  logg  label   McoreTP C_O  period0  period1  period2  period3  period4  pmode  Mloss  tau1m   X   Y   Xc  Xn  Xo  Cexcess  Z 	 mbolmag  Gmag    G_BPmag  G_RPmag
0.0152 0.01508 7.00000 0.0900000036 1.0816895926    0.090 -2.068  3.3976  4.003    0  0.000  0.545     0.00     0.00     0.00     0.00     0.00 -1 -3.61e-15      0.00 7.092e-01 2.755e-01 2.746e-03 7.408e-04 6.719e-03 -1.000 1.527e-02 9.941 11.959 14.514 10.508
0.0152 0.01508 7.00000 0.1000000015 1.1711064122    0.100 -2.005  3.4044  4.013    0  0.000  0.545     0.00     0.00     0.00     0.00     0.00 -1 -3.92e-15      0.00 7.092e-01 2.755e-01 2.746e-03 7.408e-04 6.719e-03 -1.000 1.527e-02 9.783 11.802 14.360 10.351
0.0152 0.01508 7.00000 0.1002388895 1.1730988297    0.100 -2.004  3.4045  4.013    0  0.000  0.545     0.00     0.00     0.00     0.00     0.00 -1 -3.92e-15      0.00 7.092e-01 2.755e-01 2.746e-03 7.408e-04 6.719e-03 -1.000 1.527e-02 9.780 11.798 14.357 10.347
0.0152 0.01508 7.00000 0.1232361123 1.3402770293    0.123 -1.877  3.4178  4.029    0  0.000  0.545     0.00     0.00     0.00     0.00     0.00 -1 -4.66e-15      0.00 7.092e-01 2.755e-01 2.746e-03 7.408e-04 6.719e-03 -1.000 1.527e-02 9.462 11.461 14.000 10.014
0.0152 0.01508 7.00000 0.1365286857 1.4194215409    0.136 -1.812  3.4246  4.035    0  0.000  0.545     0.00     0.00     0.00     0.00     0.00 -1 -5.09e-15      0.00 7.092e-01 2.755e-01 2.746e-03 7.408e-04 6.719e-03 -1.000 1.527e-02 9.299 11.217 13.666 9.788
0.0152 0.01508 7.00000 0.1425665617 1.4521334624    0.142 -1.785  3.4276  4.039    0  0.000  0.545     0.00     0.00     0.00     0.00     0.00 -1 -5.25e-15      0.00 7.092e-01 2.755e-01 2.746e-03 7.408e-04 6.719e-03 -1.000 1.527e-02 9.233 11.109 13.511 9.690
0.0152 0.01508 7.00000 0.1464714110 1.4723450829    0.146 -1.768  3.4296  4.042    0  0.000  0.545     0.00     0.00     0.00     0.00     0.00 -1 -5.38e-15      0.00 7.092e-01 2.755e-01 2.746e-03 7.408e-04 6.719e-03 -1.000 1.527e-02 9.189 11.036 13.405 9.624
0.0152 0.01508 7.00000 0.1487218440 1.4836779299    0.149 -1.757  3.4308  4.042    0  0.000  0.545     0.00     0.00     0.00     0.00     0.00 -1 -5.48e-15      0.00 7.092e-01 2.755e-01 2.746e-03 7.408e-04 6.719e-03 -1.000 1.527e-02 9.162 10.994 13.345 9.584
0.0152 0.01508 7.00000 0.1678348184 1.5717281410    0.168 -1.679  3.4396  4.052    0  0.000  0.545     0.00     0.00     0.00     0.00     0.00 -1 -6.12e-15      0.00 7.092e-01 2.755e-01 2.746e-03 7.408e-04 6.719e-03 -1.000 1.527e-02 8.967 10.688 12.923 9.303
0.0152 0.01508 7.00000 0.1812119335 1.6259445318    0.181 -1.628  3.4456  4.059    0  0.000  0.545     0.00     0.00     0.00     0.00     0.00 -1 -6.58e-15      0.00 7.092e-01 2.755e-01 2.746e-03 7.408e-04 6.719e-03 -1.000 1.527e-02 8.840 10.487 12.643 9.120
0.0152 0.01508 7.00000 0.1957345307 1.6792045001    0.196 -1.578  3.4515  4.065    0  0.000  0.545     0.00     0.00     0.00     0.00     0.00 -1 -7.05e-15      0.00 7.092e-01 2.755e-01 2.746e-03 7.408e-04 6.719e-03 -1.000 1.527e-02 8.714 10.290 12.370 8.940
0.0152 0.01508 7.00000 0.2082457393 1.7211260625    0.208 -1.539  3.4558  4.071    0  0.000  0.545     0.00     0.00     0.00     0.00     0.00 -1 -7.42e-15      0.00 7.092e-01 2.755e-01 2.746e-03 7.408e-04 6.719e-03 -1.000 1.527e-02 8.618 10.143 12.166 8.806
0.0152 0.01508 7.00000 0.2266919166 1.7773006114    0.227 -1.484  3.4621  4.078    0  0.000  0.545     0.00     0.00     0.00     0.00     0.00 -1 -8.01e-15      0.00 7.092e-01 2.755e-01 2.746e-03 7.408e-04 6.719e-03 -1.000 1.527e-02 8.480 9.935 11.880 8.616
0.0152 0.01508 7.00000 0.2468128204 1.8321681787    0.247 -1.429  3.4685  4.085    0  0.000  0.545     0.00     0.00     0.00     0.00     0.00 -1 -8.64e-15      0.00 7.092e-01 2.755e-01 2.746e-03 7.408e-04 6.719e-03 -1.000 1.527e-02 8.342 9.734 11.609 8.432
0.0152 0.01508 7.00000 0.2666988671 1.8809610677    0.267 -1.380  3.4743  4.093    0  0.000  0.545     0.00     0.00     0.00     0.00     0.00 -1 -9.24e-15      0.00 7.092e-01 2.755e-01 2.746e-03 7.408e-04 6.719e-03 -1.000 1.527e-02 8.219 9.555 11.369 8.269
0.0152 0.01508 7.00000 0.2957241833 1.9442708408    0.296 -1.313  3.4823  4.102    0  0.000  0.545     0.00     0.00     0.00     0.00     0.00 -1 -1.01e-14      0.00 7.092e-01 2.755e-01 2.746e-03 7.408e-04 6.719e-03 -1.000 1.527e-02 8.051 9.311 11.041 8.048
0.0152 0.01508 7.00000 0.3000000119 1.9529139769    0.300 -1.303  3.4834  4.104    0  0.000  0.545     0.00     0.00     0.00     0.00     0.00 -1 -1.02e-14      0.00 7.092e-01 2.755e-01 2.746e-03 7.408e-04 6.719e-03 -1.000 1.527e-02 8.028 9.277 10.995 8.017
0.0152 0.01508 7.00000 0.3167750239 1.9853372525    0.317 -1.269  3.4876  4.110    0  0.000  0.545     0.00     0.00     0.00     0.00     0.00 -1 -1.07e-14      0.00 7.092e-01 2.755e-01 2.746e-03 7.408e-04 6.719e-03 -1.000 1.527e-02 7.943 9.153 10.826 7.906
0.0152 0.01508 7.00000 0.3500000238 2.0434175133    0.350 -1.205  3.4955  4.121    0  0.000  0.545     0.00     0.00     0.00     0.00     0.00 -1 -1.16e-14      0.00 7.092e-01 2.755e-01 2.746e-03 7.408e-04 6.719e-03 -1.000 1.527e-02 7.784 8.928 10.529 7.702
0.0152 0.01508 7.00000 0.3562029004 2.0534683032    0.356 -1.195  3.4968  4.124    0  0.000  0.545     0.00     0.00     0.00     0.00     0.00 -1 -1.18e-14      0.00 7.092e-01 2.755e-01 2.746e-03 7.408e-04 6.719e-03 -1.000 1.527e-02 7.758 8.892 10.483 7.669
0.0152 0.01508 7.00000 0.4000000358 2.1185024810    0.400 -1.122  3.5055  4.136    0  0.000  0.545     0.00     0.00     0.00     0.00     0.00 -1  -1.3e-14      0.00 7.092e-01 2.755e-01 2.746e-03 7.408e-04 6.719e-03 -1.000 1.527e-02 7.576 8.644 10.165 7.444
0.0152 0.01508 7.00000 0.4148784876 2.1385198913    0.415 -1.100  3.5084  4.141    0  0.000  0.545     0.00     0.00     0.00     0.00     0.00 -1 -1.33e-14      0.00 7.092e-01 2.755e-01 2.746e-03 7.408e-04 6.719e-03 -1.000 1.527e-02 7.519 8.566 10.063 7.373
0.0152 0.01508 7.00000 0.4500000477 2.1822809714    0.450 -1.047  3.5152  4.151    0  0.000  0.545     0.00     0.00     0.00     0.00     0.00 -1 -1.43e-14      0.00 7.092e-01 2.755e-01 2.746e-03 7.408e-04 6.719e-03 -1.000 1.527e-02 7.387 8.386 9.831 7.211
0.0152 0.01508 7.00000 0.4722769260 2.2077997321    0.472 -1.018  3.5193  4.159    0  0.000  0.545     0.00     0.00     0.00     0.00     0.00 -1 -1.48e-14      0.00 7.092e-01 2.755e-01 2.746e-03 7.408e-04 6.719e-03 -1.000 1.527e-02 7.315 8.284 9.697 7.120
0.0152 0.01508 7.00000 0.5000000000 2.2374541529    0.500 -0.981  3.5243  4.167    0  0.000  0.545     0.00     0.00     0.00     0.00     0.00 -1 -1.55e-14      0.00 7.092e-01 2.755e-01 2.746e-03 7.408e-04 6.719e-03 -1.000 1.527e-02 7.223 8.156 9.531 7.005
0.0152 0.01508 7.00000 0.5152273178 2.2526194228    0.515 -0.962  3.5274  4.174    0  0.000  0.545     0.00     0.00     0.00     0.00     0.00 -1 -1.58e-14      0.00 7.092e-01 2.755e-01 2.746e-03 7.408e-04 6.719e-03 -1.000 1.527e-02 7.175 8.086 9.438 6.944
0.0152 0.01508 7.00000 0.5455184579 2.2799127511    0.545 -0.926  3.5324  4.182    0  0.000  0.545     0.00     0.00     0.00     0.00     0.00 -1 -1.66e-14      0.00 7.092e-01 2.755e-01 2.746e-03 7.408e-04 6.719e-03 -1.000 1.527e-02 7.084 7.961 9.276 6.833
0.0152 0.01508 7.00000 0.5500000119 2.2836582633    0.550 -0.921  3.5330  4.183    0  0.000  0.545     0.00     0.00     0.00     0.00     0.00 -1 -1.67e-14      0.00 7.092e-01 2.755e-01 2.746e-03 7.408e-04 6.719e-03 -1.000 1.527e-02 7.071 7.945 9.255 6.818
0.0152 0.01508 7.00000 0.5591799617 2.2911153981    0.559 -0.910  3.5349  4.187    0  0.000  0.545     0.00     0.00     0.00     0.00     0.00 -1 -1.69e-14      0.00 7.092e-01 2.755e-01 2.746e-03 7.408e-04 6.719e-03 -1.000 1.527e-02 7.044 7.904 9.200 6.783
0.0152 0.01508 7.00000 0.5896962881 2.3139972002    0.589 -0.875  3.5403  4.196    0  0.000  0.545     0.00     0.00     0.00     0.00     0.00 -1 -1.76e-14      0.00 7.092e-01 2.755e-01 2.746e-03 7.408e-04 6.719e-03 -1.000 1.527e-02 6.957 7.781 9.039 6.675
0.0152 0.01508 7.00000 0.6000000238 2.3211213258    0.600 -0.863  3.5418  4.198    0  0.000  0.545     0.00     0.00     0.00     0.00     0.00 -1 -1.79e-14      0.00 7.092e-01 2.755e-01 2.746e-03 7.408e-04 6.719e-03 -1.000 1.527e-02 6.929 7.743 8.990 6.641
0.0152 0.01508 7.00000 0.6240712404 2.3367151927    0.624 -0.834  3.5470  4.207    0  0.000  0.545     0.00     0.00     0.00     0.00     0.00 -1 -1.86e-14      0.00 7.092e-01 2.755e-01 2.746e-03 7.408e-04 6.719e-03 -1.000 1.527e-02 6.855 7.635 8.845 6.548
0.0152 0.01508 7.00000 0.6499999762 2.3520353107    0.650 -0.805  3.5517  4.215    0  0.000  0.545     0.00     0.00     0.00     0.00     0.00 -1 -1.93e-14      0.00 7.092e-01 2.755e-01 2.746e-03 7.408e-04 6.719e-03 -1.000 1.527e-02 6.783 7.531 8.709 6.459
0.0152 0.01508 7.00000 0.6701160669 2.3629865187    0.670 -0.780  3.5563  4.221    0  0.000  0.545     0.00     0.00     0.00     0.00     0.00 -1    -2e-14      0.00 7.092e-01 2.755e-01 2.746e-03 7.408e-04 6.719e-03 -1.000 1.527e-02 6.720 7.437 8.583 6.379
0.0152 0.01508 7.00000 0.7000000477 2.3779267258    0.700 -0.743  3.5627  4.229    0  0.000  0.545     0.00     0.00     0.00     0.00     0.00 -1 -2.11e-14      0.00 7.092e-01 2.755e-01 2.746e-03 7.408e-04 6.719e-03 -1.000 1.527e-02 6.627 7.302 8.404 6.263
0.0152 0.01508 7.00000 0.7500000000 2.3998889087    0.750 -0.584  3.6178  4.320    0  0.000  0.538     0.00     0.00     0.00     0.00     0.00 -1 -2.65e-14      0.00 7.092e-01 2.755e-01 2.710e-03 7.399e-04 6.720e-03 -1.000 1.527e-02 6.229 6.567 7.358 5.697
0.0152 0.01508 7.00000 0.7728369832 2.4088396324    0.773 -0.562  3.6205  4.322    0  0.000  0.538     0.00     0.00     0.00     0.00     0.00 -1 -2.73e-14      0.00 7.092e-01 2.755e-01 2.710e-03 7.399e-04 6.720e-03 -1.000 1.527e-02 6.176 6.499 7.278 5.637
0.0152 0.01508 7.00000 0.8000000119 2.4187244405    0.800 -0.533  3.6236  4.321    0  0.000  0.538     0.00     0.00     0.00     0.00     0.00 -1 -2.88e-14      0.00 7.092e-01 2.755e-01 2.710e-03 7.399e-04 6.720e-03 -1.000 1.527e-02 6.103 6.409 7.173 5.557
0.0152 0.01508 7.00000 0.8310694098 2.4291247030    0.831 -0.502  3.6278  4.323    0  0.000  0.538     0.00     0.00     0.00     0.00     0.00 -1 -3.03e-14      0.00 7.092e-01 2.755e-01 2.710e-03 7.399e-04 6.720e-03 -1.000 1.527e-02 6.025 6.309 7.053 5.469
0.0152 0.01508 7.00000 0.8500000238 2.4350346840    0.850 -0.481  3.6303  4.321    0  0.000  0.538     0.00     0.00     0.00     0.00     0.00 -1 -3.15e-14      0.00 7.092e-01 2.755e-01 2.710e-03 7.399e-04 6.720e-03 -1.000 1.527e-02 5.971 6.241 6.973 5.409
0.0152 0.01508 7.00000 0.8948807120 2.4479041518    0.894 -0.428  3.6373  4.318    0  0.000  0.538     0.00     0.00     0.00     0.00     0.00 -1 -3.48e-14      0.00 7.092e-01 2.755e-01 2.710e-03 7.399e-04 6.720e-03 -1.000 1.527e-02 5.840 6.073 6.773 5.263
0.0152 0.01508 7.00000 0.9000000358 2.4492786175    0.899 -0.422  3.6381  4.318    0  0.000  0.538     0.00     0.00     0.00     0.00     0.00 -1 -3.52e-14      0.00 7.092e-01 2.755e-01 2.710e-03 7.399e-04 6.720e-03 -1.000 1.527e-02 5.824 6.053 6.749 5.246
0.0152 0.01508 7.00000 0.9324629307 2.4575919936    0.932 -0.384  3.6432  4.317    0  0.000  0.538     0.00     0.00     0.00     0.00     0.00 -1 -3.77e-14      0.00 7.092e-01 2.755e-01 2.710e-03 7.399e-04 6.720e-03 -1.000 1.527e-02 5.731 5.934 6.607 5.142
0.0152 0.01508 7.00000 0.9500000477 2.4618122009    0.950 -0.362  3.6463  4.315    0  0.000  0.538     0.00     0.00     0.00     0.00     0.00 -1 -3.94e-14      0.00 7.092e-01 2.755e-01 2.710e-03 7.399e-04 6.720e-03 -1.000 1.527e-02 5.675 5.862 6.523 5.079
0.0152 0.01508 7.00000 0.9938915372 2.4716277252    0.994 -0.309  3.6540  4.312    0  0.000  0.538     0.00     0.00     0.00     0.00     0.00 -1 -4.37e-14      0.00 7.092e-01 2.755e-01 2.710e-03 7.399e-04 6.720e-03 -1.000 1.527e-02 5.543 5.692 6.321 4.931
0.0152 0.01508 7.00000 1.0000000000 2.4729154477    1.000 -0.301  3.6551  4.312    0  0.000  0.538     0.00     0.00     0.00     0.00     0.00 -1 -4.44e-14      0.00 7.092e-01 2.755e-01 2.710e-03 7.399e-04 6.720e-03 -1.000 1.527e-02 5.523 5.667 6.290 4.909
0.0152 0.01508 7.00000 1.0499999523 2.4828114860    1.050 -0.240  3.6646  4.309    0  0.000  0.538     0.00     0.00     0.00     0.00     0.00 -1 -4.62e-14      0.00 7.092e-01 2.755e-01 2.710e-03 7.399e-04 6.720e-03 -1.000 1.527e-02 5.370 5.471 6.059 4.740
0.0152 0.01508 7.00000 1.0668232441 2.4859022784    1.066 -0.218  3.6681  4.308    0  0.000  0.538     0.00     0.00     0.00     0.00     0.00 -1 -4.69e-14      0.00 7.092e-01 2.755e-01 2.710e-03 7.399e-04 6.720e-03 -1.000 1.527e-02 5.314 5.402 5.978 4.680
0.0152 0.01508 7.00000 1.0993043184 2.4915630989    1.099 -0.167  3.6758  4.301    0  0.000  0.538     0.00     0.00     0.00     0.00     0.00 -1 -4.96e-14      0.00 7.092e-01 2.755e-01 2.710e-03 7.399e-04 6.720e-03 -1.000 1.527e-02 5.188 5.246 5.795 4.545
0.0152 0.01508 7.00000 1.1000000238 2.4916801480    1.099 -0.166  3.6760  4.301    0  0.000  0.538     0.00     0.00     0.00     0.00     0.00 -1 -4.96e-14      0.00 7.092e-01 2.755e-01 2.710e-03 7.399e-04 6.720e-03 -1.000 1.527e-02 5.185 5.243 5.791 4.542
0.0152 0.01508 7.00000 1.1499999762 2.4996678137    1.149 -0.092  3.6876  4.293    0  0.000  0.538     0.00     0.00     0.00     0.00     0.00 -1 -5.33e-14      0.00 7.092e-01 2.755e-01 2.710e-03 7.399e-04 6.720e-03 -1.000 1.527e-02 4.999 5.017 5.530 4.347
0.0152 0.01508 7.00000 1.2000000477 2.5068948796    1.200 -0.012  3.7000  4.280    0  0.000  0.538     0.00     0.00     0.00     0.00     0.00 -1 -5.77e-14      0.00 7.092e-01 2.755e-01 2.710e-03 7.399e-04 6.720e-03 -1.000 1.527e-02 4.799 4.781 5.257 4.141
0.0152 0.01508 7.00000 1.2176464796 2.5092831387    1.217  0.017  3.7043  4.275    0  0.000  0.538     0.00     0.00     0.00     0.00     0.00 -1 -5.92e-14      0.00 7.092e-01 2.755e-01 2.710e-03 7.399e-04 6.720e-03 -1.000 1.527e-02 4.727 4.699 5.164 4.069
0.0152 0.01508 7.00000 1.2500000000 2.5134610955    1.250  0.074  3.7128  4.264    0  0.000  0.538     0.00     0.00     0.00     0.00     0.00 -1 -6.31e-14      0.00 7.092e-01 2.755e-01 2.710e-03 7.399e-04 6.720e-03 -1.000 1.527e-02 4.584 4.535 4.979 3.925
0.0152 0.01508 7.00000 1.2781745195 2.5169019575    1.278  0.126  3.7202  4.251    0  0.000  0.538     0.00     0.00     0.00     0.00     0.00 -1 -6.67e-14      0.00 7.092e-01 2.755e-01 2.710e-03 7.399e-04 6.720e-03 -1.000 1.527e-02 4.454 4.389 4.815 3.796
0.0152 0.01508 7.00000 1.2999999523 2.5194498592    1.300  0.169  3.7262  4.240    0  0.000  0.538     0.00     0.00     0.00     0.00     0.00 -1 -7.02e-14      0.00 7.092e-01 2.755e-01 2.710e-03 7.399e-04 6.720e-03 -1.000 1.527e-02 4.348 4.272 4.684 3.691
0.0152 0.01508 7.00000 1.3310067654 2.5229048879    1.331  0.233  3.7347  4.220    0  0.000  0.538     0.00     0.00     0.00     0.00     0.00 -1 -7.57e-14      0.00 7.092e-01 2.755e-01 2.710e-03 7.399e-04 6.720e-03 -1.000 1.527e-02 4.187 4.097 4.489 3.535
0.0152 0.01508 7.00000 1.3500001431 2.5249313723    1.350  0.275  3.7402  4.206    0  0.000  0.538     0.00     0.00     0.00     0.00     0.00 -1 -8.01e-14      0.00 7.092e-01 2.755e-01 2.710e-03 7.399e-04 6.720e-03 -1.000 1.527e-02 4.082 3.983 4.363 3.433
0.0152 0.01508 7.00000 1.3763772249 2.5276392507    1.377  0.338  3.7479  4.182    0  0.000  0.538     0.00     0.00     0.00     0.00     0.00 -1 -8.68e-14      0.00 7.092e-01 2.755e-01 2.710e-03 7.399e-04 6.720e-03 -1.000 1.527e-02 3.924 3.817 4.179 3.285
0.0152 0.01508 7.00000 1.4000000954 2.5299650415    1.400  0.400  3.7550  4.157    0  0.000  0.538     0.00     0.00     0.00     0.00     0.00 -1 -9.48e-14      0.00 7.092e-01 2.755e-01 2.709e-03 7.399e-04 6.720e-03 -1.000 1.527e-02 3.771 3.657 4.003 3.141
0.0152 0.01508 7.00000 1.4118086100 2.5310941519    1.412  0.432  3.7587  4.143    0  0.000  0.538     0.00     0.00     0.00     0.00     0.00 -1 -9.89e-14      0.00 7.092e-01 2.755e-01 2.709e-03 7.399e-04 6.720e-03 -1.000 1.527e-02 3.691 3.573 3.911 3.066
0.0152 0.01508 7.00000 1.4361276627 2.5333523697    1.436  0.503  3.7665  4.110    0  0.000  0.538     0.00     0.00     0.00     0.00     0.00 -1  -1.1e-13      0.00 7.092e-01 2.755e-01 2.709e-03 7.399e-04 6.720e-03 -1.000 1.527e-02 3.511 3.388 3.709 2.900
0.0152 0.01508 7.00000 1.4500000477 2.5346015836    1.450  0.547  3.7712  4.089    0  0.000  0.538     0.00     0.00     0.00     0.00     0.00 -1 -1.18e-13      0.00 7.092e-01 2.755e-01 2.709e-03 7.399e-04 6.720e-03 -1.000 1.527e-02 3.403 3.278 3.588 2.801
0.0152 0.01508 7.00000 1.4550548792 2.5350499696    1.455  0.563  3.7729  4.082    0  0.000  0.538     0.00     0.00     0.00     0.00     0.00 -1  -1.2e-13      0.00 7.092e-01 2.755e-01 2.709e-03 7.399e-04 6.720e-03 -1.000 1.527e-02 3.363 3.237 3.543 2.764
0.0152 0.01508 7.00000 1.4748178720 2.5367691612    1.475  0.626  3.7800  4.053    0  0.000  0.538     0.00     0.00     0.00     0.00     0.00 -1 -1.31e-13      0.00 7.092e-01 2.755e-01 2.709e-03 7.399e-04 6.720e-03 -1.000 1.527e-02 3.205 3.075 3.366 2.620
0.0152 0.01508 7.00000 1.4944739342 2.5384272879    1.495  0.689  3.7873  4.025    0  0.000  0.538     0.00     0.00     0.00     0.00     0.00 -1 -1.42e-13      0.00 7.092e-01 2.755e-01 2.709e-03 7.399e-04 6.720e-03 -1.000 1.527e-02 3.047 2.916 3.192 2.479
0.0152 0.01508 7.00000 1.5000000000 2.5388844597    1.500  0.706  3.7895  4.018    0  0.000  0.538     0.00     0.00     0.00     0.00     0.00 -1 -1.45e-13      0.00 7.092e-01 2.755e-01 2.709e-03 7.399e-04 6.720e-03 -1.000 1.527e-02 3.004 2.873 3.144 2.441
0.0152 0.01508 7.00000 1.5137841702 2.5400081144    1.514  0.750  3.7951  4.001    0  0.000  0.538     0.00     0.00     0.00     0.00     0.00 -1  -1.5e-13      0.00 7.092e-01 2.755e-01 2.709e-03 7.398e-04 6.720e-03 -1.000 1.527e-02 2.896 2.764 3.024 2.346
0.0152 0.01508 7.00000 1.5348714590 2.5416822727    1.535  0.814  3.8043  3.980    0  0.000  0.538     0.00     0.00     0.00     0.00     0.00 -1 -1.57e-13      0.00 7.092e-01 2.755e-01 2.709e-03 7.398e-04 6.720e-03 -1.000 1.527e-02 2.736 2.604 2.845 2.209
0.0152 0.01508 7.00000 1.5499999523 2.5428511323    1.550  0.857  3.8117  3.970    0  0.000  0.538     0.00     0.00     0.00     0.00     0.00 -1 -1.61e-13      0.00 7.092e-01 2.755e-01 2.709e-03 7.398e-04 6.720e-03 -1.000 1.527e-02 2.627 2.496 2.722 2.119
0.0152 0.01508 7.00000 1.5521349907 2.5430139813    1.552  0.863  3.8128  3.969    0  0.000  0.538     0.00     0.00     0.00     0.00     0.00 -1  -1.6e-13      0.00 7.092e-01 2.755e-01 2.709e-03 7.398e-04 6.720e-03 -1.000 1.527e-02 2.612 2.481 2.705 2.107
0.0152 0.01508 7.00000 1.5697836876 2.5443406402    1.570  0.910  3.8228  3.967    0  0.000  0.538     0.00     0.00     0.00     0.00     0.00 -1 -1.54e-13      0.00 7.092e-01 2.755e-01 2.709e-03 7.398e-04 6.720e-03 -1.000 1.527e-02 2.495 2.364 2.571 2.014
0.0152 0.01508 7.00000 1.5853563547 2.5454830772    1.585  0.946  3.8331  3.977    0  0.000  0.538     0.00     0.00     0.00     0.00     0.00 -1 -1.45e-13      0.00 7.092e-01 2.755e-01 2.709e-03 7.398e-04 6.720e-03 -1.000 1.527e-02 2.406 2.276 2.465 1.950
0.0152 0.01508 7.00000 1.6000000238 2.5465340628    1.600  0.973  3.8440  3.996    0  0.000  0.538     0.00     0.00     0.00     0.00     0.00 -1 -1.34e-13      0.00 7.092e-01 2.755e-01 2.709e-03 7.398e-04 6.720e-03 -1.000 1.527e-02 2.336 2.210 2.381 1.909
0.0152 0.01508 7.00000 1.6081007719 2.5471060113    1.608  0.987  3.8507  4.012    0  0.000  0.538     0.00     0.00     0.00     0.00     0.00 -1 -1.21e-13      0.00 7.092e-01 2.755e-01 2.709e-03 7.398e-04 6.720e-03 -1.000 1.527e-02 2.303 2.178 2.339 1.894
0.0152 0.01508 7.00000 1.6123692989 2.5474047307    1.612  0.993  3.8543  4.021    0  0.000  0.538     0.00     0.00     0.00     0.00     0.00 -1 -1.14e-13      0.00 7.092e-01 2.755e-01 2.709e-03 7.398e-04 6.720e-03 -1.000 1.527e-02 2.287 2.164 2.319 1.889
0.0152 0.01508 7.00000 1.6263736486 2.5483721306    1.626  0.996  3.8628  4.056    0  0.000  0.538     0.00     0.00     0.00     0.00     0.00 -1  -9.1e-14      0.00 7.092e-01 2.755e-01 2.709e-03 7.398e-04 6.719e-03 -1.000 1.527e-02 2.280 2.162 2.304 1.907
0.0152 0.01508 7.00000 1.6488643885 2.5498862837    1.648  0.981  3.8720  4.113    0  0.000  0.538     0.00     0.00     0.00     0.00     0.00 -1 -6.04e-14      0.00 7.092e-01 2.755e-01 2.709e-03 7.398e-04 6.719e-03 -1.000 1.527e-02 2.316 2.205 2.334 1.972
0.0152 0.01508 7.00000 1.6500000954 2.5499614852    1.649  0.980  3.8723  4.116    0  0.000  0.538     0.00     0.00     0.00     0.00     0.00 -1 -5.91e-14      0.00 7.092e-01 2.755e-01 2.709e-03 7.398e-04 6.719e-03 -1.000 1.527e-02 2.319 2.209 2.337 1.976
0.0152 0.01508 7.00000 1.6529560089 2.5501566559    1.652  0.977  3.8733  4.124    0  0.000  0.538     0.00     0.00     0.00     0.00     0.00 -1 -5.71e-15      0.00 7.092e-01 2.755e-01 2.709e-03 7.398e-04 6.719e-03 -1.000 1.527e-02 2.327 2.217 2.344 1.986
0.0152 0.01508 7.00000 1.6668853760 2.5510656685    1.666  0.952  3.8741  4.156    0  0.000  0.538     0.00     0.00     0.00     0.00     0.00 -1 -1.02e-19      0.00 7.092e-01 2.755e-01 2.709e-03 7.398e-04 6.719e-03 -1.000 1.527e-02 2.390 2.282 2.408 2.052
0.0152 0.01508 7.00000 1.6792840958 2.5518602215    1.679  0.928  3.8732  4.180    0  0.000  0.538     0.00     0.00     0.00     0.00     0.00 -1 -6.91e-24      0.00 7.092e-01 2.755e-01 2.709e-03 7.398e-04 6.719e-03 -1.000 1.527e-02 2.451 2.343 2.471 2.110
0.0152 0.01508 7.00000 1.6922889948 2.5526792499    1.691  0.907  3.8718  4.199    0  0.000  0.538     0.00     0.00     0.00     0.00     0.00 -1 -3.38e-28      0.00 7.092e-01 2.755e-01 2.709e-03 7.398e-04 6.719e-03 -1.000 1.527e-02 2.503 2.395 2.525 2.158
0.0152 0.01508 7.00000 1.7000000477 2.5531580802    1.699  0.901  3.8715  4.205    0  0.000  0.538     0.00     0.00     0.00     0.00     0.00 -1    -1e-30      0.00 7.092e-01 2.755e-01 2.709e-03 7.398e-04 6.719e-03 -1.000 1.527e-02 2.518 2.410 2.541 2.172
0.0152 0.01508 7.00000 1.7136985064 2.5539964998    1.713  0.892  3.8710  4.216    0  0.000  0.538     0.00     0.00     0.00     0.00     0.00 -1    -1e-30      0.00 7.092e-01 2.755e-01 2.709e-03 7.398e-04 6.719e-03 -1.000 1.527e-02 2.540 2.432 2.564 2.193
0.0152 0.01508 7.00000 1.7366656065 2.5553681390    1.736  0.899  3.8729  4.223    0  0.000  0.538     0.00     0.00     0.00     0.00     0.00 -1    -1e-30      0.00 7.092e-01 2.755e-01 2.709e-03 7.398e-04 6.719e-03 -1.000 1.527e-02 2.524 2.417 2.547 2.183
0.0152 0.01508 7.00000 1.7500000000 2.5561455243    1.749  0.920  3.8772  4.222    0  0.000  0.538     0.00     0.00     0.00     0.00     0.00 -1    -1e-30      0.00 7.092e-01 2.755e-01 2.709e-03 7.398e-04 6.719e-03 -1.000 1.527e-02 2.470 2.367 2.489 2.143
0.0152 0.01508 7.00000 1.7726495266 2.5574352011    1.772  0.955  3.8844  4.221    0  0.000  0.538     0.00     0.00     0.00     0.00     0.00 -1    -1e-30      0.00 7.092e-01 2.755e-01 2.709e-03 7.398e-04 6.719e-03 -1.000 1.527e-02 2.381 2.283 2.395 2.077
0.0152 0.01508 7.00000 1.7999999523 2.5589429085    1.799  1.006  3.8959  4.223    0  0.000  0.538     0.00     0.00     0.00     0.00     0.00 -1    -1e-30      0.00 7.092e-01 2.755e-01 2.709e-03 7.398e-04 6.719e-03 -1.000 1.527e-02 2.256 2.167 2.263 1.991
0.0152 0.01508 7.00000 1.8056583405 2.5592482799    1.805  1.016  3.8985  4.224    0  0.000  0.538     0.00     0.00     0.00     0.00     0.00 -1    -1e-30      0.00 7.092e-01 2.755e-01 2.709e-03 7.397e-04 6.719e-03 -1.000 1.527e-02 2.229 2.143 2.235 1.973
0.0152 0.01508 7.00000 1.8411368132 2.5611138840    1.840  1.088  3.9181  4.239    0  0.000  0.538     0.00     0.00     0.00     0.00     0.00 -1    -1e-30      0.00 7.092e-01 2.755e-01 2.709e-03 7.397e-04 6.719e-03 -1.000 1.527e-02 2.050 1.991 2.055 1.871
0.0152 0.01508 7.00000 1.8500000238 2.5615671203    1.849  1.107  3.9237  4.245    0  0.000  0.538     0.00     0.00     0.00     0.00     0.00 -1    -1e-30      0.00 7.092e-01 2.755e-01 2.709e-03 7.397e-04 6.719e-03 -1.000 1.527e-02 2.002 1.954 2.010 1.847
0.0152 0.01508 7.00000 1.8695518970 2.5625494875    1.868  1.148  3.9365  4.260    0  0.000  0.538     0.00     0.00     0.00     0.00     0.00 -1    -1e-30      0.00 7.092e-01 2.755e-01 2.709e-03 7.397e-04 6.719e-03 -1.000 1.527e-02 1.900 1.879 1.920 1.801
0.0152 0.01508 7.00000 1.9000000954 2.5640331317    1.899  1.191  3.9521  4.286    0  0.000  0.538     0.00     0.00     0.00     0.00     0.00 -1    -1e-30      0.00 7.092e-01 2.755e-01 2.709e-03 7.397e-04 6.719e-03 -1.000 1.526e-02 1.793 1.817 1.842 1.769
0.0152 0.01508 7.00000 1.9294139147 2.5654153551    1.929  1.215  3.9636  4.315    0  0.000  0.538     0.00     0.00     0.00     0.00     0.00 -1    -1e-30      0.00 7.092e-01 2.755e-01 2.709e-03 7.397e-04 6.719e-03 -1.000 1.526e-02 1.734 1.796 1.812 1.767
0.0152 0.01508 7.00000 1.9500001669 2.5663542767    1.950  1.224  3.9677  4.327    0  0.000  0.538     0.00     0.00     0.00     0.00     0.00 -1    -1e-30      0.00 7.092e-01 2.755e-01 2.709e-03 7.397e-04 6.719e-03 -1.000 1.527e-02 1.711 1.788 1.801 1.765
0.0152 0.01508 7.00000 1.9899635315 2.5681133551    1.990  1.247  3.9758  4.345    0  0.000  0.538     0.00     0.00     0.00     0.00     0.00 -1    -1e-30      0.00 7.093e-01 2.755e-01 2.709e-03 7.397e-04 6.718e-03 -1.000 1.525e-02 1.653 1.763 1.770 1.751
0.0152 0.01508 7.00000 2.0000000000 2.5685424513    2.000  1.254  3.9774  4.347    0  0.000  0.538     0.00     0.00     0.00     0.00     0.00 -1    -1e-30      0.00 7.093e-01 2.755e-01 2.709e-03 7.397e-04 6.718e-03 -1.000 1.525e-02 1.635 1.751 1.757 1.742
0.0152 0.01508 7.00000 2.0499999523 2.5706083333    2.050  1.278  3.9839  4.359    0  0.000  0.538     0.00     0.00     0.00     0.00     0.00 -1    -1e-30      0.00 7.093e-01 2.754e-01 2.709e-03 7.397e-04 6.718e-03 -1.000 1.527e-02 1.575 1.718 1.720 1.717
0.0152 0.01508 7.00000 2.0825588703 2.5718924338    2.082  1.303  3.9888  4.361    0  0.000  0.538     0.00     0.00     0.00     0.00     0.00 -1    -1e-30      0.00 7.093e-01 2.754e-01 2.709e-03 7.396e-04 6.718e-03 -1.000 1.527e-02 1.513 1.678 1.676 1.683
0.0152 0.01508 7.00000 2.0999999046 2.5725614918    2.099  1.317  3.9917  4.361    0  0.000  0.538     0.00     0.00     0.00     0.00     0.00 -1    -1e-30      0.00 7.093e-01 2.754e-01 2.709e-03 7.396e-04 6.718e-03 -1.000 1.527e-02 1.477 1.654 1.650 1.662
0.0152 0.01508 7.00000 2.1500000954 2.5744105556    2.149  1.358  3.9996  4.362    0  0.000  0.538     0.00     0.00     0.00     0.00     0.00 -1    -1e-30      0.00 7.093e-01 2.754e-01 2.709e-03 7.396e-04 6.718e-03 -1.000 1.527e-02 1.374 1.587 1.579 1.605
0.0152 0.01508 7.00000 2.2000000477 2.5761632879    2.199  1.399  4.0073  4.363    0  0.000  0.538     0.00     0.00     0.00     0.00     0.00 -1    -1e-30      0.00 7.093e-01 2.754e-01 2.709e-03 7.396e-04 6.718e-03 -1.000 1.527e-02 1.274 1.523 1.510 1.548
0.0152 0.01508 7.00000 2.2500000000 2.5778267375    2.249  1.438  4.0147  4.363    0  0.000  0.538     0.00     0.00     0.00     0.00     0.00 -1    -1e-30      0.00 7.093e-01 2.754e-01 2.709e-03 7.396e-04 6.717e-03 -1.000 1.527e-02 1.176 1.460 1.444 1.493
0.0152 0.01508 7.00000 2.2999999523 2.5794072884    2.299  1.475  4.0218  4.363    0  0.000  0.538     0.00     0.00     0.00     0.00     0.00 -1    -1e-30      0.00 7.093e-01 2.754e-01 2.709e-03 7.396e-04 6.717e-03 -1.000 1.527e-02 1.082 1.400 1.380 1.439
0.0152 0.01508 7.00000 2.4000000954 2.5823423892    2.399  1.548  4.0353  4.364    0  0.000  0.538     0.00     0.00     0.00     0.00     0.00 -1    -1e-30      0.00 7.093e-01 2.754e-01 2.709e-03 7.396e-04 6.717e-03 -1.000 1.527e-02 0.900 1.285 1.259 1.336
0.0152 0.01508 7.00000 2.5999999046 2.5874412955    2.600  1.683  4.0601  4.363    0  0.000  0.538     0.00     0.00     0.00     0.00     0.00 -1    -1e-30      0.00 7.092e-01 2.755e-01 2.710e-03 7.399e-04 6.720e-03 -1.000 1.527e-02 0.563 1.073 1.036 1.142
0.0152 0.01508 7.00000 2.7468867302 2.5906472999    2.747  1.775  4.0766  4.360    1  0.000  0.538     0.00     0.00     0.00     0.00     0.00 -1    -1e-30      0.00 7.092e-01 2.755e-01 2.710e-03 7.399e-04 6.720e-03 -1.000 1.527e-02 0.332 0.927 0.884 1.006
0.0152 0.01508 7.00000 2.8000001907 2.5917117867    2.800  1.807  4.0822  4.359    1  0.000  0.538     0.00     0.00     0.00     0.00     0.00 -1    -1e-30      0.00 7.092e-01 2.755e-01 2.710e-03 7.399e-04 6.720e-03 -1.000 1.527e-02 0.252 0.876 0.832 0.959
0.0152 0.01508 7.00000 3.0000000000 2.5953341962    3.000  1.922  4.1024  4.354    1  0.000  0.538     0.00     0.00     0.00     0.00     0.00 -1    -1e-30      0.00 7.092e-01 2.755e-01 2.710e-03 7.399e-04 6.720e-03 -1.000 1.527e-02 -0.036 0.695 0.645 0.791
0.0152 0.01508 7.00000 3.0074448586 2.5954583813    3.008  1.927  4.1031  4.354    1  0.000  0.538     0.00     0.00     0.00     0.00     0.00 -1    -1e-30      0.00 7.092e-01 2.755e-01 2.710e-03 7.399e-04 6.720e-03 -1.000 1.527e-02 -0.046 0.689 0.638 0.785
0.0152 0.01508 7.00000 3.2000000477 2.5984409005    3.199  2.029  4.1209  4.349    0  0.000  0.538     0.00     0.00     0.00     0.00     0.00 -1    -1e-30      0.00 7.092e-01 2.755e-01 2.710e-03 7.399e-04 6.720e-03 -1.000 1.527e-02 -0.304 0.529 0.473 0.635
0.0152 0.01508 7.00000 3.4000000954 2.6011310876    3.398  2.129  4.1378  4.343    1  0.000  0.538     0.00     0.00     0.00     0.00     0.00 -1    -1e-30      0.00 7.092e-01 2.755e-01 2.710e-03 7.399e-04 6.720e-03 -1.000 1.527e-02 -0.554 0.374 0.312 0.489
0.0152 0.01508 7.00000 3.6000001431 2.6034804607    3.598  2.223  4.1533  4.336    1  0.000  0.538     0.00     0.00     0.00     0.00     0.00 -1    -1e-30      0.00 7.092e-01 2.755e-01 2.710e-03 7.399e-04 6.720e-03 -1.000 1.527e-02 -0.788 0.227 0.161 0.351
0.0152 0.01508 7.00000 3.7569744587 2.6051243373    3.755  2.293  4.1649  4.331    1  0.000  0.538     0.00     0.00     0.00     0.00     0.00 -1    -1e-30      0.00 7.092e-01 2.755e-01 2.710e-03 7.399e-04 6.720e-03 -1.000 1.527e-02 -0.963 0.120 0.050 0.250
0.0152 0.01508 7.00000 3.8000001907 2.6055477311    3.798  2.312  4.1681  4.330    1  0.000  0.538     0.00     0.00     0.00     0.00     0.00 -1    -1e-30      0.00 7.092e-01 2.755e-01 2.710e-03 7.399e-04 6.720e-03 -1.000 1.527e-02 -1.010 0.091 0.020 0.223
0.0152 0.01508 7.00000 4.0000000000 2.6073790840    4.001  2.395  4.1817  4.324    1  0.000  0.538     0.00     0.00     0.00     0.00     0.00 -1    -1e-30      0.00 7.092e-01 2.755e-01 2.710e-03 7.399e-04 6.720e-03 -1.000 1.527e-02 -1.218 -0.038 -0.113 0.101
0.0152 0.01508 7.00000 4.1999998093 2.6090113217    4.198  2.475  4.1946  4.317    1  0.000  0.538     0.00     0.00     0.00     0.00     0.00 -1    -1e-30      0.00 7.092e-01 2.755e-01 2.710e-03 7.399e-04 6.720e-03 -1.000 1.527e-02 -1.416 -0.161 -0.240 -0.014
0.0152 0.01508 7.00000 4.4000000954 2.6104741055    4.397  2.550  4.2066  4.310    1  0.000  0.538     0.00     0.00     0.00     0.00     0.00 -1    -1e-30      0.00 7.092e-01 2.755e-01 2.710e-03 7.399e-04 6.720e-03 -1.000 1.527e-02 -1.604 -0.278 -0.361 -0.125
0.0152 0.01508 7.00000 4.5999999046 2.6117915791    4.597  2.621  4.2179  4.303    1  0.000  0.538     0.00     0.00     0.00     0.00     0.00 -1    -1e-30      0.00 7.092e-01 2.755e-01 2.710e-03 7.399e-04 6.720e-03 -1.000 1.527e-02 -1.783 -0.391 -0.477 -0.231
0.0152 0.01508 7.00000 4.8000001907 2.6129836005    4.798  2.690  4.2289  4.297    1  0.000  0.538     0.00     0.00     0.00     0.00     0.00 -1    -1e-30      0.00 7.092e-01 2.755e-01 2.710e-03 7.399e-04 6.720e-03 -1.000 1.527e-02 -1.955 -0.498 -0.587 -0.332
0.0152 0.01508 7.00000 5.0000000000 2.6140666223    4.999  2.755  4.2388  4.289    1  0.000  0.538     0.00     0.00     0.00     0.00     0.00 -1    -1e-30      0.00 7.092e-01 2.755e-01 2.710e-03 7.399e-04 6.720e-03 -1.000 1.527e-02 -2.118 -0.603 -0.695 -0.431
0.0152 0.01508 7.00000 5.0243020058 2.6141914812    5.023  2.763  4.2400  4.288    1  0.000  0.538     0.00     0.00     0.00     0.00     0.00 -1    -1e-30      0.00 7.092e-01 2.755e-01 2.710e-03 7.399e-04 6.720e-03 -1.000 1.527e-02 -2.137 -0.615 -0.708 -0.443
0.0152 0.01508 7.00000 5.1999998093 2.6150544000    5.200  2.818  4.2485  4.282    1  0.000  0.538     0.00     0.00     0.00     0.00     0.00 -1    -1e-30      0.00 7.092e-01 2.755e-01 2.710e-03 7.399e-04 6.720e-03 -1.000 1.527e-02 -2.275 -0.703 -0.798 -0.526
0.0152 0.01508 7.00000 5.3999996185 2.6159585084    5.401  2.879  4.2579  4.275    1  0.000  0.538     0.00     0.00     0.00     0.00     0.00 -1    -1e-30      0.00 7.092e-01 2.755e-01 2.710e-03 7.399e-04 6.720e-03 -1.000 1.527e-02 -2.427 -0.800 -0.897 -0.617
0.0152 0.01508 7.00000 5.5999994278 2.6167887546    5.601  2.937  4.2668  4.268    1  0.000  0.538     0.00     0.00     0.00     0.00     0.00 -1    -1e-30      0.00 7.092e-01 2.755e-01 2.710e-03 7.399e-04 6.720e-03 -1.000 1.527e-02 -2.573 -0.894 -0.994 -0.706
0.0152 0.01508 7.00000 5.8000001907 2.6175535027    5.801  2.993  4.2752  4.261    1  0.000  0.538     0.00     0.00     0.00     0.00     0.00 -1    -1e-30      0.00 7.092e-01 2.755e-01 2.710e-03 7.399e-04 6.720e-03 -1.000 1.527e-02 -2.713 -0.985 -1.087 -0.792
0.0152 0.01508 7.00000 6.0000000000 2.6182599138    6.000  3.048  4.2834  4.254    1  0.000  0.538     0.00     0.00     0.00     0.00     0.00 -1    -1e-30      0.00 7.092e-01 2.755e-01 2.710e-03 7.399e-04 6.720e-03 -1.000 1.527e-02 -2.849 -1.073 -1.178 -0.876
0.0152 0.01508 7.00000 6.1999998093 2.6189141709    6.200  3.100  4.2913  4.248    1  0.000  0.538     0.00     0.00     0.00     0.00     0.00 -1    -1e-30      0.00 7.092e-01 2.755e-01 2.710e-03 7.399e-04 6.720e-03 -1.000 1.527e-02 -2.980 -1.159 -1.266 -0.957
0.0152 0.01508 7.00000 6.4000000954 2.6195216279    6.399  3.151  4.2987  4.241    1  0.000  0.538     0.00     0.00     0.00     0.00     0.00 -1    -1e-30      0.00 7.092e-01 2.755e-01 2.710e-03 7.399e-04 6.720e-03 -1.000 1.527e-02 -3.106 -1.243 -1.352 -1.037
0.0152 0.01508 7.00000 7.0000000000 2.6211069280    6.996  3.294  4.3197  4.220    1  0.000  0.538     0.00     0.00     0.00     0.00     0.00 -1    -1e-30      0.00 7.092e-01 2.755e-01 2.710e-03 7.399e-04 6.720e-03 -1.000 1.527e-02 -3.465 -1.482 -1.597 -1.265
0.0152 0.01508 7.00000 7.1827054024 2.6215295921    7.180  3.335  4.3255  4.213    1  0.000  0.538     0.00     0.00     0.00     0.00     0.00 -1    -1e-30      0.00 7.092e-01 2.755e-01 2.710e-03 7.399e-04 6.720e-03 -1.000 1.527e-02 -3.567 -1.552 -1.668 -1.331
0.0152 0.01508 7.00000 7.8277087212 2.6228420124    7.828  3.472  4.3449  4.191    1  0.000  0.538     0.00     0.00     0.00     0.00     0.00 -1    -1e-30      0.00 7.092e-01 2.755e-01 2.710e-03 7.399e-04 6.720e-03 -1.000 1.527e-02 -3.911 -1.788 -1.910 -1.557
0.0152 0.01508 7.00000 8.0000000000 2.6231516585    8.001  3.508  4.3498  4.184    1  0.000  0.538     0.00     0.00     0.00     0.00     0.00 -1    -1e-30      0.00 7.092e-01 2.755e-01 2.710e-03 7.399e-04 6.720e-03 -1.000 1.527e-02 -4.000 -1.850 -1.973 -1.616
0.0152 0.01508 7.00000 8.1099357605 2.6233413498    8.110  3.530  4.3527  4.180    1  0.000  0.538     0.00     0.00     0.00     0.00     0.00 -1    -1e-30      0.00 7.092e-01 2.755e-01 2.710e-03 7.399e-04 6.720e-03 -1.000 1.527e-02 -4.054 -1.888 -2.012 -1.652
0.0152 0.01508 7.00000 8.7556762695 2.6243458683    8.751  3.654  4.3691  4.155    1  0.000  0.538     0.00     0.00     0.00     0.00     0.00 -1    -1e-30      0.00 7.092e-01 2.755e-01 2.710e-03 7.399e-04 6.720e-03 -1.000 1.527e-02 -4.364 -2.108 -2.236 -1.865
0.0152 0.01508 7.00000 9.0000000000 2.6246829947    8.995  3.699  4.3749  4.145    1  0.000  0.538     0.00     0.00     0.00     0.00     0.00 -1    -1e-30      0.00 7.092e-01 2.755e-01 2.710e-03 7.399e-04 6.720e-03 -1.000 1.527e-02 -4.477 -2.191 -2.320 -1.945
0.0152 0.01508 7.00000 9.1304359436 2.6248545032    9.125  3.722  4.3779  4.140    1  0.000  0.538     0.00     0.00     0.00     0.00     0.00 -1    -1e-30      0.00 7.092e-01 2.755e-01 2.710e-03 7.399e-04 6.720e-03 -1.000 1.527e-02 -4.535 -2.233 -2.363 -1.986
0.0152 0.01508 7.00000 9.6927452087 2.6255335044    9.690  3.820  4.3898  4.116    1  0.000  0.538     0.00     0.00     0.00     0.00     0.00 -1    -1e-30      0.00 7.092e-01 2.755e-01 2.710e-03 7.399e-04 6.720e-03 -1.000 1.527e-02 -4.780 -2.414 -2.547 -2.161
0.0152 0.01508 7.00000 10.0000000000 2.6258676431    9.998  3.872  4.3959  4.102    1  0.000  0.538     0.00     0.00     0.00     0.00     0.00 -1    -1e-30      0.00 7.092e-01 2.755e-01 2.710e-03 7.399e-04 6.720e-03 -1.000 1.527e-02 -4.909 -2.512 -2.646 -2.256
0.0152 0.01508 7.00000 10.1434612274 2.6260157082   10.142  3.895  4.3986  4.095    1  0.000  0.538     0.00     0.00     0.00     0.00     0.00 -1    -1e-30      0.00 7.092e-01 2.755e-01 2.710e-03 7.399e-04 6.720e-03 -1.000 1.527e-02 -4.968 -2.556 -2.691 -2.299
0.0152 0.01508 7.00000 10.6504621506 2.6265024296   10.651  3.976  4.4075  4.072    1  0.000  0.538     0.00     0.00     0.00     0.00     0.00 -1    -1e-30      0.00 7.092e-01 2.755e-01 2.710e-03 7.399e-04 6.720e-03 -1.000 1.527e-02 -5.169 -2.696 -2.836 -2.435
0.0152 0.01508 7.00000 11.0000000000 2.6268081058   11.001  4.030  4.4131  4.054    1  0.000  0.538     0.00     0.00     0.00     0.00     0.00 -1    -1e-30      0.00 7.092e-01 2.755e-01 2.710e-03 7.399e-04 6.720e-03 -1.000 1.527e-02 -5.306 -2.807 -2.951 -2.537
0.0152 0.01508 7.00000 11.2928514481 2.6270475256   11.294  4.074  4.4174  4.038    1  0.000  0.538     0.00     0.00     0.00     0.00     0.00 -1    -1e-30      0.00 7.092e-01 2.755e-01 2.710e-03 7.399e-04 6.720e-03 -1.000 1.527e-02 -5.416 -2.899 -3.046 -2.622
0.0152 0.01508 7.00000 11.6818180084 2.6273442786   11.683  4.132  4.4225  4.015    1  0.000  0.538     0.00     0.00     0.00     0.00     0.00 -1    -1e-30      0.00 7.092e-01 2.755e-01 2.710e-03 7.399e-04 6.720e-03 -1.000 1.527e-02 -5.560 -3.025 -3.175 -2.738
0.0152 0.01508 7.00000 12.0000000000 2.6275706487   12.001  4.179  4.4263  3.996    1  0.000  0.538     0.00     0.00     0.00     0.00     0.00 -1    -1e-30      0.00 7.092e-01 2.755e-01 2.710e-03 7.399e-04 6.720e-03 -1.000 1.527e-02 -5.677 -3.129 -3.280 -2.838
0.0152 0.01508 7.00000 12.1029663086 2.6276409789   12.102  4.193  4.4274  3.990    1  0.000  0.538     0.00     0.00     0.00     0.00     0.00 -1 -1.61e-29      0.00 7.092e-01 2.755e-01 2.712e-03 7.400e-04 6.720e-03 -1.000 1.527e-02 -5.712 -3.160 -3.311 -2.871
0.0152 0.01508 7.00000 12.4780807495 2.6278859470   12.469  4.244  4.4311  3.966    1  0.000  0.539     0.00     0.00     0.00     0.00     0.00 -1 -3.32e-25      0.00 7.092e-01 2.755e-01 2.719e-03 7.402e-04 6.720e-03 -1.000 1.527e-02 -5.840 -3.275 -3.424 -2.991
0.0152 0.01508 7.00000 12.8513469696 2.6281134560   12.832  4.294  4.4343  3.941    1  0.000  0.541     0.00     0.00     0.00     0.00     0.00 -1 -4.94e-21      0.00 7.092e-01 2.755e-01 2.726e-03 7.403e-04 6.719e-03 -1.000 1.527e-02 -5.965 -3.389 -3.537 -3.109
0.0152 0.01508 7.00000 13.3304929733 2.6283841323   13.298  4.358  4.4372  3.905    1  0.000  0.543     0.00     0.00     0.00     0.00     0.00 -1 -7.66e-16      0.00 7.092e-01 2.755e-01 2.734e-03 7.405e-04 6.719e-03 -1.000 1.527e-02 -6.125 -3.541 -3.689 -3.263
0.0152 0.01508 7.00000 13.7729654312 2.6286149529   13.726  4.417  4.4389  3.866    1  0.000  0.544     0.00     0.00     0.00     0.00     0.00 -1 -3.28e-11      0.00 7.092e-01 2.755e-01 2.742e-03 7.407e-04 6.719e-03 -1.000 1.527e-02 -6.271 -3.684 -3.832 -3.408
0.0152 0.01508 7.00000 14.0000000000 2.6287268957   13.946  4.446  4.4392  3.845    0  0.000  0.545     0.00     0.00     0.00     0.00     0.00 -1 -6.92e-09      0.00 7.092e-01 2.755e-01 2.746e-03 7.408e-04 6.719e-03 -1.000 1.527e-02 -6.346 -3.759 -3.907 -3.484
0.0152 0.01508 7.00000 14.0053319931 2.6287294747   13.951  4.447  4.4392  3.845    0  0.000  0.545     0.00     0.00     0.00     0.00     0.00 -1 -6.94e-09      0.00 7.092e-01 2.755e-01 2.746e-03 7.408e-04 6.719e-03 -1.000 1.527e-02 -6.347 -3.761 -3.909 -3.485
0.0152 0.01508 7.00000 14.4551057816 2.6289391631   14.389  4.502  4.4393  3.803    0  0.000  0.545     0.00     0.00     0.00     0.00     0.00 -1 -8.81e-09      0.00 7.092e-01 2.755e-01 2.746e-03 7.408e-04 6.719e-03 -1.000 1.527e-02 -6.485 -3.905 -4.052 -3.629
0.0152 0.01508 7.00000 14.9503631592 2.6291533540   14.868  4.563  4.4373  3.749    0  0.000  0.545     0.00     0.00     0.00     0.00     0.00 -1 -1.12e-08      0.00 7.092e-01 2.755e-01 2.746e-03 7.408e-04 6.719e-03 -1.000 1.527e-02 -6.637 -4.075 -4.223 -3.798
0.0152 0.01508 7.00000 15.4330472946 2.6293469678   15.334  4.622  4.4335  3.688    0  0.000  0.545     0.00     0.00     0.00     0.00     0.00 -1  -1.4e-08      0.00 7.092e-01 2.755e-01 2.746e-03 7.408e-04 6.719e-03 -1.000 1.527e-02 -6.784 -4.253 -4.401 -3.975
0.0152 0.01508 7.00000 15.8649864197 2.6295087895   15.748  4.674  4.4279  3.625    0  0.000  0.545     0.00     0.00     0.00     0.00     0.00 -1 -1.66e-08      0.00 7.092e-01 2.755e-01 2.746e-03 7.408e-04 6.719e-03 -1.000 1.527e-02 -6.915 -4.426 -4.574 -4.148
0.0152 0.01508 7.00000 16.0000000000 2.6295573144   15.878  4.690  4.4258  3.604    0  0.000  0.545     0.00     0.00     0.00     0.00     0.00 -1 -1.74e-08      0.00 7.092e-01 2.755e-01 2.746e-03 7.408e-04 6.719e-03 -1.000 1.527e-02 -6.956 -4.484 -4.631 -4.206
0.0152 0.01508 7.00000 16.0600528717 2.6295785966   15.934  4.697  4.4248  3.595    0  0.000  0.545     0.00     0.00     0.00     0.00     0.00 -1 -1.78e-08      0.00 7.092e-01 2.755e-01 2.746e-03 7.408e-04 6.719e-03 -1.000 1.527e-02 -6.973 -4.508 -4.655 -4.231
0.0152 0.01508 7.00000 16.4149150848 2.6297007097   16.265  4.738  4.4171  3.532    0  0.000  0.545     0.00     0.00     0.00     0.00     0.00 -1 -1.94e-08      0.00 7.092e-01 2.755e-01 2.746e-03 7.408e-04 6.719e-03 -1.000 1.527e-02 -7.075 -4.665 -4.808 -4.399
0.0152 0.01508 7.00000 16.7581405640 2.6298131781   16.584  4.777  4.4080  3.464    0  0.000  0.545     0.00     0.00     0.00     0.00     0.00 -1 -2.07e-08      0.00 7.092e-01 2.755e-01 2.746e-03 7.408e-04 6.719e-03 -1.000 1.527e-02 -7.173 -4.831 -4.969 -4.577
0.0152 0.01508 7.00000 17.0788612366 2.6299135873   16.881  4.814  4.3976  3.394    0  0.000  0.545     0.00     0.00     0.00     0.00     0.00 -1 -2.16e-08      0.00 7.092e-01 2.755e-01 2.746e-03 7.408e-04 6.719e-03 -1.000 1.527e-02 -7.265 -4.968 -5.104 -4.722
0.0152 0.01508 7.00000 17.2709846497 2.6299716864   17.059  4.837  4.3899  3.345    0  0.000  0.545     0.00     0.00     0.00     0.00     0.00 -1 -2.17e-08      0.00 7.092e-01 2.755e-01 2.746e-03 7.408e-04 6.719e-03 -1.000 1.527e-02 -7.321 -5.074 -5.208 -4.831
0.0152 0.01508 7.00000 17.4593887329 2.6300272351   17.232  4.859  4.3813  3.292    0  0.000  0.545     0.00     0.00     0.00     0.00     0.00 -1 -2.26e-08      0.00 7.092e-01 2.755e-01 2.746e-03 7.408e-04 6.719e-03 -1.000 1.527e-02 -7.378 -5.183 -5.315 -4.943
0.0152 0.01508 7.00000 17.7063751221 2.6300980007   17.450  4.890  4.3725  3.232    0  0.000  0.545     0.00     0.00     0.00     0.00     0.00 -1 -4.76e-08      0.00 7.092e-01 2.755e-01 2.746e-03 7.408e-04 6.719e-03 -1.000 1.527e-02 -7.454 -5.278 -5.409 -5.041
0.0152 0.01508 7.00000 17.9698333740 2.6301710254   17.665  4.928  4.3790  3.225    0  0.000  0.545     0.00     0.00     0.00     0.00     0.00 -1 -3.16e-08      0.00 7.092e-01 2.755e-01 2.746e-03 7.408e-04 6.719e-03 -1.000 1.527e-02 -7.551 -5.363 -5.494 -5.124
0.0152 0.01508 7.00000 17.9979972839 2.6301786865   17.689  4.937  4.3876  3.251    0  0.000  0.545     0.00     0.00     0.00     0.00     0.00 -1 -3.31e-08      0.00 7.092e-01 2.755e-01 2.746e-03 7.408e-04 6.719e-03 -1.000 1.527e-02 -7.573 -5.336 -5.469 -5.094
0.0152 0.01508 7.00000 18.0000000000 2.6301792302   17.693  4.938  4.3887  3.254    0  0.000  0.545     0.00     0.00     0.00     0.00     0.00 -1 -3.37e-08      0.00 7.092e-01 2.755e-01 2.746e-03 7.408e-04 6.719e-03 -1.000 1.527e-02 -7.576 -5.332 -5.465 -5.089
0.0152 0.01508 7.00000 18.0035648346 2.6301801977   17.697  4.940  4.3904  3.260    0  0.000  0.545     0.00     0.00     0.00     0.00     0.00 -1 -3.47e-08      0.00 7.092e-01 2.755e-01 2.746e-03 7.408e-04 6.719e-03 -1.000 1.527e-02 -7.579 -5.325 -5.458 -5.081
0.0152 0.01508 7.00000 18.0125846863 2.6301826437   17.705  4.951  4.4009  3.291    0  0.000  0.545     0.00     0.00     0.00     0.00     0.00 -1 -4.16e-08      0.00 7.092e-01 2.755e-01 2.746e-03 7.408e-04 6.719e-03 -1.000 1.527e-02 -7.607 -5.352 -5.486 -5.111
0.0152 0.01508 7.00000 18.0171260834 2.6301838741   17.709  4.966  4.4120  3.320    0  0.000  0.545     0.00     0.00     0.00     0.00     0.00 -1 -5.14e-08      0.00 7.092e-01 2.755e-01 2.746e-03 7.408e-04 6.719e-03 -1.000 1.527e-02 -7.645 -5.328 -5.466 -5.078
0.0152 0.01508 7.00000 18.0188579559 2.6301843432   17.711  4.977  4.4190  3.337    0  0.000  0.545     0.00     0.00     0.00     0.00     0.00 -1 -5.89e-08      0.00 7.092e-01 2.755e-01 2.746e-03 7.408e-04 6.719e-03 -1.000 1.527e-02 -7.673 -5.316 -5.456 -5.059
0.0152 0.01508 7.00000 18.0198059082 2.6301845999   17.712  4.977  4.4195  3.339    0  0.000  0.545     0.00     0.00     0.00     0.00     0.00 -1    -6e-08      0.00 7.092e-01 2.755e-01 2.746e-03 7.408e-04 6.719e-03 -1.000 1.527e-02 -7.673 -5.313 -5.453 -5.055
0.0152 0.01508 7.00000 18.0240383148 2.6301857456   17.715  4.965  4.4125  3.323    1  0.000  0.545     0.00     0.00     0.00     0.00     0.00 -1 -5.25e-08      0.00 7.092e-01 2.755e-01 2.746e-03 7.408e-04 6.719e-03 -1.000 1.527e-02 -7.643 -5.323 -5.461 -5.072
0.0152 0.01508 7.00000 18.0252971649 2.6301860862   17.716  4.963  4.4023  3.285    1  0.000  0.545     0.00     0.00     0.00     0.00     0.00 -1 -4.63e-08      0.00 7.092e-01 2.755e-01 2.746e-03 7.408e-04 6.719e-03 -1.000 1.527e-02 -7.637 -5.377 -5.512 -5.136
0.0152 0.01508 7.00000 18.0264415741 2.6301863959   17.717  4.963  4.3908  3.239    1  0.000  0.545     0.00     0.00     0.00     0.00     0.00 -1 -4.05e-08      0.00 7.092e-01 2.755e-01 2.746e-03 7.408e-04 6.719e-03 -1.000 1.527e-02 -7.636 -5.375 -5.509 -5.132
0.0152 0.01508 7.00000 18.0274486542 2.6301866683   17.718  4.964  4.3791  3.191    1  0.000  0.545     0.00     0.00     0.00     0.00     0.00 -1 -3.47e-08      0.00 7.092e-01 2.755e-01 2.746e-03 7.408e-04 6.719e-03 -1.000 1.527e-02 -7.639 -5.451 -5.582 -5.213
0.0152 0.01508 7.00000 18.0282936096 2.6301868969   17.719  4.965  4.3682  3.146    1  0.000  0.545     0.00     0.00     0.00     0.00     0.00 -1 -1.12e-07      0.00 7.092e-01 2.755e-01 2.746e-03 7.408e-04 6.719e-03 -1.000 1.527e-02 -7.643 -5.559 -5.690 -5.324
0.0152 0.01508 7.00000 18.0291423798 2.6301871264   17.719  4.967  4.3562  3.097    1  0.000  0.545     0.00     0.00     0.00     0.00     0.00 -1  -3.8e-07      0.00 7.092e-01 2.755e-01 2.746e-03 7.408e-04 6.719e-03 -1.000 1.527e-02 -7.647 -5.648 -5.774 -5.422
0.0152 0.01508 7.00000 18.0300140381 2.6301873622   17.719  4.969  4.3432  3.043    1  0.000  0.545     0.00     0.00     0.00     0.00     0.00 -1 -6.05e-07      0.00 7.092e-01 2.755e-01 2.746e-03 7.408e-04 6.719e-03 -1.000 1.527e-02 -7.652 -5.730 -5.853 -5.510
0.0152 0.01508 7.00000 18.0307140350 2.6301875514   17.720  4.970  4.3321  2.997    1  0.000  0.545     0.00     0.00     0.00     0.00     0.00 -1 -6.07e-07      0.00 7.092e-01 2.755e-01 2.746e-03 7.408e-04 6.719e-03 -1.000 1.527e-02 -7.656 -5.791 -5.913 -5.575
0.0152 0.01508 7.00000 18.0314235687 2.6301877433   17.720  4.971  4.3202  2.948    1  0.000  0.545     0.00     0.00     0.00     0.00     0.00 -1 -5.98e-07      0.00 7.092e-01 2.755e-01 2.746e-03 7.408e-04 6.719e-03 -1.000 1.527e-02 -7.659 -5.862 -5.981 -5.652
0.0152 0.01508 7.00000 18.0321388245 2.6301879367   17.721  4.972  4.3075  2.896    1  0.000  0.545     0.00     0.00     0.00     0.00     0.00 -1  -5.8e-07      0.00 7.092e-01 2.755e-01 2.746e-03 7.408e-04 6.719e-03 -1.000 1.527e-02 -7.661 -5.941 -6.057 -5.737
0.0152 0.01508 7.00000 18.0326805115 2.6301880831   17.721  4.973  4.2974  2.855    1  0.000  0.545     0.00     0.00     0.00     0.00     0.00 -1 -5.69e-07      0.00 7.092e-01 2.755e-01 2.746e-03 7.408e-04 6.719e-03 -1.000 1.527e-02 -7.663 -5.861 -5.972 -5.658
0.0152 0.01508 7.00000 18.0332298279 2.6301882316   17.721  4.974  4.2868  2.812    1  0.000  0.545     0.00     0.00     0.00     0.00     0.00 -1  -5.6e-07      0.00 7.092e-01 2.755e-01 2.746e-03 7.408e-04 6.719e-03 -1.000 1.527e-02 -7.664 -5.923 -6.032 -5.729
0.0152 0.01508 7.00000 18.0337753296 2.6301883790   17.722  4.974  4.2757  2.767    1  0.000  0.545     0.00     0.00     0.00     0.00     0.00 -1 -5.44e-07      0.00 7.092e-01 2.755e-01 2.746e-03 7.408e-04 6.719e-03 -1.000 1.527e-02 -7.665 -5.989 -6.093 -5.803
0.0152 0.01508 7.00000 18.0343265533 2.6301885280   17.722  4.974  4.2640  2.720    1  0.000  0.545     0.00     0.00     0.00     0.00     0.00 -1 -5.28e-07      0.00 7.092e-01 2.755e-01 2.746e-03 7.408e-04 6.719e-03 -1.000 1.527e-02 -7.666 -6.054 -6.156 -5.875
0.0152 0.01508 7.00000 18.0348854065 2.6301886791   17.723  4.974  4.2517  2.671    1  0.000  0.545     0.00     0.00     0.00     0.00     0.00 -1 -5.11e-07      0.00 7.092e-01 2.755e-01 2.746e-03 7.408e-04 6.719e-03 -1.000 1.527e-02 -7.666 -6.122 -6.220 -5.950
0.0152 0.01508 7.00000 18.0354461670 2.6301888306   17.723  4.974  4.2387  2.619    1  0.000  0.545     0.00     0.00     0.00     0.00     0.00 -1    -5e-07      0.00 7.092e-01 2.755e-01 2.746e-03 7.408e-04 6.719e-03 -1.000 1.527e-02 -7.666 -6.194 -6.288 -6.030
0.0152 0.01508 7.00000 18.0360126495 2.6301889837   17.723  4.974  4.2250  2.565    1  0.000  0.545     0.00     0.00     0.00     0.00     0.00 -1 -4.81e-07      0.00 7.092e-01 2.755e-01 2.746e-03 7.408e-04 6.719e-03 -1.000 1.527e-02 -7.665 -6.269 -6.359 -6.113
0.0152 0.01508 7.00000 18.0363922119 2.6301890862   17.724  4.973  4.2154  2.527    1  0.000  0.545     0.00     0.00     0.00     0.00     0.00 -1 -4.69e-07      0.00 7.092e-01 2.755e-01 2.746e-03 7.408e-04 6.719e-03 -1.000 1.527e-02 -7.664 -6.321 -6.408 -6.171
0.0152 0.01508 7.00000 18.0367755890 2.6301891898   17.724  4.973  4.2052  2.487    1  0.000  0.545     0.00     0.00     0.00     0.00     0.00 -1 -4.56e-07      0.00 7.092e-01 2.755e-01 2.746e-03 7.408e-04 6.719e-03 -1.000 1.527e-02 -7.662 -6.376 -6.460 -6.232
0.0152 0.01508 7.00000 18.0371646881 2.6301892950   17.724  4.972  4.1947  2.445    1  0.000  0.545     0.00     0.00     0.00     0.00     0.00 -1 -4.41e-07      0.00 7.092e-01 2.755e-01 2.746e-03 7.408e-04 6.719e-03 -1.000 1.527e-02 -7.660 -6.432 -6.513 -6.295
0.0152 0.01508 7.00000 18.0375556946 2.6301894006   17.724  4.971  4.1835  2.402    1  0.000  0.545     0.00     0.00     0.00     0.00     0.00 -1 -4.31e-07      0.00 7.092e-01 2.755e-01 2.746e-03 7.408e-04 6.719e-03 -1.000 1.527e-02 -7.658 -6.492 -6.569 -6.361
0.0152 0.01508 7.00000 18.0379543304 2.6301895083   17.724  4.970  4.1717  2.355    1  0.000  0.545     0.00     0.00     0.00     0.00     0.00 -1 -4.14e-07      0.00 7.092e-01 2.755e-01 2.746e-03 7.408e-04 6.719e-03 -1.000 1.527e-02 -7.655 -6.554 -6.627 -6.431
0.0152 0.01508 7.00000 18.0383663177 2.6301896196   17.725  4.969  4.1588  2.305    1  0.000  0.545     0.00     0.00     0.00     0.00     0.00 -1 -4.02e-07      0.00 7.092e-01 2.755e-01 2.746e-03 7.408e-04 6.719e-03 -1.000 1.527e-02 -7.652 -6.620 -6.688 -6.507
0.0152 0.01508 7.00000 18.0387897491 2.6301897340   17.725  4.967  4.1450  2.251    1  0.000  0.545     0.00     0.00     0.00     0.00     0.00 -1 -3.87e-07      0.00 7.092e-01 2.755e-01 2.746e-03 7.408e-04 6.719e-03 -1.000 1.527e-02 -7.648 -6.690 -6.753 -6.590
0.0152 0.01508 7.00000 18.0392341614 2.6301898540   17.725  4.965  4.1295  2.191    1  0.000  0.545     0.00     0.00     0.00     0.00     0.00 -1 -3.66e-07      0.00 7.092e-01 2.755e-01 2.746e-03 7.408e-04 6.719e-03 -1.000 1.527e-02 -7.643 -6.773 -6.831 -6.680
0.0152 0.01508 7.00000 18.0397052765 2.6301899812   17.725  4.963  4.1121  2.124    1  0.000  0.545     0.00     0.00     0.00     0.00     0.00 -1  -3.5e-07      0.00 7.092e-01 2.755e-01 2.746e-03 7.408e-04 6.719e-03 -1.000 1.527e-02 -7.637 -6.867 -6.921 -6.779
0.0152 0.01508 7.00000 18.0399551392 2.6301900487   17.725  4.961  4.1024  2.087    1  0.000  0.545     0.00     0.00     0.00     0.00     0.00 -1 -9.95e-07      0.00 7.092e-01 2.755e-01 2.746e-03 7.408e-04 6.719e-03 -1.000 1.527e-02 -7.633 -6.917 -6.968 -6.834
0.0152 0.01508 7.00000 18.0402221680 2.6301901208   17.725  4.960  4.0916  2.045    1  0.000  0.545     0.00     0.00     0.00     0.00     0.00 -1 -9.66e-07      0.00 7.092e-01 2.755e-01 2.746e-03 7.408e-04 6.719e-03 -1.000 1.527e-02 -7.629 -6.972 -7.019 -6.895
0.0152 0.01508 7.00000 18.0405063629 2.6301901976   17.725  4.958  4.0796  1.999    1  0.000  0.545     0.00     0.00     0.00     0.00     0.00 -1 -9.32e-07      0.00 7.092e-01 2.755e-01 2.746e-03 7.408e-04 6.719e-03 -1.000 1.527e-02 -7.624 -7.030 -7.074 -6.962
0.0152 0.01508 7.00000 18.0408248901 2.6301902836   17.725  4.955  4.0654  1.945    1  0.000  0.545     0.00     0.00     0.00     0.00     0.00 -1 -9.11e-07      0.00 7.092e-01 2.755e-01 2.746e-03 7.408e-04 6.719e-03 -1.000 1.527e-02 -7.619 -7.085 -7.119 -7.041
0.0152 0.01508 7.00000 18.0411834717 2.6301903805   17.725  4.953  4.0484  1.879    1  0.000  0.545     0.00     0.00     0.00     0.00     0.00 -1 -1.22e-06      0.00 7.092e-01 2.755e-01 2.746e-03 7.408e-04 6.719e-03 -1.000 1.527e-02 -7.612 -7.166 -7.194 -7.132
0.0152 0.01508 7.00000 18.0415802002 2.6301904876   17.725  4.949  4.0280  1.801    1  0.000  0.545     0.00     0.00     0.00     0.00     0.00 -1 -3.57e-06      0.00 7.092e-01 2.755e-01 2.746e-03 7.408e-04 6.719e-03 -1.000 1.527e-02 -7.604 -7.260 -7.280 -7.237
0.0152 0.01508 7.00000 18.0420284271 2.6301906086   17.723  4.946  4.0030  1.705    1  0.000  0.545     0.00     0.00     0.00     0.00     0.00 -1 -3.33e-06      0.00 7.092e-01 2.755e-01 2.746e-03 7.408e-04 6.719e-03 -1.000 1.527e-02 -7.594 -7.367 -7.379 -7.359
0.0152 0.01508 7.00000 18.0425281525 2.6301907435   17.723  4.941  3.9723  1.587    1  0.000  0.545     0.00     0.00     0.00     0.00     0.00 -1 -3.17e-06      0.00 7.092e-01 2.755e-01 2.746e-03 7.408e-04 6.719e-03 -1.000 1.527e-02 -7.583 -7.491 -7.492 -7.501
0.0152 0.01508 7.00000 18.0430812836 2.6301908929   17.723  4.936  3.9343  1.440    1  0.000  0.545     0.00     0.00     0.00     0.00     0.00 -1 -2.88e-06      0.00 7.092e-01 2.755e-01 2.746e-03 7.408e-04 6.719e-03 -1.000 1.527e-02 -7.569 -7.612 -7.589 -7.668
0.0152 0.01508 7.00000 18.0436935425 2.6301910582   17.722  4.928  3.8873  1.259    1  0.000  0.545     0.00     0.00     0.00     0.00     0.00 -1 -2.57e-06      0.00 7.092e-01 2.755e-01 2.746e-03 7.408e-04 6.719e-03 -1.000 1.527e-02 -7.551 -7.713 -7.656 -7.832
0.0152 0.01508 7.00000 18.0442905426 2.6301912193   17.722  4.919  3.8354  1.061    1  0.000  0.545     0.00     0.00     0.00     0.00     0.00 -1 -2.22e-06      0.00 7.092e-01 2.755e-01 2.746e-03 7.408e-04 6.719e-03 -1.000 1.527e-02 -7.527 -7.725 -7.587 -7.977
0.0152 0.01508 7.00000 18.0445632935 2.6301912929   17.722  4.911  3.8103  0.968    1  0.000  0.545     0.00     0.00     0.00     0.00     0.00 -1 -1.94e-06      0.00 7.092e-01 2.755e-01 2.746e-03 7.408e-04 6.719e-03 -1.000 1.527e-02 -7.509 -7.705 -7.511 -8.037
0.0152 0.01508 7.00000 18.0447177887 2.6301913346   17.722  4.907  3.7963  0.917    1  0.000  0.545     0.00     0.00     0.00     0.00     0.00 -1 -1.81e-06      0.00 7.092e-01 2.755e-01 2.746e-03 7.408e-04 6.719e-03 -1.000 1.527e-02 -7.497 -7.687 -7.457 -8.066
0.0152 0.01508 7.00000 18.0448875427 2.6301913804   17.722  4.900  3.7794  0.856    1  0.000  0.545     0.00     0.00     0.00     0.00     0.00 -1 -1.71e-06      0.00 7.092e-01 2.755e-01 2.746e-03 7.408e-04 6.719e-03 -1.000 1.527e-02 -7.480 -7.660 -7.383 -8.096
0.0152 0.01508 7.00000 18.0450801849 2.6301914324   17.721  4.892  3.7598  0.786    1  0.000  0.545     0.00     0.00     0.00     0.00     0.00 -1 -1.58e-06      0.00 7.092e-01 2.755e-01 2.746e-03 7.408e-04 6.719e-03 -1.000 1.527e-02 -7.459 -7.615 -7.278 -8.117
0.0152 0.01508 7.00000 18.0452957153 2.6301914906   17.722  4.882  3.7374  0.706    1  0.000  0.545     0.00     0.00     0.00     0.00     0.00 -1 -1.45e-06      0.00 7.092e-01 2.755e-01 2.746e-03 7.408e-04 6.719e-03 -1.000 1.527e-02 -7.435 -7.554 -7.151 -8.124
0.0152 0.01508 7.00000 18.0455379486 2.6301915560   17.721  4.868  3.7130  0.623    1  0.000  0.545     0.00     0.00     0.00     0.00     0.00 -1 -1.25e-06      0.00 7.092e-01 2.755e-01 2.746e-03 7.408e-04 6.719e-03 -1.000 1.527e-02 -7.399 -7.463 -6.994 -8.093
0.0152 0.01508 7.00000 18.0458049774 2.6301916281   17.722  4.847  3.6882  0.545    1  0.000  0.545     0.00     0.00     0.00     0.00     0.00 -1 -1.02e-06      0.00 7.092e-01 2.755e-01 2.746e-03 7.408e-04 6.719e-03 -1.000 1.527e-02 -7.347 -7.339 -6.805 -8.024
0.0152 0.01508 7.00000 18.0461044312 2.6301917089   17.722  4.818  3.6632  0.474    1  0.000  0.545     0.00     0.00     0.00     0.00     0.00 -1 -8.63e-07      0.00 7.092e-01 2.755e-01 2.746e-03 7.408e-04 6.719e-03 -1.000 1.527e-02 -7.274 -7.183 -6.582 -7.920
0.0152 0.01508 7.00000 18.0464305878 2.6301917969   17.722  4.792  3.6397  0.405    1  0.000  0.545     0.00     0.00     0.00     0.00     0.00 -1 -6.94e-07      0.00 7.092e-01 2.755e-01 2.746e-03 7.408e-04 6.719e-03 -1.000 1.527e-02 -7.211 -7.009 -6.332 -7.800
0.0152 0.01508 7.00000 18.0471210480 2.6301919832   17.722  4.739  3.6082  0.333    1  0.000  0.545     0.00     0.00     0.00     0.00     0.00 -1 -4.91e-07      0.00 7.092e-01 2.755e-01 2.745e-03 7.408e-04 6.719e-03 -1.000 1.527e-02 -7.077 -6.685 -5.884 -7.559
0.0152 0.01508 7.00000 18.0474891663 2.6301920825   17.722  4.742  3.5993  0.294    1  0.000  0.544     0.00     0.00     0.00     0.00     0.00 -1 -4.47e-07      0.00 7.092e-01 2.755e-01 2.740e-03 7.415e-04 6.719e-03 -1.000 1.527e-02 -7.086 -6.630 -5.784 -7.531
0.0152 0.01508 7.00000 18.0478820801 2.6301921885   17.723  4.766  3.5896  0.231    1  0.000  0.521     0.00     0.00     0.00     0.00     0.00 -1  -4.3e-07      0.00 7.091e-01 2.755e-01 2.610e-03 8.595e-04 6.719e-03 -1.000 1.531e-02 -7.145 -6.611 -5.708 -7.545
0.0152 0.01508 7.00000 18.0481987000 2.6301922740   17.723  4.826  3.5810  0.137    1  0.000  0.494     0.00     0.00     0.00     0.00     0.00 -1 -4.85e-07      0.00 6.948e-01 2.899e-01 2.344e-03 1.494e-03 6.344e-03 -1.000 1.534e-02 -7.295 -6.683 -5.715 -7.651
0.0152 0.01508 7.00000 18.0484180450 2.6301923331   17.723  4.861  3.5756  0.080    1  0.000  0.481     0.00     0.00     0.00     0.00     0.00 -1 -5.91e-07      0.00 6.885e-01 2.962e-01 2.231e-03 1.763e-03 6.183e-03 -1.000 1.531e-02 -7.383 -6.711 -5.692 -7.705
0.0152 0.01508 7.00000 18.0488376617 2.6301924463   17.723  4.915  3.5672 -0.007    1  0.000  0.454     0.00     0.00     0.00     0.00     0.00 -1 -7.57e-07      0.00 6.831e-01 3.016e-01 2.065e-03 2.059e-03 6.053e-03 -1.000 1.530e-02 -7.517 -6.746 -5.633 -7.782
0.0152 0.01508 7.00000 18.0689888000 2.6301978756   17.721  5.013  3.5563 -0.149    1  0.000  0.408     0.00     0.00     0.00     0.00     0.00 -1 -1.49e-06      0.00 6.516e-01 3.330e-01 1.643e-03 3.162e-03 5.367e-03 -1.000 1.537e-02 -7.762 -6.836 -5.551 -7.938
0.0152 0.01508 7.00000 18.1000156403 2.6302062078   17.721  4.976  3.5612 -0.093    1  0.000  0.408     0.00     0.00     0.00     0.00     0.00 -1  -1.3e-06      0.00 6.511e-01 3.336e-01 1.638e-03 3.177e-03 5.356e-03 -1.000 1.537e-02 -7.670 -6.819 -5.619 -7.890
0.0152 0.01508 7.00000 18.1501598358 2.6302196048   17.730  4.939  3.5670 -0.032    1  0.000  0.408     0.00     0.00     0.00     0.00     0.00 -1 -1.07e-06      0.00 6.510e-01 3.336e-01 1.640e-03 3.175e-03 5.357e-03 -1.000 1.537e-02 -7.577 -6.804 -5.686 -7.842
0.0152 0.01508 7.00000 18.2793979645 2.6302537440   17.762  4.930  3.5747  0.009    1  0.000  0.409     0.00     0.00     0.00     0.00     0.00 -1 -1.03e-06      0.00 6.509e-01 3.338e-01 1.644e-03 3.169e-03 5.358e-03 -1.000 1.536e-02 -7.555 -6.873 -5.841 -7.872
0.0152 0.01508 7.00000 18.3313293457 2.6302673062   17.772  4.981  3.5822 -0.012    1  0.000  0.409     0.00     0.00     0.00     0.00     0.00 -1  -1.3e-06      0.00 6.508e-01 3.338e-01 1.645e-03 3.167e-03 5.358e-03 -1.000 1.536e-02 -7.682 -7.078 -6.107 -8.046
0.0152 0.01508 7.00000 18.3396778107 2.6302694782   17.770  5.046  3.6516  0.200    1  0.000  0.409     0.00     0.00     0.00     0.00     0.00 -1 -2.12e-06      0.00 6.508e-01 3.338e-01 1.645e-03 3.166e-03 5.358e-03 -1.000 1.536e-02 -7.845 -7.701 -7.049 -8.474
0.0152 0.01508 7.00000 18.3437347412 2.6302705328   17.766  5.054  3.7817  0.712    1  0.000  0.409     0.00     0.00     0.00     0.00     0.00 -1 -3.09e-06      0.00 6.508e-01 3.338e-01 1.645e-03 3.166e-03 5.358e-03 -1.000 1.536e-02 -7.866 -8.050 -7.781 -8.476
0.0152 0.01508 7.00000 18.3458404541 2.6302710801   17.762  5.060  3.8165  0.846    1  0.000  0.409     0.00     0.00     0.00     0.00     0.00 -1 -3.49e-06      0.00 6.508e-01 3.338e-01 1.646e-03 3.166e-03 5.358e-03 -1.000 1.536e-02 -7.879 -8.078 -7.901 -8.387
0.0152 0.01508 7.00000 18.3467864990 2.6302713259   17.761  5.064  3.8304  0.897    1  0.000  0.409     0.00     0.00     0.00     0.00     0.00 -1 -3.73e-06      0.00 6.508e-01 3.338e-01 1.646e-03 3.166e-03 5.358e-03 -1.000 1.536e-02 -7.891 -8.092 -7.946 -8.356
0.0152 0.01508 7.00000 18.3472347260 2.6302714423   17.760  5.066  3.8381  0.925    1  0.000  0.409     0.00     0.00     0.00     0.00     0.00 -1 -3.81e-06      0.00 6.508e-01 3.338e-01 1.646e-03 3.166e-03 5.358e-03 -1.000 1.536e-02 -7.896 -8.096 -7.965 -8.337
0.0152 0.01508 7.00000 18.3476581573 2.6302715523   17.758  5.068  3.8478  0.962    1  0.000  0.409     0.00     0.00     0.00     0.00     0.00 -1 -3.95e-06      0.00 6.508e-01 3.338e-01 1.646e-03 3.166e-03 5.358e-03 -1.000 1.536e-02 -7.901 -8.099 -7.986 -8.312
0.0152 0.01508 7.00000 18.3478355408 2.6302715984   17.758  5.069  3.8527  0.981    1  0.000  0.409     0.00     0.00     0.00     0.00     0.00 -1 -3.62e-06      0.00 6.508e-01 3.338e-01 1.646e-03 3.166e-03 5.358e-03 -1.000 1.536e-02 -7.903 -8.099 -7.995 -8.297
0.0152 0.01508 7.00000 18.3480319977 2.6302716494   17.758  5.070  3.8590  1.006    1  0.000  0.409     0.00     0.00     0.00     0.00     0.00 -1 -3.04e-06      0.00 6.508e-01 3.338e-01 1.646e-03 3.166e-03 5.358e-03 -1.000 1.536e-02 -7.904 -8.098 -8.004 -8.279
0.0152 0.01508 7.00000 18.3482532501 2.6302717069   17.758  5.070  3.8677  1.040    1  0.000  0.409     0.00     0.00     0.00     0.00     0.00 -1  -2.5e-06      0.00 6.508e-01 3.338e-01 1.646e-03 3.166e-03 5.358e-03 -1.000 1.536e-02 -7.905 -8.091 -8.010 -8.251
0.0152 0.01508 7.00000 18.3484992981 2.6302717708   17.758  5.069  3.8800  1.091    1  0.000  0.409     0.00     0.00     0.00     0.00     0.00 -1 -2.01e-06      0.00 6.508e-01 3.338e-01 1.646e-03 3.166e-03 5.358e-03 -1.000 1.536e-02 -7.902 -8.075 -8.010 -8.208
0.0152 0.01508 7.00000 18.3487739563 2.6302718421   17.758  5.067  3.8936  1.146    1  0.000  0.409     0.00     0.00     0.00     0.00     0.00 -1 -1.58e-06      0.00 6.508e-01 3.338e-01 1.646e-03 3.166e-03 5.358e-03 -1.000 1.536e-02 -7.899 -8.049 -7.997 -8.159
0.0152 0.01508 7.00000 18.3490829468 2.6302719224   17.758  5.067  3.9066  1.199    1  0.000  0.409     0.00     0.00     0.00     0.00     0.00 -1 -1.32e-06      0.00 6.508e-01 3.338e-01 1.646e-03 3.166e-03 5.358e-03 -1.000 1.536e-02 -7.896 -8.015 -7.970 -8.112
0.0152 0.01508 7.00000 18.3494262695 2.6302720116   17.758  5.066  3.9188  1.249    1  0.000  0.409     0.00     0.00     0.00     0.00     0.00 -1 -1.36e-06      0.00 6.508e-01 3.338e-01 1.646e-03 3.166e-03 5.358e-03 -1.000 1.536e-02 -7.895 -7.981 -7.945 -8.062
0.0152 0.01508 7.00000 18.3498115540 2.6302721116   17.758  5.065  3.9311  1.299    1  0.000  0.409     0.00     0.00     0.00     0.00     0.00 -1  -1.4e-06      0.00 6.508e-01 3.338e-01 1.646e-03 3.166e-03 5.358e-03 -1.000 1.536e-02 -7.893 -7.948 -7.924 -8.005
0.0152 0.01508 7.00000 18.3502407074 2.6302722231   17.757  5.064  3.9436  1.349    1  0.000  0.409     0.00     0.00     0.00     0.00     0.00 -1 -1.44e-06      0.00 6.508e-01 3.338e-01 1.646e-03 3.166e-03 5.358e-03 -1.000 1.536e-02 -7.891 -7.898 -7.878 -7.949
0.0152 0.01508 7.00000 18.3507232666 2.6302723484   17.757  5.064  3.9558  1.399    1  0.000  0.409     0.00     0.00     0.00     0.00     0.00 -1 -1.48e-06      0.00 6.508e-01 3.338e-01 1.646e-03 3.166e-03 5.358e-03 -1.000 1.536e-02 -7.889 -7.851 -7.838 -7.890
0.0152 0.01508 7.00000 18.3512592316 2.6302724875   17.757  5.062  3.9681  1.449    1  0.000  0.409     0.00     0.00     0.00     0.00     0.00 -1 -1.52e-06      0.00 6.508e-01 3.338e-01 1.646e-03 3.166e-03 5.358e-03 -1.000 1.536e-02 -7.886 -7.810 -7.808 -7.825
0.0152 0.01508 7.00000 18.3518619537 2.6302726440   17.756  5.061  3.9808  1.501    1  0.000  0.409     0.00     0.00     0.00     0.00     0.00 -1 -1.56e-06      0.00 6.508e-01 3.338e-01 1.646e-03 3.166e-03 5.358e-03 -1.000 1.536e-02 -7.883 -7.755 -7.759 -7.760
0.0152 0.01508 7.00000 18.3525352478 2.6302728188   17.756  5.060  3.9925  1.550    1  0.000  0.409     0.00     0.00     0.00     0.00     0.00 -1  -1.6e-06      0.00 6.508e-01 3.338e-01 1.646e-03 3.166e-03 5.358e-03 -1.000 1.536e-02 -7.880 -7.700 -7.708 -7.698
0.0152 0.01508 7.00000 18.3532886505 2.6302730144   17.755  5.058  4.0037  1.596    1  0.000  0.409     0.00     0.00     0.00     0.00     0.00 -1 -1.64e-06      0.00 6.508e-01 3.338e-01 1.646e-03 3.166e-03 5.358e-03 -1.000 1.536e-02 -7.876 -7.646 -7.657 -7.637
0.0152 0.01508 7.00000 18.3541278839 2.6302732323   17.754  5.056  4.0144  1.641    1  0.000  0.409     0.00     0.00     0.00     0.00     0.00 -1 -1.68e-06      0.00 6.508e-01 3.338e-01 1.646e-03 3.166e-03 5.358e-03 -1.000 1.536e-02 -7.871 -7.591 -7.607 -7.577
0.0152 0.01508 7.00000 18.3550662994 2.6302734758   17.753  5.054  4.0245  1.683    1  0.000  0.409     0.00     0.00     0.00     0.00     0.00 -1  -1.7e-06      0.00 6.508e-01 3.338e-01 1.646e-03 3.166e-03 5.358e-03 -1.000 1.536e-02 -7.866 -7.539 -7.558 -7.518
0.0152 0.01508 7.00000 18.3561172485 2.6302737486   17.751  5.052  4.0330  1.719    1  0.000  0.409     0.00     0.00     0.00     0.00     0.00 -1 -1.72e-06      0.00 6.508e-01 3.339e-01 1.646e-03 3.166e-03 5.358e-03 -1.000 1.536e-02 -7.861 -7.492 -7.514 -7.467
0.0152 0.01508 7.00000 18.3572921753 2.6302740534   17.750  5.051  4.0396  1.747    1  0.000  0.409     0.00     0.00     0.00     0.00     0.00 -1 -1.75e-06      0.00 6.508e-01 3.339e-01 1.646e-03 3.166e-03 5.358e-03 -1.000 1.536e-02 -7.857 -7.456 -7.480 -7.427
0.0152 0.01508 7.00000 18.3586063385 2.6302743944   17.748  5.049  4.0452  1.771    1  0.000  0.409     0.00     0.00     0.00     0.00     0.00 -1 -1.76e-06      0.00 6.508e-01 3.339e-01 1.646e-03 3.166e-03 5.358e-03 -1.000 1.536e-02 -7.853 -7.423 -7.450 -7.391
0.0152 0.01508 7.00000 18.3600730896 2.6302747749   17.749  5.048  4.0496  1.790    1  0.000  0.410     0.00     0.00     0.00     0.00     0.00 -1 -7.26e-07      0.00 6.508e-01 3.339e-01 1.646e-03 3.165e-03 5.358e-03 -1.000 1.536e-02 -7.849 -7.397 -7.425 -7.362
0.0152 0.01508 7.00000 18.3617153168 2.6302752008   17.749  5.046  4.0531  1.805    1  0.000  0.410     0.00     0.00     0.00     0.00     0.00 -1 -7.27e-07      0.00 6.508e-01 3.339e-01 1.646e-03 3.165e-03 5.358e-03 -1.000 1.536e-02 -7.846 -7.376 -7.405 -7.339
0.0152 0.01508 7.00000 18.3656005859 2.6302762080   17.751  5.044  4.0573  1.824    1  0.000  0.410     0.00     0.00     0.00     0.00     0.00 -1 -7.36e-07      0.00 6.508e-01 3.339e-01 1.646e-03 3.165e-03 5.358e-03 -1.000 1.536e-02 -7.841 -7.350 -7.380 -7.310
0.0152 0.01508 7.00000 18.4571437836 2.6302997998   17.785  5.043  4.0310  1.721    1  0.000  0.410     0.00     0.00     0.00     0.00     0.00 -1  -7.7e-07      0.00 6.507e-01 3.340e-01 1.649e-03 3.161e-03 5.359e-03 -1.000 1.536e-02 -7.838 -7.479 -7.501 -7.455
0.0152 0.01508 7.00000 18.6711139679 2.6303539064   17.850  5.045  3.9578  1.428    1  0.000  0.412     0.00     0.00     0.00     0.00     0.00 -1 -8.61e-07      0.00 6.504e-01 3.342e-01 1.655e-03 3.152e-03 5.361e-03 -1.000 1.536e-02 -7.843 -7.798 -7.787 -7.833
0.0152 0.01508 7.00000 18.6800937653 2.6303561459   17.853  5.045  3.9548  1.416    1  0.000  0.412     0.00     0.00     0.00     0.00     0.00 -1 -8.65e-07      0.00 6.504e-01 3.342e-01 1.655e-03 3.151e-03 5.361e-03 -1.000 1.536e-02 -7.843 -7.808 -7.795 -7.849
0.0152 0.01508 7.00000 18.7610626221 2.6303762284   17.869  5.047  3.9248  1.294    2  0.000  0.412     0.00     0.00     0.00     0.00     0.00 -1 -9.08e-07      0.00 6.503e-01 3.343e-01 1.658e-03 3.148e-03 5.361e-03 -1.000 1.535e-02 -7.848 -7.920 -7.891 -7.989
0.0152 0.01508 7.00000 18.8129825592 2.6303890013   17.877  5.048  3.9040  1.210    2  0.000  0.413     0.00     0.00     0.00     0.00     0.00 -1 -9.24e-07      0.00 6.503e-01 3.344e-01 1.659e-03 3.145e-03 5.362e-03 -1.000 1.535e-02 -7.851 -7.977 -7.932 -8.075
0.0152 0.01508 7.00000 18.8548889160 2.6303992518   17.883  5.050  3.8866  1.139    2  0.000  0.413     0.00     0.00     0.00     0.00     0.00 -1  -9.4e-07      0.00 6.502e-01 3.344e-01 1.660e-03 3.143e-03 5.362e-03 -1.000 1.535e-02 -7.854 -8.017 -7.959 -8.138
0.0152 0.01508 7.00000 18.8782157898 2.6304049351   17.873  5.050  3.8759  1.096    2  0.000  0.413     0.00     0.00     0.00     0.00     0.00 -1 -1.73e-06      0.00 6.502e-01 3.344e-01 1.661e-03 3.142e-03 5.362e-03 -1.000 1.535e-02 -7.854 -8.031 -7.961 -8.173
0.0152 0.01508 7.00000 18.8923950195 2.6304083817   17.858  5.050  3.8680  1.064    2  0.000  0.413     0.00     0.00     0.00     0.00     0.00 -1 -1.71e-06      0.00 6.502e-01 3.344e-01 1.661e-03 3.142e-03 5.362e-03 -1.000 1.535e-02 -7.854 -8.040 -7.959 -8.199
0.0152 0.01508 7.00000 18.9054412842 2.6304115477   17.845  5.049  3.8606  1.034    2  0.000  0.413     0.00     0.00     0.00     0.00     0.00 -1  -1.7e-06      0.00 6.502e-01 3.345e-01 1.662e-03 3.141e-03 5.363e-03 -1.000 1.535e-02 -7.854 -8.046 -7.955 -8.223
0.0152 0.01508 7.00000 18.9154796600 2.6304139803   17.836  5.050  3.8549  1.011    2  0.000  0.413     0.00     0.00     0.00     0.00     0.00 -1  -1.7e-06      0.00 6.502e-01 3.345e-01 1.662e-03 3.141e-03 5.363e-03 -1.000 1.535e-02 -7.854 -8.049 -7.948 -8.242
0.0152 0.01508 7.00000 18.9183197021 2.6304146680   17.834  5.050  3.8532  1.005    2  0.000  0.413     0.00     0.00     0.00     0.00     0.00 -1 -1.69e-06      0.00 6.502e-01 3.345e-01 1.662e-03 3.141e-03 5.363e-03 -1.000 1.535e-02 -7.854 -8.050 -7.946 -8.247
0.0152 0.01508 7.00000 18.9329833984 2.6304182150   17.821  5.050  3.8446  0.969    2  0.000  0.413     0.00     0.00     0.00     0.00     0.00 -1 -1.67e-06      0.00 6.502e-01 3.345e-01 1.663e-03 3.140e-03 5.363e-03 -1.000 1.535e-02 -7.855 -8.053 -7.934 -8.276
0.0152 0.01508 7.00000 18.9446258545 2.6304210267   17.812  5.050  3.8377  0.941    3  0.000  0.413    47.75    32.50    22.84    16.17    13.45  3 -1.66e-06      0.00 6.501e-01 3.345e-01 1.663e-03 3.139e-03 5.363e-03 -1.000 1.535e-02 -7.856 -8.056 -7.924 -8.298
0.0152 0.01508 7.00000 18.9537773132 2.6304232340   17.804  5.051  3.8322  0.919    3  0.000  0.413    50.47    33.84    23.74    16.82    13.99  3 -1.65e-06      0.00 6.501e-01 3.345e-01 1.663e-03 3.139e-03 5.363e-03 -1.000 1.535e-02 -7.856 -8.057 -7.914 -8.316
0.0152 0.01508 7.00000 18.9650173187 2.6304259417   17.796  5.051  3.8253  0.891    3  0.000  0.414    54.08    35.59    24.91    17.66    14.69  3 -1.64e-06      0.00 6.501e-01 3.345e-01 1.664e-03 3.139e-03 5.363e-03 -1.000 1.535e-02 -7.857 -8.058 -7.900 -8.338
0.0152 0.01508 7.00000 18.9738521576 2.6304280674   17.790  5.051  3.8197  0.868    2  0.000  0.414     0.00     0.00     0.00     0.00     0.00 -1 -1.63e-06      0.00 6.501e-01 3.345e-01 1.664e-03 3.138e-03 5.363e-03 -1.000 1.535e-02 -7.858 -8.058 -7.888 -8.356
0.0152 0.01508 7.00000 18.9825420380 2.6304301560   17.784  5.051  3.8140  0.845    3  0.000  0.414    60.61    38.68    26.97    19.14    15.93  3 -1.62e-06      0.00 6.501e-01 3.345e-01 1.664e-03 3.138e-03 5.363e-03 -1.000 1.535e-02 -7.858 -8.057 -7.874 -8.373
0.0152 0.01508 7.00000 18.9910869598 2.6304322076   17.779  5.052  3.8083  0.821    3  0.000  0.414    64.19    40.33    28.07    19.94    16.59  3 -1.62e-06      0.00 6.501e-01 3.346e-01 1.664e-03 3.137e-03 5.363e-03 -1.000 1.535e-02 -7.859 -8.057 -7.860 -8.393
0.0152 0.01508 7.00000 18.9994850159 2.6304342219   17.774  5.052  3.8025  0.798    3  0.000  0.414    68.00    42.07    29.23    20.77    17.29  3  -1.6e-06      0.00 6.501e-01 3.346e-01 1.665e-03 3.137e-03 5.363e-03 -1.000 1.535e-02 -7.860 -8.056 -7.843 -8.411
0.0152 0.01508 7.00000 19.0056877136 2.6304357083   17.771  5.052  3.7982  0.780    3  0.000  0.414    71.05    43.44    30.13    21.43    17.83  3  -1.6e-06      0.00 6.501e-01 3.346e-01 1.665e-03 3.137e-03 5.363e-03 -1.000 1.535e-02 -7.860 -8.054 -7.830 -8.424
0.0152 0.01508 7.00000 19.0118064880 2.6304371735   17.767  5.052  3.7937  0.762    3  0.000  0.414    74.32    44.89    31.09    22.12    18.41  3 -1.59e-06      0.00 6.501e-01 3.346e-01 1.665e-03 3.136e-03 5.363e-03 -1.000 1.535e-02 -7.860 -8.052 -7.816 -8.437
0.0152 0.01508 7.00000 19.0178394318 2.6304386171   17.764  5.052  3.7892  0.744    3  0.000  0.414    77.75    46.39    32.09    22.84    19.01  3 -1.59e-06      0.00 6.501e-01 3.346e-01 1.665e-03 3.136e-03 5.363e-03 -1.000 1.535e-02 -7.861 -8.050 -7.802 -8.450
0.0152 0.01508 7.00000 19.0237884521 2.6304400396   17.762  5.052  3.7847  0.726    3  0.000  0.414    81.34    47.95    33.12    23.58    19.63  3 -1.57e-06      0.00 6.501e-01 3.346e-01 1.665e-03 3.136e-03 5.363e-03 -1.000 1.535e-02 -7.861 -8.047 -7.786 -8.463
0.0152 0.01508 7.00000 19.0296497345 2.6304414401   17.759  5.053  3.7801  0.707    3  0.000  0.414    85.12    49.57    34.18    24.35    20.27  3 -1.57e-06      0.00 6.501e-01 3.346e-01 1.665e-03 3.136e-03 5.364e-03 -1.000 1.535e-02 -7.862 -8.045 -7.771 -8.476
0.0152 0.01508 7.00000 19.0354213715 2.6304428183   17.754  5.053  3.7754  0.688    3  0.000  0.414    89.25    51.31    35.33    25.18    20.97  3 -1.84e-06      0.00 6.501e-01 3.346e-01 1.666e-03 3.135e-03 5.364e-03 -1.000 1.535e-02 -7.862 -8.039 -7.750 -8.488
0.0152 0.01508 7.00000 19.0411071777 2.6304441749   17.748  5.053  3.7704  0.668    3  0.000  0.414    93.72    53.18    36.56    26.07    21.71  3 -2.39e-06      0.00 6.500e-01 3.346e-01 1.666e-03 3.135e-03 5.364e-03 -1.000 1.535e-02 -7.862 -8.033 -7.728 -8.501
0.0152 0.01508 7.00000 19.0467033386 2.6304455093   17.742  5.053  3.7654  0.648    3  0.000  0.414    98.52    55.16    37.85    27.01    22.49  3 -3.05e-06      0.00 6.500e-01 3.346e-01 1.666e-03 3.135e-03 5.364e-03 -1.000 1.535e-02 -7.861 -8.027 -7.707 -8.511
0.0152 0.01508 7.00000 19.0487632751 2.6304460003   17.739  5.053  3.7633  0.639    3  0.000  0.414   100.64    56.02    38.42    27.42    22.84  3 -3.05e-06      0.00 6.500e-01 3.346e-01 1.666e-03 3.135e-03 5.364e-03 -1.000 1.535e-02 -7.862 -8.025 -7.699 -8.515
0.0152 0.01508 7.00000 19.0597419739 2.6304486148   17.724  5.053  3.7510  0.590    3  0.000  0.414   113.77    61.27    41.85    29.91    24.91  3 -2.98e-06      0.00 6.500e-01 3.346e-01 1.666e-03 3.134e-03 5.364e-03 -1.000 1.535e-02 -7.863 -8.008 -7.647 -8.536
0.0152 0.01508 7.00000 19.0718746185 2.6304515002   17.708  5.053  3.7342  0.522    3  0.000  0.414   134.53    69.26    47.04    33.69    28.07  3 -2.89e-06      0.00 6.500e-01 3.346e-01 1.667e-03 3.134e-03 5.364e-03 -1.000 1.535e-02 -7.863 -7.978 -7.568 -8.554
0.0152 0.01508 7.00000 19.0813941956 2.6304537612   17.697  5.052  3.7154  0.448    3  0.000  0.414   161.63    79.20    53.47    38.36    31.97  3 -2.72e-06      0.00 6.500e-01 3.347e-01 1.667e-03 3.133e-03 5.364e-03 -1.000 1.535e-02 -7.860 -7.933 -7.469 -8.558
0.0152 0.01508 7.00000 19.0908508301 2.6304560046   17.687  5.044  3.6917  0.360    3  0.000  0.414   200.49    92.71    62.15    44.69    37.26  3 -2.47e-06      0.00 6.500e-01 3.347e-01 1.667e-03 3.133e-03 5.364e-03 -1.000 1.535e-02 -7.840 -7.844 -7.313 -8.527
0.0152 0.01508 7.00000 19.0999145508 2.6304581524   17.680  5.033  3.6807  0.328    3  0.000  0.414   217.36    98.35    65.76    47.33    39.47  3 -2.24e-06      0.00 6.500e-01 3.347e-01 1.667e-03 3.133e-03 5.364e-03 -1.000 1.535e-02 -7.812 -7.782 -7.222 -8.487
0.0152 0.01508 7.00000 19.1066017151 2.6304597356   17.675  5.041  3.6755  0.298    3  0.000  0.413   233.86   103.76    69.20    49.85    41.58  3 -2.31e-06      0.00 6.500e-01 3.347e-01 1.663e-03 3.135e-03 5.364e-03 -1.000 1.535e-02 -7.834 -7.787 -7.212 -8.503
0.0152 0.01508 7.00000 19.1142253876 2.6304615389   17.668  5.043  3.6710  0.278    3  0.000  0.413   245.54   107.52    71.60    51.61    43.04  3 -2.31e-06      0.00 6.500e-01 3.347e-01 1.662e-03 3.135e-03 5.364e-03 -1.000 1.535e-02 -7.838 -7.776 -7.186 -8.503
0.0152 0.01508 7.00000 19.1218585968 2.6304633428   17.663  5.045  3.6663  0.257    3  0.000  0.413   258.49   111.64    74.22    53.52    44.65  3 -2.31e-06      0.00 6.500e-01 3.347e-01 1.662e-03 3.135e-03 5.364e-03 -1.000 1.535e-02 -7.842 -7.762 -7.157 -8.501
0.0152 0.01508 7.00000 19.1291770935 2.6304650708   17.658  5.046  3.6614  0.236    3  0.000  0.413   269.72   116.00    76.98    55.55    46.34  3  -2.3e-06      0.00 6.500e-01 3.347e-01 1.662e-03 3.135e-03 5.364e-03 -1.000 1.535e-02 -7.846 -7.747 -7.127 -8.497
0.0152 0.01508 7.00000 19.1360969543 2.6304667033   17.653  5.048  3.6564  0.215    3  0.000  0.413   278.80   120.58    79.88    57.67    48.12  3 -2.29e-06      0.00 6.499e-01 3.347e-01 1.661e-03 3.135e-03 5.364e-03 -1.000 1.535e-02 -7.849 -7.729 -7.093 -8.491
0.0152 0.01508 7.00000 19.1426143646 2.6304682396   17.649  5.049  3.6513  0.193    3  0.000  0.413   288.29   125.40    82.92    59.91    49.98  3 -2.28e-06      0.00 6.499e-01 3.347e-01 1.661e-03 3.135e-03 5.364e-03 -1.000 1.535e-02 -7.853 -7.708 -7.055 -8.481
0.0152 0.01508 7.00000 19.1487369537 2.6304696817   17.646  5.050  3.6462  0.171    3  0.000  0.413   298.16   130.44    86.10    62.24    51.94  3 -2.27e-06      0.00 6.499e-01 3.347e-01 1.661e-03 3.135e-03 5.364e-03 -1.000 1.535e-02 -7.856 -7.684 -7.014 -8.470
0.0152 0.01508 7.00000 19.1544799805 2.6304710335   17.642  5.051  3.6410  0.149    3  0.000  0.413   308.51   135.75    89.45    64.70    53.99  3 -2.26e-06      0.00 6.499e-01 3.347e-01 1.660e-03 3.135e-03 5.364e-03 -1.000 1.535e-02 -7.858 -7.660 -6.971 -8.459
0.0152 0.01508 7.00000 19.1598625183 2.6304722995   17.639  5.052  3.6355  0.126    3  0.000  0.413   319.50   141.42    93.02    67.32    56.18  3 -2.24e-06      0.00 6.499e-01 3.347e-01 1.660e-03 3.135e-03 5.365e-03 -1.000 1.535e-02 -7.861 -7.632 -6.924 -8.445
0.0152 0.01508 7.00000 19.1624240875 2.6304729018   17.638  5.053  3.6327  0.115    3  0.000  0.413   325.34   144.45    94.92    68.71    57.35  3 -2.24e-06      0.00 6.499e-01 3.347e-01 1.660e-03 3.135e-03 5.365e-03 -1.000 1.535e-02 -7.862 -7.617 -6.898 -8.437
0.0152 0.01508 7.00000 19.1648998260 2.6304734836   17.637  5.053  3.6298  0.103    3  0.000  0.413   331.47   147.64    96.92    70.18    58.58  3 -2.23e-06      0.00 6.499e-01 3.347e-01 1.660e-03 3.135e-03 5.365e-03 -1.000 1.535e-02 -7.863 -7.602 -6.872 -8.429
0.0152 0.01508 7.00000 19.1672973633 2.6304740470   17.636  5.053  3.6267  0.090    3  0.000  0.413   337.94   151.02    99.03    71.74    59.88  0 -2.21e-06      0.00 6.499e-01 3.347e-01 1.660e-03 3.135e-03 5.365e-03 -1.000 1.535e-02 -7.863 -7.584 -6.842 -8.419
0.0152 0.01508 7.00000 19.1696109772 2.6304745904   17.635  5.054  3.6236  0.077    3  0.000  0.413   344.84   154.63   101.29    73.40    61.28  0 -2.21e-06      0.00 6.499e-01 3.347e-01 1.660e-03 3.135e-03 5.365e-03 -1.000 1.535e-02 -7.864 -7.566 -6.810 -8.409
0.0152 0.01508 7.00000 19.1718482971 2.6304751158   17.634  5.054  3.6202  0.063    3  0.000  0.413   352.21   158.50   103.72    75.19    62.77  0 -2.19e-06      0.00 6.499e-01 3.347e-01 1.660e-03 3.135e-03 5.365e-03 -1.000 1.535e-02 -7.865 -7.546 -6.777 -8.397
0.0152 0.01508 7.00000 19.1740112305 2.6304756236   17.633  5.054  3.6166  0.049    3  0.000  0.413   360.12   162.67   106.32    77.10    64.37  0 -2.17e-06      0.00 6.499e-01 3.348e-01 1.660e-03 3.135e-03 5.365e-03 -1.000 1.535e-02 -7.865 -7.523 -6.738 -8.384
0.0152 0.01508 7.00000 19.1760959625 2.6304761129   17.633  5.054  3.6128  0.034    3  0.000  0.413   368.77   167.25   109.18    79.21    66.13  0 -2.15e-06      0.00 6.499e-01 3.348e-01 1.660e-03 3.134e-03 5.365e-03 -1.000 1.535e-02 -7.865 -7.498 -6.696 -8.370
0.0152 0.01508 7.00000 19.1781139374 2.6304765865   17.632  5.054  3.6086  0.017    3  0.000  0.413   378.35   172.34   112.35    81.55    68.09  0 -2.13e-06      0.00 6.499e-01 3.348e-01 1.660e-03 3.134e-03 5.365e-03 -1.000 1.535e-02 -7.865 -7.469 -6.649 -8.353
0.0152 0.01508 7.00000 19.1800613403 2.6304770433   17.631  5.054  3.6040 -0.001    3  0.000  0.413   389.12   178.10   115.93    84.19    70.30  0 -2.11e-06      0.00 6.499e-01 3.348e-01 1.660e-03 3.134e-03 5.365e-03 -1.000 1.535e-02 -7.864 -7.436 -6.593 -8.334
0.0152 0.01508 7.00000 19.1819400787 2.6304774840   17.631  5.053  3.5988 -0.022    3  0.000  0.413   401.58   184.79   120.08    87.25    72.87  0 -2.09e-06      0.00 6.499e-01 3.348e-01 1.660e-03 3.134e-03 5.365e-03 -1.000 1.535e-02 -7.863 -7.397 -6.529 -8.310
0.0152 0.01508 7.00000 19.1828460693 2.6304776964   17.630  5.053  3.5961 -0.032    3  0.000  0.413   408.09   188.29   122.26    88.86    74.21  0 -2.06e-06      0.00 6.499e-01 3.348e-01 1.660e-03 3.134e-03 5.365e-03 -1.000 1.535e-02 -7.862 -7.376 -6.492 -8.297
0.0152 0.01508 7.00000 19.1839218140 2.6304779487   17.630  5.052  3.5927 -0.045    3  0.000  0.413   416.60   192.89   125.11    90.96    75.97  0 -2.03e-06      0.00 6.499e-01 3.348e-01 1.660e-03 3.134e-03 5.365e-03 -1.000 1.535e-02 -7.861 -7.347 -6.444 -8.279
0.0152 0.01508 7.00000 19.1849098206 2.6304781803   17.630  5.052  3.5892 -0.059    3  0.000  0.413   425.18   197.55   127.99    93.09    77.75  0 -2.01e-06      0.00 6.499e-01 3.348e-01 1.660e-03 3.134e-03 5.365e-03 -1.000 1.535e-02 -7.859 -7.317 -6.393 -8.261
0.0152 0.01508 7.00000 19.1857757568 2.6304783833   17.630  5.051  3.5860 -0.071    3  0.000  0.413   433.24   201.93   130.70    95.09    79.43  0 -1.98e-06      0.00 6.499e-01 3.348e-01 1.660e-03 3.134e-03 5.365e-03 -1.000 1.534e-02 -7.857 -7.286 -6.338 -8.242
0.0152 0.01508 7.00000 19.1863594055 2.6304785201   17.630  5.050  3.5836 -0.080    3  0.000  0.413   439.30   205.25   132.75    96.60    80.70  0 -1.96e-06      0.00 6.499e-01 3.348e-01 1.660e-03 3.134e-03 5.365e-03 -1.000 1.534e-02 -7.856 -7.263 -6.297 -8.228
0.0152 0.01508 7.00000 19.1870956421 2.6304786927   17.629  5.050  3.5805 -0.091    3  0.000  0.413   447.20   209.57   135.42    98.58    82.35  0 -1.94e-06      0.00 6.499e-01 3.348e-01 1.660e-03 3.134e-03 5.365e-03 -1.000 1.534e-02 -7.854 -7.232 -6.242 -8.210
0.0152 0.01508 7.00000 19.1880111694 2.6304789072   17.629  5.048  3.5766 -0.106    3  0.000  0.413   457.18   215.05   138.80   101.07    84.44  0 -1.91e-06      0.00 6.499e-01 3.348e-01 1.660e-03 3.134e-03 5.365e-03 -1.000 1.534e-02 -7.850 -7.186 -6.159 -8.182
0.0152 0.01508 7.00000 19.1888523102 2.6304791044   17.629  5.046  3.5732 -0.117    3  0.000  0.413   465.50   219.63   141.62   103.16    86.19  0 -1.87e-06      0.00 6.499e-01 3.348e-01 1.660e-03 3.134e-03 5.365e-03 -1.000 1.534e-02 -7.845 -7.144 -6.086 -8.155
0.0152 0.01508 7.00000 19.1895694733 2.6304792724   17.629  5.044  3.5707 -0.125    3  0.000  0.413   471.04   222.69   143.50   104.55    87.36  0 -1.85e-06      0.00 6.499e-01 3.348e-01 1.660e-03 3.134e-03 5.365e-03 -1.000 1.534e-02 -7.840 -7.112 -6.030 -8.135
0.0152 0.01508 7.00000 19.1904926300 2.6304794887   17.629  5.041  3.5682 -0.132    3  0.000  0.413   475.96   225.41   145.18   105.79    88.40  0  -1.8e-06      0.00 6.499e-01 3.348e-01 1.660e-03 3.134e-03 5.365e-03 -1.000 1.534e-02 -7.832 -7.073 -5.960 -8.108
0.0152 0.01508 7.00000 19.1919002533 2.6304798184   17.629  5.036  3.5659 -0.136    3  0.000  0.413   479.26   227.24   146.30   106.63    89.09  0 -1.75e-06      0.00 6.499e-01 3.348e-01 1.660e-03 3.134e-03 5.365e-03 -1.000 1.534e-02 -7.820 -7.031 -5.888 -8.078
0.0152 0.01508 7.00000 19.1934547424 2.6304801825   17.628  5.029  3.5645 -0.135    3  0.000  0.413   478.69   226.93   146.11   106.48    88.97  0 -1.71e-06      0.00 6.499e-01 3.348e-01 1.660e-03 3.134e-03 5.365e-03 -1.000 1.534e-02 -7.803 -6.995 -5.833 -8.050
0.0152 0.01508 7.00000 19.1953887939 2.6304806354   17.628  5.021  3.5625 -0.135    3  0.000  0.413   478.49   226.82   146.04   106.43    88.93  0 -1.62e-06      0.00 6.499e-01 3.348e-01 1.660e-03 3.134e-03 5.365e-03 -1.000 1.534e-02 -7.783 -6.949 -5.762 -8.014
0.0152 0.01508 7.00000 19.1968097687 2.6304809681   17.628  5.026  3.5605 -0.148    3  0.000  0.413   487.98   232.09   149.28   108.83    90.94  0  -1.6e-06      0.00 6.499e-01 3.348e-01 1.660e-03 3.134e-03 5.365e-03 -1.000 1.534e-02 -7.795 -6.934 -5.720 -8.010
0.0152 0.01508 7.00000 19.1982498169 2.6304813052   17.628  5.037  3.5588 -0.165    3  0.000  0.411   501.36   239.55   153.86   112.22    93.78  0 -1.67e-06      0.00 6.499e-01 3.348e-01 1.653e-03 3.139e-03 5.365e-03 -1.000 1.534e-02 -7.821 -6.934 -5.690 -8.021
0.0152 0.01508 7.00000 19.2009353638 2.6304819337   17.628  5.046  3.5574 -0.181    3  0.000  0.407   513.45   246.32   158.01   115.30    96.36  0 -1.78e-06      0.00 6.499e-01 3.348e-01 1.640e-03 3.151e-03 5.365e-03 -1.000 1.534e-02 -7.846 -6.936 -5.666 -8.033
0.0152 0.01508 7.00000 19.2097606659 2.6304839976   17.627  5.053  3.5564 -0.191    3  0.000  0.406   521.97   251.11   160.94   117.47    98.18  0 -1.85e-06      0.00 6.499e-01 3.348e-01 1.635e-03 3.155e-03 5.365e-03 -1.000 1.534e-02 -7.863 -6.938 -5.649 -8.041
0.0152 0.01508 7.00000 19.2331905365 2.6304894663   17.620  5.096  3.5506 -0.258    3  0.000  0.403   578.47   283.18   180.52   131.99   110.35  0 -2.26e-06      0.00 6.493e-01 3.354e-01 1.620e-03 3.182e-03 5.353e-03 -1.000 1.531e-02 -7.970 -6.952 -5.552 -8.094
0.0152 0.01508 7.00000 19.2367744446 2.6304903015   17.619  5.111  3.5485 -0.281    3  0.000  0.401   599.40   295.21   187.83   137.43   114.90  0 -2.43e-06      0.00 6.491e-01 3.356e-01 1.609e-03 3.198e-03 5.349e-03 -1.000 1.529e-02 -8.008 -6.953 -5.507 -8.109
0.0152 0.01508 7.00000 19.2421455383 2.6304915525   17.615  5.150  3.5438 -0.339    3  0.000  0.395   655.50   327.78   207.58   152.11   127.21  0 -2.92e-06      0.00 6.467e-01 3.380e-01 1.569e-03 3.292e-03 5.298e-03 -1.000 1.528e-02 -8.104 -6.960 -5.395 -8.149
0.0152 0.01508 7.00000 19.2467823029 2.6304926318   17.611  5.179  3.5402 -0.383    3  0.000  0.393   701.29   354.72   223.84   164.22   137.36  0 -3.35e-06      0.00 6.460e-01 3.387e-01 1.556e-03 3.326e-03 5.279e-03 -1.000 1.530e-02 -8.178 -6.966 -5.312 -8.180
0.0152 0.01508 7.00000 19.2497901917 2.6304933316   17.607  5.200  3.5376 -0.414    3  0.000  0.392   735.96   375.32   236.24   173.46   145.11  0  -3.7e-06      0.00 6.455e-01 3.392e-01 1.547e-03 3.348e-03 5.265e-03 -1.000 1.528e-02 -8.230 -6.963 -5.235 -8.195
0.0152 0.01508 7.00000 19.2535266876 2.6304942006   17.602  5.240  3.5329 -0.473    3  0.000  0.391   806.48   417.73   261.66   192.43   161.03  0  -4.5e-06      0.00 6.446e-01 3.401e-01 1.536e-03 3.384e-03 5.240e-03 -1.000 1.528e-02 -8.330 -6.958 -5.085 -8.224
0.0152 0.01508 7.00000 19.2576770782 2.6304951654   17.602  5.275  3.5287 -0.525    3  0.000  0.391   873.80   458.79   286.17   210.75   176.39  0 -5.37e-06      0.00 6.435e-01 3.412e-01 1.528e-03 3.416e-03 5.215e-03 -1.000 1.529e-02 -8.418 -6.947 -4.945 -8.242
#isochrone terminated